Peak-to-Peak Amplitude,RMS,Standard Deviation,Area Under Signal,Peak Positive,Peak Negative,Number of Peaks,Distance from Mean,SNR,Spectral Entropy,Zero Crossing Rate,Distance from Mean ftt,distance_from_mean_mfcc
0.760763485281344,1.5889627693370725,1.588963684917632,1.4891236560484762,0.814474833436562,-0.6320917024333914,0.1794292520415955,1.4891222871146965,-0.596986746770063,-0.006518980287609898,0.08404286339523877,-0.957365010877151,0.6170184870995777
0.21095585819271853,1.5626034452220288,1.5626043613465916,1.532336788054317,-0.12623416014521985,-0.5376364244907734,0.1794292520415955,1.5323390767380487,-0.7710838724840103,-0.9265251937007739,-0.8678211888124598,0.8054560205562553,0.6170184870995777
-0.5675019249232401,-1.5252919354889336,-1.5252909556364285,-1.500642440824466,-0.3032316711327328,0.7847374667058782,-0.899878685365971,-1.5006411331365423,-0.3213495325791946,0.10403065041548508,0.28530909120957404,-1.1947446025857424,0.6170184870995777
-0.7577528181062883,-1.5501865019525547,-1.5501902567941028,-1.4802517507741901,-0.8342242040952716,0.605947119171637,0.1794292520415955,-1.4802537308418147,-0.2879311417457758,-0.5879871009924258,-0.71352075792438,0.5732512789692067,0.6170184870995777
0.9545052205411454,1.6657867827099715,1.665787696705038,1.47339832706094,0.991472344424075,-0.8243756611022923,3.4173530642642955,1.4733998335980494,-1.199830546407294,-1.6948669619351542,-0.6082820726216253,0.7221832840648847,0.6170184870995777
0.5129136978318684,1.2843342163098133,1.2843367165799018,1.287604293780001,0.8275857601763777,-0.13957489601831197,0.1794292520415955,1.2875981374439596,-0.5036939152841045,-0.5116263526461745,-0.6936919804787088,0.6269435758484633,0.6170184870995777
0.5390950134075172,1.7037615718646923,1.7037624850760358,1.563720306751196,0.4572020797765821,-0.5713704523274227,-0.899878685365971,1.563726669788988,0.1898915671633313,1.0744814843288983,1.1338373588707782,-1.7380424676383244,0.6170184870995777
-1.09461907851297,-1.5330513628751345,-1.5330519612650995,-1.3426538939757213,-0.9260006912739821,1.1625585784763501,0.1794292520415955,-1.342655140775932,-0.47498635425978264,0.47275797110444356,-0.04041787737293004,-2.1179938199086874,0.6170184870995777
0.2545913841521332,1.7244717929253806,1.7244742841119156,1.6997297464802168,-0.28356528102300915,-0.7838948276983131,1.2587371894491621,1.6997266091327639,-1.527167386024679,-2.90298297267632,-1.4840576728507335,1.4089215477271444,0.6170184870995777
-0.010712613681108263,1.571605075487184,1.5716044130233624,1.499872490732865,-0.2343993057487,-0.22053656282627024,1.2587371894491621,1.499872752662077,-0.8589273559246271,-1.0871562109862767,-0.8640981221154282,0.7371545573435776,0.6170184870995777
-1.2010897618539418,-1.4975294114254902,-1.4975284321459474,-1.429329064579729,-1.391438590537442,0.889312952999491,0.1794292520415955,-1.42932616366382,-1.0192508521466044,-1.8551878019425,-1.4127678401705395,0.9144481179793276,0.6170184870995777
-0.733316923569016,-1.516939028709484,-1.5169396274319749,-1.4197396106017002,-0.6932817416422521,0.7037757998979199,0.1794292520415955,-1.4197363062591213,-0.3373300801704538,0.3080293487232895,0.21468113705329647,-1.4583040380466123,0.6170184870995777
0.6542928019403721,1.3906506830413705,1.3906516027146922,1.3071090728668013,0.5981445422296017,-0.648958716351716,0.1794292520415955,1.3071135484357201,-0.6813043784689513,-1.011823945193914,-0.8720406644024288,1.2319838147254765,0.6170184870995777
-1.382613549845107,-1.6841439557441509,-1.6841413942106507,-1.5055992846071664,-1.224274274604791,1.4121903844675547,0.1794292520415955,-1.5056028864661026,-1.4536948681864463,-3.0000766232993725,-1.5728045515992306,1.290909568630713,0.6170184870995777
0.2545913841521332,1.518294526266489,1.518295443305499,1.486537975066354,0.16548395981568115,-0.32173864633621807,0.1794292520415955,1.486543157908737,-0.6613249044471614,0.15648734194377834,-0.17761977972649484,-1.4231489655005456,0.6170184870995777
0.14113901665765496,1.4811720745382426,1.481174570745994,1.411880735258923,0.11959571622632593,-0.14969510436930675,0.1794292520415955,1.4118814612520907,-0.5666833518290441,0.034518289868539546,0.07692766926313449,-0.9431074859703522,0.6170184870995777
-1.0056026055557639,-1.4765350778893107,-1.4765372558482668,-1.4050492090243611,-0.8276687407253638,1.0917171200193867,0.1794292520415955,-1.4050475513527994,-0.32660235369532087,-0.647839071836775,-0.7157821762144286,0.5667138183195025,0.6170184870995777
0.387243383068754,1.5908031868172008,1.5908041023597776,1.1020837302419464,0.4408134213518124,-0.29475142406689864,2.338045126856729,1.1020871050575254,-0.7700513570119526,0.005802403959174306,-0.18655513979937066,-1.3567689715119113,0.6170184870995777
-0.9445128692125833,-1.6302351919222822,-1.6302326315013504,-1.5750769747335,-0.9063343011642584,0.8926863557831559,-0.899878685365971,-1.5750797146475937,-0.04595202836476835,-0.15158807702558424,-0.26253327869064114,-0.015127156516602142,0.6170184870995777
-1.0317839211314128,-1.6367666220533033,-1.6367735319132302,-1.5223382529410823,-1.227552006289745,0.7307630221672393,-0.899878685365971,-1.5223385693136624,-0.18247778790343502,-0.5992187834856851,-0.6673547308811905,0.7791436135677501,0.6170184870995777
0.8410528530466671,1.6767677298877175,1.6767686436561595,1.5028086059962882,0.5588117620101544,-1.0503936476078424,0.1794292520415955,1.5028100942577531,-0.28868710945824694,-0.1436214185129235,-0.3934473350669977,0.5349502715171084,0.6170184870995777
0.1062305958901232,1.6049693505257348,1.6049702657759506,1.5016000989888112,0.1097625211714641,-0.09234725704700299,1.2587371894491621,1.501604453700364,-0.4319377913801323,-0.26988397712264955,-0.48332492296051915,0.37905660341580094,0.6170184870995777
-1.0073480265941406,-1.4598182155119197,-1.4598188154132692,-1.4214557560540524,-1.0243326418226004,0.8926863557831559,0.1794292520415955,-1.4214557257297609,-1.1110585393226349,-1.8779123688474668,-1.0800359905432504,0.6598680975197055,0.6170184870995777
-1.2290164984679672,-1.64627649796906,-1.646277094022286,-1.5599100480353265,-1.0210549101376465,1.3244819120922666,0.1794292520415955,-1.5599058378191983,-0.20742701376034658,-0.28093200201700025,-0.5845096023042841,0.09745880001069922,0.6170184870995777
-0.996875500363881,-1.5194092288436183,-1.5194066707099112,-1.440118837848382,-0.8211132773554559,1.081596911668392,0.1794292520415955,-1.440115520842084,-0.18685178994416352,0.3693954744386414,0.4146787643634584,-1.5134252270721438,0.6170184870995777
0.1847745426170697,1.5770237317558635,1.5770246475828207,1.4581527982809797,0.034374692417523396,-0.32173864633621807,1.2587371894491621,1.4581522673637697,-1.2936942754033234,-1.9728919164430818,-1.2169896884503466,0.7564739047705048,0.6170184870995777
0.3977159092990135,1.5452568001906315,1.5452577166731942,1.4721570691860517,0.1917058132953127,-0.5713704523274227,1.2587371894491621,1.4721634891215418,-0.4414001664428543,-0.01735885990319746,-0.3671100854694791,-0.47216821686022703,0.6170184870995777
0.36280748853148176,1.6359581295886483,1.6359590441993181,1.4881820686104013,-0.09673457498063436,-0.8007618416166378,-0.899878685365971,1.4881847941176096,-0.4126013041186816,-0.009428932910318457,0.0834361414149819,-0.45492313522962535,0.6170184870995777
-1.3005787610414075,-1.5169406071121254,-1.5169396274319749,-1.3926399053622194,-1.3160507617835013,1.1591851756926852,0.1794292520415955,-1.3926390741730161,-0.6659209907307703,0.2691878071940927,-0.0037111975673832327,-1.8920795527312153,0.6170184870995777
0.7031645910149166,1.342891375911251,1.3428891397650105,1.1791743594980368,0.11631798454137199,-1.2393042034930783,0.1794292520415955,1.1791744113245384,-0.43189989605297413,0.4475601485341734,0.20538725944663302,-1.839637536479949,0.6170184870995777
0.752036380089461,1.7726919936268528,1.772691327013002,1.5237626109660385,0.14909530139091143,-1.300025453599047,3.4173530642642955,1.5237604017363213,-1.1395554728308916,-1.7174160338011637,-1.2077785456591728,1.0003030467721448,0.6170184870995777
0.6577836440171253,1.7498051553233718,1.7498044891818592,1.7081368941446977,0.6538659808738188,-0.5983576745967422,3.4173530642642955,1.7081333421874272,-0.5533147616943273,-0.15835483922537497,-0.43393223811323556,-0.20587728103184466,0.6170184870995777
-1.0073480265941406,-1.5422250390282266,-1.5422240588262561,-1.4493742329788157,-1.1947746894402054,0.7172694110325797,0.1794292520415955,-1.4493737759203023,-0.19504052949970047,-0.2529221775434395,-0.5895564260491487,0.1814334239528278,0.6170184870995777
0.3383715939942095,1.5333335466358387,1.5333328849618644,1.498388876439133,0.14253983802100353,-0.5072757994377891,0.1794292520415955,1.4983907768326208,-0.4144733332802942,-0.2888415226100005,-0.5307319722360525,0.4438576994908516,0.6170184870995777
-1.0824011312443338,-1.6582471036031015,-1.6582476994092783,-1.629603893886575,-0.9358338863288439,1.1288245506397008,-0.899878685365971,-1.6296037342183431,-0.04999219901183389,-0.34281645028927216,-0.494549279595273,0.36625169249754896,0.6170184870995777
-0.9864029741336214,-1.579903088486323,-1.5799036859093625,-1.572619022134282,-0.7162258634369297,1.16930538404368,-0.899878685365971,-1.572627494973991,0.09834491710135315,0.2550216843982702,-0.1960420653088432,-0.8114917280320924,0.6170184870995777
0.011977859817787392,1.660020877860136,1.660021791974199,1.525691637056564,0.13598437465109564,0.11680371554022252,-0.899878685365971,1.5256906547849085,-0.7690842330114095,-0.9759699006069649,-0.9474672378571021,0.6521703597023965,0.6170184870995777
0.010232438779410803,1.5905017119126514,1.5905042058640593,1.6535477483435415,-0.2278438423787921,-0.2542705906629195,2.338045126856729,1.6535561024902057,-1.7357477612651893,-2.8425473787954387,-1.5165172987944817,0.8381412307010463,0.6170184870995777
-0.457540399505515,-1.5736731332598513,-1.5736737308114646,-1.5956396068376852,-0.16228920867971322,0.7172694110325797,-0.899878685365971,-1.5956411058173265,-1.2244057541980213,-2.6842916664558216,-1.4634291255219964,1.3570209476406776,0.6170184870995777
0.8061444322791353,1.1834695523024095,1.1834704762515322,0.989712229067032,0.8079193700666542,-0.7265469803760094,-0.899878685365971,0.9897128080115154,-0.027349829163507696,0.07561677922432522,-0.2315628794257059,0.4692358845145804,0.6170184870995777
-1.1120732888967357,-1.5128572794782562,-1.5128562998823771,-1.4502928948097027,-1.1521641775358042,0.9635278142401194,-0.899878685365971,-1.4502948934938593,0.1198130605797836,0.834465490235115,0.6888343646241197,-2.302966280428177,0.6170184870995777
4.955010240500287,1.613499038401046,1.6134999534752263,1.2144306682663022,4.52814483248938,-4.91631323768785,1.2587371894491621,1.2144266043285346,0.2205532932676643,0.4144568866508787,-0.44579089500007635,0.6596176227733616,0.6170184870995777
-1.1312729203188783,-1.5235951526491929,-1.5235957512343148,-1.3934095507463848,-1.1718305676455278,0.980394828158444,0.1794292520415955,-1.3934025782950978,-1.1382434132245416,-1.2631818163403021,-1.0287128266678767,-0.13959845372348842,0.6170184870995777
-0.5535385566162274,-1.5120112556623482,-1.5120102760839293,-1.4683075094292888,-0.7621141070262849,0.2854738547234689,-0.899878685365971,-1.4683099063046925,1.892095728362683,1.2425200247703843,1.2670128335371837,0.2288101291777491,0.6170184870995777
-1.0021117634790107,-1.4617959540218688,-1.4617949754797928,-1.4166855922155963,-1.0669431537270018,0.838711911244517,0.1794292520415955,-1.416678195914912,-0.18749706804986577,-0.5466437348380953,-0.6285245241447441,0.7341593259060983,0.6170184870995777
-1.0230568159395297,-1.5097857079376649,-1.5097831500025678,-1.4309715205804059,-0.8670015209448111,1.0849703144520568,0.1794292520415955,-1.4309739406565163,0.06971050287131332,-0.023366504027499,-0.3450198897337595,0.11236797787873855,0.6170184870995777
0.8654887475839393,1.5235158822049661,1.5235167991362175,1.3811424086500468,0.6014222739145556,-1.0537670503915073,0.1794292520415955,1.3811386505026413,-0.31983213317684805,0.5905192235246859,-0.03683270203504807,-1.8468050213523515,0.6170184870995777
-1.0143297107476468,-1.4847995941208298,-1.484801771909223,-1.4846583799843807,-0.9194452279040742,1.0141288559950932,-0.899878685365971,-1.4846546259154758,-0.29406313445197113,-0.676559039026116,-0.7195328211832899,0.5224244410961758,0.6170184870995777
0.3523349623012222,1.7583411568092493,1.758340490491571,1.7041773142746715,0.4932571283110755,-0.17330892385496124,0.1794292520415955,1.7041786774049559,-0.6110614237912708,-0.014334631441167948,0.047060400871393605,-0.9905707061494424,0.6170184870995777
-0.6600092399571993,-1.5679293260469982,-1.5679299237171522,-1.4476384370060167,-0.6178939128883114,0.6396811470082863,-0.899878685365971,-1.4476379810261326,-0.07545221862737017,-0.6212576953547262,-0.5528221679717721,1.0628107988604742,0.6170184870995777
-0.5709927669999932,-1.4617012498633717,-1.46170027132325,-1.3707475880411353,0.014708302307799735,1.118704342288706,0.1794292520415955,-1.37074922676942,0.029898905960311365,-0.024501099860757033,-0.37348066626217735,0.051046317904016064,0.6170184870995777
-1.234252761583097,-1.4834863631230024,-1.483486962535889,-1.3989084213847423,-0.9751666665482912,1.3818297594145703,2.338045126856729,-1.3989108613849686,-1.4843685797896014,-2.334387209015014,-1.3787086744606596,0.5670452264100692,0.6170184870995777
-0.19747266478740327,1.5637288463055032,1.5637297624068403,1.5486827459792973,-0.06395725813109492,0.31583447977645324,0.1794292520415955,1.5486797024929493,-1.5874329417049582,-3.1886154330590424,-1.488194413625213,1.544808632676876,0.6170184870995777
0.42215180383628576,1.7933075105290437,1.7933084218923392,1.7804524469322205,0.12287344791127988,-0.6894395497556952,3.4173530642642955,1.7804554002072386,-0.672448152383424,-0.46838927258309676,-0.7250208972774327,0.39420020890158847,0.6170184870995777
-0.7804432916051839,-1.5977627143762465,-1.5977617330280902,-1.5307699637561216,-0.9948330566580149,0.48450461895969965,0.1794292520415955,-1.5307739593595031,0.08956166155277233,-0.0049558500568982885,-0.3042867822410529,0.0853432179208259,0.6170184870995777
-0.02991224510325074,1.3086794986541508,1.3086788416165835,1.2379785419350275,-0.08362364824081858,-0.02825260415736936,-0.899878685365971,1.2379765102924745,-0.40370277627260576,-0.23353609765863492,-0.33076192319772063,0.18708829252975975,0.6170184870995777
1.027812904152962,1.577547761432881,1.5775486772490233,1.4163495911171953,1.1586366603567262,-0.7940150360493079,2.338045126856729,1.4163499049478128,-1.438727271502991,-2.8604233850892165,-1.3949798548402783,1.5661596861242877,0.6170184870995777
0.25633680519050983,1.5179567481011826,1.5179576651471633,1.428660642177103,0.22448313014485213,-0.26439079901391427,0.1794292520415955,1.4286580826584752,-0.6815444409600648,0.28001136168977725,-0.10566806852238418,-1.7904286677901267,0.6170184870995777
0.06259506993070847,1.6524697996226287,1.652470713892531,1.5380583645910713,-0.175400135419529,-0.3014982296342285,0.1794292520415955,1.5380540995499843,0.9437614648259574,1.0117399672617193,1.3112483815522826,1.3607836504457849,0.6170184870995777
-0.7909158178354435,-1.5027049936873602,-1.502704014301004,-1.4342678953853532,-0.9260006912739821,0.5755864941186527,-0.899878685365971,-1.434269494641909,-0.38303554612722945,-0.690668023902278,-0.7255724627140299,0.3775572434439531,0.6170184870995777
-1.331996339732186,-1.6323786627096013,-1.6323776806470416,-1.5917111402916997,-1.388160858852488,1.1456915645580255,-0.899878685365971,-1.5917130510980915,-0.45530634145120996,-0.7317257004583062,-0.7517166644087394,0.2851181080181307,0.6170184870995777
-1.0125842897092703,-1.4567340167501954,-1.4567346167151967,-1.3409623116739278,-0.8473351308350875,1.0849703144520568,0.1794292520415955,-1.3409623313685284,-0.35624372608375376,-0.6658783293295826,-0.7660022092166081,0.5807166822724975,0.6170184870995777
0.4273880669514155,1.5798017204051136,1.5798010577721295,1.5018850315352896,0.33920373911824014,-0.47691517438480474,-0.899878685365971,1.5018848828283136,-0.6310824945442668,-0.1609750209698054,0.11272426609829551,-0.7024856765841541,0.6170184870995777
-1.026547658016283,-1.592099405698116,-1.5921015812720571,-1.4464561306924688,-0.8440573991501336,1.115330939505041,0.1794292520415955,-1.4464548566760973,-0.8666364992699439,-0.08314093055230902,-0.17028395941975188,-1.3802487114526256,0.6170184870995777
0.19001080573219944,1.599763778613674,1.5997646939713224,1.5433459921346258,0.16876169150063508,-0.1935493405569508,2.338045126856729,1.5433454082780838,-0.7498141947654873,-0.35818655067794036,-0.6541723169465161,-0.6040177047149918,0.6170184870995777
2.649309048804813,1.2166728302715148,1.2166753319379982,0.9344582406574264,3.1187202079591843,-1.9106113574423988,0.1794292520415955,0.9344559882378028,-0.05336823201828591,1.090447451594026,-0.74956555920601,-2.136382433877055,0.6170184870995777
-0.6338279243815504,-1.632263439316763,-1.6322624572565814,-1.5069453452577708,-0.8506128625200414,0.34956850761310254,0.1794292520415955,-1.5069477181234958,-0.4730036354914012,0.22879537927411148,0.16950792779598226,-1.4555432342268813,0.6170184870995777
0.08354012239122753,1.7161472973934797,1.7161482103492067,1.6345735333088043,-0.175400135419529,-0.34197906303820763,3.4173530642642955,1.6345769866190494,-0.574679970888756,0.44608680646292825,0.16843237519461746,-2.0042064218404265,0.6170184870995777
-1.234252761583097,-1.478648559026439,-1.478647580136559,-1.3174226257220552,-1.1914969577552514,1.1591851756926852,0.1794292520415955,-1.3174226600442946,-0.8370081699243469,-0.16086890769043594,-0.15290964816693822,-1.3129847299887325,0.6170184870995777
-0.41041403146934713,-1.5136938328783145,-1.5136944316677796,-1.454414591473415,-0.8080023506156401,-0.03837281250836414,-0.899878685365971,-1.4544194532954533,-0.4870113347250736,-0.8782273264677681,-0.5839304585958568,0.5059042710573609,0.6170184870995777
0.5251316451005045,1.5746876958462668,1.5746870333188259,1.387492801841098,0.45064661640667425,-0.5511300356254332,0.1794292520415955,1.3874882209763608,-0.5660948285854113,0.12156791047127564,0.09907302154251375,-1.2263518643096376,0.6170184870995777
-0.6408096085350569,-1.5391439970717855,-1.5391445953360106,-1.5091576663514044,-0.3950081583114432,0.8319651056771872,0.1794292520415955,-1.5091563533720913,-0.08933495141008851,0.09515794774820821,-0.3989078328893104,-0.5902541522884481,0.6170184870995777
0.3994613303373901,1.6959737332309424,1.695973068200402,1.589269258418752,0.16548395981568115,-0.6017310773804071,3.4173530642642955,1.589266189711811,-0.6941697539104751,-0.06419971018486102,-0.016342046065460376,-0.9659899936468034,0.6170184870995777
0.5041865926399854,1.6675561720712269,1.6675586644323859,1.5627508810758215,0.6768101026684964,-0.277884410148574,0.1794292520415955,1.5627482382330762,-0.5765713883572866,-0.2516039241112728,0.042234203301167346,-0.3133504828482568,0.6170184870995777
-0.7856795547203137,-1.513346584297158,-1.51334718309379,-1.4541640473377184,-0.6637821564776666,0.8353385084608521,-0.899878685365971,-1.4541656342307399,-0.03649793739682047,-0.14278067483791934,-0.40158292525680706,0.05031303389730965,0.6170184870995777
-0.9427674481742067,-1.6266553747310895,-1.6266543927866468,-1.5196903453108785,-1.0734986170969096,0.7172694110325797,0.1794292520415955,-1.5196918914856419,-0.32247105800574016,-0.567956178871453,-0.7130519273032723,0.4466575745802073,0.6170184870995777
0.6385840125949828,1.618160061401748,1.6181609763797342,1.4721390562089756,0.3424814708031941,-0.881723508424596,-0.899878685365971,1.472138925986247,-0.39512609432137075,-0.3091989471290332,-0.38365704856739646,0.4309097598177235,0.6170184870995777
-1.3075604451949137,-1.6115879431141906,-1.6115885398833185,-1.455799953164913,-1.1226645923712186,1.3717095510635755,0.1794292520415955,-1.4557990827278475,-0.19265083254337403,-0.298110109434925,-0.6078959768160073,0.19219407022821602,0.6170184870995777
-1.0422564473616722,-1.7015126984125306,-1.7015117149231835,-1.5465182183508457,-1.0964427388915872,0.885939550215826,0.1794292520415955,-1.5465189290835037,-0.7230748994080262,-0.09329107385199512,-0.06683786178593788,-1.2562992947757265,0.6170184870995777
-1.2778882875425117,-1.5130924614718575,-1.5130914818711247,-1.4300201078821075,-1.2013301528101135,1.2334000369333136,0.1794292520415955,-1.430015978380017,-0.4057394297856868,-0.5437011319755807,-0.7502550160017566,0.10191013394294177,0.6170184870995777
-1.1103278678583592,-1.5318202088146715,-1.5318239640352629,-1.4227232146228697,-1.1226645923712186,0.9905150365094387,0.1794292520415955,-1.4227186802695047,-0.004125457592966581,-0.05112737042253913,-0.3915168560389073,0.015755891316749582,0.6170184870995777
-0.21841771724792233,1.5998442771483965,1.5998436141017747,1.4503007778191201,-0.16556694036466718,0.2517398268868196,1.2587371894491621,1.4503002517811816,-1.5229957274052417,-3.0235603082798286,-1.4480956063845931,1.5650301078113877,0.6170184870995777
0.44135143525842824,1.7146525500918661,1.7146518846758327,1.605939449931104,0.15237303307586536,-0.696186355323025,2.338045126856729,1.6059425116490749,-0.30335207229644373,-0.21890062766560142,-0.43544904306387794,0.6359236885509545,0.6170184870995777
0.4622964877189473,1.3128259623936849,1.312826883673152,1.1796017583177543,0.3588701292279638,-0.5241428133561137,0.1794292520415955,1.1796001723363159,-0.37335637454169573,-0.12816561124476458,-0.36363522321891645,-0.06459696547141804,0.6170184870995777
-0.03165766614162733,1.2635056150510038,1.2635049589457346,1.2347673193853494,-0.2147329156389763,-0.15981531272030153,-0.899878685365971,1.234768974208555,-0.24308475404280858,0.626193691792702,0.5086103582159693,-1.7993543597956407,0.6170184870995777
-0.8328059227564816,-1.5206103932538906,-1.5206094134980028,-1.4543785655192625,-0.640838034682989,0.9500342031054596,-0.899878685365971,-1.4543785147366286,-0.040550093542708124,0.4159016597622936,0.4759301060975823,-1.499682605682899,0.6170184870995777
-1.4559212334569238,-1.533062411693626,-1.5330614316807536,-1.3497133434462274,-1.447160029181659,1.3244819120922666,-0.899878685365971,-1.3497109013893784,-0.7615878322701851,-0.1599710260957713,-0.10561291197872452,-1.2416573364838703,0.6170184870995777
-0.23412650659331163,-1.5342762033250312,-1.5342752232871089,-1.5966057574263186,-0.3556753780919959,0.08644309048723818,0.1794292520415955,-1.5966052088776497,0.616370514206537,1.1885206094112581,0.8253468101819383,-2.254374877338674,0.6170184870995777
0.23364633169161417,1.6057364542095618,1.6057357910413372,1.574695122420723,0.1622062281307272,-0.2846312157159039,1.2587371894491621,1.5746961566260809,-0.5113054120654882,-0.38677999818803316,-0.6116742000566984,0.3423875191717772,0.6170184870995777
0.5268770661388811,1.3257009927413743,1.3257019137551267,1.2584920477380956,0.5620894936951083,-0.4398077437644905,-0.899878685365971,1.258490822119559,-0.6524106896982155,-0.8661385751796016,-0.8124164407062663,0.949195732999308,0.6170184870995777
-1.0998553416280996,-1.4849306015400843,-1.4849296225205557,-1.4564533329697684,-1.1193868606862647,0.9736480225911142,-0.899878685365971,-1.4564520527411022,0.1276032822994853,0.21855952909493467,-0.20798345701117374,-0.5860156172354115,0.6170184870995777
0.3854979620303774,1.6881274936994524,1.6881268288308426,1.5291059149841923,0.4440911530367664,-0.28800461849956877,1.2587371894491621,1.529104930590893,0.6935966082641185,1.421737191065445,1.7518940088498234,-1.4544680766109588,0.6170184870995777
0.416915540721156,1.7997205604619433,1.7997230500954955,1.7619334689545005,0.6473105175039109,-0.13957489601831197,2.338045126856729,1.7619388900508022,-0.7593569431732516,-0.20544056630558344,-0.012094992203661383,-0.870762146351518,0.6170184870995777
0.1393935956192784,1.4976332356876914,1.4976325747504995,1.3887209593690217,0.04420788747238523,-0.22390996560993517,0.1794292520415955,1.3887245654528684,-0.5363690289332167,-0.4557495484982042,-0.6364119098880848,0.5194054878164245,0.6170184870995777
-1.0998553416280996,-1.6743341833264862,-1.6743363572032672,-1.6382877863806813,-1.1882192260702975,0.9028065641341506,0.1794292520415955,-1.6382847556171323,-0.10774961280625024,-0.44943988965569726,-0.568486626371134,0.7242045245667196,0.6170184870995777
-0.8537509752170007,-1.6036580482426948,-1.603657066772871,-1.5573702182675802,-0.9063343011642584,0.7172694110325797,-0.899878685365971,-1.5573696941000048,0.19686571741911568,0.8398854300429087,0.703175065975648,-2.193180896691475,0.6170184870995777
-0.673972608264212,-1.4894669307320985,-1.489465951618949,-1.4666044643239011,-0.5130064989697852,0.7746172583548834,0.1794292520415955,-1.4665966276178766,-0.44053897310101836,-0.6489246923103241,-0.7488209458666037,0.37468690052902426,0.6170184870995777
0.6124026970193339,1.4299418599992022,1.429942778861633,1.2460303426880956,0.2834823004740231,-0.8918437167755908,0.1794292520415955,1.2460311717412451,-0.49742779074550286,0.08306511518006592,0.20891727824085535,-0.9464369163033712,0.6170184870995777
-0.012458034719484852,1.2160761940729827,1.2160755389465612,1.1118123754064733,-0.11640096509035801,-0.09572065983066791,0.1794292520415955,1.111812059706346,-0.41708070804611047,-0.475666194779856,-0.5842889761296451,0.7118321884193125,0.6170184870995777
1.0522487986902342,1.4338184168870194,1.433817757266837,1.2942854707319065,1.2635240742752523,-0.7332937859433393,0.1794292520415955,1.2942793102441594,-0.5027585176039728,-0.3740994613033831,-0.5734231370286793,0.3384678335869279,0.6170184870995777
0.18826538469382287,1.3242030886344776,1.3242040096791436,1.1987413652329184,-0.10656777003549618,-0.4735417716011398,3.4173530642642955,1.198743042442771,-0.6225192081505388,-0.8031889128336595,-0.7827422202173345,0.9264604402851928,0.6170184870995777
-0.9654579216731023,-1.4793209585517688,-1.479319979648012,-1.3576292280995388,-1.04072130024737,0.794857675056873,0.1794292520415955,-1.3576304655940272,-0.18889619878001174,-0.5539573885546362,-0.6886727350056739,0.7366208158924544,0.6170184870995777
-0.9532399744044662,-1.535065404645841,-1.53506600299424,-1.52166522261578,-1.0800540804668175,0.7307630221672393,-0.899878685365971,-1.5216671769489363,3.0438542231723797,1.668164876001129,2.4669158625826637,0.40577646793039224,0.6170184870995777
-0.6390641874966803,-1.4916403911696083,-1.4916409904142123,-1.437724749440616,-0.8866679110545348,0.3225812853437831,0.1794292520415955,-1.4377267559346596,-0.3898736257199157,-0.4583697302426346,-0.682660671746764,0.06556757388078159,0.6170184870995777
-1.183635551470176,-1.4931019920157478,-1.4931010128275781,-1.3917441691385202,-1.1456087141658964,1.1085841339377112,0.1794292520415955,-1.3917445666626953,0.10790582001468633,-0.07033387398841076,-0.35754042514451706,0.2508937689306239,0.6170184870995777
-1.1888718145853057,-1.5665782133857722,-1.5665788110838101,-1.4995714874601165,-0.9817221299181992,1.2873744814719523,0.1794292520415955,-1.4995746836791575,-0.056595856348146484,-0.3011710694167362,-0.525023269967271,0.3859722181393727,0.6170184870995777
-0.7018993448782375,-1.6405484747826233,-1.6405474925514552,-1.4958853773329746,-0.7358922535466533,0.5992003136043071,1.2587371894491621,-1.4958861195290472,-0.5209671341747957,0.42054207509471947,0.14055074237462667,-1.8713034051082813,0.6170184870995777
0.6542928019403721,1.4955607930192452,1.4955617105274333,1.4263140425270835,1.0930820266576473,-0.13957489601831197,-0.899878685365971,1.426314350165758,0.44098741497191124,1.1463324183019477,1.1705164604044955,-1.5367096106647347,0.6170184870995777
2.5882193124616326,1.6231841170100225,1.6231834534817133,1.186484353104239,2.9318895019168094,-1.9848262186830274,-0.899878685365971,1.186481944074757,0.7117133947630836,1.1438550813566686,0.9042206676153447,-0.16495012609997198,0.6170184870995777
0.4954594874481025,1.6697817197959102,1.6697826337085293,1.5876939416962683,0.42770249461199666,-0.5173960077887838,0.1794292520415955,1.5876961959808817,0.2992994305876266,1.1991972378278157,1.2006870897863648,-2.063883599984695,0.6170184870995777
-1.204580603930695,-1.5307674142527115,-1.5307695910924213,-1.4743615072702676,-1.1554419092207582,1.1389447589906956,0.1794292520415955,-1.474366766082815,-0.414761866538703,-0.39403243270493793,-0.6615908720687491,-0.0797628973969911,0.6170184870995777
0.45706022460381757,1.5913856173919583,1.591388111325124,1.4076968119471296,0.48997939662612155,-0.3790864936585218,1.2587371894491621,1.4076954936122597,1.1137327588277282,1.1055726751841493,1.801783102590044,1.0627996356405816,0.6170184870995777
0.29997233114992455,1.5344968293827121,1.534494589282121,1.4146956723129245,0.15237303307586536,-0.4229407298461659,0.1794292520415955,1.414698034099234,-0.4413435878381205,-0.4959501562593252,-0.6294897636587894,0.7859462006899076,0.6170184870995777
0.45706022460381757,1.3865263169388191,1.3865240798920413,1.2621454069978264,0.5915890788596938,-0.2745110073649091,0.1794292520415955,1.2621486823505508,0.01640429183062671,0.9395706934505617,0.4090252186383366,-1.9507443663714583,0.6170184870995777
0.8986517473130945,1.809255690819966,1.8092581802567322,1.703779391235624,0.20153900835017452,-1.5294168428882622,1.2587371894491621,1.7037815733843558,-0.3520837004484671,-0.24627377246294546,-0.4988514900007314,0.6375632864727052,0.6170184870995777
-1.1103278678583592,-1.5152722355199337,-1.515271255874215,-1.429491181373415,-1.1161091290013108,0.9972618420767686,0.1794292520415955,-1.4294960586829426,-0.1659281053754611,-0.23387892517659778,-0.5454587693931988,0.1584727737371272,0.6170184870995777
-0.5919378194605124,-1.5121375278736777,-1.512136548292653,-1.4067522541297488,-0.2048997205841145,0.933167189187135,0.1794292520415955,-1.4067526423278502,0.09515360178263016,0.058691711164896895,-0.3122293245280532,0.025742089212076782,0.6170184870995777
-0.9811667110184916,-1.5504185271408728,-1.5504191251724142,-1.5690508151298206,-0.873556984314719,0.9972618420767686,1.2587371894491621,-1.5690515118606485,-1.2908988340604013,-2.0777726492598623,-1.1514912928544239,0.5835688849551005,0.6170184870995777
-1.1347637623956315,-1.6052048828314818,-1.6052070581349522,-1.5705573550307406,-1.2898289083038699,0.8656991335138364,-0.899878685365971,-1.5705560038974582,-0.2667021794717807,-0.5504025936957594,-0.6708571714035829,0.5528295635778683,0.6170184870995777
1.5200216369751602,1.5985499869822686,1.5985477455597492,1.4355759878309993,1.5093539506467981,-1.3843605231906702,-0.899878685365971,1.435570558316035,0.3859507094101144,1.1993564077468701,0.7675979089702067,-1.6107747838482989,0.6170184870995777
-1.0125842897092703,-1.5082309813356698,-1.5082300018352681,-1.4055011709946372,-1.0931650072066332,0.8319651056771872,0.1794292520415955,-1.4054999224278129,-0.2420987705073542,-0.27392852557861613,-0.5874328991182495,0.0704235745341371,0.6170184870995777
-0.8886593959845325,-1.5888179066061894,-1.588820082247854,-1.3340027523490263,-1.0374435685624162,0.6498013553592811,0.1794292520415955,-1.3339966355844965,-0.6943280329978612,0.3626736063185839,-0.24846836005741135,-2.1149106781145526,0.6170184870995777
-0.25681698009220727,-1.482195229762158,-1.4821974076042999,-1.7922987403823234,-0.4146745484211669,0.06957607656891354,-0.899878685365971,-1.7923038016276238,-1.0622692750218639,-2.1875386742076137,-1.1725886708042683,1.1081334716251257,0.6170184870995777
0.7153825382835527,1.382272521819655,1.3822718632632758,1.2948111221538579,0.16876169150063508,-1.208943578440094,-0.899878685365971,1.2948115115088814,-0.4693889500525206,-0.632383264568616,-0.6556891218971586,0.8248381610950795,0.6170184870995777
-1.0282930790546596,-1.5169784887755244,-1.5169775090945918,-1.43043276881149,-0.9096120328492124,1.0512362866154075,0.1794292520415955,-1.4304355986079709,0.14752987912058935,0.8426321314665873,0.6111739511512276,-2.258724346889395,0.6170184870995777
-1.1400000255107612,-1.4878474896217968,-1.4878449321394605,-1.4056682004184349,-1.16527510427562,1.0040086476440986,-0.899878685365971,-1.405665723591053,-0.15188110075594558,0.45022522435833706,0.4340387111880216,-1.7973163744639666,0.6170184870995777
0.5879668024820617,1.8024559322398697,1.8024568434143602,1.733156919303561,0.8013639066967462,-0.31161843798522326,2.338045126856729,1.7331570362690585,-0.4569028803972496,-0.3909918791230054,-0.5786354304045233,0.6555235118776876,0.6170184870995777
-0.9497491323277131,-1.5330387356540016,-1.5330377556416181,-1.531988296023822,-0.8833901793695809,0.9264203836198052,0.1794292520415955,-1.5319898345565983,-0.346147882156816,0.18220348707096856,0.2058009335240808,-1.4226180148543959,0.6170184870995777
-1.0509835525535551,-1.6450437655059553,-1.6450427831820134,-1.5536300692092098,-0.9948330566580149,1.0073820504277633,-0.899878685365971,-1.5536279098234222,-0.5687471489718104,-0.4571045334501526,-0.7552742614747915,-0.6145432256713885,0.6170184870995777
0.1498661218495379,1.5719886273290975,1.5719863864547512,1.4935008094779965,0.2670936420492534,-0.014758993022709652,-0.899878685365971,1.4934986190530626,-0.47036400563316655,-0.3069093490626384,-0.5508089541281922,0.33836806230913624,0.6170184870995777
-0.14860087571285877,-1.5283193117555596,-1.5283183318405755,-1.4958968401365687,0.07698520432192467,0.36643552153142717,-0.899878685365971,-1.495902494952577,-0.06660410037928144,-0.12365171559158693,-0.40756741024388715,-0.18077050179175877,0.6170184870995777
-0.8485147121018709,-1.522955899579337,-1.5229549197750427,-1.399063988004946,-1.1456087141658964,0.46089079947404515,0.1794292520415955,-1.399060287124679,-0.2683461316411019,-0.5885543989090548,-0.6756557907019789,0.6000785894752659,0.6170184870995777
-1.0876373943594635,-1.5572293345394603,-1.5572283540278316,-1.480462993868993,-1.2013301528101135,0.8656991335138364,0.1794292520415955,-1.480464564419762,-0.11670683434508732,-0.33221328491227803,-0.5594961097545987,0.342808233021486,0.6170184870995777
0.5879668024820617,1.3304693471217064,1.3304686896344406,1.2067800656390222,0.7325315413127134,-0.38245989644218675,0.1794292520415955,1.2067813284680116,-0.5376349091176345,-0.49189336396343136,-0.6581435880900163,0.5282425717640395,0.6170184870995777
1.5950747416253535,-1.4986611261195313,-1.4986601468166323,-2.480044030412453,1.2635240742752523,-1.7824220516631317,-0.899878685365971,-2.480043956356294,2.5044613017847395,1.4983224098103622,0.9344740318127037,0.39587957579420724,0.6170184870995777
-0.1328920863674695,1.5385059720924255,1.5385053103117026,1.4576991987673331,0.01143057062284579,0.26860684080514424,-0.899878685365971,1.4577019432166973,-0.5520804315729853,-0.8011605166857125,-0.7350042316798427,1.1540910525211783,0.6170184870995777
0.7817085377418631,1.5537549200131104,1.55375425791768,1.1972086246380695,1.0537492464382,-0.4263141326298308,1.2587371894491621,1.197209893414784,-1.5463214469437638,-2.945407878024224,-1.2329299295680072,1.2495923987038366,0.6170184870995777
-1.1906172356236824,-1.629763249532438,-1.6297622675238552,-1.5202618479472059,-1.3160507617835013,0.9466608003217947,-0.899878685365971,-1.520258890525365,-0.21732685953007566,0.13432191039548919,0.3539238315222715,-1.0514193246812087,0.6170184870995777
1.4083146905190584,1.5940420690378037,1.5940429845135367,1.427335869590316,1.0537492464382,-1.63736573196554,0.1794292520415955,1.4273357672084357,1.156371875916735,1.31290577923214,2.654475689297558,0.2148540112080551,0.6170184870995777
-1.0492381315151786,-1.4916009311035678,-1.491601530348986,-1.4113046246999197,-0.8899456427394887,1.111957536721376,0.1794292520415955,-1.4113029631412217,-0.2135357404982402,-0.2695860436844199,-0.5696449137879883,0.12978329861270504,0.6170184870995777
-0.9165861325985578,-1.65311887342048,-1.6531178909298843,-1.5887684748547943,-0.7981691555607783,0.9500342031054596,0.1794292520415955,-1.5887695687185917,-0.14041732364726645,-0.3665082805484912,-0.5839580368676869,0.3189956895877183,0.6170184870995777
0.01546870189454057,1.6171925005824352,1.61719341558039,1.397499829378621,-0.20817745226906845,-0.24415038231192474,1.2587371894491621,1.3975017924648956,-0.5595246601428663,0.2182330266968748,0.1802082972659685,-1.5091078517786143,0.6170184870995777
0.3244082256871968,1.676272111458249,1.6762730252369196,1.5982839346737125,0.3064264222687007,-0.31161843798522326,2.338045126856729,1.598280860365022,-0.28891130878915466,0.5933353067079522,0.3599083165093518,-1.811540409711087,0.6170184870995777
0.6682561702473848,-1.5795195366444095,-1.5795185556727558,-2.0224358105947933,0.634199590764095,-0.6388385080007213,-0.899878685365971,-2.022433769277158,1.9462465645556573,1.2029030400457954,1.7657934578520738,0.45198522127403234,0.6170184870995777
-0.5168847148103191,-1.5010918661876251,-1.5010924652371698,-1.4622911750858327,-0.18851106215934477,0.8049778834078678,-0.899878685365971,-1.4622919381574535,0.11801629330048047,0.4743823205347914,0.5188418970648481,-1.2957996506650544,0.6170184870995777
-0.9043681853299217,-1.5227144039751692,-1.522713424175859,-1.409059552738875,-0.8047246189306861,0.9196735780524753,0.1794292520415955,-1.4090615770455663,0.11554093527904306,0.13921944636638717,-0.26973120763823516,-0.1911369468646835,0.6170184870995777
0.2825181207661587,1.7681509292269137,1.7681518411093906,1.6929323039490012,0.3064264222687007,-0.23065677117726502,2.338045126856729,1.6929369491516784,-0.7422479961193577,-0.6875336008809032,-0.7843969165271261,0.44926488412641263,0.6170184870995777
-1.174908446278293,-1.539698016398994,-1.5396986146517853,-1.3547635272010499,-0.9751666665482912,1.267134064769963,0.1794292520415955,-1.3547627195483531,-1.0588509402548634,-0.9314553799114779,-1.0540021019358603,-0.44567789605468083,0.6170184870995777
-0.0683115079475357,-1.5227791184834756,-1.5227781386828299,-1.631244712343881,0.08354066769183255,0.21800579905017034,-0.899878685365971,-1.631247417355157,2.820809730327611,1.5261608205249417,1.9433423718927276,0.8698650085325723,0.6170184870995777
0.2266646475381078,1.5320345212617859,1.532037016419839,1.4329362679176485,0.024541497362661566,-0.4128205214951711,0.1794292520415955,1.4329423028394856,-0.3872045608866327,-0.11511775916229718,-0.5588066529588523,0.15605523892909892,0.6170184870995777
-1.047492710476802,-1.6058299302775632,-1.6058273703603068,-1.4648932315016607,-0.8801124476846269,1.118704342288706,0.1794292520415955,-1.464895630498708,-0.6156959341740446,0.06621351016020106,0.03605667041127844,-1.2904120016643057,0.6170184870995777
0.15335696392629108,1.6059779498137294,1.60597886504313,1.5045362142522343,0.12942891128118778,-0.16318871550396646,1.2587371894491621,1.5045336075842752,-0.8106881907683241,-0.3263607294270549,-0.10610932087166204,-0.8245680447339873,0.6170184870995777
-0.9898938162103746,-1.522815421744233,-1.5228128635402287,-1.4264600885944991,-0.8080023506156401,1.081596911668392,0.1794292520415955,-1.4264604645460872,-0.3854229517381928,0.5319038805129883,0.07593485147725945,-2.11562721729142,0.6170184870995777
0.20921043715434193,1.2792233485562496,1.2792226921265981,1.2525248396957567,-0.04101313633641731,-0.44655454933182037,0.1794292520415955,1.25252198024291,-0.5354754042416269,-0.8320313184222728,-0.7830180029356332,1.1455183973447733,0.6170184870995777
0.050377122662072345,1.6258642446954923,1.6258604243066526,1.4308172867961373,0.1392621063360496,0.045962257083259045,1.2587371894491621,1.4308134977805984,-0.6900206562299968,-0.15376748053263384,-0.5230927909391806,-0.9612519045035653,0.6170184870995777
0.5198953819853748,1.5431559462746363,1.5431568628005563,1.3790463531357235,0.6374773224490491,-0.3487258686055375,0.1794292520415955,1.379044643218755,-0.6969600837906642,-0.8535519077343938,-0.7977723783646096,0.878843725832577,0.6170184870995777
-0.839787606909988,-1.593074858530637,-1.5930754556818376,-1.4972527260473965,-1.1521641775358042,0.43727697998839066,0.1794292520415955,-1.4972493735379115,-0.37041728347024394,0.5650601990359678,0.19159812353170183,-2.1862827244989855,0.6170184870995777
1.9424135282622945,1.6935208955258658,1.693518652143338,0.9805632742556851,1.4372438535778114,-2.2749388580782113,-0.899878685365971,0.9805630401141827,-1.1710209323856486,-2.1272704128057383,-0.9874833102822325,1.4293802412843777,0.6170184870995777
-0.8642235014472602,-1.6530289044699078,-1.6530295003837778,-1.58052508152737,-0.5359506207644628,1.118704342288706,-0.899878685365971,-1.5805265898992273,-0.2119007774530356,0.30234820699704784,0.30560669927635264,-1.4859183555551119,0.6170184870995777
-0.040384771333510275,1.5845905940197869,1.5845915096905792,1.4668317781449742,0.1392621063360496,0.22137920183383528,0.1794292520415955,1.4668332887625588,0.3305343455473935,0.8625161275084332,0.4810045081142773,-0.4607873141795467,0.6170184870995777
0.28775438388128843,1.2209329390012456,1.2209338621771997,1.1268466610916308,0.3424814708031941,-0.20366954890794559,1.2587371894491621,1.1268487923626782,-0.6180916238797821,-0.9743373886166655,-0.8164152901215963,1.2826550652212518,0.6170184870995777
0.4064430144908965,1.6621122613602815,1.6621131754311829,1.4997365746331082,0.32609281237842436,-0.4499279521154853,1.2587371894491621,1.499735608490014,-0.7049711559518969,-0.5366323550575846,-0.7398028509782386,0.19443787742666305,0.6170184870995777
0.5076774347167387,-1.6248370548879438,-1.6248360729810278,-1.6338926199740846,1.4634657070574428,0.5249854523636788,-0.899878685365971,-1.6338920482552362,1.243278022846528,1.0553974191622992,2.0085374064985224,-0.8089751196475157,0.6170184870995777
0.5425858554842704,1.8187750371515725,1.8187759479892696,1.6448491179591,0.09337386274669439,-0.9525649668815596,1.2587371894491621,1.6448443771722978,-1.26574761729687,-1.7201137598651335,-1.0043336343702782,0.6201926186183099,0.6170184870995777
1.881323791919114,1.708151109611036,1.708150444329179,0.1559160833595769,1.561797657606061,-2.0286804548706714,1.2587371894491621,0.155917180427739,-0.9324606825436487,-0.5058717478803694,-0.6338471306079078,-0.3682721293182048,0.6170184870995777
0.13764817458090178,1.4413000454082951,1.44129465042588,1.3243573171889629,-0.03773540465146336,-0.30487163241789345,-0.899878685365971,1.3243568694127068,-0.6940782763532887,-0.7514913393808553,-0.7727864640867541,0.5088018243207784,0.6170184870995777
-1.2621794981971224,-1.5393270917782134,-1.5393276900386597,-1.4233536688205373,-1.2668847865091923,1.1355713562070306,0.1794292520415955,-1.4233532279312882,-0.4042821341347864,0.4097715772387196,0.12218361333593845,-2.1033267443720725,0.6170184870995777
-0.8362967648332348,-1.5607239179880057,-1.5607213590016467,-1.4779362644482112,-1.2013301528101135,0.37992913266608686,-0.899878685365971,-1.4779366084123335,-0.3047441527331649,0.2149557588763489,0.213219488646314,-1.512761713189767,0.6170184870995777
0.722364222437059,1.3635510880874073,1.3635488515147918,1.2233782052430695,0.12615117959623381,-1.2662914257623978,2.338045126856729,1.2233757732876258,-0.37877769767067404,0.06705425383520522,-0.3063827309001223,-0.8771035529518555,0.6170184870995777
-0.07878403417779523,1.5708805886746808,1.570878347823202,1.4884064120521687,-0.027902209596601533,0.12355052110755238,0.1794292520415955,1.4884140500470282,-0.7713130070203155,-0.8746194749692067,-0.82970801714359,0.7509285752887708,0.6170184870995777
0.34884412022446903,1.5842354534254224,1.5842379475061532,1.4928556173899938,0.0802629360068786,-0.5916108690294123,3.4173530642642955,1.492853836751573,-0.5334607828954983,-0.37041814676525814,-0.6418724077103976,0.47308928848131643,0.6170184870995777
0.7049100120532932,1.8350767796342176,1.8350808469406976,1.7284064059855517,1.0176941979037064,-0.3149918407688882,3.4173530642642955,1.7284040695895044,-0.7156433613663097,-0.10636749489429276,0.006299715106856896,-0.817475911595861,0.6170184870995777
0.34011701503258607,1.5974861436018173,1.5974854806038623,1.5410223180917941,0.31625961732356256,-0.3318588546872128,1.2587371894491621,1.5410200981368378,-0.29607546445273664,-0.24538405342823233,-0.48111866121413016,0.6684937779906013,0.6170184870995777
-0.8886593959845325,-1.5263715628958014,-1.5263721614236239,-1.3687170342616346,-0.9555002764385676,0.7341364249509043,1.2587371894491621,-1.3687166273237708,-0.5692145834258728,0.23526012675569685,-0.023926070818672086,-1.7410453737894798,0.6170184870995777
-0.5605202407697337,-1.496555536995611,-1.4965561361387762,-1.4210594705583757,-0.44745186527070635,0.6228141330899617,-0.899878685365971,-1.4210586217091608,2.204556272596464,1.6820453091986491,2.0542621811924335,-0.9176274365651017,0.6170184870995777
-0.8048791861424561,-1.4680637909117393,-1.468065969045526,-1.3569774858380539,-0.5949497910936338,0.9432873975381297,1.2587371894491621,-1.3569815894366548,-0.979018176460808,-0.8341168524898802,-0.963131696256464,-0.45084855996876383,0.6170184870995777
-0.44881329431363204,-1.4857087540424025,-1.4857077750068144,-1.4798030638906554,-0.3425644513521801,0.514865244012684,-0.899878685365971,-1.4798013597668012,0.4727528645118923,0.9956515615973195,0.7544154950355324,-2.1318452826918866,0.6170184870995777
1.4851132162076284,1.5040147175677585,1.5040140564988658,1.0830358257555337,1.2963013911247918,-1.536163648455592,-0.899878685365971,1.0830342997804847,1.1402831063214054,1.2940584283041343,1.3632058456797436,0.33964834409058847,0.6170184870995777
-1.0754194470908274,-1.5281299034385654,-1.5281273451248811,-1.4602098574618445,-0.8866679110545348,1.165931981260015,0.1794292520415955,-1.4602102124412148,-0.2484840450048345,0.41528946776593134,0.3430028358776461,-1.7455936881945409,0.6170184870995777
0.3348807519174563,1.700574776931263,1.7005756902083753,1.6633107819188502,0.4932571283110755,-0.13957489601831197,2.338045126856729,1.6633138079860859,-0.860168207567387,-1.3121735011691849,-1.030670883967797,1.179824367477746,0.6170184870995777
0.731091327628942,1.6334011173092249,1.6334036103752754,1.4343756685403752,0.640755054134003,-0.7535342026453288,2.338045126856729,1.434366964686587,-1.4380793495372546,-3.0982885446357806,-1.4461099708128429,1.8244584542106892,0.6170184870995777
1.5863476364334705,1.3395135942581855,1.3395129365842646,1.292472710220691,0.4145915678721809,-2.6392663587140235,0.1794292520415955,1.2924718728720466,-0.7593565906585804,0.15203466549023692,-0.7004762353488551,-1.678621345850346,0.6170184870995777
-1.2237802353528375,-1.6503471983817963,-1.6503462159484024,-1.5063132535167327,-1.1980524211251595,1.1321979534233657,0.1794292520415955,-1.5063172643175946,-0.41644653415255223,-0.37675637456759525,-0.7853621560411713,0.04461072163583342,0.6170184870995777
0.4151701196827794,1.370170908766359,1.370171828862342,1.3131745335113743,0.4572020797765821,-0.3318588546872128,-0.899878685365971,1.3131724551417838,-0.8030574819373578,-1.1420167764202855,-0.927500569052282,0.8578722218615195,0.6170184870995777
0.1341573325041486,1.6657173329937403,1.665716668587631,1.7311722167384362,0.1851503499254048,-0.06873343756134849,1.2587371894491621,1.731171516166058,-0.8240426803161913,-0.329829817406441,-0.09706364771146736,-0.8684157770703063,0.6170184870995777
-0.5395751883092147,-1.6497505621832642,-1.6497495797621835,-1.5825343472430533,-0.7522809119714231,0.26860684080514424,-0.899878685365971,-1.582530532353699,-0.040304038302183584,0.4877158622155612,0.2996773708329325,-1.6471557174788405,0.6170184870995777
3.2200617283539574,-1.4882468254901267,-1.4882474248047668,-2.623224272561178,3.8562098370738216,-2.2546984413762217,-0.899878685365971,-2.62322144852602,0.205626059514066,-0.38919203465370045,-0.37742435913384764,1.4716093067362448,0.6170184870995777
0.9161059576968604,1.7397254760539902,1.7397263885231111,1.7224129972492837,0.581755883804832,-1.1718361478197798,2.338045126856729,1.7224127115055017,-0.32421917826041236,0.7726585862823823,0.5206069064619595,-2.0836152888464117,0.6170184870995777
0.2633184893440162,1.7751274689028715,1.7751283806413665,1.746830406447779,-0.14917828193989746,-0.6624523274863757,3.4173530642642955,1.7468325618444678,-0.6419773129735667,-0.1761410573596862,-0.07861378385728941,-0.4846214863518567,0.6170184870995777
-0.5308480831173318,-1.5116087629887351,-1.511606205016014,-1.444004728266733,-0.3327312562973183,0.6835353831959303,0.1794292520415955,-1.4440026370024945,0.23353288346266937,-0.012069521054627625,-0.3010601244369588,0.43430826257382904,0.6170184870995777
0.5687671710599193,1.7010735521660145,1.7010744654328334,1.5987277089271357,0.6866432977233582,-0.39258010479318156,-0.899878685365971,1.5987250437282705,-0.5572772028563846,-0.1522778133414857,-0.03401971830840197,-0.48852721791184006,0.6170184870995777
0.5129136978318684,1.6656036880035436,1.6656030235997799,1.5249105288688045,0.22776086182980607,-0.7569076054289937,-0.899878685365971,1.5249087283113556,-0.25446621897575344,-0.0993027992562724,-0.5914041702617496,0.5116993775841958,0.6170184870995777
0.38026169891524764,1.609620903110587,1.6096202398621953,1.5589141169585876,0.1097625211714641,-0.6219714940823966,1.2587371894491621,1.5589102483432555,1.0345502083447724,1.0114665215033443,1.3756160680031815,1.2748394158938254,0.6170184870995777
-0.7036447659166141,-1.6959961811800708,-1.6959983546097919,-1.60037701980873,-1.0931650072066332,0.234872812968495,-0.899878685365971,-1.600379744001292,0.05986441558894813,-0.029998583988090032,-0.38009945150134433,0.023790618834571703,0.6170184870995777
0.8811975369293287,1.6521967359656284,1.6521976502411664,1.5266577876451974,0.7849752482719765,-0.8952171195592558,0.1794292520415955,1.5266629455569964,-0.5631009214825818,-0.05837164237949241,-0.02657358491433918,-0.6442192503538344,0.6170184870995777
-0.691426818647978,-1.5109079522158562,-1.5109069726602073,-1.4684843641133098,-0.5097287672848313,0.8117246889751976,-0.899878685365971,-1.4684879890355802,0.0730942912005326,-0.07534160451865396,-0.20825923972947208,0.09889536687065022,0.6170184870995777
1.5496937946275622,1.730914832508471,1.7309157451594255,1.3919976836535224,1.112748416767371,-1.8498901073364302,0.1794292520415955,1.3919976032309074,2.19992740244843,1.856311882883127,3.787198048165493,0.8124902444911878,0.6170184870995777
-1.3250146555786797,-1.6399991906633398,-1.6399982084435076,-1.5821609873545643,-1.1423309824809424,1.3852031621982352,0.1794292520415955,-1.582160038396335,0.09186393487063159,0.005863623158810531,-0.31647637838985193,0.056840726729607646,0.6170184870995777
0.34011701503258607,1.7311452792941473,1.731144613537737,1.6046146773443168,0.017986033992753676,-0.6388385080007213,3.4173530642642955,1.6046161023431529,-0.49475379070682246,-0.5253761848844707,-0.6124463916679345,0.8511798715358031,0.6170184870995777
-0.9846575530952448,-1.5080242105896176,-1.5080248094960924,-1.4858455989280404,-0.8637237892598572,1.0141288559950932,0.1794292520415955,-1.4858377502655111,-1.0986108937665289,-1.2736502994780965,-1.0274993827073626,-0.10250028321483629,0.6170184870995777
1.8027798451921675,1.712447521601524,1.712450013036216,1.4820380058840412,0.8079193700666542,-2.6527599698486832,2.338045126856729,1.4820419633659552,0.3677824557691484,1.1360516740430378,1.1778798589830686,-1.5533107140477722,0.6170184870995777
1.1534832189160764,1.7598248552923716,1.7598241889440727,1.4574028034172608,1.1422480019319563,-1.0537670503915073,-0.899878685365971,1.4574051386652178,-0.4976979932410072,-0.6717798601745147,-0.7294885773138704,1.2869166244153174,0.6170184870995777
0.18826538469382287,1.6963336090332315,1.6963345223978732,1.5412286485564852,0.26053817867934553,-0.09572065983066791,1.2587371894491621,1.5412329786427266,-0.5996140386148042,-0.4748009634249974,-0.6361085488979564,0.4531315444167713,0.6170184870995777
0.7712360115116035,1.5481089737640379,1.5481098901877375,1.4793114961720504,0.6210886640242793,-0.8513628833716117,0.1794292520415955,1.4793072676364616,-0.4449258419272471,-0.27112060495530127,-0.5401913194736951,0.34038023269480827,0.6170184870995777
0.17430201638681014,1.4962379277524998,1.4962372668441042,1.4218353614085881,-0.2737320859681473,-0.6185980912987317,1.2587371894491621,1.4218336249023886,-0.4523801171652584,-0.1993145650619852,-0.6511938635888911,-0.10706464474849314,0.6170184870995777
0.23888259480674393,1.5855281651889086,1.5855275024377424,1.5030214866344618,0.3359260074332862,-0.11596107653265748,0.1794292520415955,1.5030229747636419,-0.6081272679252163,-0.5565490013392363,-0.7315017911574503,0.5347353795341726,0.6170184870995777
1.9267047389169054,1.6101544032034545,1.6101553183466613,1.3556442208269786,1.7650170220732058,-1.907237954658734,-0.899878685365971,1.355640069138643,2.246905270111041,1.9874801400237025,2.810927225388367,0.36507327509761833,0.6170184870995777
0.27030017349752256,1.6143908358935608,1.6143917509493364,1.5009991205718138,0.21137220340503635,-0.30487163241789345,0.1794292520415955,1.5010026568856403,-0.40132524107243706,-0.4268255173100758,-0.5597443142010675,0.8320077390712117,0.6170184870995777
0.2947360680347948,1.5245165894797528,1.5245175063903516,1.4798174970735551,0.42114703124208874,-0.13620149323464703,1.2587371894491621,1.4798169526938296,0.48105881519561605,0.8949623033156324,0.49901311961917744,-0.00446139761030249,0.6170184870995777
0.20397417403921217,1.515065114461736,1.5150628747621762,1.39204844749801,0.057318814212201,-0.33523225747087776,-0.899878685365971,1.392046729501497,-0.5599268793827495,-0.9336960026181637,-0.7415954386471799,1.4285660239334488,0.6170184870995777
-0.7350623446073926,-1.5224776435789262,-1.5224766637845024,-1.4656203007581916,-0.6605044247927127,0.7408832305182341,-0.899878685365971,-1.4656161491340236,-0.005530228557852382,0.3819494916440433,0.44705565549171644,-1.3827004336215756,0.6170184870995777
-0.8746960276775197,-1.5500397105068842,-1.5500403085462438,-1.4713811783358393,-0.8211132773554559,0.8454587168118469,0.1794292520415955,-1.4713802982165491,-0.21602484659185592,-0.27016150416100043,-0.6112329477074205,0.1364763466396647,0.6170184870995777
-1.0824011312443338,-1.510767474380752,-1.5107664948280024,-1.4052408015987172,-1.047276763617278,1.0141288559950932,0.1794292520415955,-1.4052379156513344,-0.3314767503118725,-0.6110259264555251,-0.7306192864588945,0.5409916665828276,0.6170184870995777
1.122065640225298,1.375280198117281,1.3752811181078184,1.1805580836461642,1.050471514753246,-1.0875010782281567,2.338045126856729,1.1805601815407563,-1.3142825422623423,-1.8537226224312064,-0.8870432442778736,0.5930932046273643,0.6170184870995777
-0.7385531866841458,-1.5542982408339732,-1.5542972603828362,-1.5165839255369167,-0.16556694036466718,1.2570138564189681,-0.899878685365971,-1.5165867017987844,-1.147242055237249,-2.6688807532673957,-1.413815814500074,1.5357873556010302,0.6170184870995777
0.8218532216245246,1.6885173591519322,1.6885182726778856,1.5311266435034696,0.42770249461199666,-1.1482223283341253,2.338045126856729,1.5311313892527183,-0.4999828170826402,0.13004064770092919,0.18012556245047923,-1.0673478440657067,0.6170184870995777
0.1847745426170697,1.5112390664584505,1.5112368268378527,1.3908301152303095,-0.05740179476118703,-0.41619392427883606,0.1794292520415955,1.3908329012323433,-0.6566077293739822,-0.8212812269661517,-0.7976896435491198,0.9231889191553675,0.6170184870995777
0.11321228004362954,1.6377890766529268,1.6377899912258096,1.4894806405032595,-0.09345684329568041,-0.3149918407688882,-0.899878685365971,1.4894845933602956,-0.6228819457472433,-0.9240111252357129,-0.8052460900305022,1.22118967879041,0.6170184870995777
1.1814099555301019,-1.4698379154809196,-1.4698369367728736,-1.4524577271455896,0.2080944717200824,-2.0691612882746506,-0.899878685365971,-1.4524584963277476,2.73403225125282,1.6638591256267146,2.3276455898418593,0.05705003710259711,0.6170184870995777
0.6368385915566062,1.5106613710916177,1.5106622882881604,1.3891778339694094,1.1389702702470024,-0.05861322921035371,1.2587371894491621,1.389178983455823,-0.35653261185683377,0.12572265348658745,-0.41217298163947425,-0.45320679017111176,0.6170184870995777
2.0803017902940453,-1.5261300672916336,-1.526129087421831,-2.5783310210571373,2.440229749173718,-1.5091764261862726,-0.899878685365971,-2.578331295310706,3.3469294167991044,1.7884157092065778,1.4136740831283914,0.5491554688306599,0.6170184870995777
0.7642543273580972,1.6660077590797981,1.6660086730703043,1.562177740896124,0.5162012501057531,-0.9458181613142297,1.2587371894491621,1.5621791922654122,-0.887726570763471,-0.29937938750738274,-0.05677179256803808,-0.9617982045770678,0.6170184870995777
-0.6285916612664207,-1.5941592211454294,-1.5941598182742511,-1.5308321904042033,-0.8407796674651795,0.34956850761310254,-0.899878685365971,-1.5308312733418576,0.05421395792366469,0.5899560068880326,0.49506942674750687,-1.8725969432133562,0.6170184870995777
-0.653027555803693,-1.483472157499228,-1.4834711785097987,-1.4619571162382374,-0.7096704000670219,0.5317322579310086,0.1794292520415955,-1.4619582889030318,-0.3521533220960367,0.1727145111273537,0.16195148131459963,-1.403430532962452,0.6170184870995777
-1.3878498129602368,-1.490729652845394,-1.4907318305114026,-1.221333218280669,-1.0046662517128768,1.6483285793240996,0.1794292520415955,-1.2213378155546544,-0.45046155606704236,0.5995674212309199,-0.04221046504187103,-2.2778015919848977,0.6170184870995777
0.683964959592774,1.7419526021813152,1.7419535146044727,1.6503185128167872,0.349036934173102,-0.9626851752325543,3.4173530642642955,1.65032195634305,-0.5953939092280714,0.09940656020296222,0.053927390557029116,-1.1162113506400966,0.6170184870995777
-1.0632014998221913,-1.7154231608931223,-1.7154221771166913,-1.6390672570250702,-1.3324394202082712,0.6835353831959303,-0.899878685365971,-1.639066682090685,0.18290930907010847,-0.05627794575193352,-0.3323063064201929,0.3008735974942907,0.6170184870995777
-0.8485147121018709,-1.5511951012405496,-1.551195699256064,-1.4822037024719037,-0.4540073286406142,1.172678786827345,0.1794292520415955,-1.4822044531698142,0.5247939003975036,0.5642316992008909,0.29082474557554644,-0.20389441409839115,0.6170184870995777
-0.1782730333652608,-1.6619168897448666,-1.6619159070726974,-1.874418265329419,0.10648478948651016,0.4541439939067153,0.1794292520415955,-1.8744163159903753,-0.5588279148951633,-0.8818719094861114,-0.8696413547532307,0.4047480562977707,0.6170184870995777
-0.30743419020512835,-1.5536132140875105,-1.55361381205312,-1.6252382032606485,-0.16228920867971322,0.42715677163739585,0.1794292520415955,-1.6252335430638005,0.7447299188712905,1.2648527887976793,0.4076187267750133,-2.252345962123163,0.6170184870995777
0.3069540153034309,1.5008263442316874,1.500827261631205,1.4511932389560782,0.12942891128118778,-0.4600481604664801,0.1794292520415955,1.4511968062194438,-1.240634295860497,-1.5315667875455121,-0.8155603636948707,0.30852319392581223,0.6170184870995777
-0.3545605582412963,1.680435937626841,1.6804368513195787,2.017709555719907,-0.7522809119714231,-0.08897385426333806,3.4173530642642955,2.017716864804045,-1.9967668970691357,-3.1739718005060573,-1.6415571832710774,0.6322781995547213,0.6170184870995777
-0.7280806604538863,-1.4952312571792923,-1.4952302779471789,-1.481694426483658,-0.8047246189306861,0.5789598969023176,-0.899878685365971,-1.4816927211845048,-0.47119118130922794,-0.8585351505847825,-0.8191179607609228,0.4847520624642892,0.6170184870995777
-0.7193535552620033,-1.4574916500181727,-1.457490671564929,-1.411807350514683,-0.5883943277237259,0.7847374667058782,0.1794292520415955,-1.4118003666309424,-0.28878246467681695,0.12687357443974848,0.2147914501406163,-1.068263228096914,0.6170184870995777
-0.9008773432531686,-1.523287364134077,-1.5232879627255511,-1.4762790705571993,-0.9817221299181992,0.7307630221672393,0.1794292520415955,-1.476278596779931,0.08892819268855656,-0.11538304236072082,-0.3567406552614509,0.3515615928199053,0.6170184870995777
2.916358467676431,-1.6401112572508947,-1.6401118534313588,-2.987946119770277,3.0990538178494607,-2.4469824000451226,-0.899878685365971,-2.987947162951641,-0.9844759848582596,-2.3740490878193365,-1.138446770278899,1.5320155826797601,0.6170184870995777
0.14637527977278472,1.5939521000872314,1.593951437162212,1.4657084233927666,-0.11640096509035801,-0.4027003131441763,3.4173530642642955,1.4657115722507605,-0.37383191683319655,-0.2441311004756776,-0.48806838571525546,0.4843271624071206,0.6170184870995777
0.7851993798186162,1.1590074681625921,1.159006814213954,1.0431567320521633,0.5752004204349241,-0.9255777446122401,1.2587371894491621,1.0431601434851738,-1.3359836979384614,-2.61679137693692,-1.4261433020080228,1.5198037178183117,0.6170184870995777
0.3261536467255734,1.6573896806565562,1.6573905948249221,1.5399399019238507,-0.04101313633641731,-0.6725725358373705,0.1794292520415955,1.5399413671118054,-0.4864853828355856,0.15480993587374578,0.1321669477383485,-1.0146483760556635,0.6170184870995777
-1.1574542358945272,-1.5016127390593597,-1.5016133380981542,-1.2264407160534616,-1.047276763617278,1.1591851756926852,0.1794292520415955,-1.2264387599842188,-0.5252909028748726,0.609117616374171,-0.05417943501603115,-2.425863563630183,0.6170184870995777
-0.8712051856007665,-1.5995747206088256,-1.5995721608206641,-1.4626219588466869,-0.9423893496987518,0.7138960082489147,1.2587371894491621,-1.4626255874118754,-1.167891483391728,-1.1344011079855392,-1.0608139350778363,-0.3389442575561648,0.6170184870995777
-0.6582638189188227,-1.5893766611413225,-1.5893756799662375,-1.517836646215399,-0.5654502059290483,0.6902821887632602,-0.899878685365971,-1.5178353278429393,-0.2730271739604792,0.04186459382488654,0.19744471715963274,-0.8724010465720256,0.6170184870995777
-1.0213113949011532,-1.4625488520819212,-1.4625462951216979,-1.4058041165181916,-1.04072130024737,0.9028065641341506,0.1794292520415955,-1.405802867763116,0.062424729646154045,-0.037373456904267265,-0.3502597613814333,0.1425428589501426,0.6170184870995777
0.17953827950193993,1.6527775881377444,1.6527800808039037,1.495672191987366,-0.2606211592283315,-0.6152246885150667,1.2587371894491621,1.4956745034545984,-0.36165288745657437,-0.026847835846812322,-0.4161994093266341,-0.24399618845944204,0.6170184870995777
-1.6391904424864656,-1.4788048208879594,-1.4788038419948546,-1.2383358310972459,-1.3652167370578105,1.7630242739687072,2.338045126856729,-1.2383375521066338,-1.6728344678892373,-2.592430216761678,-1.6139237548975554,0.5846900908530808,0.6170184870995777
-0.5657565038848635,-1.516246109949813,-1.5162451302839952,-1.430047946119407,-0.7981691555607783,0.2719802435888092,0.1794292520415955,-1.4300528230829594,0.4628718782770745,0.9528022031319378,0.8984016522592434,-1.9218944199610775,0.6170184870995777
1.317552796523476,-1.5137601257892623,-1.5137591461747504,-2.157454536584622,1.450354780317627,-1.0537670503915073,-0.899878685365971,-2.1574532301370812,-0.54588727757133,-1.427828813121941,-0.9851391571766941,1.3877393379806109,0.6170184870995777
-0.37026934758668556,-1.6953948097736138,-1.6953954048131368,-1.674397255245011,-0.5162842306547392,0.18427177121352106,0.1794292520415955,-1.6744048460682133,-0.17426930752630873,-0.29617150144644455,-0.5306768156923928,0.18795134896771964,0.6170184870995777
-1.1400000255107612,-1.6372669756906966,-1.637267571929861,-1.5119545904283294,-1.3029398350436856,0.8623257307301715,-0.899878685365971,-1.5119504100118808,0.03377973997597706,0.6539096641080089,0.4747442404088987,-1.9845605502316357,0.6170184870995777
-0.6704817661874588,-1.482832904429372,-1.4828319254531357,-1.435180007042758,-0.6637821564776666,0.6126939247389669,-0.899878685365971,-1.4351783306478185,0.018715025500595703,0.6026610314525371,0.5077554317892436,-1.8905125157387674,0.6170184870995777
-1.009093447632517,-1.6267911173582685,-1.6267885570084155,-1.545507854091207,-0.7817804971360086,1.1456915645580255,-0.899878685365971,-1.5455077466805323,-0.29998044572338217,0.1463657676039225,0.13550391862976172,-1.301739181349252,0.6170184870995777
-0.8188425544494689,-1.5797689242617854,-1.5797695216875938,-1.53140205549716,-0.8047246189306861,0.7543768416528939,-0.899878685365971,-1.5314044131654043,-0.29060725687248357,0.03337553147533001,0.3830189083027765,-0.9915202775415713,0.6170184870995777
1.1185747981485448,1.744441743147149,1.7444426555189356,1.1415943766869396,0.8898626621905027,-1.2460510090604082,-0.899878685365971,1.1415887204675312,1.0651389639121591,1.054621975966907,1.1346922852975043,1.277060896652487,0.6170184870995777
-0.1590734019431183,1.468265476137721,1.4682648158066205,1.365340115124094,0.021263765677707623,0.329328090911113,3.4173530642642955,1.3653343198683447,-0.813450319474814,-0.9436788134388441,-0.9132150242444133,0.5996167112522025,0.6170184870995777
0.4692781718724537,-1.4958594614306568,-1.4958600605881878,-1.5994829211284014,0.43753568966685846,-0.4566747576828152,0.1794292520415955,-1.5994872834189124,1.3062004816039325,1.1852719105505625,0.606237440493682,-0.7090029038978025,0.6170184870995777
0.43262433006654527,1.5682872731345001,1.568285032336542,1.5140388784316232,0.4244247629270427,-0.3993269103605114,0.1794292520415955,1.5140395409433833,-0.555676081219619,-0.5013047955875071,-0.6621700157771764,0.5607777761415214,0.6170184870995777
0.30171775218830116,1.7540194903764954,1.7540172457453984,1.6328737632901578,0.43425795798190453,-0.13620149323464703,3.4173530642642955,1.6328657548601746,-0.4720717629579819,-0.2821931175295065,-0.5484096444789941,0.41048385821892525,0.6170184870995777
-0.8485147121018709,-1.5575150254175936,-1.5575140449000686,-1.4236467890838684,-0.9686112031783833,0.6430545497919512,0.1794292520415955,-1.4236500324827677,-0.020728546093633164,-0.07905148801660919,-0.43222238525978407,0.004871054220054293,0.6170184870995777
-0.9602216585579726,-1.553270700714279,-1.5532760338947846,-1.440051698570189,-0.5490615475042786,1.2907478842556173,-0.899878685365971,-1.4400500191479644,-0.321501642659834,-0.7316399935788155,-0.7825491723145255,0.8000216255722056,0.6170184870995777
0.28077269972778207,1.635494079212012,1.6354949938322592,1.5409486286401186,0.19498354498026663,-0.34197906303820763,0.1794292520415955,1.540944361803012,-0.47652190816769796,-0.2997262963053213,-0.5347859781950421,0.35297025163012435,0.6170184870995777
0.36280748853148176,1.6411779071244836,1.6411788216274277,1.6656393685917938,0.0638742775821089,-0.6354651052170563,-0.899878685365971,1.6656432119832145,-0.6876975845465345,-0.227859037212369,0.050728311024764834,-0.670794690711063,0.6170184870995777
-0.4994305044265531,-1.5049179141909106,-1.5049232483693202,-1.4397405653297817,-0.8014468872457322,0.140417535025877,-0.899878685365971,-1.4397409330288375,0.5216554622794664,0.776376632340289,0.32736595575011423,-1.2180645689417415,0.6170184870995777
0.052122543700448935,-1.4668042256037273,-1.4668032469582903,-1.4335179005216345,-0.408119085051259,-0.5207694105724487,-0.899878685365971,-1.433520319015416,0.08335493573627438,-0.08946691451471893,-0.30765133140429596,0.11707118195981174,0.6170184870995777
1.5479483735891855,1.515549684072713,1.5155490227657618,1.201942762522373,2.269787701556113,-0.6557055219190459,1.2587371894491621,1.2019423908149256,-0.01702432192825801,0.30365829786926307,-0.17866775405603003,0.3766334869978263,0.6170184870995777
0.5879668024820617,1.7047228190734387,1.7047221538623347,1.5509900445884235,0.9619727592594894,-0.14632170158564184,0.1794292520415955,1.5509906841386067,-0.692127107647983,-0.8545069272487189,-0.8111202619302629,0.9313052777186556,0.6170184870995777
-0.8851685539077793,-1.5777911857518363,-1.577790204815852,-1.5349162235703924,-0.873556984314719,0.8117246889751976,-0.899878685365971,-1.5349128476566858,-0.21023003416870029,-0.43691444141012564,-0.5977471727826178,0.2574884410822785,0.6170184870995777
-0.6879359765712247,-1.5141026391624939,-1.5141048163461313,-1.4159798110228827,-0.526117425709601,0.7881108694895431,0.1794292520415955,-1.41598019348695,-0.00656203900056775,-0.2582564104717426,-0.4908813694419013,0.44304766834738235,0.6170184870995777
0.6787286964776443,1.1950739685235952,1.1950733138306173,1.1454393285210265,-0.14917828193989746,-1.4653221899986284,0.1794292520415955,1.145436944997058,-0.5842213092378354,-0.9714029483141026,-0.83773329424608,1.3226452073833752,0.6170184870995777
0.20397417403921217,1.5799421982402178,1.5799415356043345,1.483804915180881,0.09992932611660227,-0.2913780212832337,0.1794292520415955,1.4838043683233608,-0.6320630141023169,-0.9352264826090694,-0.8045014766910958,1.182428188517735,0.6170184870995777
-0.7821887126435605,-1.610176851152583,-1.6101790263534421,-1.5930850391796039,-0.814557813985548,0.6734151748449356,-0.899878685365971,-1.5930844928187207,-0.35527836465656687,0.004243355008438444,0.253097669712295,-1.0524484340150737,0.6170184870995777
-0.0822748762545484,-1.5143220371296788,-1.5143210575035704,-1.4352864473618447,0.16876169150063508,0.33270149369477786,0.1794292520415955,-1.4352827239728216,-1.146778674701906,-1.2298704091782442,-1.108772549789967,-0.15839522291918534,0.6170184870995777
0.42389722487466236,1.453842032798603,1.4538382159599552,1.2977177616366107,0.6800878343534503,-0.1193344793163224,1.2587371894491621,1.2977181491854388,-1.3251389365924773,-2.7417805761942127,-1.3882507565137918,1.7767761558412032,0.6170184870995777
-0.1468554546744822,1.5941130971566766,1.5941140126309437,1.5694566211782854,-0.2212883790088842,0.056082465434253825,1.2587371894491621,1.5694560210965123,-0.9583555290061577,-0.9233662829995447,-0.945316132654373,0.2622865325324402,0.6170184870995777
-1.281379129619265,-1.662088935632803,-1.6620911097623012,-1.5472387374338943,-1.0702208854119557,1.3750829538472404,0.1794292520415955,-1.547237400790878,0.09820919895292629,-0.007184228923656876,-0.32568752118102584,0.06318492413491822,0.6170184870995777
-1.1609450779712802,-1.4990462563640865,-1.4990452770532392,-1.4394130566556687,-1.102998202261495,1.1085841339377112,-0.899878685365971,-1.4394134245582395,-0.14347626970693936,0.20038150808295163,0.3383421079383993,-1.0973538814362327,0.6170184870995777
1.2948623230245802,1.559699184361449,1.5597001005459499,1.3980303934306841,0.5850336154897859,-1.9004911490914043,1.2587371894491621,1.398029899873735,-0.8910546617746345,-0.37361378898626907,-0.09529863831435596,-0.9443417194697468,0.6170184870995777
-1.6060274427573105,-1.4877717262949992,-1.4877739040220535,-1.2635965751315823,-1.388160858852488,1.675315801593419,0.1794292520415955,-1.2636130183250371,-1.3848797741846177,-2.245798945861421,-1.4999151791529046,0.7295858942562786,0.6170184870995777
-0.12067413909883336,1.4641048067744122,1.4641041465291795,1.295475964762307,0.04748561915733917,0.282100451939804,2.338045126856729,1.2954767630897837,-0.41954954454612997,-0.08594068861567238,-0.4258518044670858,-0.20604542703147952,0.6170184870995777
0.8235986426629012,1.6299996596165351,1.6299958391423486,1.60045040455297,1.2831904643849759,-0.27113760458124414,0.1794292520415955,1.6004546978386165,-0.7160327138206928,-0.44061208106815364,-0.6775035349145798,0.06275793097401972,0.6170184870995777
-0.8764414487158964,-1.5186768500179069,-1.5186758703019236,-1.3765625045500116,-1.106275933946449,0.5553460774166631,0.1794292520415955,-1.3765604551945938,0.04082968088607772,1.0453329827421038,0.6967493286392904,-2.7430406419372764,0.6170184870995777
-1.174908446278293,-1.5286728739472824,-1.5286718940250015,-1.4318230431330996,-0.9260006912739821,1.3177351065249368,0.1794292520415955,-1.4318213688241888,0.12240510095740098,0.0631933629781473,-0.30265966420309093,0.06381285525388661,0.6170184870995777
-0.9288040798671939,-1.6211546415250457,-1.6211520812915183,-1.557262140405123,-1.161997372590666,0.5992003136043071,-0.899878685365971,-1.5572571130632367,0.2969745963308081,0.4893483742058605,0.046205474444667494,-1.026497436270597,0.6170184870995777
0.387243383068754,1.4932626387730472,1.4932635563286647,1.2870950177917553,0.39820290944741116,-0.3386056602545427,-0.899878685365971,1.2870986870262975,2.0879334913959284,1.7085532226411344,2.248302901787345,1.044546375713414,0.6170184870995777
0.4343697511049219,1.5422073262870228,1.5422082428325206,1.3828159779747642,0.2146499350899903,-0.6185980912987317,1.2587371894491621,1.3828130375585737,-0.75384361371508,-0.8593636504198594,-0.8347824191602847,0.7019562273204264,0.6170184870995777
0.2511005420753801,1.6218393179593629,1.6218402328614165,1.5375507261461963,0.0638742775821089,-0.41956732706250094,2.338045126856729,1.53755055527644,-0.922584278999557,-1.2610758758728158,-1.0431638411067243,0.9045589005568189,0.6170184870995777
0.11844854315875931,1.2793401503517297,1.2793410723222765,0.7444213325033533,0.04420788747238523,-0.18342913220595602,-0.899878685365971,0.7444232920291747,-1.1225286616953962,-2.4960140586145996,-1.2476567267251537,1.9443402726391599,0.6170184870995777
0.8462891161617968,1.6334784590386642,1.6334777952979005,1.507244710987149,0.4867016649411676,-1.1347287171994656,2.338045126856729,1.5072498809622978,-0.6201795682775283,-0.6555445284309879,-0.6990421652137022,0.7541624205514579,0.6170184870995777
1.0103586937691962,1.3439757385260436,1.343976659162642,1.085308735953878,1.0406383196983842,-0.881723508424596,-0.899878685365971,1.0853043428673173,1.881985255076889,1.6519540319374566,2.4189296695987035,0.603473603725155,0.6170184870995777
-1.1522179727793973,-1.5053046228381073,-1.505305221800709,-1.4394638205001562,-0.9620557398084755,1.2367734397169785,0.1794292520415955,-1.4394645977567704,-0.2416152966357505,-0.3326377380297558,-0.5935552754644787,0.06255280680849006,0.6170184870995777
-1.0824011312443338,-1.5039977054508464,-1.5039983044404204,-1.393235971149105,-1.0964427388915872,0.9635278142401194,-0.899878685365971,-1.3932326832759752,-0.3749931001602565,0.06938466470135751,0.250643203519437,-1.1857484427546554,0.6170184870995777
-0.9689487637498555,-1.5383563741536175,-1.5383569724340975,-1.446827853037587,-0.8801124476846269,0.9669012170237843,0.1794292520415955,-1.4468273975614026,0.033105731924568865,-0.05413527376466565,-0.3637731145780659,0.06693088211018629,0.6170184870995777
0.39073422514550715,1.3115663970856726,1.3115673183911347,1.1372499741248305,-0.15573374530980533,-0.9154575362612453,2.338045126856729,1.1372533270879897,-0.5431727383454572,0.28667201061019854,0.15290580815440497,-1.589732114350425,0.6170184870995777
0.6996737489381634,1.3360884605258716,1.3360893813252475,1.2455030537227738,0.8865849305055488,-0.4398077437644905,3.4173530642642955,1.245505111260347,-0.3513213874719136,0.35802502842620654,0.15770442745280114,-1.41982023286877,0.6170184870995777
0.5879668024820617,1.3171523640343636,1.3171517068219336,1.249948983973858,0.7259760779428055,-0.3892067020095166,2.338045126856729,1.2499469448928329,-0.7834107817652172,-1.079593599191215,-0.9182618479892779,0.8277908327567174,0.6170184870995777
0.3837525409920008,1.6078720329836729,1.607872948173983,1.5083893538031738,0.46703527483144397,-0.2610173962302494,0.1794292520415955,1.5083920667535085,-0.6464195266031799,-0.6676128733192757,-0.7141550581764667,0.5220993123167988,0.6170184870995777
-0.3964506631623344,-1.4974110312273687,-1.4974100519502693,-1.6357528692430465,-0.5293951573945549,0.22137920183383528,-0.899878685365971,-1.6357547526817624,2.633495419530244,1.5793276547690152,4.568462910833664,-0.010435115655421717,0.6170184870995777
0.11844854315875931,1.4988943793983451,1.498895296837735,1.393419071299173,0.14253983802100353,-0.0822270486960082,0.1794292520415955,1.3934263589338913,0.2719605077743886,1.3514248996432527,1.2056236004439098,-2.284860933164589,0.6170184870995777
0.09575806965986365,1.7406456847940543,1.740646597244184,1.6885862638435216,0.29987095889879284,0.12355052110755238,1.2587371894491621,1.6885892742044895,-0.6278920605122219,-0.7529687627320762,-0.7856930953031298,0.9650998328402907,0.6170184870995777
-0.9427674481742067,-1.503929834137257,-1.5039288547256224,-1.4594009110367854,-0.9751666665482912,0.8184714945425274,-0.899878685365971,-1.4593975820485434,-0.4209580169150638,-0.00036849136415716686,-0.5124199997410237,-1.2619018357594112,0.6170184870995777
-1.1033461837048528,-1.6043904270684062,-1.6043910239860764,-1.5359380506336249,-1.0964427388915872,1.0040086476440986,0.1794292520415955,-1.5359383585552457,0.13602098013399172,0.012250826320856665,-0.30745828350148685,0.12674132119192486,0.6170184870995777
-0.7891703967970669,-1.5093263927689535,-1.5093269916485539,-1.446334952483047,-0.5949497910936338,0.9129267724851454,0.1794292520415955,-1.446332040999623,0.1923027675146033,0.817340439456875,0.6999208298997246,-2.1183210417917944,0.6170184870995777
-1.0824011312443338,-1.4876738653312187,-1.4876728862550748,-1.3713109029606096,-0.7817804971360086,1.2873744814719523,0.1794292520415955,-1.3713141788812016,0.019292092017413283,-0.0356960508342347,-0.3908825557868206,0.02259475890355858,0.6170184870995777
-0.7088810290317438,-1.45541289373916,-1.4554134937314265,-1.3583644850729224,-0.9555002764385676,0.3866759382334167,0.1794292520415955,-1.3583653127249316,0.020242824085743773,-0.016085500550763982,-0.37099862179748977,0.048051784167780165,0.6170184870995777
0.6385840125949828,1.6303784762505238,1.6303793909763464,1.524830289243647,-0.12623416014521985,-1.3641201064886808,0.1794292520415955,1.5248309450495885,1.2386318794796036,1.202486749488269,1.1885526501812251,1.1772589200061385,0.6170184870995777
0.4954594874481025,-1.4611298681071054,-1.461128889578776,-1.592387445703743,0.18187261824045087,-0.7704012165636535,-0.899878685365971,-1.5923823965348762,-0.35035532101538425,-0.3578069916401958,-0.6886175784620143,-0.42445731273976595,0.6170184870995777
0.6001847497506978,1.618420497837615,1.6184198344076175,1.463437150737793,0.4408134213518124,-0.7063065636740198,1.2587371894491621,1.4634394822359866,-0.7420941234653621,-0.9336919213381879,-0.8411805782248128,0.8728560537625918,0.6170184870995777
1.1691920082614657,1.7771809707396184,1.7771818824357333,1.6929765176200064,1.0668601731780156,-1.161715939468785,2.338045126856729,1.692977887710503,-0.6582315882070428,0.07068659301362124,-0.012370774921959734,-1.3096629743693897,0.6170184870995777
0.8811975369293287,1.574491973918706,1.5744928897979136,1.4793409719527206,0.6768101026684964,-1.0065394114201984,2.338045126856729,1.4793441123394038,0.5002419585750779,1.323092654051608,1.382951888309925,-1.6329330776342066,0.6170184870995777
0.24062801584512053,1.71013358332891,1.7101344964087477,1.5577334481884104,0.18187261824045087,-0.277884410148574,0.1794292520415955,1.5577291709211614,1.1186887625906716,1.544253134657434,2.1978898208823567,-0.9390105842697052,0.6170184870995777
2.912867625599678,-1.5118250041506371,-1.511822446173453,-3.0686098686609404,2.1812889460623563,-3.384788373903972,-0.899878685365971,-3.0686094288680255,6.216957223920509,2.360003051090107,4.6699233728957275,1.1472033458473385,0.6170184870995777
-1.0928736574745934,-1.4456125917373452,-1.4456147703344793,-1.3959362801671666,-1.1554419092207582,0.9230469808361402,0.1794292520415955,-1.3959387220142914,-0.30831371629412696,-0.3116966904741912,-0.5902458828448953,0.044904453859261964,0.6170184870995777
1.282644375755944,1.59338545353889,1.5933863690281742,1.1982026134640025,1.620796827935232,-0.8108820499676326,0.1794292520415955,1.1982026534662842,-0.1967900598130576,-0.14362549979289926,-0.5271743751700001,1.1124989883044425,0.6170184870995777
0.6333477494798531,1.6551294080737573,1.6551303222887708,1.5391817193432789,-0.027902209596601533,-1.252797814627738,0.1794292520415955,1.5391819568456062,-0.48347878520459164,-0.564307514573134,-0.5724578975146342,0.7650451645444233,0.6170184870995777
-0.2690349273608434,-1.4830633512150484,-1.4830623722340561,-1.4986364501955238,-0.5785611326688641,-0.07548024312867835,0.1794292520415955,-1.498647425321777,-1.0664996273340628,-1.343664657462059,-0.8468341239499344,0.038276989749172326,0.6170184870995777
-0.5116484516951892,-1.5459832157179223,-1.5459838138409998,-1.6114451754503791,-0.4376186702158445,0.5384790634983385,-0.899878685365971,-1.6114413425957406,-0.4647873997915076,-0.8542008312505378,-0.6796546401173091,0.44997235318711704,0.6170184870995777
-0.9357857640207004,-1.482501439874632,-1.4825004609052364,-1.4010077519858066,-0.6670598881626205,1.122077745072371,0.1794292520415955,-1.4010048686688548,-0.4093119897213543,0.02855553982397124,0.14772109305039108,-1.0399658610712255,0.6170184870995777
0.09401264862148706,-1.5483713389146925,-1.5483703585858748,-1.8492410360069815,-0.20162198889916055,-0.3892067020095166,-0.899878685365971,-1.8492431961690339,2.202122863820904,1.3086163539776285,1.7100577704839217,0.7789908169954678,0.6170184870995777
0.5286224871772577,1.524379268449932,1.5243801853633647,1.4151902104108351,0.3359260074332862,-0.6759459386210355,0.1794292520415955,1.4151933906610135,-0.3382067841578242,0.6671697427492153,0.05889147948640431,-2.0112301802567094,0.6170184870995777
-0.7874249757586903,-1.4986232444561325,-1.4986222651540153,-1.4564844462938091,-0.6146161812033575,0.889312952999491,-0.899878685365971,-1.4564848035881621,-0.2275348031224673,0.24566739069385507,0.2992085402118246,-1.4218686837190935,0.6170184870995777
-0.9480037112893365,-1.5263873469222176,-1.5263847886444961,-1.4331576409801101,-0.6277271079431732,1.1861723979620045,0.1794292520415955,-1.433158012769817,-0.30737109206323493,0.34804221760552617,0.2072350036592337,-1.691821853373548,0.6170184870995777
-0.31790671643538787,-1.4966518195567498,-1.496653997100537,-1.512287011732554,-0.5654502059290483,0.032468645948599335,-0.899878685365971,-1.5122861061942439,0.4804080731125096,-0.009547290029615157,-0.20155771967481556,1.2032657338500792,0.6170184870995777
-0.6216099771129143,-1.5100571931920233,-1.5100546352513233,-1.4789286157307735,-0.6342825713130811,0.5485992718493332,-0.899878685365971,-1.4789293684638338,-0.3103357404483515,0.06616453480049209,0.19761018679061174,-1.1565503434238689,0.6170184870995777
0.20222875300083556,1.581777880512421,1.581777217838653,1.476591536633542,0.3195373490085165,-0.06198663199401864,1.2587371894491621,1.4765930411863804,-0.5414376611336208,-0.49064041101087663,-0.6427273341371234,0.5777779646357254,0.6170184870995777
0.3732800147617413,1.6003904044623969,1.600388163001895,1.4864266221171556,0.16548395981568115,-0.5511300356254332,2.338045126856729,1.4864244360881451,-0.39014999722216676,-0.27265108494620693,-0.5187354239900622,0.4890129239571114,0.6170184870995777
-0.8275696596413519,-1.5474590221878364,-1.5474580418778472,-1.4692081582830996,-0.6244493762582193,0.9567810086727895,-0.899878685365971,-1.4692023668870722,-0.4493953754438812,0.03783228920884719,0.1547535523670056,-1.1576694562181191,0.6170184870995777
-0.9253132377904408,-1.5008993010653475,-1.5008999001188663,-1.4419741744872323,-0.7752250337661007,0.9905150365094387,-0.899878685365971,-1.441974131412728,5.425709843151783,2.2991430040917478,4.763248244767981,0.7345423638886691,0.6170184870995777
-1.0457472894384254,-1.5065136792615879,-1.5065126997966278,-1.4073188441359643,-1.2668847865091923,0.7172694110325797,-0.899878685365971,-1.4073216882955144,-0.26129583821633,0.12410238533621536,0.3509453781646464,-1.15539774096994,0.6170184870995777
-0.6792088713793418,-1.5496672074834619,-1.549667805530509,-1.4375757329938945,-0.7293367901767455,0.562092882983993,1.2587371894491621,-1.437575283267008,-1.1692486648759965,-1.2191121551621715,-1.1114200638856337,-0.1959545739496576,0.6170184870995777
-0.7210989763003799,-1.5202805071017922,-1.5202795273527125,-1.5315674473775869,-0.7195035951218837,0.653174758142946,-0.899878685365971,-1.531566120472762,3.6516945657597466,1.9324032667509787,5.961055325154392,0.16841431875288332,0.6170184870995777
-0.6809542924177183,-1.4946851298652921,-1.4946841506444497,-1.4483442181987303,-0.8965011061093966,0.3934227438007466,-0.899878685365971,-1.4483441711658598,0.07829881780669921,-0.0692482535148617,-0.20933479233083688,0.10075753148901313,0.6170184870995777
0.7659997483964738,1.589354213192194,1.589353550362066,1.501413419044567,0.6997542244631739,-0.7602810082126586,0.1794292520415955,1.5014181832577114,-0.4572582151858581,-0.4119982271581821,-0.5986020992093436,0.5823409307668956,0.6170184870995777
0.053867964738825526,1.2191130407554585,1.2191108071637535,1.1312991415161973,-0.16228920867971322,-0.27113760458124414,-0.899878685365971,1.131298813706929,-0.6862808280828265,-0.9435645375995232,-0.8133265236766518,0.78642900995027,0.6170184870995777
-0.9497491323277131,-1.5418446439915963,-1.5418452422000855,-1.494585167896746,-0.929278422958936,0.8791927446484962,-0.899878685365971,-1.4945863202863612,-0.38074613959487036,0.2673144996852242,0.16600548727358955,-1.6281935930884819,0.6170184870995777
-0.673972608264212,-1.5722541492850355,-1.5722547468659336,-1.5676065018769823,-0.9358338863288439,0.33944829926210773,-0.899878685365971,-1.5676084276620759,-0.27032655906412034,-0.5591406141238366,-0.6540895821310266,0.3671733558399459,0.6170184870995777
-1.0614560787838148,-1.550355391035208,-1.5503559890680525,-1.4512131941839603,-0.8473351308350875,1.1794255923946748,0.1794292520415955,-1.4512180579953575,-0.10863689223375779,-0.2321484624668805,-0.5565452346688035,0.2508295804162404,0.6170184870995777
0.8131261164326417,1.5207805104270398,1.5207814274147438,1.3253856944256777,0.5030903233659374,-1.0537670503915073,1.2587371894491621,1.3253864741671493,-0.7233636089237706,0.33230072073906486,-0.0858668693485431,-1.916528399698871,0.6170184870995777
0.7729814325499801,1.6999955031617886,1.699996416450856,1.4950663009402567,1.0144164662187525,-0.4499279521154853,0.1794292520415955,1.495068612783992,-0.1976193505771464,-0.1833037037171245,-0.33387826791449515,0.9107489059873605,0.6170184870995777
1.1482469558009467,1.6098324090645642,1.6098333242144163,1.3909693064168076,1.1946917088912195,-0.9896723975018737,0.1794292520415955,1.390967998476465,1.6710270802502065,1.6561781567123561,1.7698474638110637,0.1802703559802497,0.6170184870995777
0.12717564835064227,1.5157390923897074,1.5157400094814562,1.4537789199382003,0.11631798454137199,-0.12608128488365225,3.4173530642642955,1.4537779823533445,-0.4808232921861513,-0.5103652371336683,-0.6313099295995604,0.7496336417812093,0.6170184870995777
-1.0492381315151786,-1.5027586593771753,-1.5027576799897115,-1.4785044919977972,-1.0079439833978308,0.9905150365094387,0.1794292520415955,-1.4785036074520563,-0.1961003648587793,-0.7933040527323969,-0.7488209458666037,1.2225578709285179,0.6170184870995777
0.2842635418045352,1.567073481503095,1.5670743975354051,1.5072135976631083,0.034374692417523396,-0.514022605005119,0.1794292520415955,1.5072150831872968,-0.3594309874837575,-0.39626081157169657,-0.5734231370286793,0.8457810593151616,0.6170184870995777
0.6350931705182296,1.5384475711946854,1.538445331012559,1.4578826036248362,0.13598437465109564,-1.0875010782281567,0.1794292520415955,1.4578841198034675,-1.0129401345020912,-1.3943010981211685,-1.1079727799069008,0.9015957633765314,0.6170184870995777
2.157100315982615,1.7233763814920966,1.7233772942986298,1.2988493041056712,1.9125149478961332,-2.2007239968375827,0.1794292520415955,1.2988541941928258,0.06029272091450302,0.2773462858656136,-0.3136633946632061,0.7577737221867694,0.6170184870995777
0.14462985873440815,1.649922257759055,1.6499231720815335,1.5093833426291068,0.18842808161035876,-0.08560045147967313,2.338045126856729,1.5093848268050087,-0.6056540249918063,-0.8123840366190204,-0.7454288184315306,1.0445624228420098,0.6170184870995777
-0.7909158178354435,-1.6414686835226873,-1.6414677012725278,-1.5906696627080203,-1.2111633478649753,0.282100451939804,1.2587371894491621,-1.590675258631884,-1.3283217915590906,-2.8764464902740046,-1.5177858992986553,1.4134224184476611,0.6170184870995777
0.8148715374710183,1.6399041361926967,1.639905050721929,1.625776650322129,0.3621478609129178,-1.202196772872764,0.1794292520415955,1.625781337255551,-0.5791660725949384,-0.05811044046104452,0.09639792917501706,-0.814703246854994,0.6170184870995777
0.42389722487466236,1.478678198364484,1.478679116221095,1.4248107777129047,-0.02462447791164759,-0.8446160778042818,-0.899878685365971,1.4248098581289483,-0.3044233643823378,0.49899652006852957,0.3102950054874295,-1.5957811841298204,0.6170184870995777
-0.9497491323277131,-1.4846685867015754,-1.4846691860900634,-1.4238825953292298,-1.1357755191110346,0.6666683692776058,-0.899878685365971,-1.4238854291960101,-0.14132416763902775,0.5013799875743666,0.37027774671738006,-1.836199962454219,0.6170184870995777
0.3994613303373901,1.2587656719182208,1.2587681727159925,1.1443519997229712,-0.12623416014521985,-0.9019639251265856,0.1794292520415955,1.1443438854764372,-0.4316436178869837,-0.2869886215010108,-0.5115099167706384,0.3175144698481962,0.6170184870995777
-0.7996429230273264,-1.56119586037785,-1.56119487978436,-1.4807037127444662,-0.5425060841343707,0.9871416337257738,1.2587371894491621,-1.4807061019168282,-0.29798186379479497,-0.2919718643513995,-0.5814208358593393,0.003861480521001791,0.6170184870995777
0.37153459372336467,1.6010012462847036,1.601002161616813,1.4828895284367352,0.057318814212201,-0.6590789247027108,0.1794292520415955,1.4828873446056863,0.7905145243717592,0.9649889051395223,0.6907096871085504,0.7096776869800077,0.6170184870995777
0.36106206749310515,1.6198347466045062,1.6198356615479301,1.4616817042445471,0.2802045687890692,-0.4094471187115062,2.338045126856729,1.461685264990346,-0.6316318886593921,-0.5199399199567739,-0.6957603508659487,0.4158945313607028,0.6170184870995777
-0.6181191350361612,-1.5967130766195694,-1.5967120952930758,-1.5739012185934342,-0.7293367901767455,0.4440237855557205,-0.899878685365971,-1.573902731081382,-0.15504756379034623,0.399694896978597,0.37733778430582465,-1.6852690432964914,0.6170184870995777
-1.009093447632517,-1.494880851792853,-1.494879872567971,-1.4244868488329683,-0.7686695703961928,1.1591851756926852,1.2587371894491621,-1.4244933667945576,0.53684038425774,1.4568239550169533,1.3750645025665844,-3.0322615291266546,0.6170184870995777
-0.4470678732752555,1.757476192161642,1.7574771042644237,1.822018210307273,-0.42778547516098264,0.4237833688537309,3.4173530642642955,1.822012131270247,-0.8037135117405328,-0.05919197965461783,-0.08054426288537982,-1.0950130937649671,0.6170184870995777
-1.0824011312443338,-1.5128020353857994,-1.5128010557910605,-1.4035230186029946,-1.2013301528101135,0.8555789251628416,-0.899878685365971,-1.4035246369645185,0.5007129181758527,0.7793355603227066,0.2942720295542795,-1.2513204987035504,0.6170184870995777
-1.3529413921927052,-1.5081299635666061,-1.5081289840682894,-1.3895252978714046,-1.4209381757020276,1.1524383701253553,0.1794292520415955,-1.3895236498464523,-1.3875675222954764,-2.8488284686781156,-1.5765551965680917,1.3216454015017287,0.6170184870995777
-1.064946920860568,-1.4862185780956456,-1.4862160206469268,-1.438240575602344,-0.7195035951218837,1.3177351065249368,0.1794292520415955,-1.4382446287037927,-1.1993040657457992,-1.8110610028447092,-0.9814160904796626,0.39419253418791217,0.6170184870995777
0.2441188579218737,1.644178450546202,1.644176208182003,1.5421325724970372,0.1097625211714641,-0.35884607695653226,2.338045126856729,1.5421295330809885,-0.4031588461348846,-0.26593329810612515,-0.49631428899238417,0.4731053356099123,0.6170184870995777
0.7345821697056951,1.592987696073202,1.592990189973304,1.501680338613969,0.6276441273941872,-0.7737746193473184,1.2587371894491621,1.5016863308180135,-0.777511096227368,0.05483898286779047,-0.26540141896094693,-1.4298392227225323,0.6170184870995777
-1.0108388686708936,-1.4812908050485099,-1.4812882477014904,-1.4158307945761615,-0.876834715999673,1.0512362866154075,0.1794292520415955,-1.4158307677472397,-0.16043310668019387,-0.3122558258308687,-0.5586136050560433,0.24858926172400989,0.6170184870995777
0.47625985602596,1.7218169196821766,1.7218146757156758,1.5757464252646258,0.5424231035853847,-0.3622194797401972,3.4173530642642955,1.5757503245158184,-0.773000318494199,-0.5250211135265805,-0.7599074111422084,-0.0959286352042105,0.6170184870995777
-1.2970879189646543,-1.6043683294314235,-1.6043673479469407,-1.5115501172158,-1.001388520027923,1.4762850373571883,0.1794292520415955,-1.511538977495692,-1.107817519435267,-1.3454359329715337,-1.0759819845842606,-0.02736065011659286,0.6170184870995777
-0.9445128692125833,-1.5040734687776443,-1.5040724893630453,-1.439863381082574,-1.04072130024737,0.7543768416528939,-0.899878685365971,-1.4398637487053119,0.23625359169528884,0.8732254061647968,0.7452319305161883,-2.2427030332395383,0.6170184870995777
0.5390950134075172,1.620387187529073,1.6203865240584867,1.546734069368325,0.3195373490085165,-0.7130533692413497,0.1794292520415955,1.5467330740208323,-0.03892923108435306,0.8297312054632469,0.25742745838958325,-1.7907489126608005,0.6170184870995777
-1.030038500093036,-1.6162126628541356,-1.6162116811252094,-1.568217305554203,-0.9718889348633373,0.9905150365094387,0.1794292520415955,-1.5682184121885647,-0.1614883593485466,-0.20757915701287555,-0.5538977205731369,0.1444468856431034,0.6170184870995777
-1.0335293421697893,-1.4988000255519938,-1.4987990462462282,-1.676964923250057,-0.8833901793695809,1.0883437172357218,-0.899878685365971,-1.6769614590668191,-1.2864941632432751,-3.1839137985269805,-1.5361530283373435,1.7180199433380883,0.6170184870995777
-0.46452208365902137,-1.5097715023138902,-1.5097721011843044,-1.4672201806312335,0.034374692417523396,0.933167189187135,-0.899878685365971,-1.4672229875678953,-0.24754036322992878,-0.30970910712600175,-0.6290209330376817,-0.1468022190605424,0.6170184870995777
-0.2253994014014287,1.230643272052488,1.2306426166254314,1.220281610729331,-0.21145518395402238,0.21800579905017034,2.338045126856729,1.2202849120963568,-1.185403707229519,-1.6394472611444677,-0.9548857929793352,0.5923034068199508,0.6170184870995777
-0.9864029741336214,-1.5571267383677552,-1.5571241794556347,-1.4859422139869036,-1.0210549101376465,0.8555789251628416,-0.899878685365971,-1.485940096662573,-0.03001096241668785,0.429582110241002,0.47968075106644376,-1.542026094138667,0.6170184870995777
-1.0963644995513464,-1.5187857598001786,-1.5187847800819476,-1.3912692815610563,-1.0898872755216793,0.9972618420767686,0.1794292520415955,-1.391269679380328,-0.3508160576906931,0.15363452724073026,0.07452835961393615,-1.340813939480168,0.6170184870995777
0.5129136978318684,1.6251744827411045,1.6251753975743273,1.5140945549062226,0.404758372817319,-0.5747438551110876,3.4173530642642955,1.5140968549257379,-0.8752699360832483,-0.32319773744584995,-0.10321360232952667,-0.7541734777914149,0.6170184870995777
-0.8799322907926495,-1.5520032433930586,-1.5520038413918948,-1.4119416290710693,-0.9817221299181992,0.6902821887632602,0.1794292520415955,-1.4119395577309466,-0.5002896811039533,0.5322099765111695,0.03448470891697613,-2.2607211678477146,0.6170184870995777
0.2266646475381078,1.504352495733065,1.5043534130598102,1.6285539238786073,0.2375940568846679,-0.1935493405569508,1.2587371894491621,1.6285569715438692,-1.0938283272218348,-0.33280098922878576,-0.3224057068332723,-1.189907439865956,0.6170184870995777
-0.9165861325985578,-1.5350717182564075,-1.5350707382020672,-1.4846141663133754,-0.7326145218616994,1.017502258778758,0.1794292520415955,-1.4846157342845923,0.8157147406745926,0.9097202117079384,0.40786693122148204,-0.6894707575916693,0.6170184870995777
-0.3528151372029197,-1.665241005708117,-1.6652416013699538,-1.7070760707480068,0.06715200926706283,0.7510034388692289,-0.899878685365971,-1.7070820037221324,-0.3051539510384798,0.04822322802710243,-0.428444162019093,-1.168880817496678,0.6170184870995777
1.389115059096916,1.5204364186511667,1.520437335645972,1.3483227644171822,1.1783030504664498,-1.4720689955659583,-0.899878685365971,1.3483243486766592,0.10761217529354458,0.25820508277935394,-0.15202714346838303,0.7674431637176392,0.6170184870995777
-0.8677143435240133,-1.5090564859172366,-1.5090555063997984,-1.3913675341632903,-1.0702208854119557,0.5755864941186527,0.1794292520415955,-1.3913679319215075,0.3772492372652609,1.1526298333045275,1.054825610078223,-2.5150835055194274,0.6170184870995777
-0.2882345587829859,-1.4984638257893288,-1.4984628464905019,-1.8613146432781575,-0.3294535246123644,0.21800579905017034,0.1794292520415955,-1.8613118833105715,3.201823097647819,1.8492022931653733,2.629379461932383,0.44257741770939935,0.6170184870995777
0.39422506722226036,1.4183784822466985,1.418376244542556,1.3245161588959076,0.7128651512029898,-0.02825260415736936,0.1794292520415955,1.324514482864182,-0.5952906224293986,-0.7660655901742526,-0.7428364608795237,0.9816988431195982,0.6170184870995777
7.532997114182509,-1.5285245040989701,-1.5285235241797512,-6.899711360919419,7.933708053156527,-6.393863656933088,-0.899878685365971,-6.899704241918707,2.678986732824242,1.4400866258364093,1.5834735027848539,0.9525049299962715,0.6170184870995777
1.033049167268092,1.4356430503407314,1.4356455474881102,1.2931408279158814,0.43425795798190453,-1.5496572595902518,0.1794292520415955,1.293147359092655,-0.6134104053030691,-0.021370758119358065,0.025549348844100792,-0.8402042272975433,0.6170184870995777
0.357571225416352,1.5782911890770839,1.5782921048778833,1.579329370159422,0.6604214442437266,-0.011385590239044724,-0.899878685365971,1.5793344953409256,-0.4641877723357308,0.1250859738103707,0.21035134837600822,-0.9973286403920288,0.6170184870995777
-0.3667785055099324,-1.629509126707137,-1.629508144703799,-1.6128583753791768,-0.7424477169165613,-0.05523982642668878,-0.899878685365971,-1.6128578167310772,0.377708916396556,0.869266564588321,0.7840621372526345,-1.9292481910654407,0.6170184870995777
0.48324154017946636,1.2906367780577996,1.2906361213925976,1.0953992782032997,0.5620894936951083,-0.3554726741728673,-0.899878685365971,1.0953956976176193,1.8124083768705137,1.5287810022693722,2.15528139090522,0.799224850752359,0.6170184870995777
0.6228752232495934,1.5545093964758046,1.5545087343648032,1.5028266189733646,0.7882529799569304,-0.39258010479318156,1.2587371894491621,1.502834657393048,-0.6349467603703842,-0.5236498034547291,-0.7070122857725326,0.42842385028785196,0.6170184870995777
0.32964448880232655,1.3397487762517868,1.3397496969756213,1.3156275734804805,0.16876169150063508,-0.463421563250145,-0.899878685365971,1.3156267217433277,0.018016693936872046,0.9374933219429058,0.7321874079406634,-2.0723425298584424,0.6170184870995777
-0.6512821347653164,-1.465983456230085,-1.4659872128094145,-1.385672158320465,-0.36223084146190376,0.885939550215826,-0.899878685365971,-1.385673378388984,0.10011665583899833,-0.23035678055752698,-0.4481626263774446,0.5679975886071712,0.6170184870995777
-0.6320825033431738,-1.4888166288437512,-1.4888156497440228,-1.4545505075731717,-0.2278438423787921,0.9871416337257738,-0.899878685365971,-1.4545504566836924,4.134899821183995,2.0519562010805745,3.9344660197369588,0.3270569297527858,0.6170184870995777
2.013975790835735,-1.5187320941103635,-1.51873111439324,-2.0736516170525854,2.4730070660232575,-1.347253092570356,0.1794292520415955,-2.07365404715075,0.46457135150711576,0.2853415133381046,-0.19016789340908222,0.34913987180441725,0.6170184870995777
1.2075912711057508,1.6885126239440076,1.6885119590674493,1.5132070063993763,1.4437993169477192,-0.8479894805879468,0.1794292520415955,1.5132064412712996,-0.24837934814747664,0.3567026937140641,-0.5850335894690514,-0.7005579280489211,0.6170184870995777
-0.9183315536369344,-1.5965962748240896,-1.5965984503052246,-1.531017232805077,-1.0505544953022319,0.6936555915469251,-0.899878685365971,-1.5310195907124515,-0.9212454282781928,-1.0022819126106144,-0.566859508333172,-0.15683725604290044,0.6170184870995777
-1.272652024427382,-1.518501647324687,-1.5185022460149287,-1.3991704283240327,-1.1193868606862647,1.307614898173942,0.1794292520415955,-1.3991687743055645,-1.4289590899629696,-2.988187854730018,-1.540041564665354,1.3188957609018905,0.6170184870995777
0.1673203322333038,1.6700626754661185,1.6700635893729392,1.6044754861578188,-0.18523333047439083,-0.514022605005119,1.2587371894491621,1.604481005099031,-0.6282045647682749,0.04679069875561477,0.10875299495479537,-1.0573323427181611,0.6170184870995777
-0.5325935041557083,-1.5206877349833299,-1.520686755225846,-1.4769259001885726,-0.640838034682989,0.3698089243150921,-0.899878685365971,-1.4769213321534795,-0.5361955917149673,-0.05368225168735758,-0.011157330961446017,-1.266049669650819,0.6170184870995777
5.925464337837671,1.4408975527346823,1.4409000497736189,0.14853076275832858,4.633032246407907,-6.683976296328272,-0.899878685365971,0.14852981748781205,0.36362031504583436,0.42157055764860807,-0.2535151838022763,1.09288660635533,0.6170184870995777
0.8986517473130945,1.5929845392679187,1.592985454765477,1.5347734525897179,1.5945749744556006,-0.09572065983066791,2.338045126856729,1.534779014844004,-0.6618092596054433,0.08166523614838424,0.06815777882123816,-1.3783663134982072,0.6170184870995777
0.2772818576510289,1.6060521347378856,1.606049893160537,1.4959587620772148,0.6374773224490491,0.12017711832388746,0.1794292520415955,1.4959610733663717,-1.3359220078709948,-2.05692547114374,-1.1140951562531303,0.8214061686792955,0.6170184870995777
0.5513129606761533,1.5524937763024564,1.5524931142330536,1.476925595481137,0.1622062281307272,-0.8985905223429207,2.338045126856729,1.4769225965849195,-0.37372739623317436,-0.23015679783871532,-0.4417368890410867,0.4513803142960928,0.6170184870995777
-0.24983529593870094,-1.6377278692620494,-1.637728465491702,-1.6215701061105827,-0.4113968167362129,0.059455868217918754,0.1794292520415955,-1.6215674951210437,-0.06329998036576209,-0.276071197565884,-0.491929343771436,0.32142368991439607,0.6170184870995777
-0.7455348708376521,-1.5372672763309,-1.5372662962312478,-1.6136362084801952,-0.7719473020811467,0.6464279525756161,-0.899878685365971,-1.6136336024208062,-0.040333649534567625,0.23321540548784692,0.16404742997366956,-1.21557865941187,0.6170184870995777
0.4291334879897921,1.2874136798636127,1.2874146016675383,1.2083930458590288,0.5489785669552926,-0.26439079901391427,-0.899878685365971,1.208396354613648,-0.2090346569185302,0.39325463717686615,0.40877701419186785,-1.3157134395512717,0.6170184870995777
0.6333477494798531,1.6181758454281643,1.6181751820032155,1.564589842280966,0.07698520432192467,-1.1448489255504604,2.338045126856729,1.5645925203081315,-0.8044090231868866,-0.9139834203352992,-0.882575564241436,0.7354500732062,0.6170184870995777
0.752036380089461,1.7023773127479922,1.7023766475852948,1.5626771916241462,0.7784197849020686,-0.6523321191353809,0.1794292520415955,1.5626704549713093,-0.3801373467576413,-0.25184471962984195,-0.4751617544988797,0.5110665625565243,0.6170184870995777
-1.2377436036598501,-1.4871687764859005,-1.4871709542253986,-1.4148777443344926,-1.060387690357094,1.300868092606612,-0.899878685365971,-1.4148789462545641,0.10967438612029036,-0.08627943485365948,-0.34397191540422456,0.3106009482283543,0.6170184870995777
0.17081117431005696,1.2589171985718162,1.2589181209638518,1.0750953779516639,0.14909530139091143,-0.17668232663862618,-0.899878685365971,1.0750922193684822,-0.03459435817213206,0.8281599126725838,0.7648676600590504,-2.0127023298800686,0.6170184870995777
0.9876682202703005,1.7494310738973078,1.7494319861661247,1.620667515005966,1.0078610028488446,-0.8716033000736012,1.2587371894491621,1.620668111258339,-0.6023685882558627,-0.21581926128391143,-0.034350657570360474,-0.3267086708524442,0.6170184870995777
-0.6495367137269398,-1.520832948026359,-1.5208319682658782,-1.449708291826411,-1.0177771784526926,0.20788559069917556,-0.899878685365971,-1.4497033313188414,-0.2302623853911759,0.19098640157877897,0.3888379236588773,-1.3211038793569936,0.6170184870995777
-0.23761734867006482,-1.4641035786839163,-1.4641041784968247,-1.4323585198152744,-0.93255615464389,-0.5005289938704592,0.1794292520415955,-1.4323597108727342,-0.06033956215670037,-0.26022358742005325,-0.6010289871303716,0.4088770522556095,0.6170184870995777
0.19350164780895263,1.6870399742793767,1.687039309433211,1.5136802564334695,0.14253983802100353,-0.22728336839360008,-0.899878685365971,1.5136772346977843,-1.0715164398777948,-1.3050557488914798,-0.6458988353975575,0.5765067529704361,0.6170184870995777
-0.5325935041557083,-1.5533811888991924,-1.5533802084669814,-1.4995944130673045,-0.6768930832174824,0.33270149369477786,1.2587371894491621,-1.4995931060306287,-0.05619434213760573,0.18118724835700722,-0.1575427978343554,-0.6402967739640119,0.6170184870995777
0.47102359291083024,1.7402637113547825,1.7402646238127952,1.6735798163956637,0.20481674003512848,-0.6995597581066899,2.338045126856729,1.6735811985393343,-0.2104841972466633,0.8954847071525283,0.609657146200585,-2.199144846919188,0.6170184870995777
1.7731076875397656,1.7131578027902528,1.7131571374050678,0.8397771205147262,1.6994623883741269,-1.677846565369519,1.2587371894491621,0.8397732893879105,1.3605942004053901,1.3572774551284759,1.470705949272547,0.816332485238031,0.6170184870995777
-1.038765605284919,-1.5280367776827097,-1.5280357977735566,-1.409578653987344,-1.060387690357094,0.9163001752688104,0.1794292520415955,-1.409573309030876,-0.4124714024623302,0.6381722485215233,0.08525630735575247,-2.3278804941251128,0.6170184870995777
0.42389722487466236,1.496796682287633,1.4967960213677058,1.327432623638884,0.1458175697059575,-0.6691991330537056,-0.899878685365971,1.327433402108387,1.5115628385393733,1.3950701077039054,1.6789219015880075,1.0642948094049696,0.6170184870995777
-0.694917660724731,-1.5419251425263187,-1.5419241623305378,-1.4666486779949064,-0.9391116180137978,0.376555729882422,-0.899878685365971,-1.4666498477443488,-0.12127172308029151,-0.40744759998522273,-0.5784148042298843,0.3369335885529151,0.6170184870995777
-1.0457472894384254,-1.4734950744015518,-1.4734940956180294,-1.3502062440007674,-0.9391116180137978,1.0546096893990724,-0.899878685365971,-1.350206257951158,-0.2846576905086542,0.10504280784947066,0.2938307772050016,-1.119078902750052,0.6170184870995777
-0.9445128692125833,-1.6743657513793186,-1.67436476845023,-1.5363130480654843,-0.644115766367943,1.1625585784763501,0.1794292520415955,-1.536310899440551,-0.25581335379189174,-0.3098805208849832,-0.6117017783285282,0.07227527363385053,0.6170184870995777
-1.1295274992805018,-1.4385381910976072,-1.4385387914381336,-1.3367964013392102,-0.7817804971360086,1.3784563566309054,0.1794292520415955,-1.3368070676478159,-1.328897624274559,-2.708832402949996,-1.4664075788796216,1.297264231554673,0.6170184870995777
-0.3615422423948026,-1.5133544763103661,-1.5133534967042261,-1.4847320694360562,-0.9653334714934294,-0.29475142406689864,-0.899878685365971,-1.484734456105184,2.8887160415069864,1.6691280580754055,2.2679386313302072,0.28685538411394323,0.6170184870995777
0.5809851183285554,1.5121355991588903,1.5121365163250078,1.290951432429436,0.35231466585805593,-0.7602810082126586,2.338045126856729,1.290951005411707,-0.8266964107612755,-0.1929314431799148,-0.03399214003657188,-1.0268734972407345,0.6170184870995777
-1.0021117634790107,-1.585249138233488,-1.5852465787409777,-1.5082488297807406,-0.6015052544635416,1.3177351065249368,0.1794292520415955,-1.5082536581500054,0.019449666075456933,0.013311959114551231,-0.3314789582652971,-0.039466464389060006,0.6170184870995777
0.6281114863647232,1.9954488016333143,1.9954497088248206,1.8579901255284752,0.7358092729976673,-0.4566747576828152,2.338045126856729,1.857984842909559,-0.4322531157535552,-0.22898547048567555,-0.46870843889069197,0.45577932063508797,0.6170184870995777
-1.0422564473616722,-1.551698611683226,-1.5516960528831312,-1.439584998709578,-1.0046662517128768,0.980394828158444,0.1794292520415955,-1.4395833195773622,-1.039521679544173,-1.4691885043961748,-1.0504720831416379,0.31949105747046,0.6170184870995777
-1.106837025781606,-1.5252603674361014,-1.5252609659868566,-1.5294943174704516,-1.1751082993304818,0.9297937864034701,-0.899878685365971,-1.5294946293962295,-0.35798303347164495,-0.8544824395688644,-0.7699183238164485,0.7444211157925283,0.6170184870995777
-1.400067760228873,-1.6241741257784637,-1.6241747222878382,-1.5635355690577577,-1.4143827123321198,1.2502670508516383,0.1794292520415955,-1.563535041059013,0.021702234824671554,-0.0777944537840787,-0.37808623765776445,0.06486917493624009,0.6170184870995777
-0.6582638189188227,-1.647275626841205,-1.647274644471202,-1.569524065163914,-0.49661784054501545,0.7611236472202237,0.1794292520415955,-1.5695223052871332,-0.15851859950069708,0.391116046469574,0.37231853883278976,-1.5725093591596089,0.6170184870995777
-0.12241956013720995,-1.5919289382128212,-1.5919279569850624,-1.5648079402566866,-0.09673457498063436,0.1370441322422121,-0.899878685365971,-1.564810277166404,1.9311705696107964,1.6252706234560141,2.4878753491733594,-1.5571836536493204,0.6170184870995777
-1.1975989197771886,-1.4899925388117576,-1.4899915596877609,-1.45970385656034,-1.2504961280844225,1.027622467129753,-0.899878685365971,-1.4597005273838466,0.1821496399535893,-0.030141428787241225,-0.16570596629599438,0.5633746201690772,0.6170184870995777
-0.14860087571285877,-1.4933229683855744,-1.4933235675954535,-1.6836051616176981,0.021263765677707623,0.3090876742091234,-0.899878685365971,-1.6835996463802532,-0.9213154024404336,-2.1142429671231495,-1.3132102788647364,1.3271809631660567,0.6170184870995777
-1.3424688659624455,-1.5630836299372268,-1.5630826493047771,-1.4427028812871339,-1.2767179815640541,1.2806276759046225,2.338045126856729,-1.4427007908318672,-1.192728962097857,-1.5358725379199265,-1.1929965919583665,0.13335204047217536,0.6170184870995777
1.0854117984193896,-1.5213569777033766,-1.521355997932081,-1.4705869698011154,0.8013639066967462,-1.2730382313297277,0.1794292520415955,-1.4705922309591726,1.694851784305867,1.4364542866579935,1.453690155553522,-0.4973001133450717,0.6170184870995777
-1.1504725517410208,-1.4915583142322442,-1.4915573350759328,-1.4045563084698212,-1.1456087141658964,1.0444894810480776,-0.899878685365971,-1.4045562886469023,-0.2954432293898702,-0.6470391409615284,-0.7525440125636351,0.5178572887575458,0.6170184870995777
-0.27078034839922,-1.6344274293384233,-1.6344248688309722,-1.704821173526739,-0.6867262782723442,-0.18342913220595602,0.1794292520415955,-1.7048242422029471,-0.5666740101902562,-0.8311660870674142,-0.8550248706834037,0.23819002469265016,0.6170184870995777
-0.6635000820339525,-1.5174093926966865,-1.517406834604252,-1.5241854018630796,-0.47367371875033787,0.794857675056873,-0.899878685365971,-1.5241869452446,4.563268599379712,2.0884632504636436,3.6386614760898546,0.7554224689968545,0.6170184870995777
0.3366261729558329,1.6372997718340248,1.6373006864170059,1.4437424166200072,0.11304025285641804,-0.5342630217071085,0.1794292520415955,1.443741894657456,0.07840774484011194,1.0207881649679533,0.787150903697579,-1.9484056718039227,0.6170184870995777
-0.6600092399571993,-1.5674305508122466,-1.5674311484926942,-1.507901670586181,0.0015973755679839594,1.2772542731209575,-0.899878685365971,-1.5079015865441125,-1.341731802167678,-2.1005053787247805,-1.1838957622545119,0.47577404286552794,0.6170184870995777
-0.04387561341026345,-1.4958941862887725,-1.4958947854455866,-1.5630279306128825,0.12287344791127988,0.2112589934828405,0.1794292520415955,-1.5630314967854684,0.3325796356699199,0.020119534114099443,-0.24231840543935204,0.6870672827884428,0.6170184870995777
0.24062801584512053,1.705472560328208,1.7054734735042398,1.6991762568209658,0.017986033992753676,-0.44655454933182037,2.338045126856729,1.699178032444512,-0.5454861158754605,0.16742109099880811,0.07257030231401616,-1.1734214571880626,0.6170184870995777
-0.9759304479033619,-1.4905260389046249,-1.4905234813670087,-1.418362436627055,-1.1390532507959885,0.7138960082489147,0.1794292520415955,-1.4183648645384919,0.4940017438648123,1.2745090972202997,1.2624624186852562,-2.604523223300311,0.6170184870995777
0.9545052205411454,1.487760327164362,1.4877596664309272,1.341056984481985,0.9193622473550882,-0.8985905223429207,0.1794292520415955,1.3410618483411478,-0.28846326264201044,-0.31686359092348854,-0.5043395660948742,0.9419508032888996,0.6170184870995777
0.3069540153034309,1.6773249060202093,1.677324241374543,1.4863054439077337,0.23103859351476003,-0.3554726741728673,3.4173530642642955,1.4863077611954945,-1.1812124840458276,-1.2432080321389898,-0.5889497040688918,0.1172414210631765,0.6170184870995777
-0.45055871535200864,-1.5204699154187864,-1.5204689356657979,-1.481280128010905,0.017986033992753676,0.889312952999491,-0.899878685365971,-1.4812751478844923,-0.006733713645460946,0.08279166942169078,-0.34639880332525247,-0.49027914573376186,0.6170184870995777
0.84977995823855,1.5721401539826931,1.5721410699104374,1.445448736812136,0.8505298819710554,-0.7670278137799885,0.1794292520415955,1.445446985632507,1.872087700652523,1.6196996762891176,2.229384207312059,0.9786889599560098,0.6170184870995777
0.5251316451005045,1.6694849800992857,1.669485894018029,1.5692339152798886,0.021263765677707623,-0.9930458002855387,2.338045126856729,1.5692308590229762,2.5357906906763987,1.9853497118763619,3.945524906740733,1.2344801897739974,0.6170184870995777
-1.064946920860568,-1.5766279030049628,-1.5766269220929865,-1.4919749237640654,-1.1816637627003896,0.842085314028182,0.1794292520415955,-1.4919703463774594,-0.032918855939735016,-0.04928263187350088,-0.41049070705785257,-0.01095071687421909,0.6170184870995777
-0.5448114514243444,-1.504592763246737,-1.504591783821421,-1.4841196282154647,-0.6867262782723442,0.3461951048294376,-0.899878685365971,-1.4841203777228127,0.8346980082354621,0.454604437772315,0.25144297340250293,0.8635591846956432,0.6170184870995777
-0.8886593959845325,-1.525991167859171,-1.525990187992235,-1.4913002558953925,-0.9030565694793045,0.7881108694895431,-0.899878685365971,-1.4912989540127335,3.182347367091229,1.6032235490270217,3.3934354829787194,1.2802145062721948,0.6170184870995777
0.08703096446798071,1.352885821437985,1.3528867418906974,1.2945425650410851,-0.25406569585842365,-0.42968753541349575,2.338045126856729,1.2945392700926968,-0.6399195085802115,-0.7017364551965074,-0.6810059754369723,0.6435767734886925,0.6170184870995777
-0.831060501718105,-1.5095789371916126,-1.509577957663392,-1.3848353736581063,-1.2046078844950674,0.36643552153142717,0.1794292520415955,-1.3848341379330766,-0.2307927437140544,0.2725507818941093,0.2911556848375049,-1.4095340234388245,0.6170184870995777
0.3680437516466115,1.5301025564284438,1.5301018948211504,1.4492986012763345,-0.05412406307623308,-0.7670278137799885,1.2587371894491621,1.4492993040179165,-0.6031902999545198,-0.11401989484882087,0.08274668461923529,-0.7479067252241104,0.6170184870995777
-0.4383407680833725,-1.5454386668065636,-1.5454392649408795,-1.432844870196332,0.1392621063360496,0.9905150365094387,-0.899878685365971,-1.4328427858668664,-0.18862141359378126,0.2331541862882107,0.09780442103833988,-1.2147002535465576,0.6170184870995777
0.02768664916317669,-1.5882828281106804,-1.5882818469581699,-1.5659656834196762,0.9160845156701343,0.889312952999491,-0.899878685365971,-1.5659688383811445,4.224634545835808,1.9742445490623506,3.2303375833769135,0.8178011463551738,0.6170184870995777
0.6909466437462805,1.7182023776328683,1.7182032905461824,1.5902042956833444,0.11959571622632593,-1.2123169812237589,0.1794292520415955,1.590203682708898,-0.4899994253358275,0.16781697515645572,0.11429622759259783,-1.226810951727728,0.6170184870995777
0.28077269972778207,1.3464222626205538,1.3464231832066609,1.2594729362170642,0.5915890788596938,0.0662026737852486,-0.899878685365971,1.2594774413872356,-0.31969465245506495,0.050933197930999326,-0.2791905548758781,-0.3952320030604907,0.6170184870995777
0.09924891173661683,1.2807338798842796,1.2807363802286715,1.2251664026037266,0.07042974095201678,-0.1193344793163224,-0.899878685365971,1.2251647883082677,-0.6721448135088233,0.0423257784621461,-0.05575139651033346,-1.3439361525439273,0.6170184870995777
-0.3528151372029197,-1.546642988022119,-1.546642007728971,-1.5184982137371072,-0.39173042662648927,0.27872704915613905,-0.899878685365971,-1.5185005794238415,-0.019578643236052868,0.482059208169174,-0.02657358491433918,-1.7975996411687456,0.6170184870995777
-0.8816777118310261,-1.4764814121994956,-1.4764835901595594,-1.3882119880882113,-1.0341658368774622,0.6396811470082863,0.1794292520415955,-1.388211569036119,-0.146017724229234,-0.2017714956073857,-0.5630537068206511,0.1632910985233446,0.6170184870995777
-0.7071356079933672,-1.4837846812222686,-1.4837837022263896,-1.4094492880610694,-1.0046662517128768,0.33270149369477786,0.1794292520415955,-1.4094484464264603,0.008091643368149404,-0.293812521620462,-0.47019766556950454,0.5657063377241799,0.6170184870995777
-1.0789102891675806,-1.606535476258367,-1.6065344947291587,-1.5769454117193147,-0.5130064989697852,1.5572467041651465,0.1794292520415955,-1.57694241907412,-0.1628846699613227,-0.559797700199932,-0.6241120006519661,0.7662703279276549,0.6170184870995777
-0.7298260814922628,-1.6245308447754696,-1.6245314412774823,-1.6266579533629282,-0.5687279376140022,0.8252183001098573,0.1794292520415955,-1.626660251838843,-1.1684181403105585,-1.6807579770589922,-0.857975745769199,0.3232188752134023,0.6170184870995777
2.846541626141368,1.4344766107885747,1.4344791079600263,0.9165484288135566,3.2170521585078027,-2.190603788486588,-0.899878685365971,0.9165494626078553,0.2701344817773727,0.4486580128476497,-0.3999558072188451,0.5240598528104667,0.6170184870995777
-0.9130952905218047,-1.6004412636590746,-1.6004418606582476,-1.496414303841667,-0.8473351308350875,0.8926863557831559,0.1794292520415955,-1.4964142269378866,-0.18241151514524218,-0.5191236639616242,-0.6597431278561484,0.6330456709223494,0.6170184870995777
0.22142838442297805,1.2873742197975722,1.287371984797094,1.1606488313468344,0.2146499350899903,-0.20704295169161052,1.2587371894491621,1.160651760384278,-0.5991379675512966,-0.6690413213107875,-0.7431122435978222,0.6160922284114463,0.6170184870995777
0.535604171330764,1.5712720325298024,1.571272948475463,1.3131008440596987,0.9423063691497658,-0.06536003477768357,1.2587371894491621,1.3130967188079579,-1.4586041637554505,-2.9682916148482446,-1.445944501181864,1.7101149882515196,0.6170184870995777
-0.6390641874966803,-1.518560048222427,-1.5185622253140725,-1.4583610709964767,-0.5457838158193247,0.6734151748449356,-0.899878685365971,-1.458359789582336,-0.036858912420168796,-0.3136312171826959,-0.5232031040264999,0.34159283745566055,0.6170184870995777
-1.1469817096642676,-1.6547146384911573,-1.654713655967628,-1.566199852121667,-1.0505544953022319,1.1355713562070306,0.1794292520415955,-1.5661980943105631,-0.27732344651619956,-0.5596793430806354,-0.7119212181582478,0.5233628492684118,0.6170184870995777
0.6263660653263466,1.604702600479301,1.6047035157350222,1.4632471957068074,0.3621478609129178,-0.837869272236952,-0.899878685365971,1.4632491179374516,1.764004234848071,1.4813524476712008,2.4764855229076264,1.6336266986499808,0.6170184870995777
0.33313533087907976,1.2638165603714029,1.2638174826623254,1.2025011648117359,0.3097041539536547,-0.325112049119883,3.4173530642642955,1.2025012021428834,-0.07401642637141537,0.4098980969179678,0.3094676573325335,-0.8070424872035796,0.6170184870995777
0.9248330628887433,1.6159566113140473,1.6159575263375083,1.392544623139291,0.9849168810541671,-0.7737746193473184,0.1794292520415955,1.3925482268471003,-0.7505183428212864,-0.15478780052657093,-0.028531642214259176,-1.1242502643653784,0.6170184870995777
-0.9829121320568682,-1.5668086601714486,-1.5668092578647308,-1.5141014097871401,-1.099720470576541,0.7678704527875535,0.1794292520415955,-1.514103778206063,-0.16933745101834516,-0.2415476502510289,-0.5691760831668806,0.15250254419822445,0.6170184870995777
0.28775438388128843,1.3994376505472659,1.399438570039242,1.339416166024679,-0.38845269494153534,-0.9559383696652245,0.1794292520415955,1.339409977492569,-0.4364832918084183,0.20714010772279084,0.1424260648590574,-1.1510426898092727,0.6170184870995777
2.153609473905862,-1.6026020968754515,-1.6026026938300293,-2.0087885241445043,2.0829569955137384,-2.0185602465196766,-0.899878685365971,-2.008786900692926,1.0600320838699255,0.6656392627583095,0.4553842935843349,0.32056202887892277,0.6170184870995777
0.6263660653263466,1.3589374171659538,1.3589383374937734,1.256936381536059,0.18187261824045087,-1.023406425338523,2.338045126856729,1.2569351568842184,-1.4750329337511896,-1.9837726088584269,-1.2498354101997127,0.41471890476574536,0.6170184870995777
-0.9218223957136876,-1.4845786177510032,-1.4845792171413479,-1.3594059626566017,-0.7031149366971139,1.0579830921827373,0.1794292520415955,-1.3594051521190804,-0.1801520723599384,-0.2449351126309,-0.5787181652200128,0.1297260871107546,0.6170184870995777
-0.9549853954428428,-1.4622789452302043,-1.4622779666781602,-1.3748136082302482,-0.5916720594086798,1.2367734397169785,0.1794292520415955,-1.374814425660718,-0.35987973866024425,-0.6795669423682426,-0.7548054308536838,0.5848303288029837,0.6170184870995777
0.5408404344458938,1.6641562927811786,1.6641556284072863,1.5774642082603485,0.4572020797765821,-0.5747438551110876,0.1794292520415955,1.5774656501305755,-0.7087224408258823,-0.8542702130101255,-0.8592995028170323,0.8460929317709159,0.6170184870995777
-1.0824011312443338,-1.4598182155119197,-1.4598172370106601,-1.3884199560962731,-0.873556984314719,1.1929192035293343,0.1794292520415955,-1.3884162618302427,-0.3345679514639638,-0.5657359625646459,-0.719946495260738,0.5002242852356702,0.6170184870995777
-0.9322949219439471,-1.4902245640000757,-1.4902251632738994,-1.4168739097032113,-0.8309464724103177,0.9466608003217947,0.1794292520415955,-1.4168706071413883,-0.3889884613804356,-0.64535765361152,-0.745952805596298,0.4776180672515651,0.6170184870995777
-0.5517931355778508,-1.519696498124393,-1.5196970967899752,-1.4650193223411943,-0.6146161812033575,0.4339035772047257,-0.899878685365971,-1.4650184461751823,0.3574950201183925,0.8779107155769559,0.6601253836492329,-2.0347671316993745,0.6170184870995777
0.6577836440171253,-1.5129646108578862,-1.5129652096624011,-1.9935741086885843,0.7259760779428055,-0.5241428133561137,-0.899878685365971,-1.9935761791615885,4.461399614714525,2.077105048291136,3.773601960153371,0.6571742730193312,0.6170184870995777
-0.6041557667291485,-1.5241854752371584,-1.5241844954074883,-1.4564222196457277,-0.10656777003549618,1.0579830921827373,-0.899878685365971,-1.4564193018940426,0.0007727337638936954,-0.09174835002116224,-0.27480560965492995,-0.02126692745762634,0.6170184870995777
0.28949980491966504,1.5821851083939589,1.5821876025170047,1.5221430805725498,0.15565076476081932,-0.3993269103605114,1.2587371894491621,1.5221433286627435,-0.8924814649064727,-0.3374332420012601,-0.14507741896725776,-0.931612160285771,0.6170184870995777
1.1290473243788042,1.1774384758087817,1.1774409782849828,1.0777711238191672,0.8046416383817001,-1.353999898137686,0.1794292520415955,1.0777716480435624,-0.4598497267914686,0.2614537816400496,0.13900635915215442,-1.3626966412749728,0.6170184870995777
-0.0822748762545484,1.6129544894896872,1.612953826172497,1.5738337746078057,-0.21801064732393027,-0.06536003477768357,1.2587371894491621,1.573836446890761,-0.6624261602801108,-0.6033776077809727,-0.7310881170800022,0.46683300143266143,0.6170184870995777
-0.11718329702208018,1.2087650330370017,1.208765956464077,1.146525019775711,-0.26717662259823943,-0.04849302085935893,0.1794292520415955,1.1465259106617964,-0.5981711960654247,-0.5098183456169181,-0.6755454776146596,0.40928939369039874,0.6170184870995777
1.4467139533633433,1.6531942864351319,1.6531936222874732,0.8632300166679587,1.0635824414930617,-1.7014603848551735,-0.899878685365971,0.8632310835944949,1.5253447521261174,1.4336953413943876,1.7676412020646746,0.9467928499173891,0.6170184870995777
-0.48372171508116385,-1.4813949796228567,-1.4813940006762962,-1.4702807491908196,-0.41795228010612084,0.5047450356616892,-0.899878685365971,-1.4702770040562219,-0.1675748776621522,0.22990548742751504,0.30138722368638377,-1.2329451410588057,0.6170184870995777
-0.7088810290317438,-1.541716793377625,-1.541715813186144,-1.4605766671768512,-0.5752834009839102,0.7779906611385483,-0.899878685365971,-1.460574565614755,0.031169368835455263,0.07571472994374318,-0.3279489394710748,-0.41532091495877593,0.6170184870995777
1.0941389036112725,1.220707227423494,1.2207081506041064,1.1550959217772485,1.460187975372489,-0.6118512857314018,-0.899878685365971,1.1551004918076413,-0.4875344664971917,-0.7111927809003163,-0.7175747638833696,1.0461720196102988,0.6170184870995777
-0.6181191350361612,-1.6314931788276528,-1.6314890399781496,-1.5526901193145053,-0.8276687407253638,0.34282170204577267,0.1794292520415955,-1.5526863229704528,-0.22085852776387954,-0.2593052994255099,-0.5576207872701683,0.052042635279445894,0.6170184870995777
-0.8205879754878455,-1.5422408230546427,-1.5422414212549556,-1.4589882501074032,-0.42778547516098264,1.1456915645580255,0.1794292520415955,-1.4589902433882371,-0.3020706814664914,-0.614984768032001,-0.7295988904011896,0.5588025839217442,0.6170184870995777
0.7118916962067995,1.2434772639314953,1.243479765044789,1.0474667462034906,0.988194612739121,-0.35884607695653226,0.1794292520415955,1.0474648329455967,-1.298597930737588,-2.5193671426358315,-1.359183258005117,1.5255995220463898,0.6170184870995777
-0.9253132377904408,-1.5238098154084532,-1.5238088355865358,-1.4196822965837304,-1.099720470576541,0.656548160926611,0.1794292520415955,-1.419683086132649,0.0710045842294302,0.02293561729736579,-0.3112089284703483,0.05445528617877109,0.6170184870995777
-0.24459903282357118,-1.5121091166261285,-1.5121112938509083,-1.5774612378810426,-0.7391699852316073,-0.28800461849956877,-0.899878685365971,-1.5774561979873707,-0.0111658806069438,-0.20659556853872021,-0.4211910765278393,0.2267100484354215,0.6170184870995777
-1.1016007626664763,-1.6451211072353946,-1.6451185465072475,-1.5435853781741637,-0.9358338863288439,1.165931981260015,0.1794292520415955,-1.5435856813437099,-0.15941892197104043,-0.2689697704080819,-0.5701964792245855,0.16975320743877256,0.6170184870995777
4.89217508311873,1.6191607686765348,1.6191585268286501,1.0726374253524458,5.590129898414458,-3.7018882355684757,1.2587371894491621,1.072635905838997,-0.6276178040979983,-0.28117687881554515,-0.9743560528912178,-0.39124115194882503,0.6170184870995777
-0.8659689224856368,-1.5512866485937635,-1.5512856682047795,-1.4055388344921602,-0.7916136921908704,0.8589523279465066,1.2587371894491621,-1.4055265324910489,-0.16986446045184686,0.4526699110638103,-0.21636725164745188,-1.4600092198852332,0.6170184870995777
0.28775438388128843,1.634772749204792,1.634773663839926,1.606365211207451,0.5457008352703386,0.005481423679279914,0.1794292520415955,1.6063682726608524,-0.6742445671480559,0.25446663032156847,-0.09350605064541498,-1.7633187882805317,0.6170184870995777
0.1359027535425252,1.6200762422086739,1.620075578744505,1.4815205421789428,-0.06067952644614097,-0.325112049119883,1.2587371894491621,1.4815179498129982,-0.7261572876933364,-0.021987031395696063,-0.014935554202137078,-1.2455114381518497,0.6170184870995777
0.6263660653263466,1.5147794235836027,1.5147787622925482,1.3767423296133385,0.6866432977233582,-0.5039023966541242,1.2587371894491621,1.3767438962128038,-1.3565046344952738,-2.023291642863598,-1.0757889366814517,0.682327798242718,0.6170184870995777
-0.8240788175645987,-1.5343156633910717,-1.534316261754944,-1.6603864341664565,-0.7981691555607783,0.7712438555712184,-0.899878685365971,-1.6603874835266172,2.9596962806195624,1.594946713236204,1.9808212433095103,0.676574553790481,0.6170184870995777
-1.038765605284919,-1.461347687671649,-1.4613467091388241,-1.3569873110982773,-1.0866095438367254,0.889312952999491,0.1794292520415955,-1.3569795425087137,-0.22452468034476092,-0.35897831899323557,-0.6391973153429011,0.24367256106248744,0.6170184870995777
0.25633680519050983,1.2889920825052321,1.2889914258739734,1.0850663795350344,-0.14262281856998957,-0.6422119107843862,-0.899878685365971,1.0850648522981925,-0.7466147716093258,-0.9600529087015464,-0.8207726570707147,0.6595073859769204,0.6170184870995777
0.5809851183285554,1.6496334100756387,1.6496343244040783,1.600070494490999,0.5883113471747399,-0.5173960077887838,1.2587371894491621,1.600061687673899,-0.6483610011550265,-0.5132874335963041,-0.7108456655568833,0.39246851441572234,0.6170184870995777
0.38026169891524764,1.7661163682218664,1.7661172801463325,1.7512746991554926,0.6538659808738188,-0.06198663199401864,2.338045126856729,1.7512703016210711,-0.462450580035867,-0.2972571219199936,-0.5375162271061985,0.416559440645566,0.6170184870995777
1.214572955259257,1.532103970978017,1.5321048877320278,0.8014405926664281,0.9357509057798579,-1.3843605231906702,-0.899878685365971,0.8014363759764691,-0.9387855007750115,-1.7082045848958998,-1.1563174904246496,1.4646002000460712,0.6170184870995777
-1.195853498738812,-1.5188267982688606,-1.5188258185497827,-1.474258342037922,-0.8571683258899493,1.4290573983858794,0.1794292520415955,-1.4742603258298705,-0.2671669700658088,-0.2997222150253456,-0.6018011787416077,0.04687755297530929,0.6170184870995777
0.21793754234622487,1.4476799488857208,1.4476808673820731,1.387869436816328,0.07042974095201678,-0.3487258686055375,1.2587371894491621,1.3878648557175484,-0.5214606547145296,-0.7579275179026105,-0.795455803530901,1.1702309753823958,0.6170184870995777
0.22317380546135465,1.367997448328849,1.3679967900670789,1.225439872346611,0.10648478948651016,-0.32173864633621807,0.1794292520415955,1.2254411235803346,-0.4998067360043565,0.08345691805773775,0.12483112743160506,-1.038446267763322,0.6170184870995777
0.6001847497506978,1.6779752079085564,1.6779761216520785,1.4357757681222083,0.5129235184207992,-0.6320917024333914,2.338045126856729,1.4357916265336887,-1.7852346521003413,-2.9827475085223454,-1.4810240629494489,0.8364290718499925,0.6170184870995777
0.5687671710599193,1.2212722955691937,1.2212732187381443,1.1096639185042918,0.0638742775821089,-1.0335266336895177,0.1794292520415955,1.1096627853680463,-0.5819031727597704,-0.140580864930991,0.08528388562758256,-0.7263791533621443,0.6170184870995777
-0.39994150523908756,1.5806887826897036,1.5806912768436305,1.5761165100663734,-0.32289806124245646,0.4406503827720556,1.2587371894491621,1.5761187715452412,-1.405426620569766,-2.8922083935403444,-1.3182571026096013,1.5592615139317982,0.6170184870995777
-0.7490257129144053,-1.5160377608011193,-1.5160399379448195,-1.4348197475012336,-0.7817804971360086,0.6430545497919512,-0.899878685365971,-1.4348221651860433,2.8523675487262325,1.8934025553027278,3.012441657649171,-0.3672534855029894,0.6170184870995777
-1.4506849703417941,-1.582644773874816,-1.5826453712412725,-1.3072190929800644,-1.2668847865091923,1.4998988568428429,0.1794292520415955,-1.3072207711851658,-0.8231499369112796,-0.42956813745377864,-1.0062916916701985,-0.538537745330212,0.6170184870995777
0.7118916962067995,1.696153671132087,1.696154584500442,1.6935381949961104,-0.01479128285678576,-1.391107328758,0.1794292520415955,1.6935407928943433,-0.578942578293373,0.03824857976637352,-0.051394029561215124,-1.0612924949751217,0.6170184870995777
-0.8432784489867411,-1.5408439367168096,-1.5408429565433424,-1.47909237006783,-0.5195619623396931,1.0950905228030514,-0.899878685365971,-1.4790931226991328,0.7046775544398325,0.7507829256123713,1.162353291942856,-0.7403799242114094,0.6170184870995777
-0.9061136063682983,-1.5181323011065482,-1.5181313214018033,-1.3980094100743021,-0.7129481317519758,1.017502258778758,0.1794292520415955,-1.3980081661628827,-0.18962608040681125,0.4815327230523025,0.2992085402118246,-1.6146233039063318,0.6170184870995777
-1.0370201842465425,-1.5677856914066108,-1.5677862890797292,-1.5390526581244397,-1.2111633478649753,0.7577502444365588,-0.899878685365971,-1.5390537828818096,-0.28622796711168647,-0.5949007892713435,-0.7101286304893069,0.4280352306953349,0.6170184870995777
-0.6024103456907719,-1.6319256611514565,-1.6319246790982458,-1.6121787948803923,-0.44745186527070635,0.7037757998979199,-0.899878685365971,-1.6121782366545863,0.5615985471628403,0.06896021158387969,-0.09477465114958886,1.212589115564273,0.6170184870995777
-0.9218223957136876,-1.5486412457664094,-1.5486402654320213,-1.4793396391167855,-0.8309464724103177,0.9264203836198052,0.1794292520415955,-1.4793367071241401,-0.27833428233597624,0.18046894308127553,0.24821631559840907,-1.2850334227797198,0.6170184870995777
0.3034631732266777,1.8103858271113655,1.8103788461091537,1.7836407438747106,0.2965932272138389,-0.28125781293223895,2.338045126856729,1.783644513939687,-0.4161708676796437,-0.31635343092652,-0.5515811457394283,0.6563405200335899,0.6170184870995777
-0.1904909806338969,-1.5637244614097243,-1.563723480764049,-1.5200637051993675,0.050763350842293116,0.42040996607006603,-0.899878685365971,-1.520062385443006,-0.17337533032004765,0.5354750004917681,0.39432599975302013,-1.9740406108851853,0.6170184870995777
0.08004928031447435,1.6577511348614873,1.6577520490223934,1.641464315812142,-0.21801064732393027,-0.3790864936585218,4.496661001671861,1.6414608052854318,-0.8269789512702732,-0.6761264233486867,-0.85174305633565,0.20921867826593551,0.6170184870995777
0.7764722746267333,1.6343655213232542,1.6343664359667924,1.476101911165743,1.0144164662187525,-0.4566747576828152,0.1794292520415955,1.4760976846246008,-0.17498297347823127,-0.11973368681486854,-0.3772037329592087,0.8940389612103685,0.6170184870995777
-0.9305495009055705,-1.5117350352000647,-1.5117340556273466,-1.4274901033745846,-0.581838864353818,1.1996660090966642,-0.899878685365971,-1.4274880223725885,-0.38250131014296734,0.05637354413867185,0.2204449958657381,-1.2947824022523255,0.6170184870995777
-0.6652455030723291,-1.6537597048929775,-1.653758722389156,-1.6119036875941373,-0.30978713450264067,0.9669012170237843,0.1794292520415955,-1.611908042166343,-0.017976464055273454,0.8753231840723315,0.12571363213016076,-2.6840451179077105,0.6170184870995777
-0.24459903282357118,-1.6709990185447445,-1.6709964572825293,-2.119764838367697,0.26053817867934553,0.7408832305182341,0.1794292520415955,-2.1197692867388946,-1.1625535299824976,-2.336387036203131,-1.1836199795362132,1.0521499238628778,0.6170184870995777
0.5268770661388811,1.6706687820805002,1.670664960766985,1.6016490863002235,-0.05412406307623308,-1.074007467093497,0.1794292520415955,1.6016439629724757,-0.8431042061340759,-1.117835192563977,-0.9452609761107132,0.8623612316609002,0.6170184870995777
0.0905218065447339,1.6235076895515546,1.6235086044191764,1.5397630472398296,0.1458175697059575,-0.024879201373704436,1.2587371894491621,1.539765331308859,-0.6373861618953554,-0.3660389333512802,-0.6390594239837517,0.10998811893784838,0.6170184870995777
-0.9305495009055705,-1.5177629548884093,-1.517761975191287,-1.426995565276674,-1.0079439833978308,0.7611236472202237,-0.899878685365971,-1.4269947127387501,0.45394796937466947,0.986868647089509,0.9134593886783485,-2.084521602761456,0.6170184870995777
0.029432070201553282,-1.5109237362422723,-1.5109211782836887,-1.7241523730162591,0.0802629360068786,0.02572184038126948,-0.899878685365971,-1.7241492888961725,2.9205523464958865,1.79794549794995,5.582350496386722,-0.3669653348895073,0.6170184870995777
-0.673972608264212,-1.5163944797981252,-1.5163950785318545,-1.4118253634917592,-0.9260006912739821,0.34956850761310254,-0.899878685365971,-1.4118228828382962,-0.28923914743340656,0.12871423170881097,0.19670010382022646,-1.1696329394369533,0.6170184870995777
-1.044001868400049,-1.5084472224975716,-1.5084478213953163,-1.4300495836627776,-0.7752250337661007,1.2199064257986538,0.1794292520415955,-1.430050776155018,0.04286333802445317,-0.03101074142207562,-0.3633042839569582,0.05762424522583153,0.6170184870995777
-0.9008773432531686,-1.6596297843171601,-1.659628801692192,-1.6298970141499058,-0.5556170108741865,1.16930538404368,-0.899878685365971,-1.6298964449139401,-0.3422013041549643,-0.47054010713031613,-0.6421481904286961,0.0369646137105284,0.6170184870995777
-1.1853809725085525,-1.5503585478404913,-1.5503607242758797,-1.489272977202633,-1.0341658368774622,1.2266532313659837,-0.899878685365971,-1.4892745422788494,-0.38561507223401786,-0.7746403594032999,-0.7654230655081808,0.598527599611414,0.6170184870995777
0.3697891726849881,1.4474400316841947,1.4474425285881076,1.3222841872818274,-0.0016803561169699843,-0.7164267720250146,-0.899878685365971,1.322283331408233,-0.5392642319280992,-0.6432598757039854,-0.7163337416510258,0.6983539958012778,0.6170184870995777
0.45182396148868775,1.721960554322564,1.721959888755708,1.6296216021562155,0.6604214442437266,-0.1935493405569508,3.4173530642642955,1.629621374073313,-0.3412348851837637,-0.08872004027915699,-0.3818644608984555,0.47249973093072944,0.6170184870995777
-0.8659689224856368,-1.5581242888372586,-1.5581233083071597,-1.542108314053914,-0.6113384495184035,1.0444894810480776,0.1794292520415955,-1.542105752442195,0.0852028176429071,-0.11379950573013047,-0.38051312557879235,0.5349342243885126,0.6170184870995777
-0.742044028760899,-1.5587935315573052,-1.5587909726107854,-1.5056926245792885,-0.8309464724103177,0.5789598969023176,0.1794292520415955,-1.5056949982234584,-0.3546794422301325,0.0011089319870637281,0.15676676621058577,-1.040886826712379,0.6170184870995777
0.8794521158909521,1.6867700674276598,1.6867694025870645,1.513252857613752,0.991472344424075,-0.6793193414047004,2.338045126856729,1.5132514736860068,1.5471502521449232,1.608068028358235,1.871721599950575,0.4087033246460282,0.6170184870995777
0.4657873297957005,1.5606225499067963,1.5606218876696318,1.4880445149672739,0.30314869058374677,-0.5882374662457474,0.1794292520415955,1.4880374153058404,-1.1628277863967211,-1.024830984476624,-0.9545272754455469,-0.22798394492574825,0.6170184870995777
-0.3824872948553217,-1.5324862947294349,-1.5324853147284525,-1.4942740346563386,-0.3851749632565814,0.34282170204577267,-0.899878685365971,-1.4942690464554693,-0.16371360821074024,0.15344678836184583,0.18136658468282305,-1.1366128326953793,0.6170184870995777
0.2633184893440162,1.3442093421170034,1.3442071059435625,1.1162419302238518,0.017986033992753676,-0.49040878551946443,-0.899878685365971,1.116237517915302,-0.3907122581227923,0.1940881743603477,0.20698679921276492,-1.0394279334126426,0.6170184870995777
0.45356938252706436,1.6586224131196612,1.6586233272625859,1.5586275468687387,-0.10001230666558829,-0.9795521891508789,2.338045126856729,1.5586236784314822,-1.4836397557068155,-1.717069125003225,-1.4060938983877127,0.3259713066182137,0.6170184870995777
-0.673972608264212,-1.6570269983611297,-1.657026015789878,-1.6309155661263974,-0.8211132773554559,0.4575173966903802,-0.899878685365971,-1.630911721172794,-0.056485519256048805,0.522974039926051,0.3867419749998079,-1.8228229365164623,0.6170184870995777
0.21444670026947169,1.673423094690126,1.6734240085275947,1.581893763077727,-0.027902209596601533,-0.44318114654815544,1.2587371894491621,1.5818931552674729,-0.7142507521575816,0.19707159002261973,-0.06537621337895541,-1.7575250771561834,0.6170184870995777
0.029432070201553282,1.6161034027597179,1.6161043177801495,1.518147474748371,-0.26717662259823943,-0.3318588546872128,0.1794292520415955,1.5181456783935061,-0.6746589481440969,-0.11106504814637909,0.10811869470270843,-0.9176337158762915,0.6170184870995777
-0.6826997134560949,-1.5789686741224842,-1.5789692715648083,-1.4567022395620943,-1.0571099586721397,0.23149941018483006,0.1794292520415955,-1.456699731021992,0.1531750490658042,-0.009453420590172946,-0.3177449788940256,0.18763808110947874,0.6170184870995777
0.2266646475381078,1.4978652608760095,1.497866178336638,1.3784781255861374,0.3326482757483323,-0.09572065983066791,2.338045126856729,1.3784817380349148,-0.3741389571118454,0.47903906098712024,0.39109934194892576,-1.7576213599277586,0.6170184870995777
-0.7053901869549906,-1.5836596867733772,-1.58365712731367,-1.5035851062613714,-0.5720056692989561,0.7746172583548834,-0.899878685365971,-1.503582568588101,0.8480999110066111,1.2580778640379369,1.3326491204922561,-2.2915609582039815,0.6170184870995777
0.4814961191410898,1.6011022640537673,1.601103179383792,1.5327199732030292,-0.25406569585842365,-1.1920765645217695,-0.899878685365971,1.5327177584071776,-0.3227246923116963,-0.26255807956618127,-0.4655093593584279,0.6481753223832709,0.6170184870995777
0.40993385656764963,-1.6534266619355957,-1.6534241010360389,-2.2039935191760804,0.4309802262969506,-0.3487258686055375,-0.899878685365971,-2.203992183809062,-0.20129854620086363,-0.7622944874766612,-0.6754627427991701,1.0039980725566522,0.6170184870995777
-0.26554408528409024,-1.6278896855968357,-1.6278918604321375,-1.5932848194708127,-0.5097287672848313,-0.011385590239044724,-0.899878685365971,-1.593285091756962,0.5067088402189499,0.3269420001309073,0.04151716823359115,0.25986690462068207,0.6170184870995777
-1.1312729203188783,-1.6043651726261403,-1.6043641911417226,-1.532063623018868,-0.9981107883429688,1.1591851756926852,0.1794292520415955,-1.5320635239624827,-0.38471986122640744,-0.36852851413648663,-0.6801510490102466,-0.15050352415623935,0.6170184870995777
-0.584956135307006,-1.512248016058591,-1.512247036475286,-1.4229377328044137,-0.526117425709601,0.5890801052533123,-0.899878685365971,-1.4229356546312757,-0.3216620368352476,0.067009359755472,0.2875429312277929,-1.0977885493108075,0.6170184870995777
-1.1609450779712802,-1.5394659912106758,-1.5394744814813008,-1.497069321189893,-1.1751082993304818,1.0343692726970828,-0.899878685365971,-1.4970671969511413,0.09012639005609656,-0.09849062454109848,-0.3777277201239761,0.31645954556832934,0.6170184870995777
0.28600896284291183,1.3765097737751024,1.376510693740264,1.3834808205832136,0.27364910541916126,-0.27113760458124414,1.2587371894491621,1.3834823829953584,-0.330570963864125,-0.23702559203789975,-0.43252574624991275,0.49014110686752455,0.6170184870995777
0.3837525409920008,1.7577792454688328,1.7577817359679693,1.6889530735585283,0.40803610450227296,-0.32173864633621807,0.1794292520415955,1.6889536273780297,-1.2582577380770636,-1.9614439261111078,-0.9677924241957108,0.8707189948543693,0.6170184870995777
-0.7577528181062883,-1.5556446182872745,-1.5556436378083511,-1.4726764751419563,-0.9587780081235215,0.4777578133923698,0.1794292520415955,-1.4726821443871763,-0.2762592047237303,-0.2936492704214321,-0.6001740607036457,0.03340773277219415,0.6170184870995777
-0.8380421858716114,-1.4700920383062204,-1.4700910595929297,-1.440973635487817,-0.873556984314719,0.7206428138162445,-0.899878685365971,-1.4409731836494626,0.28170648089012207,0.1020471483472714,-0.12792373388908326,0.11748910500454737,0.6170184870995777
0.3348807519174563,1.2730849406829918,1.2730874411852426,1.2274016493045479,0.69647649277822,0.06957607656891354,-0.899878685365971,1.2274041274759817,-0.20999878454436777,0.8242663715757199,0.4389200653019071,-2.1530874947453436,0.6170184870995777
0.6682561702473848,1.470599933644676,1.470600851668006,1.327756857226256,0.25726044699439155,-1.0267798281221878,-0.899878685365971,1.3277568167231026,-0.3368943720368029,-0.38194368141677143,-0.5341516779429555,0.7135596966977189,0.6170184870995777
-0.5971740825756421,-1.503771993873095,-1.5037710144647178,-1.4741551768055765,-1.3488280786330409,-0.23403017396092995,-0.899878685365971,-1.4741538855769263,0.5969515385120165,1.1220406398862937,1.0742131351746158,-2.2373788750519297,0.6170184870995777
-0.4889579781962936,-1.6608830360146059,-1.6608820533637734,-1.579226509634512,-0.9456670813837058,-0.02825260415736936,0.1794292520415955,-1.5792288375844825,-0.47959918499027526,0.045660184202332484,0.17198997226066984,-1.2855608849196531,0.6170184870995777
-0.1782730333652608,-1.5167448851845646,-1.5167439055084533,-2.082628629810023,-0.05412406307623308,0.2888472575071338,-0.899878685365971,-2.0826298261730773,-1.0322616398900142,-2.0597537981669336,-1.0412333620786343,1.0662037200066334,0.6170184870995777
-0.9148407115601813,-1.648399449522038,-1.6484000455314507,-1.5456928964920809,-0.6670598881626205,1.081596911668392,0.1794292520415955,-1.545687876339361,-0.37997131234748793,0.5418785287737172,0.08743499083031164,-2.135937998185074,0.6170184870995777
-1.141745446549138,-1.5063005949049693,-1.5063011938470159,-1.4420233007883492,-0.8506128625200414,1.3312287176595965,-0.899878685365971,-1.442017116899494,0.12690495073576163,-0.026137693131032112,-0.3056656958325459,0.06107856408140094,0.6170184870995777
-0.9898938162103746,-1.601790797917659,-1.6017898164863713,-1.4568627188124097,-1.1226645923712186,0.7577502444365588,0.1794292520415955,-1.4568655321852324,-0.27997118421187267,-0.25575050456663306,-0.6158385191030076,-0.04091698527387697,0.6170184870995777
-0.733316923569016,-1.6555843383466895,-1.6555833558052115,-1.59232030642555,-0.6506712297378509,0.747630036085564,-0.899878685365971,-1.5923168948407567,1.0614957247849082,1.3143750400234093,1.4970156205982355,-2.0121588206115395,0.6170184870995777
-0.48197629404278725,-1.5350796102696156,-1.5350770518125034,-1.6413254293330795,-0.43106320684593663,0.48787802174336453,-0.899878685365971,-1.6413264905378115,3.11015377248025,1.7751107364856382,3.504879279443193,0.11022045345186668,0.6170184870995777
0.5984393287123212,1.532365985816526,1.5323669025651292,1.373314951338746,0.7128651512029898,-0.4229407298461659,2.338045126856729,1.373317338839172,-0.6845691930966276,-0.7760035069151998,-0.816470446665256,0.6462789704039864,0.6170184870995777
-0.9951300793255043,-1.541680490116868,-1.5416795099261358,-1.496486355749972,-1.2177188112348831,0.6700417720612707,-0.899878685365971,-1.4964817755599473,0.5501146767179006,0.9802610548087725,0.9111428138446399,-1.9474442394906577,0.6170184870995777
0.6682561702473848,1.5847184446337579,1.5847193603019119,1.5512864399384958,0.24742725193952975,-1.0369000364731826,2.338045126856729,1.5512833948342037,-0.6002846977768357,-0.5155443814228929,-0.6834052850861704,0.4765582590629951,0.6170184870995777
-1.2202893932760843,-1.5248042090726732,-1.5248032292302338,-1.4432792965535726,-1.2177188112348831,1.1052107311540462,1.2587371894491621,-1.443275977583355,-0.21319309623779628,0.3600370994542505,0.3719600212990017,-1.4430760107103857,0.6170184870995777
-0.7036447659166141,-1.506575236964611,-1.5065742574983807,-1.2946738732181657,-0.49989557222996944,0.8454587168118469,0.1794292520415955,-1.2946710559774373,-0.7425127346374579,0.28635775205206593,-0.32099921496994926,-1.9414607536281323,0.6170184870995777
0.4692781718724537,1.546672627360164,1.546673543813507,1.3603325074969062,0.17531715487054297,-0.7265469803760094,-0.899878685365971,1.360333674907901,0.989067355402884,0.929040991113131,1.094869260775183,1.4304798184438157,0.6170184870995777
-0.958476237519596,-1.502842314717181,-1.5028429137305999,-1.4281713214167395,-0.7424477169165613,1.0883437172357218,0.1794292520415955,-1.4281696493770206,-0.17567302094718082,-0.24410253151584735,-0.52720195344183,0.16337900888000018,0.6170184870995777
-0.0019855084892253182,1.570175042693877,1.5701759586621773,1.5520020463914326,-0.2278438423787921,-0.23065677117726502,1.2587371894491621,1.5519977726856957,-0.6370461614949458,-0.5358895621019983,-0.7159476458454079,0.42366622550980154,0.6170184870995777
-1.127782078242125,-1.491035862957868,-1.491034883812339,-1.273168016132535,-0.9718889348633373,1.1794255923946748,0.1794292520415955,-1.2731660310267936,-0.7871312216054693,-0.1177297783467761,-0.15580536670907408,-1.4142281574037348,0.6170184870995777
-0.2253994014014287,-1.5125526477684237,-1.5125532465814406,-1.610534701336345,-0.32289806124245646,0.10331010440556282,-0.899878685365971,-1.610532506589831,1.093559049222086,0.7484280270663645,0.87311237699126,0.24402350478786644,0.6170184870995777
0.01895954397129375,1.25150344136413,1.2515027855065615,1.1320671493569923,-0.16884467204962111,-0.21041635447527546,-0.899878685365971,1.1320684586128344,-0.37340043887560054,0.15840554353238007,0.22441626700923825,-1.013315766680964,0.6170184870995777
0.603675591827451,1.50507856094821,1.5050778998573615,1.4019555848899286,0.5358676402154767,-0.6152246885150667,1.2587371894491621,1.4019497668812053,-0.7293382038292578,-0.5671276790363761,-0.705109385016272,0.26666391013289314,0.6170184870995777
0.9597414836562751,-1.509398999290468,-1.5093980197659609,-2.6861288635980634,0.7063096878330819,-1.1279819116321357,-0.899878685365971,-2.686126614552167,3.4639163456550293,1.7987658352250755,1.8064438305292907,0.6879303392264027,0.6170184870995777
1.558420899819445,1.425599674332107,1.425599014881543,1.1306064606704482,0.8833071988205948,-2.1028953161113,2.338045126856729,1.1306069520627908,0.6047318898209236,0.9647562721809047,0.4188155051379375,-0.0596377050340544,0.6170184870995777
0.200483331962459,1.6365042569026487,1.6365020146968294,1.509777990581413,0.1917058132953127,-0.1901759377732859,2.338045126856729,1.5097737431138438,-0.3098323494978228,-0.1775613427912466,-0.33528475977781796,0.6264677436005339,0.6170184870995777
-0.4418316101601257,-1.509735199053133,-1.5097342195216874,-1.5605093889089534,-0.23767703743365393,0.609320521955302,-0.899878685365971,-1.5605076346339222,2.893812698623754,1.6045213960593097,2.6324406501054978,0.47681431541928554,0.6170184870995777
-0.02991224510325074,1.5316430774066643,1.5316392589623598,1.4169472944474515,-0.11967869677531195,-0.06536003477768357,0.1794292520415955,1.4169435140507716,-0.31530302468077454,-0.20207351032559107,-0.4625309060008028,0.551741149638323,0.6170184870995777
-0.7193535552620033,-1.5281030705936578,-1.5281020906831364,-1.43104193494534,-0.44417413358575236,0.933167189187135,0.1794292520415955,-1.4310414892785772,-0.4206039159278046,0.38767552745001815,0.10436804973384745,-1.918308933271768,0.6170184870995777
0.27902727868940547,1.7345988242740105,1.734599736848935,1.605652879841255,-0.02462447791164759,-0.5646236467600928,0.1794292520415955,1.6056559417373015,-0.7248371202495478,-0.2628764194042897,-0.12773068598627418,-0.6801724931222342,0.6170184870995777
0.917851378735237,1.6963004625777576,1.6963029543456922,1.6273486919578715,0.1851503499254048,-1.583391287426901,0.1794292520415955,1.6273513309864802,-0.749005526109666,-0.8826677590813824,-0.8460067757950386,0.8000662784517767,0.6170184870995777
-0.5936832404988889,-1.4674213810366004,-1.4674204023784267,-1.370202286098737,-0.46711825538043,0.6666683692776058,-0.899878685365971,-1.370200650081168,0.007200486279258236,0.4544493491332366,0.4887815807702986,-1.4190625293185481,0.6170184870995777
0.3977159092990135,1.6318179794596805,1.6318204725584038,1.4746051965250466,0.2375940568846679,-0.5241428133561137,1.2587371894491621,1.4746054741554384,-0.5714809002472657,-0.5218907717851816,-0.43875843568346157,0.5124117305536032,0.6170184870995777
-0.7298260814922628,-1.5981415310102352,-1.59814212805687,-1.5863629236434342,-0.9948330566580149,0.3866759382334167,0.1794292520415955,-1.5863582876038136,-0.38731331166270977,-0.61555206594863,-0.7353075926699711,0.41749715111655883,0.6170184870995777
0.23888259480674393,1.641997098095484,1.6419964341789128,1.5752273240161567,0.16548395981568115,-0.2913780212832337,1.2587371894491621,1.5752324517466851,-0.3435265830614858,-0.2768139905214702,-0.4241143733418045,0.5327866999616407,0.6170184870995777
0.5966939076739447,1.2719642748074422,1.2719651969302121,1.2162925550786345,0.4473688847217203,-0.6928129525393601,-0.899878685365971,1.2162934026109433,-0.7767669377563834,-0.9277006023337894,-0.8898562280045198,0.546446294902933,0.6170184870995777
-0.8083700282192093,-1.5252761514625175,-1.5252751716103379,-1.4678604600891245,-0.6244493762582193,0.9196735780524753,0.1794292520415955,-1.467865722941444,-0.26730533207426993,-0.6155806349084603,-0.6779172089920278,0.6378507393849441,0.6170184870995777
1.7155087932733382,-1.6067580310308354,-1.6067570494970338,-2.340286253908209,1.5486867308662453,-1.721700801557163,0.1794292520415955,-2.340282786920494,-0.4276936909957552,-1.068435379737519,-0.8242475193212773,1.1197418249111213,0.6170184870995777
0.8340711688931607,1.2208035099846328,1.22080127635804,1.0888687552414864,1.0144164662187525,-0.5679970495437577,-0.899878685365971,1.088868044413012,-0.28556259566972364,-0.42173207990034184,-0.5567934391152722,0.9114577704505515,0.6170184870995777
0.14637527977278472,1.4539998730627648,1.4540007914286868,1.3134005144965122,-0.004958087801923928,-0.28800461849956877,0.1794292520415955,1.313407851855026,-0.42344941435404254,-0.46284689437603055,-0.6006980478684131,0.7610808260800029,0.6170184870995777
1.2582084812186718,1.7443565094045015,1.744357421778047,1.1215164574204417,1.4208551951530415,-0.9694319807998841,1.2587371894491621,1.1215185920036952,0.4204534353722631,1.2396059908677,1.7470678112795974,-1.8196456050544823,0.6170184870995777
-0.49244882027304676,-1.514085276733436,-1.5140858755148228,-1.4313596183592296,-0.5654502059290483,0.3698089243150921,1.2587371894491621,-1.4313608100374102,-0.28305110489448426,0.6023998295340892,-0.1621483692299425,-2.1098956015777253,0.6170184870995777
-0.6408096085350569,-1.4898725802109944,-1.4898731794920825,-1.4336423538177974,-0.0705127215010028,1.165931981260015,-0.899878685365971,-1.433649275475714,-0.48961289299881444,-0.747961032201833,-0.8390846295657431,0.21830693466113793,0.6170184870995777
-1.0824011312443338,-1.63843025843757,-1.6384308546527266,-1.5422802561078233,-1.1423309824809424,0.9163001752688104,-0.899878685365971,-1.5422838351730828,-0.1787957721623479,-0.3835272180473618,-0.6157557842875179,0.23327960334231737,0.6170184870995777
-0.3144158743586347,-1.6344810950282382,-1.6344785345196795,-1.613934241373638,-0.34584218303713404,0.2517398268868196,-0.899878685365971,-1.6139324539002269,-0.28747410647451493,0.09320709591980052,0.23790204193404052,-1.1324370907542396,0.6170184870995777
1.0731938511507535,1.6097803217773907,1.6097812369283178,1.4249597941596261,1.230746757425713,-0.8075086471839676,1.2587371894491621,1.4249592838686587,-0.3086337996156116,0.3020176233190123,-0.25572144554866527,-0.7287555237968181,0.6170184870995777
0.2755364366126523,1.4653975185378985,1.4653968582659869,1.3066489231796725,0.07042974095201678,-0.4600481604664801,2.338045126856729,1.3066509427210002,-0.45503402386767816,0.3669058936534349,0.23188997867513061,-1.5849068125517747,0.6170184870995777
0.4064430144908965,1.7519896645793729,1.7519937336006037,1.6690585591495335,0.4965348599960295,-0.2745110073649091,3.4173530642642955,1.6690595347171402,-0.6509119735734447,0.08736678427450466,0.15991068919918988,-1.1790463246115328,0.6170184870995777
-0.9340403429823237,-1.5134728565084876,-1.5134734553025135,-1.4400484234834479,-0.6834485465873903,1.1018373283703813,0.1794292520415955,-1.440054113003847,-0.07585831552863703,-0.11268531629675117,-0.4486038787267224,-0.01734933497650692,0.6170184870995777
0.7834539587802396,1.217485707631949,1.2174866308790468,1.0958774408675047,0.8996958572453645,-0.5882374662457474,-0.899878685365971,1.0958787726117514,0.2734509398043854,0.44358498183779455,0.704967653644589,0.3945755721704829,0.6170184870995777
1.5566754787810686,1.5167224372354362,1.5167233543068908,1.1906764641328857,1.8764598993616397,-1.0773808698771619,1.2587371894491621,1.1906740524984119,0.9350698630918985,1.1702528002398087,0.7561253478889841,0.19484952116020898,0.6170184870995777
-0.2917254008597391,-1.6405942484592302,-1.6405948446297265,-1.559942798902738,-0.1393450868850356,0.42040996607006603,-0.899878685365971,-1.559944729450082,-0.23089021402065185,0.15055724213901603,0.26851392366518767,-1.1714588235906649,0.6170184870995777
0.11321228004362954,1.2277484816077582,1.2277478262404442,1.1436544062471106,0.2965932272138389,0.08644309048723818,0.1794292520415955,1.1436561176881812,-0.6281118534097392,-0.7578581361430227,-0.7887542834762444,0.6188621023473402,0.6170184870995777
-0.7402986077225224,-1.5390855961740455,-1.539083037634258,-1.5130501069432374,-0.7621141070262849,0.6464279525756161,-0.899878685365971,-1.5130516572442667,3.8780061645775548,1.976656585528018,3.1344203539526516,0.49737557105928365,0.6170184870995777
0.6403294336333594,1.4328540128729899,1.4328501964674927,1.3676310382995147,0.1458175697059575,-1.0875010782281567,4.496661001671861,1.3676330199463547,-0.6801796804103646,-0.7716487811810763,-0.7870168523509631,0.8392254584331317,0.6170184870995777
0.230155489614861,1.2492321199628398,1.2492330425547555,1.2076987274699094,-0.011513551171831815,-0.4566747576828152,0.1794292520415955,1.2076963052577447,-0.8211658080842132,0.1464841247232192,-0.2588929468090995,-1.7410132795322881,0.6170184870995777
0.5216408030237514,1.6366194802954868,1.6366172380872896,1.582586443923476,0.4703130065163979,-0.5241428133561137,1.2587371894491621,1.5825850169116111,-0.7592656418734008,0.23140331717861468,-0.1354801803704654,-1.783178854171015,0.6170184870995777
-0.07529319210104204,1.3670740827835017,1.3670734245407878,1.2876239443004478,-0.10001230666558829,0.042588854299594116,-0.899878685365971,1.2876227005792544,-0.6663306127787495,-1.0020247919721421,-0.8516327432483306,1.1842868646298814,0.6170184870995777
-0.6582638189188227,-1.4984575121787624,-1.4984565328800656,-1.4288836527829354,-1.1324977874260806,0.10668350718922774,-0.899878685365971,-1.4288840272285126,0.9658807029021654,1.303873906645809,1.459288544734984,-2.2188018817478716,0.6170184870995777
-0.9951300793255043,-1.5576681304738307,-1.5576671499531458,-1.4954072146687696,-0.9194452279040742,0.9770214253747791,0.1794292520415955,-1.4954091853187388,0.12181499139774757,-0.04671550676875519,-0.3397800180860855,0.1939446026476512,0.6170184870995777
-0.8869139749461559,-1.6451542536908685,-1.6451548497672555,-1.6007389168936248,-1.1554419092207582,0.5249854523636788,0.1794292520415955,-1.6007338625351262,-0.3040724360271198,-0.5486884561059451,-0.7040338324149072,0.5033953373864606,0.6170184870995777
-1.0143297107476468,-1.5331871055023139,-1.5331861254868682,-1.4870410055885528,-0.8899456427394887,1.0444894810480776,0.1794292520415955,-1.4870392969670176,-0.17368483820139513,-0.3233609886448799,-0.5429767249285112,0.23089974440142721,0.6170184870995777
0.15859322704142084,1.7117025155546797,1.711701850199529,1.657163444105749,-0.08362364824081858,-0.39258010479318156,3.4173530642642955,1.657166883378549,-0.4362835922471617,-0.24295161056268633,-0.5055254317835584,0.40546110696842147,0.6170184870995777
-0.6966630817631076,-1.5228248921600827,-1.5228270691637102,-1.3753146965016412,-0.047568599706325196,1.2974946898229471,1.2587371894491621,-1.3753220637901449,-0.42294196948479457,-0.3095458559269718,-0.6833777068143405,-0.15861499881082428,0.6170184870995777
0.13764817458090178,1.7439350758991892,1.7439344098788232,1.6054334490295994,-0.1459005502549435,-0.41619392427883606,3.4173530642642955,1.6054307796637655,-1.410836134457258,-2.183077835194121,-1.065143723755125,0.8771385439939561,0.6170184870995777
0.4291334879897921,1.4788139409916634,1.4788117020402547,1.384089986717064,0.3785365193376875,-0.4398077437644905,4.496661001671861,1.3840800859542,-1.7865746484943872,-2.8990200498198684,-1.453721573837885,0.812174883529217,0.6170184870995777
0.6612744860938784,1.48170557463111,1.481704914022633,1.4279548609843897,0.43425795798190453,-0.8311224666696221,0.1794292520415955,1.4279641740863955,-0.965883479810458,-0.040026288888503674,-0.3257426777246858,-1.4820684400945925,0.6170184870995777
-0.8537509752170007,-1.5011565806959315,-1.5011556013415315,-1.491942172896654,-0.5916720594086798,1.0411160782644127,-0.899878685365971,-1.491941689386282,1.2160145381729353,0.5513307731975504,0.6311406199560476,1.4515720247299637,0.6170184870995777
0.024195807086423514,1.4672458280312348,1.4672467461237868,1.3140211434339564,-0.05740179476118703,-0.10584086818166269,0.1794292520415955,1.3140219302373974,-0.6083319026918703,-0.5517004407280474,-0.6835983329889794,0.4819221862214717,0.6170184870995777
-0.5936832404988889,-1.4936796873825806,-1.4936787081824885,-1.4539904677404385,-0.40484135336630506,0.7307630221672393,0.1794292520415955,-1.4539895984277933,0.0032829907377837303,0.007177795311001493,-0.3424275321817523,-0.05270115927318365,0.6170184870995777
0.4064430144908965,1.4981840982096164,1.498185015663665,1.399348615843989,0.031096960732569453,-0.7535342026453288,-0.899878685365971,1.3993501683958334,1.96451634242194,1.8150787112881417,2.394881416563063,0.39401531807211443,0.6170184870995777
1.324534480676982,1.597299892090106,1.5973023859012132,1.3819824683991466,1.7912388755528372,-0.7164267720250146,-0.899878685365971,1.38197993788649,1.0944889829248132,1.4719981539667857,2.3860287913056775,-0.6578495418429081,0.6170184870995777
0.3854979620303774,1.5320708245225432,1.5320701628746287,1.4169833204016038,0.7226983462578516,-0.0012653818880499416,0.1794292520415955,1.4169824056816551,-1.2918641954875882,-1.7579635503602233,-1.1122749903123594,0.5645146640006266,0.6170184870995777
-0.5814652932302528,-1.5501943939657628,-1.55019499200193,-1.4418611839946633,-0.290120744392917,0.8252183001098573,-0.899878685365971,-1.4418574565200772,-0.061651974277721656,-0.29015977604216725,-0.49416318378965485,0.21566474005276762,0.6170184870995777
-0.024675981988120974,1.5646616822667003,1.5646625983487854,1.4976765450729375,-0.004958087801923928,0.042588854299594116,0.1794292520415955,1.4976743520531877,-0.24139233110619207,0.4828673016043722,0.30295918518068604,-1.3873910790802695,0.6170184870995777
-0.0822748762545484,-1.5228501466023485,-1.5228491668002369,-1.601860634102462,0.1622062281307272,0.32595468812744804,-0.899878685365971,-1.601861719830748,2.5817892725823093,1.5327480064057994,2.0805166959744628,0.4117480928717816,0.6170184870995777
0.08703096446798071,1.538540696950541,1.5385400351691016,1.4713333848706576,0.04093015578743128,-0.12608128488365225,0.1794292520415955,1.4713344833053406,-1.3647072983803246,-1.7422791914134226,-1.143631485382913,0.30214201835460686,0.6170184870995777
-0.6338279243815504,-1.5295725634530055,-1.5295715835121566,-1.6895461689661082,-0.870279252629765,0.329328090911113,-0.899878685365971,-1.6895439251216076,2.761215010066699,1.6026848200702228,2.0863908678742233,0.3115944747988109,0.6170184870995777
0.200483331962459,1.662404265848981,1.662406758316465,1.5664664669836337,-0.13606735520008167,-0.5275162161397786,3.4173530642642955,1.5664675063023052,-0.03128988564394147,0.9395502870506829,0.6826844100060604,-1.8299764673639989,0.6170184870995777
0.45182396148868775,-1.473734991603078,-1.4737466400354764,-1.6588700690053133,-0.46711825538043,-1.353999898137686,0.1794292520415955,-1.6588748037780425,0.3663456059691799,0.1489573803885227,-0.40260332131451193,0.6234125098561311,0.6170184870995777
-0.3842327158936983,-1.4793856730600754,-1.4793846941549829,-1.431444770614499,-0.44089640190079843,0.2888472575071338,-0.899878685365971,-1.4314426871550598,0.0037056558285988054,0.5280919650156394,0.4531780318379462,-1.7908033333577777,0.6170184870995777
-0.6477912926885632,-1.5338216233642448,-1.533819064933095,-1.4345413651282375,-0.3425644513521801,0.8994331613504857,0.1794292520415955,-1.4345396891301525,-0.04122163399141764,-0.2649048155522366,-0.48307671851405043,0.3774735192947573,0.6170184870995777
-1.0684377629373212,-1.6852882976593249,-1.6852857361022078,-1.5951630817168507,-0.6572266931077587,1.3885765649819002,0.1794292520415955,-1.5951559838952534,-1.535343258794716,-3.2842887982505347,-1.6667637237235715,1.3465303117464458,0.6170184870995777
-1.0806557102059573,-1.5645231331463836,-1.5645221524842254,-1.4079836867444138,-0.7293367901767455,1.3379755232269264,0.1794292520415955,-1.407980799092593,-0.18376552399746962,-0.2593583560651946,-0.5887566561660827,0.15693224939192477,0.6170184870995777
-0.6547729768420696,-1.623272857870099,-1.6232718759954647,-1.597169072345793,-0.7096704000670219,0.5351056607146736,-0.899878685365971,-1.5971619732776663,-0.2545680957157414,0.19986726680600733,0.27742170546623346,-1.3268996835850717,0.6170184870995777
-0.6251008191896675,-1.657341100486812,-1.6573401179090779,-1.61863562839053,-0.175400135419529,1.027622467129753,0.1794292520415955,-1.6186383412371326,0.06127341672988879,-0.01195932649528242,-0.30845110128736186,0.053876891848076876,0.6170184870995777
0.5286224871772577,1.5905348583681254,1.5905326171110221,1.5296774176205195,-0.027902209596601533,-1.0503936476078424,2.338045126856729,1.5296780704144395,0.0756380370681903,1.072249024182164,0.46580888033602286,-2.0270414858323336,0.6170184870995777
1.07493927218913,1.6725328756002529,1.6725337894560937,1.5219056367838177,0.7784197849020686,-1.2764116341133926,0.1794292520415955,1.5219120258053835,-0.4122902099213136,0.16242560430849218,0.07849963075743631,-0.9660562752649168,0.6170184870995777
0.1847745426170697,1.606644035728493,1.6066433725415377,1.4955231755406444,0.46047981146153605,0.11680371554022252,0.1794292520415955,1.4955189369310644,-0.7699302682223821,-0.8571107838732464,-0.8529840785679937,0.5746271458209907,0.6170184870995777
-0.8101154492575859,-1.535608375154558,-1.5356105518943604,-1.4615182546149261,-0.6867262782723442,0.8589523279465066,-0.899878685365971,-1.4615161524677245,-0.17788029156114127,0.3011850422039596,0.2689827542862956,-1.4562611688062352,0.6170184870995777
-1.1818901304317995,-1.5662814736891477,-1.5662789145880918,-1.4815470475803072,-1.2177188112348831,1.0309958699134179,-0.899878685365971,-1.4815453423727356,-0.3736158253397273,0.010144885853370528,0.23900517280723538,-1.0880688732904202,0.6170184870995777
0.3139356994569373,1.6863723099619716,1.6863716451295854,1.6444675703537583,-0.25406569585842365,-0.8682298972899364,0.1794292520415955,1.644465695503169,-0.40270445472365807,-0.5465539466786288,-0.19458041690186023,1.1817228125607604,0.6170184870995777
-0.6477912926885632,-1.4613192764240999,-1.4613167194892522,-1.4268236232227645,-0.9784443982332452,0.24499302131948977,-0.899878685365971,-1.4268227707916863,-0.3459522365142786,-0.5220213727444055,-0.6781102568948366,0.21806692543344333,0.6170184870995777
4.846794136120939,-1.497396825603594,-1.4973958463267878,-2.0604808557231307,3.8037661301145587,-5.452684280290573,-0.899878685365971,-2.0604800189209436,1.5290729472891367,1.0019285702000205,0.7309463857083196,0.3976538300559146,0.6170184870995777
0.10273975381337001,1.7295652982498861,1.7295662109286927,1.585116448430999,-0.0016803561169699843,-0.20029614612428068,2.338045126856729,1.5851211606308047,-0.7434530675229868,-0.23245047718508588,0.011346538851721833,-0.7907274413302945,0.6170184870995777
0.053867964738825526,1.6782372227470652,1.6782365580825707,1.5482799103101383,0.004875107252937903,-0.09909406261433285,1.2587371894491621,1.5482825984723492,-1.5187942812960844,-3.02256039468577,-1.428845972647349,1.5793183315728918,0.6170184870995777
-0.35979682135642604,-1.5263747197010846,-1.526373739826233,-1.5571966386703004,-0.5031733039149233,0.17752496564619122,-0.899878685365971,-1.5571957052249996,1.171306159963758,1.4567423294174384,1.883525100293756,-2.503694928125071,0.6170184870995777
0.2319009106532376,1.6465350056901398,1.6465359200825243,1.656056464787247,-0.1393450868850356,-0.5916108690294123,1.2587371894491621,1.6560554015064568,-0.46989110720169996,-0.5165524575769028,-0.6597982843998081,0.7834588957575495,0.6170184870995777
-0.09274740248480794,-1.5341957047903088,-1.5341978815592656,-1.899706847601055,-0.2868430127079631,-0.11596107653265748,-0.899878685365971,-1.899699969920544,-0.9871228412672546,-2.0018404353110646,-1.081745843396702,1.0448708067915475,0.6170184870995777
1.359442901444514,1.5922758364818317,1.592276751994016,1.495904723145986,1.9747918499102581,-0.5949842718130772,1.2587371894491621,1.4958996655281345,0.1887762107435324,0.32141594704374404,0.012835765530534391,0.9561950718720756,0.6170184870995777
-0.9549853954428428,-1.5309757634014052,-1.530977940236815,-1.514903806038717,-0.7719473020811467,1.0512362866154075,0.1794292520415955,-1.514904127031087,0.20977409965053054,-0.011857294495888711,-0.27607421015910355,0.32670528832616347,0.6170184870995777
0.4675327508340771,1.5572037297850487,1.5572030676184418,1.4894200513985485,0.3097041539536547,-0.5848640634620824,3.4173530642642955,1.4894170447382347,-0.4435367578652314,-0.24988162396150698,-0.5146814180310726,0.357386700500202,0.6170184870995777
-0.7874249757586903,-1.5012686472834866,-1.5012708247319917,-1.4559456945248932,-0.7883359605059165,0.7105226054652498,-0.899878685365971,-1.4559423676837342,-0.24871176948245463,0.09593747222357614,0.2264846373964776,-1.0693990857210034,0.6170184870995777
-1.0125842897092703,-1.5329077282347472,-1.5329083266276764,-1.5067586653135265,-0.8899456427394887,1.0411160782644127,0.1794292520415955,-1.506759400752902,-0.4450680815970918,-0.9104612757162285,-0.8709926900728938,0.737543874637338,0.6170184870995777
-0.15209171778961195,1.232149068172593,1.2321499911170688,1.212850438913707,-0.2507879641734697,0.035842048732264264,-0.899878685365971,1.2128484228858403,-0.6136747913064982,-0.7445368383021802,-0.7909329669508036,0.6196902737231351,0.6170184870995777
0.603675591827451,1.6688962359139616,1.6688987282474645,1.607825899893995,0.22448313014485213,-0.9356979529632349,3.4173530642642955,1.6078256853550135,-0.9573004525951406,-0.2575911618356956,-0.2377955688592547,-1.0162461119028163,0.6170184870995777
-0.9270586588288174,-1.5668670610691884,-1.5668660803586563,-1.4991162504030995,-0.9260006912739821,0.838711911244517,0.1794292520415955,-1.4991120779644378,-0.25018439952155386,-0.26688423634047453,-0.623146761137921,0.0566663014187831,0.6170184870995777
0.32091738361044364,1.7205289431266153,1.7205282775893047,1.6345506077016163,0.8341412235462856,0.23824621575215993,4.496661001671861,1.6345462826999309,-0.6607989525576735,-0.49941516295873556,-0.728550916071655,0.4257432821111003,0.6170184870995777
0.7502909590510844,1.575702608744828,1.5757019461964414,1.0227251034176232,0.5620894936951083,-0.8716033000736012,-0.899878685365971,1.0227277087757387,-1.194858679484145,-2.2697805469989185,-1.0168541697810358,1.522554056119393,0.6170184870995777
1.8149977924608036,1.735346987126138,1.735344742880404,1.087334377103267,1.7650170220732058,-1.6913401765041787,0.1794292520415955,1.087334895385025,-0.44201072185343954,-0.6020307853889758,-0.5021608826203151,1.0167499581804134,0.6170184870995777
-0.694917660724731,-1.6240131287090185,-1.6240121468191067,-1.5251482773649718,-0.876834715999673,0.4406503827720556,-0.899878685365971,-1.5251449075210992,-0.17428340811315826,0.24519396221666828,0.4031786250104057,-1.2945200665848455,0.6170184870995777
0.8043990112407587,1.5603194965996054,1.5603204127713044,1.5011284864980885,1.0963597583426012,-0.4263141326298308,0.1794292520415955,1.5011316133459383,-0.5640380817360696,0.01639332549624122,0.028803584920024255,-0.9895688071640663,0.6170184870995777
0.5129136978318684,1.5515861947835254,1.551587111135462,1.4517107026611766,0.034374692417523396,-0.9559383696652245,0.1794292520415955,1.4517105851326944,-0.5186583393355184,0.0024884046188666633,0.06537237336642214,-0.7323661277308863,0.6170184870995777
-0.050857297563769804,1.5237163393404518,1.5237172562675663,1.4579513804464002,-0.16228920867971322,-0.06873343756134849,1.2587371894491621,1.4579516684255283,-0.7108770104964927,-0.05630651471176376,-0.11898837381620794,-1.1234813975952638,0.6170184870995777
0.053867964738825526,1.5397623805951546,1.5397648755937199,1.427016548633056,-0.09345684329568041,-0.20029614612428068,0.1794292520415955,1.42701235259372,-1.247517849845773,-2.0268505190024504,-0.9279418214015596,1.0163599431854098,0.6170184870995777
0.6071664339042042,-1.609417639481964,-1.6094166578932736,-2.148385821398433,0.3097041539536547,-0.8547362861552766,-0.899878685365971,-2.148385339357398,1.9079839171100776,0.9988063910185729,1.2666267377315656,1.2397192284099237,0.6170184870995777
-0.9951300793255043,-1.478732214366445,-1.4787312354748385,-1.3690592808260826,-0.6900040099572982,1.213159620231324,2.338045126856729,-1.3690584642899575,-1.1880295890155752,-1.1270711291490954,-1.13218650257352,-0.3060504347396277,0.6170184870995777
-0.8851685539077793,-1.634826765206753,-1.6348320967041055,-1.581258700957383,-0.7850582288209625,0.9028065641341506,0.1794292520415955,-1.5812573431742492,-0.24390294059475334,-0.6384194776527479,-0.7052196981035913,0.6926112168676903,0.6170184870995777
0.5879668024820617,1.636755222922666,1.6367545591142765,1.4982627855995998,0.27692683710411525,-0.8513628833716117,1.2587371894491621,1.4982597734443817,1.1383689516565798,1.3032821210493255,1.264972041421774,0.46008204420250803,0.6170184870995777
-1.1574542358945272,-1.5807838371603466,-1.5807828561626003,-1.4974492312518641,-0.8375019357802256,1.3750829538472404,0.1794292520415955,-1.4974540663320353,0.038697672154426696,-0.07742305730628561,-0.3799615601421949,0.12799648572861833,0.6170184870995777
1.4135509536341881,1.820348704585267,1.8203511937930958,1.1891600989717424,0.8046416383817001,-1.9038645518750692,1.2587371894491621,1.189159325821896,1.2906926561868042,1.280602448224092,1.1641734578836271,1.0426807225888346,0.6170184870995777
0.9492689574260156,1.5500346249868135,1.5500339629681625,1.4107950440042385,1.0406383196983842,-0.7636544109963236,-0.899878685365971,1.4107945425152935,-0.6082400726200127,-0.1448539650655995,0.06220087210598793,-0.6651077278769393,0.6170184870995777
0.16382949015655063,1.6336268288869764,1.6336277435457596,1.4691980283154407,0.404758372817319,0.09993670162189788,0.1794292520415955,1.4692036313185122,-1.5342687940767807,-3.1250086846370047,-1.496964304067109,1.613204285557399,0.6170184870995777
-0.9357857640207004,-1.6129737806335325,-1.6129727989714504,-1.4742992806221862,-1.2078856161800213,0.5654662857676579,0.1794292520415955,-1.4743012643886952,-0.2565381239559583,-0.2436250217586848,-0.6278626456208276,0.04841040260683544,0.6170184870995777
-0.01420345575786144,1.5320992357700924,1.5321017309268097,1.4636876948734894,-0.11967869677531195,-0.09572065983066791,3.4173530642642955,1.4636953482286414,-0.6565270035142685,-0.5335060945961614,-0.7276132548294396,0.3879969471474241,0.6170184870995777
-0.7228443973387565,-1.5031011727504067,-1.5031033501610922,-1.429682773947771,-0.8506128625200414,0.5216120495800138,0.1794292520415955,-1.4296864229814779,-0.2375553851670956,0.5934822327870791,-0.11443795896428052,-2.0917972313265696,0.6170184870995777
0.29997233114992455,1.6992394482964528,1.6992403616011238,1.6957767167836728,0.017986033992753676,-0.5612502439764279,1.2587371894491621,1.6957821789899987,-1.5736975600548175,-2.8491182395563937,-1.501845658180995,1.2769478690510727,0.6170184870995777
-0.6966630817631076,-1.5125952646397474,-1.5125958634518848,-1.4833745459818577,-0.07379045318595674,1.2705074675536276,0.1794292520415955,-1.4833691551683785,-0.297474418925547,-0.5658420758440154,-0.6951536288856915,0.5220002387402505,0.6170184870995777
0.6333477494798531,1.7951952800884206,1.7951961914127563,1.7074409382122075,0.9193622473550882,-0.277884410148574,2.338045126856729,1.707441480543289,-0.4901682798633508,-0.29689796928212775,-0.5529324810590917,0.35981818933309623,0.6170184870995777
0.3994613303373901,1.6210611654570444,1.6210636587777667,1.5361408013041398,-0.02462447791164759,-0.7973884388329728,0.1794292520415955,1.5361402219249272,-0.7192591043492039,-0.14683746713381318,0.050259480403657394,-0.8763332907792543,0.6170184870995777
-1.047492710476802,-1.5770367092891422,-1.577035728368729,-1.8482388594641959,-1.0308881051925083,0.9635278142401194,-0.899878685365971,-1.848236107621945,-1.1625018865831611,-2.2542553579711715,-1.228186466813271,0.906283618030252,0.6170184870995777
-0.8904048170229091,-1.4712032337659204,-1.471203833432306,-1.3658742589703337,-0.9161674962191203,0.7779906611385483,-0.899878685365971,-1.3658734444133915,-0.3275751179306038,0.0885870869872534,0.2619778732415107,-1.1228820722272705,0.6170184870995777
0.2476096999986269,1.7405083637642336,1.740509276217197,1.6889497984717872,0.2375940568846679,-0.23403017396092995,3.4173530642642955,1.6889577212339122,-0.7297975304458818,-0.5852689685285773,-0.7546399612227048,0.385013576631081,0.6170184870995777
0.4378605931816751,1.5281390235422694,1.5281399403781084,1.4698055569059203,0.22120539845989817,-0.6185980912987317,-0.899878685365971,1.4698074750611771,0.5704071837677503,0.96421346194413,1.3016235646836607,-0.29339064567998174,0.6170184870995777
-0.9497491323277131,-1.516987959191374,-1.5169869795102462,-1.4395587980156488,-1.0112217150827847,0.794857675056873,-0.899878685365971,-1.4395587564420673,-1.145492524923892,-2.468167485340069,-1.4502191333154926,1.346918931338963,0.6170184870995777
2.8413053630262377,1.634005645520965,1.6340065601719302,1.2888193509609602,2.627060455216093,-2.7876960811952802,2.338045126856729,1.2888222003528198,-0.3981972021372014,-0.4790169256399454,-0.6340401785107168,1.1117964031524412,0.6170184870995777
0.828834905778031,1.8192753907889658,1.8192763016163367,1.720947395932628,0.23103859351476003,-1.3641201064886808,0.1794292520415955,1.7209512049554578,-0.6653481543900075,-0.0991762795770242,0.08274668461923529,-0.8697693174823047,0.6170184870995777
-0.7909158178354435,-1.5461426343847258,-1.5461400756992951,-1.4842539067718512,-0.817835545670502,0.6869087859795953,-0.899878685365971,-1.484251381111052,0.1389884486364782,0.6250550146794682,0.6364632264192109,-1.7723589032899465,0.6170184870995777
0.5705125920982959,1.4722146395470526,1.4722155575370584,1.3725027298269457,0.5981445422296017,-0.4870353827357995,-0.899878685365971,1.372506755374442,-0.4206594369885247,0.18150966947509134,0.12761653288642108,-1.1399331929122354,0.6170184870995777
0.2720455945358991,1.5648353065572784,1.5648362226357801,1.5519709330673919,-0.2868430127079631,-0.8210022583186274,1.2587371894491621,1.5519752564783422,-1.4038531713346925,-1.2095293097791144,-1.0809736517854658,-0.3283936193550093,0.6170184870995777
0.5722580131366723,1.1387518270626904,1.138751173532088,1.0105352305671371,0.38509198270759537,-0.7096799664576847,0.1794292520415955,1.0105362059577268,-0.537080932311783,-0.5637973545761654,-0.38362947029556665,0.5379587592782102,0.6170184870995777
0.008487017741034214,1.600788161928085,1.6007890772645923,1.4815123544620898,-0.1459005502549435,-0.1665621182876314,1.2587371894491621,1.481515902885057,-0.6898232480141032,-0.7362069458716778,-0.7914845323874008,0.5266755347715917,0.6170184870995777
-0.9253132377904408,-1.618810713602241,-1.6188065750144784,-1.5604750004981716,-0.8833901793695809,0.8791927446484962,0.1794292520415955,-1.5604728368589211,-0.23080719681557516,-0.28959247812553823,-0.5627227675586927,0.10646891386665223,0.6170184870995777
-0.8537509752170007,-1.495370156611755,-1.495369177376775,-1.3124232058117202,-0.988277593288107,0.6329343414409564,0.1794292520415955,-1.3124179212279683,-0.2408408219030393,0.7097415741762461,0.22678799838660602,-2.38746208719905,0.6170184870995777
-0.9480037112893365,-1.5220341124366312,-1.522033132651361,-1.3839674756717069,-1.2406629330295607,0.5553460774166631,1.2587371894491621,-1.3839682874139332,-0.712920009273656,-0.17072519883186815,-0.13206047466356244,-1.1653909158777003,0.6170184870995777
0.5024411716016088,1.6356266650339082,1.6356260012488097,1.5933172656307886,0.20153900835017452,-0.7636544109963236,1.2587371894491621,1.5933150131795792,-0.25225665701642996,0.5943270577420591,0.3006150320751479,-1.745482055995613,0.6170184870995777
-1.1591996569329037,-1.5419882786319836,-1.5419857200322904,-1.4640433464923375,-1.0079439833978308,1.2030394118803291,-0.899878685365971,-1.4640400146192707,-0.2373847680662161,0.29861791709921387,0.30742686521712376,-1.497560896202029,0.6170184870995777
-1.1818901304317995,-1.5011029150061166,-1.5011003572502148,-1.3963473035531786,-1.3062175667286395,0.9399139947544648,0.1794292520415955,-1.396339919890774,-0.2402819098917905,-0.542819575500819,-0.7049163371134629,0.6336170882406106,0.6170184870995777
2.3386241039737805,-1.540294652597526,-1.5402936724353948,-1.7430610863161737,2.5877276749966454,-1.85663691290376,0.1794292520415955,-1.7430854192805627,0.22684427009058827,1.206119088666685,-0.6270628757377614,-2.778082686881929,0.6170184870995777
-0.8170971334110922,-1.4897684056366476,-1.4897705833224946,-1.3874865563750511,-0.6080607178334496,0.9534076058891245,0.1794292520415955,-1.3874828626890383,-0.4612779399819918,0.504098120038215,0.03567057460566026,-2.1607615107203806,0.6170184870995777
1.762635161309506,-1.505637665795489,-1.5056398431538265,-1.7951366030435125,1.561797657606061,-1.7992890655814564,0.1794292520415955,-1.7951387968262382,0.5841894498691657,0.459599924462631,0.10489203689861455,0.3248633570438562,0.6170184870995777
0.5774942762518022,1.3208695022553774,1.320868844966233,1.1867578228471236,-0.13606735520008167,-1.256171217411403,0.1794292520415955,1.186756232418883,-0.596275195906168,-0.8904711663950131,-0.8076178214078702,1.2154259688195235,0.6170184870995777
-0.9811667110184916,-1.5627032349005965,-1.5627006758733883,-1.4858832624255633,-0.6834485465873903,1.1929192035293343,-0.899878685365971,-1.4858786888243358,-0.25204197558164565,-0.5951823975896701,-0.7173265594369009,0.6781785689488237,0.6170184870995777
0.7241096434754356,1.4312124741257057,1.4312149713645226,1.2792511850467487,1.0013055394789367,-0.36896628530752706,3.4173530642642955,1.2792548591554747,-0.31116273986707726,-0.2830256986445592,-0.48666189385193237,0.8407478425460083,0.6170184870995777
0.10797601692849977,1.5835299074446185,1.5835308231373013,1.4587848900220177,-0.1459005502549435,-0.35884607695653226,1.2587371894491621,1.4587868150255532,-1.3239902675362463,-1.6756808647691614,-1.0979342889608312,0.31690677206528345,0.6170184870995777
1.1953733238371147,1.5071083867453325,1.5071093040152017,1.4394831663131675,1.6044081695104624,-0.6590789247027108,2.338045126856729,1.4394822376117402,-0.46481330961984363,0.02564150592128693,0.09601183336939889,-0.6383690254287789,0.6170184870995777
0.053867964738825526,1.8204718199913135,1.8204711523913832,1.7088312125338172,0.03765242410247734,-0.06536003477768357,2.338045126856729,1.7088313446153893,-1.2988725396664829,-1.7458421488322509,-0.9902135591933888,0.5626043579964761,0.6170184870995777
-0.9235678167520642,-1.5803750308761673,-1.5803756282894668,-1.5207498358716343,-0.988277593288107,0.7678704527875535,-0.899878685365971,-1.5207481063033206,0.18283951116520322,-0.0739254003670693,-0.3330233414877693,0.4250379061541258,0.6170184870995777
-0.9933846582871277,-1.521342772079602,-1.5213449491138176,-1.4106201315710234,-0.6244493762582193,1.2772542731209575,0.1794292520415955,-1.4106192892088483,-0.3006641479282494,-0.3242425451196415,-0.6756006341583192,0.06777370521209052,0.6170184870995777
0.4151701196827794,1.7818640913773032,1.7818650029767678,1.664918849508745,0.034374692417523396,-0.7670278137799885,1.2587371894491621,1.6649185994920164,-1.4864693909728477,-2.1984356917428616,-1.2477670398124732,0.5921213067954499,0.6170184870995777
0.3366261729558329,1.4359902989218876,1.435991217659491,1.3201046170556054,0.3064264222687007,-0.33523225747087776,1.2587371894491621,1.3201074470066971,-0.4555448176263029,-0.4864570990357346,-0.6203337774112752,0.737059669974489,0.6170184870995777
0.3540803833395988,1.750786921766459,1.7507894124099028,1.3902062112061242,0.12942891128118778,-0.5511300356254332,0.1794292520415955,1.3902106351382069,-0.7430073127212057,-1.0712637067607127,-0.7536195651649997,1.0590501891590969,0.6170184870995777
0.5094228557551153,1.5562093361208285,1.556211830779962,1.504564052489534,0.2834823004740231,-0.6928129525393601,1.2587371894491621,1.5045663584313351,-0.6616731889423452,-0.0975968242264096,0.10891846458577438,-0.8485040812878187,0.6170184870995777
-0.8904048170229091,-1.533655891086875,-1.5336549110617543,-1.4755290756934807,-0.6113384495184035,1.0917171200193867,0.1794292520415955,-1.475529421153438,-0.37817101992147245,0.08438336861223263,0.17841570959702752,-1.212178761253278,0.6170184870995777
-1.1260366572037486,-1.4587796265737343,-1.4587786480939091,-1.3541559986105702,-1.3488280786330409,0.7881108694895431,0.1794292520415955,-1.3541547819498057,-0.20748711751179277,-0.2947348908949811,-0.5636052722572483,0.16418973772471268,0.6170184870995777
0.15684780600304427,1.2117340084058879,1.2117333533690802,1.0576964796394104,0.3588701292279638,0.0662026737852486,1.2587371894491621,1.057695378795903,-1.231003418784923,-1.9766711817006248,-0.8489852291526637,0.9726901246661318,0.6170184870995777
-0.6477912926885632,-1.5349501812530026,-1.5349492012011707,-1.4909547342442033,-0.6244493762582193,0.609320521955302,0.1794292520415955,-1.490950976262723,-0.2779766562020047,-1.122957198933541,-0.8398016646333196,1.6244554158068258,0.6170184870995777
-0.9689487637498555,-1.4752597285548823,-1.475258749734941,-1.375288495807712,-0.988277593288107,0.8555789251628416,-0.899878685365971,-1.3752913598710264,-0.09982437796746414,0.34836055744363453,0.29948432293012345,-1.3861024248838976,0.6170184870995777
0.15684780600304427,1.6288726801304187,1.628873594887318,1.5030968136295078,-0.2147329156389763,-0.5241428133561137,2.338045126856729,1.5031007580254088,-0.47040119593098223,-0.2908576749180202,-0.5050014446187907,0.34111281900027135,0.6170184870995777
0.37851627787687103,1.3757032100252349,1.3757025516044332,1.248367117077892,-0.008235819486877871,-0.740040591510669,-0.899878685365971,1.2483708103780797,-0.5338106537067026,-0.061975412598078185,0.18947459660080235,-0.7797100409973725,0.6170184870995777
0.6717470123241379,1.671595304431131,1.6715962183063213,1.5590140071041922,0.12942891128118778,-1.16508934225245,2.338045126856729,1.5590105478123761,-0.6582298256336866,-0.01649362854833881,-0.025856549846762493,-1.0818014230218724,0.6170184870995777
2.79417899499007,-1.5809511478403582,-1.580950166839159,-2.143230834867894,2.813891161258468,-2.504330247367426,-0.899878685365971,-2.1432311748013615,0.6729036445477418,0.3344678804061872,-0.4117593075620262,0.6179243918763474,0.6170184870995777
0.5705125920982959,1.6818975384729806,1.6818937169277266,1.4837230380123527,0.4932571283110755,-0.5949842718130772,0.1794292520415955,1.48372044427777,-0.3654098125652997,-0.20047772985507348,-0.4526854629575419,0.4422927556021337,0.6170184870995777
0.08179470135285094,1.6904272263482918,1.6904297182374384,1.7404751006266161,-0.3196203295575025,-0.4870353827357995,2.338045126856729,1.7404768505869246,-0.3155756947789776,0.5505349236022795,0.23906032935089505,-1.6780694641668972,0.6170184870995777
0.8567616423920564,1.6641562927811786,1.6641572068098953,1.5004931196703093,0.6276441273941872,-1.0099128142038634,0.1794292520415955,1.5004991126120957,-0.3998586037827489,-0.27891993098895634,-0.4729830710243208,0.4974292940550176,0.6170184870995777
-0.8799322907926495,-1.5032621698198518,-1.5032627688246056,-1.7832021869588346,-0.7981691555607783,0.8791927446484962,-0.899878685365971,-1.7832011130729397,-1.1609420091629303,-2.2417707225253576,-1.2281588885414412,0.8972114087636455,0.6170184870995777
0.36106206749310515,1.4484517877774727,1.448451127855287,1.2971822849544359,0.2965932272138389,-0.39258010479318156,1.2587371894491621,1.2971818540648345,-0.5139297075355239,-0.5940682081562908,-0.658612418711124,0.7286551607977189,0.6170184870995777
-0.8293150806797284,-1.540498266538295,-1.5404988647745705,-1.5012090308306816,-1.1357755191110346,0.4339035772047257,0.1794292520415955,-1.501206085248324,-0.0016634951290362342,0.546229173227865,0.5210481588112373,-1.7279383582328798,0.6170184870995777
-1.1906172356236824,-1.5150591511633151,-1.515059749924603,-1.3950683821807672,-1.1718305676455278,1.0950905228030514,0.1794292520415955,-1.395066730711324,-0.19306362722339443,0.3359044909576506,-0.3088647753648099,-1.266983891615595,0.6170184870995777
-0.8589872383321304,-1.5020704758254293,-1.502067918049559,-1.474014348075708,-1.0767763487818636,0.5519726746329982,1.2587371894491621,-1.4740126475489808,-0.45574786607693635,0.12531860676898837,0.0401934111857576,-1.3935392224362133,0.6170184870995777
-0.11892871806045677,1.2027307997380907,1.2027317232897003,1.1112850864411512,-0.2343993057487,-0.011385590239044724,0.1794292520415955,1.1112859992254478,-0.4580593047762478,-0.5292738072613103,-0.6473880620763701,0.722092582903256,0.6170184870995777
0.22142838442297805,1.3049576252252122,1.3049585466670661,1.2288181243200866,0.19498354498026663,-0.22728336839360008,-0.899878685365971,1.2288144608274945,-0.3907177221001965,0.3412999430855899,0.2837095514434422,-1.4979390502758967,0.6170184870995777
0.36280748853148176,1.645422231827798,1.645423146243148,1.6043035441039095,0.22120539845989817,-0.4735417716011398,1.2587371894491621,1.6043070162240258,0.15010817142602845,1.1671061333785067,1.06334729607365,-2.0985956322412673,0.6170184870995777
-0.21492687517116915,1.5211261806055543,1.5211286759887335,1.6420128928412814,-0.14262281856998957,0.26860684080514424,1.2587371894491621,1.6420155227575073,-1.6707777210398957,-3.1474271555437903,-1.5762242573061336,1.2760366712273252,0.6170184870995777
2.6754903643804617,1.6166779413212673,1.6166788563298415,0.8973072942094173,2.289454091665837,-2.8146833034645997,1.2587371894491621,0.8973062930322794,0.4538193015196674,0.7263115708777842,0.4338180850133829,0.3530776976215923,0.6170184870995777
-0.9898938162103746,-1.5978116448581365,-1.5978106635089706,-1.544612117867508,-1.1161091290013108,0.7644970500038886,-0.899878685365971,-1.54461119224227,-0.09924167121590675,0.4067799990164961,0.4442426717650708,-1.658544294873197,0.6170184870995777
-0.860732659370507,-1.546660350451177,-1.5466593701576707,-1.433786457634407,-0.39173042662648927,1.260387259202633,0.1794292520415955,-1.4337843727198358,-0.25089242523873656,-0.2696839944038379,-0.5667767735176825,0.02509043625083626,0.6170184870995777
0.3436078571093393,1.6310051020992467,1.631006016812137,1.5645259780895142,0.5129235184207992,-0.13620149323464703,0.1794292520415955,1.564529065541953,-0.5210205401474883,-0.05335166800932197,-0.05853680196514948,-0.7419504497100736,0.6170184870995777
0.1655749111949272,1.7126037834630443,1.7126062748945112,1.7376454256822798,0.04093015578743128,-0.277884410148574,1.2587371894491621,1.7376459492441927,-0.4525519680674872,0.21178460433519244,0.2227615706994462,-1.1178460646531443,0.6170184870995777
0.7572726432045909,-1.5861062108678872,-1.5861068081629068,-1.6732804506662855,1.686351461634311,0.2719802435888092,-0.899878685365971,-1.6732872234122975,2.07123028872863,1.4860704073231659,2.0661484163511044,-0.533189167599088,0.6170184870995777
-0.4069231893925939,-1.5040229598931123,-1.504021980479556,-1.4536171078519498,-0.6211716445732653,0.14716434059320688,0.1794292520415955,-1.453615010614547,-0.3424914237293937,-0.5730169660413809,-0.7153685021369807,0.3233137625824909,0.6170184870995777
1.0854117984193896,1.6320010741661084,1.632001988858444,1.4998823159930885,1.2668018059602062,-0.7940150360493079,0.1794292520415955,1.4998870811576657,-0.7126142027963565,-0.8247707213454165,-0.8059355468262488,0.8498019115802892,0.6170184870995777
0.8253440637012778,1.6972538177732956,1.697253152716337,1.4953577836602172,0.6014222739145556,-0.976178786367214,0.1794292520415955,1.4953633704075302,1.3106946911475532,1.384389398007372,1.7095337833191546,0.49151278751184885,0.6170184870995777
-0.9253132377904408,-1.475243944528466,-1.4752445441114597,-1.4268989502178104,-0.7195035951218837,1.0478628838317425,0.1794292520415955,-1.426898507125512,0.1479705224596376,-0.053065978411019586,-0.2778392195562147,0.2943242759234505,0.6170184870995777
-0.8328059227564816,-1.56119586037785,-1.56119487978436,-1.5489172193887235,-0.5556170108741865,1.0377426754807477,-0.899878685365971,-1.5489138347747518,0.8511065086376051,1.1344232433327142,1.3391851709159335,-1.9157846501735152,0.6170184870995777
-1.2325073405447204,-1.6217070824496125,-1.6217061006072928,-1.463013331712252,-1.1226645923712186,1.2266532313659837,-0.899878685365971,-1.4630063160089455,-0.24120567458777123,0.3608615180093517,0.3006426103469775,-1.7119819307986497,0.6170184870995777
0.505932013678362,1.7825428045131995,1.7825437160986568,1.7483877101931864,0.7358092729976673,-0.22053656282627024,4.496661001671861,1.7483902740077497,-0.5453625594831913,0.24791209468051667,0.10315460577333324,-1.3554007793738034,0.6170184870995777
0.4151701196827794,1.6745958478528493,1.6745983400687237,1.5974618879016889,0.4539243480916282,-0.33523225747087776,4.496661001671861,1.5974600422605858,-1.0079217356423384,-0.9929684317059567,-0.9891104283201942,0.29017993053825913,0.6170184870995777
0.08354012239122753,1.3179210461208324,1.3179219672951472,1.2658069539744097,-0.09673457498063436,-0.2610173962302494,-0.899878685365971,1.265810636437425,-0.3216648569526175,0.23830068033762936,0.16418532133281846,-1.0259916028692058,0.6170184870995777
-0.5500477145394742,-1.5144688285753496,-1.5144678489462113,-1.5436230416716867,-0.48678464549015366,0.562092882983993,-0.899878685365971,-1.5436245729745934,4.517924637218291,2.121354285788199,3.985513400894033,0.5192192015844638,0.6170184870995777
-1.1818901304317995,-1.5459295500281072,-1.5459285697496832,-1.4867822737360035,-1.0112217150827847,1.2435202452843084,0.1794292520415955,-1.486783430974363,0.14521597281857923,0.02930649533950893,-0.3057484306480356,0.12678178786403616,0.6170184870995777
-1.0352747632081658,-1.5432273247056547,-1.5432279228856083,-1.4815797984477184,-1.0734986170969096,0.8960597585668207,0.1794292520415955,-1.4815760462918541,-0.1713235186761034,-0.5307593931724827,-0.6180999373930562,0.6555039762428753,0.6170184870995777
0.1498661218495379,1.588230390511361,1.5882281493018173,1.5454027466080555,-0.15573374530980533,-0.4499279521154853,3.4173530642642955,1.545404617786969,-0.6530891041830141,-0.5404932459146424,-0.7315017911574503,0.4141349288251048,0.6170184870995777
0.09575806965986365,1.547834331704396,1.5478368265363727,1.5075132680999217,-0.23112157406374603,-0.4229407298461659,0.1794292520415955,1.5075159815946586,-0.5490997437703273,0.05699389869498559,-0.012536244552939233,-1.1097324968948294,0.6170184870995777
-0.35630597927967284,1.7043140127892593,1.7043165043918105,1.6218056076485088,-0.5654502059290483,0.10668350718922774,2.338045126856729,1.621804156265726,-1.3058144348298488,-1.584692808989828,-1.0713488349168439,0.22419204464835826,0.6170184870995777
-0.7437894497992755,-1.5630126018183539,-1.563013199589979,-1.7704932128598794,-1.2603293231392843,0.140417535025877,-0.899878685365971,-1.7704917374857947,-1.1169589298898264,-2.191411808904599,-1.3174573327265353,0.9984234396226995,0.6170184870995777
-0.9480037112893365,-1.455491813871241,-1.4554924138618788,-1.419356425452988,-0.9194452279040742,0.885939550215826,-0.899878685365971,-1.4193596715179335,1.8943102255274038,1.2200933913036474,1.5825634198144682,0.504629570885855,0.6170184870995777
0.08703096446798071,1.701120904245263,1.7011218175111047,1.4664928066672673,-0.04429086802137125,-0.21378975725894037,1.2587371894491621,1.466491451796372,-1.3300972317007838,-2.0824906089118276,-1.0896332291400426,0.8961871833384837,0.6170184870995777
0.2476096999986269,1.6258389902532264,1.6258414834753439,1.565858938393154,-0.03773540465146336,-0.5173960077887838,1.2587371894491621,1.5658595687037575,-0.02436579247147299,0.9707843227050849,0.828187372180414,-2.1581248977219567,0.6170184870995777
0.21444670026947169,1.5461280784488054,1.5461274165107777,1.4447740689434632,-0.14262281856998957,-0.5612502439764279,0.1794292520415955,1.444775593267781,-0.604704174210154,-0.9855160144702403,-0.7337080529038392,1.3814935164506055,0.6170184870995777
-0.3440880320110367,-1.5293484302778955,-1.5293506071468905,-1.5113650748149259,0.02781922904761551,0.6936555915469251,-0.899878685365971,-1.5113670355486282,0.1034091428683668,-0.13496910496433703,-0.33862173066923146,0.27130362340082625,0.6170184870995777
-0.6966630817631076,-1.6102652417005137,-1.6102642600943304,-1.687777622125898,-0.7063926683820678,0.6194407303062968,-0.899878685365971,-1.6877774263083194,2.5131380979026066,1.5032321896211875,2.906541093822499,0.18691875112763828,0.6170184870995777
0.5286224871772577,1.5948675736193707,1.5948669106754578,1.4494820061338376,0.6079777372844636,-0.39595350757684644,0.1794292520415955,1.449477386748804,-0.3536904623199726,0.0783430742481251,-0.3578437861346455,-0.4303807962953677,0.6170184870995777
-0.8066246071808327,-1.6212682865152424,-1.6212657262793695,-1.513582308538671,-1.001388520027923,0.5283588551473437,0.1794292520415955,-1.5135797646531062,-0.40085375269965545,-0.6067487450409409,-0.7640441519166878,0.3808880691794587,0.6170184870995777
-0.9043681853299217,-1.5520884771357062,-1.5520906535353922,-1.4753227452287894,-0.8506128625200414,0.8724459390811663,0.1794292520415955,-1.475322681431373,0.05451676802625864,-0.027994675519997604,-0.339697283270596,0.09045876343668834,0.6170184870995777
-0.32488840058889423,-1.5497950580974331,-1.5497940777392327,-1.497874992528211,-0.32289806124245646,0.2955940630744637,-0.899878685365971,-1.4978777804158714,0.5045620258711069,0.7523705435229373,0.29005255396431057,-1.2100912391333296,0.6170184870995777
-0.7839341336819371,-1.6372796029118295,-1.6372786207481242,-1.6029921765715223,-1.2439406647145146,0.234872812968495,-0.899878685365971,-1.602995717910194,-0.12196564821062468,-0.15385318741212456,-0.4534300762969482,-0.19028575134785966,0.6170184870995777
0.5530583817145299,1.673921869924878,1.6739227837520525,1.5802300190132328,0.41131383618722694,-0.6455853135680512,1.2587371894491621,1.580233096707129,-0.4018314521403357,-0.3237609540825032,-0.4232042903714192,0.4990947069227704,0.6170184870995777
0.4797506981027132,1.3995149922767052,1.3995159117670852,1.3407736894788773,-0.2868430127079631,-1.2224371895747537,2.338045126856729,1.3407834661411395,-0.5428355580624175,0.04039941431359289,0.09479838940888517,-0.8508699862038429,0.6170184870995777
1.2180637973360102,1.6030105528474852,1.6030114681381267,0.7672683376094768,1.1488034653018642,-1.1718361478197798,1.2587371894491621,0.7672670078533878,0.6154804146616596,0.4603957740579019,1.2149450563224033,2.0609373136141826,0.6170184870995777
0.48324154017946636,-1.594135545105805,-1.5941361422351155,-1.879892572817218,0.35559239754300986,-0.5679970495437577,-0.899878685365971,-1.8798918482331863,3.2589692510023074,1.9470958746636728,2.2610716416445715,-0.544927293316337,0.6170184870995777
0.5164045399086216,1.5675106990348233,1.5675131934607194,1.4331049348848166,0.24414952025457579,-0.7467873970779989,-0.899878685365971,1.433108104002726,-0.8093216676452677,-1.3012356708341795,-0.9932471690946736,1.2410141619174853,0.6170184870995777
-0.7455348708376521,-1.494465731898107,-1.4944647526817925,-1.4267253706205307,-1.0079439833978308,0.40354295215174135,-0.899878685365971,-1.426726565178448,-0.3571604404863097,-0.07204393029824932,-0.5369095051259416,-0.9994594199890615,0.6170184870995777
0.5478221185994001,1.6382547054322045,1.6382556199954776,1.522563929218785,0.39820290944741116,-0.648958716351716,1.2587371894491621,1.5225649958186385,-0.08201568929116157,0.5065346441837367,0.02670763626095484,-0.8303282661986572,0.6170184870995777
0.5774942762518022,1.63050159165657,1.6305009279772429,1.7594345777710183,1.2668018059602062,0.187645173997186,1.2587371894491621,1.7594354971786683,-1.7361438114983259,-3.1273268516632298,-1.5915026198998774,1.1490417886234292,0.6170184870995777
0.6089118549425808,1.7126321947105934,1.712631529336256,1.685659973840322,1.168469855411588,0.02572184038126948,2.338045126856729,1.6856621672485195,-1.591602573365036,-2.160614470207602,-1.2575021697684146,0.48525301195697734,0.6170184870995777
0.06259506993070847,1.6386319436635515,1.6386312798164302,1.5856617503733972,0.1851503499254048,0.06957607656891354,0.1794292520415955,1.5856615496072914,-1.2482930296078267,-2.409539898488444,-1.2923611053613606,1.5433413669622198,0.6170184870995777
-1.3424688659624455,-1.5807333282758147,-1.5807339256817199,-1.473968496861332,-1.3094952984135935,1.2468936480679733,0.1794292520415955,-1.473969662062215,-0.3619773772114495,0.29682215390988465,0.2831304077350149,-1.6041926703190237,0.6170184870995777
-0.3755056107018153,-1.4959225975363217,-1.4959216182899404,-1.4820022846373242,-0.008235819486877871,0.7172694110325797,0.1794292520415955,-1.481997713447749,0.6724559509152688,1.2267866904638745,1.2796712603070906,-2.472816066499179,0.6170184870995777
-0.7001539238398609,-1.507897938378288,-1.5078953804821507,-1.4280812565313585,-0.5326728890795088,0.8049778834078678,-0.899878685365971,-1.428077537619665,-0.044319180407591176,0.38313306283701026,0.6068441624739388,-1.3413490763337776,0.6170184870995777
-0.9253132377904408,-1.449378660440249,-1.449380838959659,-1.3738376323813914,-0.5556170108741865,1.216533023014989,-0.899878685365971,-1.373840087960689,-0.15772544149041023,-0.7742526378056037,-0.6866870994339239,1.312091080676003,0.6170184870995777
-0.7699707653749244,-1.5306095739885495,-1.5306101724289078,-1.4823576315487368,-1.047276763617278,0.4102897577190712,0.1794292520415955,-1.4823620666212896,-1.1463953149969341,-1.3919625246950649,-1.033456289422613,0.01225552417912249,0.6170184870995777
0.024195807086423514,1.642486402914386,1.6424873173903256,1.5482160461186862,-0.03773540465146336,-0.08560045147967313,1.2587371894491621,1.5482211906341121,0.10816703338607413,0.9995451026941834,0.8422247125418141,-1.968428999785338,0.6170184870995777
-0.7856795547203137,-1.5100161547233413,-1.5100199103939245,-1.4076348900064835,-0.6572266931077587,0.842085314028182,0.1794292520415955,-1.407636915198465,-0.2123017628915695,-0.21804764015067002,-0.5855024200901591,0.05574114957016968,0.6170184870995777
0.025941228124800104,1.291422822573326,1.291423744294511,1.1925923898764468,-0.24751023248851575,-0.30487163241789345,2.338045126856729,1.1925940709072929,-0.42656317644509306,-0.5137731059134182,-0.6166934455297333,0.8370221179067959,0.6170184870995777
0.4780052770643366,1.701917997579281,1.701917332426063,1.6042626055196454,-0.06067952644614097,-0.9862989947182088,2.338045126856729,1.6042599368813775,-0.37220047893470437,-0.2767976654015672,-0.513385239255069,0.5775491186279236,0.6170184870995777
-0.7088810290317438,-1.5468750132104372,-1.5468740329125008,-1.5410046098221533,-0.5654502059290483,0.7881108694895431,-0.899878685365971,-1.541002458281868,-1.022779347748367,-1.1693164581780662,-0.8147054372681448,-0.12879454997101572,0.6170184870995777
0.2772818576510289,1.6474694200539786,1.6474671776218603,1.543296865833509,0.1097625211714641,-0.4229407298461659,2.338045126856729,1.5432983289354354,-0.7816538486437641,-0.17263115658054262,-0.076683304829199,-0.9732432957721315,0.6170184870995777
-0.2899799798213625,-1.543408841009441,-1.5434110175882574,-1.4899198068340063,-0.37534176820171955,0.17415156286252628,0.1794292520415955,-1.489917277652398,0.2077404425121551,0.07368225251582051,-0.2583689596443319,0.1962728316965373,0.6170184870995777
-0.5151392937719425,-1.5319228049863767,-1.5319218249970237,-1.4644871207457606,-0.20817745226906845,0.7813640639222132,-0.899878685365971,-1.4644882918384017,-0.1145036176498461,-0.3791724923132383,-0.5700034313217763,0.35776276147033975,0.6170184870995777
-0.48372171508116385,-1.517382559851779,-1.5173815801625072,-1.6547811232090124,-0.5359506207644628,0.3833025354497518,-0.899878685365971,-1.654780947895567,4.681197447437186,2.111400043927349,4.053686888857453,0.761158270918009,0.6170184870995777
-0.8537509752170007,-1.5158120492233675,-1.5158126479691172,-1.4286036328665688,-0.9161674962191203,0.7071492026815849,-0.899878685365971,-1.4286015511726218,0.017101565850336654,0.2897166454721068,0.3751315225594359,-0.9927098581613948,0.6170184870995777
2.888431731062406,-1.5077290492956348,-1.5077280698055922,-2.202527917859425,3.0367769158353357,-2.4571026083961174,-0.899878685365971,-2.2025224895472535,2.9059434334904166,1.6116962862566753,2.1755789989719982,0.6891771313481765,0.6170184870995777
0.6054210128658276,1.690239396433939,1.690238731521744,1.6674144656054863,0.8013639066967462,-0.34535246582187257,0.1794292520415955,1.6674158515803263,-0.5334165423042578,-0.40490088128035573,-0.6666101175417842,0.5386780892600508,0.6170184870995777
-0.8973865011764154,-1.5523662760006312,-1.552366873991975,-1.4534451657980405,-1.0702208854119557,0.6329343414409564,0.1794292520415955,-1.4534430686674829,-0.27247302089729214,0.25949068597171465,0.18508965137985442,-1.310609057255302,0.6170184870995777
0.387243383068754,1.5742141750537808,1.5742135125361127,1.5101120494290083,0.15892849644577325,-0.5848640634620824,0.1794292520415955,1.510109439296207,1.0874027330035752,1.5006446581165631,1.565023638930676,-0.6355140319412027,0.6170184870995777
-0.7158627131852502,-1.519816456725156,-1.5198154769856536,-1.4776939080293676,-0.6211716445732653,0.7442566333018991,-0.899878685365971,-1.477690977059385,-0.22565466612341625,0.19804701593682358,0.4252688207461253,-1.196484669486528,0.6170184870995777
0.4500785404503112,1.6198426386177143,1.6198435535609754,1.4380994421650402,-0.07706818487091069,-0.9491915640978946,-0.899878685365971,1.4381046551072874,-0.5482905463424992,0.054226790871428225,0.1756027258703819,-1.0426708487914926,0.6170184870995777
1.1115931139950384,1.667775570038412,1.6677749055898248,1.5298886607153224,1.1619143920416801,-0.9525649668815596,-0.899878685365971,1.529888903992387,-0.5966864042701677,-0.09850286838102573,0.025052939951163273,-0.7092198889844683,0.6170184870995777
0.6926920647846571,1.530250926276756,1.5302518430690097,1.4273456948505394,0.9357509057798579,-0.3757130908748569,1.2587371894491621,1.4273439549202005,-0.7629159312940765,0.015140372543686482,-0.12262870569774958,-1.377664426047449,0.6170184870995777
-1.4314853389196516,-1.4657403822232757,-1.4657394035997946,-1.3949422913412337,-1.1324977874260806,1.6011009403527907,1.2587371894491621,-1.39494391503485,-1.2859301397692933,-1.9005879603927245,-1.2517658892278032,0.39286969263061877,0.6170184870995777
0.12193938523551248,1.5971562574497187,1.597157172861181,1.823004011416353,-0.2343993057487,-0.47691517438480474,1.2587371894491621,1.8229987505379235,-1.3504387382899357,-0.2710797921555438,-0.668016609405107,-1.6659803947242693,0.6170184870995777
1.0138495358459494,1.5953332023986484,1.5953325394451259,1.616793087391209,0.46375754314649004,-1.482189203916953,1.2587371894491621,1.6167994174493998,0.03137594243280108,0.6774953810878585,0.09832840820310747,-0.3959004008515704,0.6170184870995777
0.9754502730016644,1.3179589277842312,1.3179598489577642,0.8640242252026828,1.4339661218928574,-0.4094471187115062,-0.899878685365971,0.8640273385636363,-1.1789766597434967,-2.1408855628048347,-1.0701353909563298,1.1848415371183034,0.6170184870995777
0.7659997483964738,1.3790904620941502,1.3790898036034425,1.0622799635336218,0.9816391493692131,-0.47016836881747487,-0.899878685365971,1.062276403528393,0.40410345240554585,0.7224955741004595,0.49631044897985066,0.019697205640141137,0.6170184870995777
-0.7298260814922628,-1.5999693212692303,-1.5999714966807523,-1.5121789338700968,-0.175400135419529,1.2300266341496486,-0.899878685365971,-1.5121796659412996,-0.2960876262088944,-0.6455453924904044,-0.6970565296419521,0.6263868102563114,0.6170184870995777
-0.7141172921468736,-1.5006846383060874,-1.5006836589614272,-1.4520303283258722,-0.5916720594086798,0.7712438555712184,-0.899878685365971,-1.45203273531597,-0.2723577485997971,0.25115263098126084,0.26707985353003527,-1.4874888810537763,0.6170184870995777
-0.8415330279483645,-1.550956762441665,-1.5509573604620983,-1.4754995999128104,-0.6506712297378509,0.9567810086727895,-0.899878685365971,-1.4754905295225544,0.31538009234551756,0.6312667228025571,0.029024211094663424,-0.9822073613460268,0.6170184870995777
-0.41041403146934713,-1.429606010548683,-1.4296050326709424,-1.4453573390908196,-0.16228920867971322,0.6261875358736266,-0.899878685365971,-1.4453556563716525,0.25771856254167813,0.0701682704567012,-0.12122221383442677,0.2011309254536227,0.6170184870995777
-0.21318145413279257,1.4635176409917299,1.463516980758615,1.3775840269058088,-0.4015636216813511,-0.0012653818880499416,2.338045126856729,1.3775913243804763,-0.5705077834973116,-0.9714886551935932,-0.7552742614747915,1.4613258881112725,0.6170184870995777
-0.019439718872991205,1.1745689398063177,1.1745698639391313,1.1467903018017425,0.017986033992753676,0.056082465434253825,-0.899878685365971,1.1467920112941574,-0.301325465451493,0.3715218213060063,0.3177687171533219,-1.4728511089693799,0.6170184870995777
0.5373495923691406,1.6010770096115012,1.6010747681368291,1.5227342337293237,0.4473688847217203,-0.5781172578947525,1.2587371894491621,1.5227307969818786,-0.492833114520579,-0.2982651980740034,-0.41142836830006796,0.16580352070046142,0.6170184870995777
0.12368480627388907,1.3772721422510046,1.3772714837978233,1.1743910953126162,0.01143057062284579,-0.22728336839360008,-0.899878685365971,1.1743907407258658,-0.3953028804289969,-0.5182421074868626,-0.5477201876832477,0.7734189748664884,0.6170184870995777
0.4046975934525199,1.6068523848771867,1.6068533000885405,1.451697602314212,0.21792766677494424,-0.557876841192763,-0.899878685365971,1.4517023974209295,-0.3118053741127452,-0.3322704228319385,-0.45442289408282327,0.7002091834072077,0.6170184870995777
0.6298569074030999,1.2898396847237816,1.2898406064776393,1.2365096655316306,-0.021346746226693646,-1.2393042034930783,0.1794292520415955,1.2365150037424308,-0.346071033958486,-0.2674964283368368,-0.5250784265109307,0.49255375776684973,0.6170184870995777
-0.6425550295734335,-1.6024505702218559,-1.6024495887769519,-1.6164969967485723,-0.6572266931077587,0.5654662857676579,-0.899878685365971,-1.6164993015385392,3.0535949085680447,1.6723890007760285,2.41959154812262,0.5211622995470493,0.6170184870995777
0.09401264862148706,1.2600520700711406,1.2600529924397545,1.1846503045292063,0.06059654589715494,-0.1193344793163224,0.1794292520415955,1.1846519904952906,-0.26554610760745373,-0.3071134130614258,-0.4668606946780913,0.7266067099473953,0.6170184870995777
-0.8746960276775197,-1.4933355956067076,-1.4933361948163257,-1.4565745111791901,-0.6637821564776666,1.0073820504277633,-0.899878685365971,-1.456570774561694,-0.2934635069961943,-0.5015415098261005,-0.6512490201325507,0.203548460261651,0.6170184870995777
0.13764817458090178,1.5787836507012691,1.5787845664919051,1.4749801939569058,0.14909530139091143,-0.11258767374899255,1.2587371894491621,1.4749780150407437,-0.5042327339590926,-0.5264169112782865,-0.6171898544226707,0.7071582877904579,0.6170184870995777
0.42564264591303896,1.7117325052048704,1.7117318398491006,1.5781683519096914,0.1392621063360496,-0.6793193414047004,3.4173530642642955,1.5781697933423613,-0.52477358759483,0.4985434979912215,-0.11016332683065194,-1.899392857163467,0.6170184870995777
-0.16780050713500125,1.7873411485437225,1.7873436384327608,1.9730308223974105,-0.38189723157162747,-0.06873343756134849,3.4173530642642955,1.9730262870630018,-0.8475494161383946,0.9605403099659566,0.05916726220470315,-3.1556067365268574,0.6170184870995777
-0.6006649246523953,-1.4897100047389078,-1.489709025620742,-1.40800169972149,-0.48022918212024573,0.6666683692776058,-0.899878685365971,-1.4080012683720053,2.2044300723441603,1.6699116638307494,1.9703966565578224,-0.9474590486248031,0.6170184870995777
-0.3475788740877899,-1.5571014839254893,-1.557100503416499,-1.5840326994271203,-0.08362364824081858,0.5857067024696475,-0.899878685365971,-1.5840309305346263,0.26584191062570034,-0.20385294839501733,-0.3249980643852795,1.084910485741945,0.6170184870995777
1.5322395842437964,1.1626267454198254,1.1626245129938837,0.739392436812348,1.98462504496512,-0.9188309390449102,-0.899878685365971,0.739398083933436,0.6056815643452403,0.7111781847277094,0.5164977439593099,0.8962590465665434,0.6170184870995777
0.28949980491966504,1.6942406471304443,1.6942399821356713,1.6326756205423194,0.4539243480916282,-0.09234725704700299,2.338045126856729,1.632669249777816,-0.6892072286261137,-0.3875758477833041,-0.532607294720483,0.3298644795558177,0.6170184870995777
-0.6373187664583037,-1.5921846394407635,-1.5921852366103366,-1.5441929067646434,-0.6146161812033575,0.5992003136043071,0.1794292520415955,-1.5441936189422576,0.11956700533925906,-0.014538695439955365,-0.3285832397231615,0.18473773704108812,0.6170184870995777
-1.1103278678583592,-1.5778274890125934,-1.5778265080758602,-1.4709357665390457,-0.814557813985548,1.307614898173942,0.1794292520415955,-1.4709361148533004,-0.41595988764890734,-0.3140107762204405,-0.3325545108666616,-0.32684681569861723,0.6170184870995777
0.4919686453713493,1.6334358421673405,1.6334383352326742,1.5663944150753288,-0.004958087801923928,-0.9559383696652245,0.1794292520415955,1.5663938168964207,-0.45886656337338416,-0.5028597632582671,-0.6174380588691395,0.7814823081352857,0.6170184870995777
-0.8083700282192093,-1.5663572370159453,-1.5663594131211531,-1.5548778772575802,-0.5392283524494167,1.0073820504277633,1.2587371894491621,-1.5548724420116948,-1.115063634759912,-1.2654591705667695,-1.04007507466178,-0.12669865543614792,0.6170184870995777
-1.1434908675875144,-1.6289077553006803,-1.628905194907144,-1.5081964283928826,-1.1521641775358042,1.024249064346088,1.2587371894491621,-1.5081922503117684,-0.010748503236197304,0.7888653490660789,0.44261555372710887,-2.309710958347141,0.6170184870995777
-0.7647345022597947,-1.535139589569997,-1.535138609514256,-1.4977554518621599,-0.43434093853089056,1.0309958699134179,-0.899878685365971,-1.4977590585952798,1.1995619734368876,0.9114751620975101,0.768673461571571,-0.07802283049620538,0.6170184870995777
-0.920076974675311,-1.4760268322387093,-1.4760290102081546,-1.3640271100483363,-0.49989557222996944,1.263760661986298,0.1794292520415955,-1.3640332561942188,0.018609976128566602,-0.01705684518499208,-0.41382767794926606,0.02984247941894033,0.6170184870995777
-0.7053901869549906,-1.6188991041501717,-1.618899700768412,-1.552416649571621,-0.581838864353818,0.7644970500038886,0.1794292520415955,-1.5524161284822096,-0.04454373225317016,-0.03403496988410513,-0.23068037472715017,-0.18303524002750474,0.6170184870995777
0.17604743742518675,1.5622546182382309,1.5622555343699926,1.4606025631633448,-0.02462447791164759,-0.36559288252386213,3.4173530642642955,1.46060039318149,0.12845249014249907,1.0810033697301442,0.544958520487728,-1.8836059711313586,0.6170184870995777
0.11670312212038272,1.622622205669606,1.6226215421528936,1.5504431051026548,0.08354066769183255,-0.13957489601831197,1.2587371894491621,1.5504359666665313,-0.13476933358468168,-0.18510354818642952,-0.30671367016208056,1.2151447952184744,0.6170184870995777
0.11146685900525295,1.638658776508459,1.638658112660784,1.6044541980940015,-0.06723498981604886,-0.2846312157159039,1.2587371894491621,1.6044523481078539,-0.5915479741648584,0.1199435610409278,0.06493112101714428,-1.302298737746377,0.6170184870995777
0.47276901394920684,1.6475357129649264,1.6475366273366583,1.6027085768609792,0.43425795798190453,-0.46679496603380993,3.4173530642642955,1.6027104124298606,-0.6614521622434786,0.31606947027551374,0.04278576873776453,-1.7345058200360457,0.6170184870995777
-0.2882345587829859,-1.5367227274195414,-1.5367217473311274,-2.8811586414889896,-0.18195559878943687,0.3698089243150921,0.1794292520415955,-2.8811620026491807,-1.1542019286488483,-0.9633138514021693,-0.9482945860119981,-0.1727078662242047,0.6170184870995777
-0.7839341336819371,-1.5059422975053216,-1.505941318052154,-1.4437394462407014,-0.9620557398084755,0.5249854523636788,-0.899878685365971,-1.4437385832980747,-0.4683123702465579,-0.7141680340026368,-0.8319418571618088,0.18804484093432158,0.6170184870995777
-0.8031337651040796,-1.5474621789931196,-1.5474596202804562,-1.4533747514331061,-0.9260006912739821,0.5992003136043071,0.1794292520415955,-1.4533775669733633,1.0035116440568854,0.9121771422533389,0.5215997242478345,-0.32692705134159655,0.6170184870995777
-0.9305495009055705,-1.5887800249427904,-1.5887774653774098,-1.5276569938086775,-0.7391699852316073,1.0377426754807477,0.1794292520415955,-1.5276544411770567,-0.20993092547015432,-0.5397422903991048,-0.6664998044544647,0.6693031114328272,0.6170184870995777
-0.8362967648332348,-1.5141436776311759,-1.5141442764113573,-1.3804483949683626,-0.5162842306547392,1.0849703144520568,0.1794292520415955,-1.3804516652108867,-0.36717220966415703,0.6433758804906025,0.19057772747399673,-2.353258679148842,0.6170184870995777
0.20397417403921217,1.5930050585022597,1.5930059739993945,1.6620875370210382,0.27692683710411525,-0.10921427096532763,0.1794292520415955,1.662083604293402,-0.7468564204164598,0.49285419370502837,-0.10806737817158203,-2.287037063342436,0.6170184870995777
-0.3842327158936983,-1.4579320243551845,-1.4579310458928523,-1.3741766038590983,-0.5588947425591404,0.16740475729519644,0.1794292520415955,-1.3741737372151106,-0.21143581060167188,-0.1593465902594818,-0.4981896114768149,-0.10333124539560445,0.6170184870995777
0.4657873297957005,1.223726711676912,1.2237260563925991,1.1619654162167687,0.6800878343534503,-0.20029614612428068,-0.899878685365971,1.1619658881225527,-0.5326662148265265,-0.7925612597768108,-0.683046767552382,1.0781992974826595,0.6170184870995777
5.166206186143854,1.7300877495242621,1.7300902405948955,-1.1314959514281004,5.105025609041275,-4.730776084586278,2.338045126856729,-1.1314899605019655,0.9978308701298755,0.9811711802433644,0.4904638553519198,1.5121059800010026,0.6170184870995777
0.6525473809019955,1.6899568623610892,1.689957775857334,1.571976800425585,0.8341412235462856,-0.4027003131441763,2.338045126856729,1.5719798832480585,-0.6352337073127725,-0.6923576738122378,-0.7214908784832101,0.8649517963772664,0.6170184870995777
0.3697891726849881,1.6340861440556878,1.6340870587049916,1.526305715820526,0.3588701292279638,-0.34535246582187257,0.1794292520415955,1.5263047331672797,-0.5309327239307107,-0.6009125146756207,-0.6260424796800566,0.7488298899489297,0.6170184870995777
-0.653027555803693,-1.5925776616985268,-1.5925782588599886,-1.5234239441957669,-0.5064510355998774,0.7408832305182341,-0.899878685365971,-1.5234295819063421,-0.576687894456131,-1.0657947915932098,-0.9520176527090295,0.6397952327500163,0.6170184870995777
0.06957675408421482,1.5859937939681865,1.5859931312074105,1.4736374083930426,-0.16556694036466718,-0.30487163241789345,1.2587371894491621,1.4736393241671741,-1.3969823078775812,-2.83941703705404,-1.399861208954164,1.7095205467922294,0.6170184870995777
-0.16430966505824807,-1.4572391055955136,-1.4572381271474817,-2.3380248065134586,-0.031179941281555476,0.2854738547234689,-0.899878685365971,-2.3380240019373377,-0.9205379313330169,-2.1828411209555276,-1.1734435972309942,1.5035982110402242,0.6170184870995777
-1.0893828153978402,-1.471627824076516,-1.47162684533153,-1.333827535208376,-0.8932233744244427,1.1861723979620045,0.1794292520415955,-1.3338267405653736,-0.052162631842649916,-0.30656244026469975,-0.5246647524334827,0.44049687260188414,0.6170184870995777
1.6072926888939896,-1.605859919927754,-1.6058589384124877,-1.8692076023242812,2.2468435797614354,-0.7940150360493079,-0.899878685365971,-1.869213025163749,1.720599455893134,1.1539848182564758,0.9330399616775509,0.06807790295416853,0.6170184870995777
0.8654887475839393,1.7248458743514443,1.72484678712765,1.4701085024294749,0.45064661640667425,-1.208943578440094,-0.899878685365971,1.470106326540598,-0.6552308070681242,-0.23925805218463408,-0.15743248474703606,-0.5628100738833133,0.6170184870995777
-0.9357857640207004,-1.4989846986610633,-1.4989821409488775,-1.4471438989081062,-1.1783860310154357,0.5958269108206422,-0.899878685365971,-1.447142624464353,-0.049465894607674664,0.20413220438066434,0.19747229543146233,-0.9500726374821982,0.6170184870995777
0.6577836440171253,1.6237191955055315,1.6237201103687884,1.5443137802666298,0.1917058132953127,-1.074007467093497,1.2587371894491621,1.5443176990501717,-0.4156838686613275,-0.30784396217708476,-0.5284153974023439,0.49648251346786193,0.6170184870995777
0.04688628058531917,-1.5253771692315812,-1.5253746109747077,-1.8807031567856478,0.17203942318558904,0.08644309048723818,-0.899878685365971,-1.8807003847699753,5.831318159084308,2.3125296024122024,5.033570465244291,0.97656515737141,0.6170184870995777
-0.8223333965262221,-1.5748127399671004,-1.5748117590925854,-1.4098946998578632,-0.31306486618759466,1.267134064769963,0.1794292520415955,-1.4098946767176501,-0.15777303097102743,0.8065658603208994,0.3707465773384875,-2.4575992023828452,0.6170184870995777
-0.5692473459616166,-1.5412480077930641,-1.5412470276112575,-1.423286529542344,-0.8473351308350875,0.22812600740116512,-0.899878685365971,-1.423283632381286,-0.32118032553700004,0.07380060963511721,0.23307584436381476,-1.1006233094623281,0.6170184870995777
-1.2918516558495245,-1.5349707004873439,-1.5349697204350883,-1.5105888792572781,-1.3062175667286395,1.1524383701253553,-0.899878685365971,-1.510591249858899,-1.090274450563743,-1.3998842891279923,-0.8711030031602134,0.0667250602434133,0.6170184870995777
0.39422506722226036,1.4591943961563343,1.4591953144150518,1.461306706812688,-0.05084633139127914,-0.8142554527512975,0.1794292520415955,1.4613065833212169,-0.5890775513488182,0.34876052288125786,0.00439681435059657,-1.8438844439479052,0.6170184870995777
0.41342469864440284,1.716448772298029,1.71644021483188,1.6259567800928911,0.1392621063360496,-0.6557055219190459,2.338045126856729,1.625963513842321,-0.8235639653926493,-0.9660972843456297,-0.8869329311905543,0.766553594632434,0.6170184870995777
-0.7978975019889498,-1.501955252432591,-1.501954273061708,-1.4315233726962862,-0.8047246189306861,0.7138960082489147,-0.899878685365971,-1.431522517344768,-0.3531779059879917,0.059797738038324694,0.2091930609591542,-1.0740129840429344,0.6170184870995777
0.565276328983166,1.6990831864349325,1.6990840997428285,1.7240063269488435,0.1785948865554969,-0.9087107306939155,1.2587371894491621,1.7240052214437847,-0.5846584274301713,-0.1067511352120131,0.06669613041425519,-0.6716710034726455,0.6170184870995777
4.3406220349917275,1.7759371894580223,1.7759333659719791,-0.001081749749975891,4.7575860504361565,-3.49273726298125,0.1794292520415955,-0.001080145737253552,-0.23061349000372955,-0.3897960640901112,-0.2585068510034813,1.3372418150944168,0.6170184870995777
-0.4051777683542173,-1.525165663277604,-1.525167840232923,-1.4557180759963848,-0.3196203295575025,0.4541439939067153,-0.899878685365971,-1.4557212994660804,3.971459213981591,1.9240529679205978,3.530940746322413,0.8512021979755887,0.6170184870995777
0.7817085377418631,1.7430417000040326,1.7430426124047131,1.6743052481088239,0.7456424680525292,-0.743413994294334,3.4173530642642955,1.6743037641025913,0.1066149112886106,1.3175706822444204,1.389156999471644,-2.479622142127553,0.6170184870995777
-1.0335293421697893,-1.548709117079999,-1.5487097151468192,-1.5370171917148274,-0.988277593288107,0.980394828158444,0.1794292520415955,-1.5370170895802782,-0.21782654907655638,-0.4185772504790884,-0.6032076706049307,0.21630104358665558,0.6170184870995777
0.5722580131366723,1.6399072929979799,1.6399082075271472,1.5337172371157035,0.5752004204349241,-0.514022605005119,3.4173530642642955,1.5337146123145604,-1.6199797400137395,-1.9774425436160412,-1.2935745493218744,0.24797877313612396,0.6170184870995777
-0.7664799232981713,-1.5226560030774292,-1.5226550232793243,-1.4332231427149327,-0.7096704000670219,0.7510034388692289,-0.899878685365971,-1.4332255613918778,0.09224711831826794,-0.10531860594052543,-0.2803488422927324,0.15856207949626938,0.6170184870995777
-0.10321992871506747,1.760756112850927,1.7607570248860178,1.8308396564445069,-0.08362364824081858,0.1134303127565576,1.2587371894491621,1.8308425784087465,-0.7064164661039751,0.13354238592012124,-0.07853104904179965,-1.51773562535324,0.6170184870995777
0.45706022460381757,1.2621892272478932,1.2621901495724006,1.1673938724901918,0.07370747263697072,-0.8075086471839676,1.2587371894491621,1.1673984348785977,-0.6531883370629679,0.24460217662018477,-0.3634973318597673,-1.6751705155009933,0.6170184870995777
-1.3162875503867968,-1.5787382273368078,-1.5787372463812788,-1.5265713025539929,-1.2570515914543303,1.2502670508516383,-0.899878685365971,-1.5265736632240832,-0.2962189379239307,-0.5965088135817883,-0.7233662009676408,0.3995487866327125,0.6170184870995777
0.3261536467255734,1.57658177901621,1.5765842732548974,1.5158369010525037,0.3359260074332862,-0.2846312157159039,0.1794292520415955,1.51583674367579,-0.48106282590525795,0.1269511187592877,0.15224392963048844,-1.066454786474285,0.6170184870995777
-1.1225458151269954,-1.5044696478406907,-1.5044670900153065,-1.4603523237350837,-1.0144994467677386,1.1254511478560358,0.1794292520415955,-1.4603534973971015,-0.36064064157811276,0.4090736783628667,-0.30048098072853174,-1.913449444112196,0.6170184870995777
0.200483331962459,1.6845318924818433,1.6845328060900486,1.6441662623735744,0.09337386274669439,-0.2913780212832337,2.338045126856729,1.6441627501678657,-0.3791691652130845,-0.1952781791659701,-0.48324218814502945,0.45384180428244886,0.6170184870995777
-1.0806557102059573,-1.5250236070398584,-1.5250226271928908,-1.4373464769220154,-1.0767763487818636,0.980394828158444,0.1794292520415955,-1.4373419334817068,-0.4301059488910409,0.15518949491149037,0.12574121040199085,-1.3334469120521821,0.6170184870995777
0.4657873297957005,1.5928219637958319,1.5928228792967454,1.5155879944601778,0.10648478948651016,-0.790641633265643,0.1794292520415955,1.5155911123228414,-0.4171616101631597,-0.2970122451214487,-0.4532094501223093,0.39501093774630097,0.6170184870995777
0.04514085954694258,1.6167095093740997,1.6167072675768044,1.5896884695216165,-0.5720056692989561,-0.6759459386210355,3.4173530642642955,1.5896837630118235,-1.41785664039231,-1.4227802697919405,-1.1846127973220884,-0.08195507470343406,0.6170184870995777
-0.7594982391446649,-1.4873550279976115,-1.4873556273306567,-1.4304769824824952,-0.47039598706538394,0.9837682309421089,-0.899878685365971,-1.4304765371667956,0.10607485881227306,-0.05464951504160994,-0.24113253975066815,0.12445774502260984,0.6170184870995777
0.17255659534843357,1.5893999868688011,1.5893993240377282,1.4910313940751845,0.349036934173102,0.02572184038126948,-0.899878685365971,1.49103002395593,-0.4615421497280851,0.17271042984737794,0.22676042011477643,-1.1113267442357657,0.6170184870995777
0.20397417403921217,1.6164948466148394,1.6164957616271924,1.5797567689791396,0.031096960732569453,-0.3622194797401972,0.1794292520415955,1.5797602563527031,-0.567189386639607,-0.03525935387682963,-0.034102453123891714,-0.8552013155222382,0.6170184870995777
-1.0841465522827103,-1.5536100572822271,-1.553612233650511,-1.4816010865115357,-1.0702208854119557,0.9938884392931037,0.1794292520415955,-1.4815965155712667,-0.2404800231370266,-0.2826298144869116,-0.5789112131228219,0.07519096712959372,0.6170184870995777
0.4588056456421941,1.5138797340778798,1.5138790728053928,1.358740815340717,0.7521979314224371,-0.11258767374899255,0.1794292520415955,1.3587473057534418,-1.329732731530723,-2.0701814685049706,-1.0680118640254304,0.8000467428169643,0.6170184870995777
0.7084008541300464,1.583997114626538,1.5839932951017515,1.4828846158066233,0.755475663107391,-0.5916108690294123,1.2587371894491621,1.4828832507498038,-0.6863063853964914,-0.9942336284984387,-0.8237511104283397,1.1843705887790772,0.6170184870995777
-0.8659689224856368,-1.5030285662288922,-1.503029165238467,-1.4310452100320812,-1.1193868606862647,0.5216120495800138,0.1794292520415955,-1.4310414892785772,0.1409949621451683,0.780510968955722,0.1451011572265541,-2.0706136261775496,0.6170184870995777
0.16033864807979745,1.2575345178577577,1.2575322834731109,1.1831093762175047,-0.14262281856998957,-0.4566747576828152,-0.899878685365971,1.1831106537555385,-0.2904514453877961,-0.2580890779927369,-0.48500719754214056,0.5645111754944101,0.6170184870995777
-0.5954286615372655,-1.5196601948636357,-1.5196592151273582,-1.472206500194604,-0.42778547516098264,0.7105226054652498,-0.899878685365971,-1.472205210176868,-0.10119424997989733,0.2142701038404232,0.4643196536572103,-1.0585575061013928,0.6170184870995777
-1.0736740260524509,-1.642622495853711,-1.6426199351771302,-1.6120985552552345,-0.7424477169165613,1.3109883009576069,0.1794292520415955,-1.6120943126089955,-0.2135056004938493,-0.3006976409395494,-0.5670801345078109,0.1132038239682098,0.6170184870995777
-0.9148407115601813,-1.5018179314027702,-1.501816952034721,-1.4423131459649392,-0.8211132773554559,0.9230469808361402,0.1794292520415955,-1.4423159683789146,-0.08983199709653493,0.09306833240062506,-0.22475104628373002,-0.5327063583387257,0.6170184870995777
0.42564264591303896,-1.4851026474280207,-1.4851032468075505,-1.889948726655858,-0.021346746226693646,-0.8446160778042818,-0.899878685365971,-1.8899422644246635,0.17333324802591202,-0.15447762324841405,-0.21945601809239634,0.49659833187424945,0.6170184870995777
-0.8467692910634943,-1.584543592252684,-1.584542611177344,-1.4482312277061613,-0.9718889348633373,0.6363077442246213,0.1794292520415955,-1.4482397778408567,-0.5340008353718358,-0.0066210122870036065,-0.030765482232478013,-1.0732734207250385,0.6170184870995777
0.8026535902023821,1.7397854553543717,1.7397816326144275,1.5997364356434036,0.17531715487054297,-1.3708669120560106,3.4173530642642955,1.599736226131242,-1.5409004763294567,-2.8847845452644583,-1.4568930750983191,1.3560818417671983,0.6170184870995777
-0.15209171778961195,-1.4601165336111859,-1.4601155551037697,-1.2006101069261685,0.021263765677707623,0.31583447977645324,0.1794292520415955,-1.2006331394290348,-1.1262133212965175,-0.8396877996567766,-1.175263763171765,-0.5928105296438928,0.6170184870995777
0.28600896284291183,1.2763569693590688,1.2763594697937917,1.2040830317077016,0.06715200926706283,-0.48366197995213456,-0.899878685365971,1.2040793835855779,1.9773588044098331,1.6790904624962073,2.0725189971438023,0.7583632797373564,0.6170184870995777
-0.38597813693207483,1.512493896558538,1.512494813717261,1.6466798914473917,-0.6801708149024364,0.045962257083259045,0.1794292520415955,1.6466948000311767,-1.8560676282090076,-2.9490361359226642,-1.555099301084459,0.6734767602702371,0.6170184870995777
-0.3667785055099324,1.2197175689671986,1.2197184921682356,1.226776107736992,-0.4769514504352918,0.21800579905017034,0.1794292520415955,1.2267757205980216,-1.5413076307747373,-2.464824917039931,-1.479176318736848,0.924954103300912,0.6170184870995777
1.019085798961079,1.6401866702655465,1.640189163191557,1.4746575979129046,0.5489785669552926,-1.4046009398926598,-0.899878685365971,1.4746546004260281,0.16287026006887928,0.3296029946750952,-0.1176370384965443,0.8022347339159475,0.6170184870995777
-0.11892871806045677,-1.533340210558551,-1.5333376521373365,-1.3876650486024427,-0.5392283524494167,-0.325112049119883,0.1794292520415955,-1.3876650392758085,0.5817835372379623,1.5493710597470225,0.6722874015262026,-3.0926566418502768,0.6170184870995777
-1.1330183413572548,-1.4716199320633079,-1.4716205317210937,-1.4021065435874558,-1.1718305676455278,0.9837682309421089,3.4173530642642955,-1.4021040689732993,-1.4065218836533042,-2.3613971198945167,-1.511801414311575,0.7139504093939659,0.6170184870995777
-0.8101154492575859,-1.5469555117451599,-1.546954531445562,-1.5016004036962467,-0.7326145218616994,0.8117246889751976,0.1794292520415955,-1.5015990954130416,0.0020988939570932897,0.41767701655174416,0.44264313199893845,-1.3844928281156086,0.6170184870995777
0.06608591200746164,1.2529808262366857,1.252980170348627,1.1588688217030303,-0.21801064732393027,-0.3520992713892024,-0.899878685365971,1.15886888614746,-1.2436911268321424,-1.9539588586355854,-1.0033408165844033,0.837036071931662,0.6170184870995777
-1.0160751317860235,-1.5879876668166975,-1.5879866856702787,-1.5211772346913517,-0.873556984314719,1.0647298977500672,1.2587371894491621,-1.5211779611709806,-1.3940536159889307,-3.0126714533045322,-1.5257284415856556,1.4027071227530874,0.6170184870995777
0.7991627481256289,1.649002049018991,1.6490029633604606,1.4858403815904933,0.7030319561481279,-0.8210022583186274,0.1794292520415955,1.4858431085528336,-0.36493744290583996,-0.23054860071638716,-0.4300437017852249,0.447218526379819,0.6170184870995777
0.43262433006654527,1.655852316483619,1.655854809086322,1.5364453843710648,0.48014620157125976,-0.34197906303820763,0.1794292520415955,1.5364472611161126,-0.6939765758706363,-0.8387042111826214,-0.7906296059606752,0.8668948943398519,0.6170184870995777
0.15684780600304427,1.6804185751977831,1.680419488890879,1.5832119854910318,0.4014806411323651,0.11005690997289266,3.4173530642642955,1.5832134237895712,-1.500626203912454,-3.073788620941363,-1.3880852868828126,1.7389426082221147,0.6170184870995777
0.13241191146577203,1.4491652257714847,1.449166144237184,1.3576551240860324,0.24087178856962185,-0.008012187455379797,4.496661001671861,1.357656293160762,-0.3625636091097193,-0.2826910336865478,-0.471328374714529,0.7488068658079009,0.6170184870995777
-1.2569432350819927,-1.6343295683746428,-1.6343301646744295,-1.4593255840417394,-1.4274936390719355,0.9601544114564544,1.2587371894491621,-1.4593259395706002,-0.4497778538621751,0.3426467654775869,0.13282882626226503,-1.6802441989422578,0.6170184870995777
0.5530583817145299,1.4415383842071798,1.4415377244276726,1.359592337893411,0.43425795798190453,-0.6219714940823966,0.1794292520415955,1.359592686993173,-0.5981327719662597,0.4178729179905801,0.0013080479056516263,-1.9589835203535668,0.6170184870995777
0.7468001169743312,1.5794213253684832,1.57942066274335,1.4622532068808745,1.1291370751921406,-0.28125781293223895,0.1794292520415955,1.4622522640300688,0.07615482357622608,0.6518690241201347,0.21170268369567136,-0.8321032181616078,0.6170184870995777
-0.3650330844715558,-1.5046558993524017,-1.5046533415231738,-1.5742811286554055,-0.23767703743365393,0.46089079947404515,-0.899878685365971,-1.574281412750511,2.577439946568567,1.5317603366516683,2.0793308302857785,0.4241036841893495,0.6170184870995777
0.3523349623012222,1.320460695971198,1.3204600386904906,1.2318459420122614,0.4440911530367664,-0.22390996560993517,1.2587371894491621,1.2318459611084676,-0.7329698099723578,-0.801152354125761,-0.8275569119408607,0.678542071296582,0.6170184870995777
0.2755364366126523,1.5530241195900405,1.5530250359123015,1.4743988660603553,0.28676003215897705,-0.23740357674459486,2.338045126856729,1.4743925936495497,-0.5692352055341402,0.3388185248603349,-0.2764878842365516,-1.7173695797993986,0.6170184870995777
0.7031645910149166,1.1320404590305249,1.1320413840410406,1.0693295877439044,1.5257426090715678,0.2112589934828405,0.1794292520415955,1.0693219295021332,-1.3086777352469843,-1.8474088823087238,-1.0474936297840127,0.6405327029641824,0.6170184870995777
0.01721412293291716,1.6577905949275276,1.6577915090876194,1.702213899773364,-0.13606735520008167,-0.17330892385496124,1.2587371894491621,1.7022136265813677,-0.8013158832041035,-0.17703893895435083,-0.23705095551984842,-1.0134741448631925,0.6170184870995777
0.5006957505632322,1.5898182635688303,1.589819179131734,1.475838266683082,0.46375754314649004,-0.49040878551946443,2.338045126856729,1.4758377247760637,0.061716527671635706,0.679870686033744,0.23064895644278682,-0.8813951132993827,0.6170184870995777
-0.6163737139977846,-1.4775989212697622,-1.4776010992067627,-1.3789565929577778,-0.6670598881626205,0.5047450356616892,1.2587371894491621,-1.378955360885842,-0.19965653286223425,0.5975635127628275,-0.3484120171688324,-2.17560929087901,0.6170184870995777
0.43960601422005163,1.6025117776127333,1.6025126929136686,1.5135148645530425,0.7653088581622528,-0.06198663199401864,0.1794292520415955,1.5135114335345439,-1.3506578261581104,-2.1720869482194307,-1.1034223650549737,0.9152197755544154,0.6170184870995777
0.1498661218495379,1.3030146115733787,1.3030171114579414,1.3197312571671165,0.19498354498026663,-0.08897385426333806,-0.899878685365971,1.3197328591934507,-0.7994098363767165,-1.2731278956412007,-1.03204979755929,1.0357741779814256,0.6170184870995777
1.0103586937691962,1.5865036180214296,1.5865061120553499,1.586493622405644,1.0406383196983842,-0.881723508424596,0.1794292520415955,1.5864926023514339,-0.7019215515310118,-0.07320301381136184,-0.08128887622478609,-1.0517618959916681,0.6170184870995777
-1.0335293421697893,-1.4817327577881634,-1.4817317788346318,-1.4526231190260168,-1.0112217150827847,0.9567810086727895,-0.899878685365971,-1.4526263444189291,-0.1861301924121381,0.3095720725541224,0.3520760873096708,-1.4672611266080746,0.6170184870995777
-0.7280806604538863,-1.541701009351209,-1.5416984507574443,-1.5172798814694068,-1.3324394202082712,0.035842048732264264,0.1794292520415955,-1.5172785634429227,-0.5545015023350519,-0.614237893796439,-0.8231168101762528,0.0039933460559851515,0.6170184870995777
0.01721412293291716,1.5715214201471783,1.571523914490301,1.5108063678181278,-0.18523333047439083,-0.22390996560993517,3.4173530642642955,1.5108013009403451,-0.6684166183458039,0.032073603163066296,-0.5016920519992074,-1.1884401741512998,0.6170184870995777
-0.8677143435240133,-1.5719810856280352,-1.571981683214569,-1.520088268349926,-0.9194452279040742,0.7307630221672393,-0.899878685365971,-1.520088995506242,-0.11465660901716365,0.33691256711166045,0.4664431805881098,-1.4077234887124657,0.6170184870995777
-0.7804432916051839,-1.5176130066374554,-1.517619918956473,-1.5136821986842754,-0.6605044247927127,0.8285917028935222,-0.899878685365971,-1.513682111050168,0.8933236656651392,0.8389793858882926,0.49826850627977115,-0.7471364630515093,0.6170184870995777
-0.94102202713583,-1.5059454543106048,-1.505946053259981,-1.4580843261668512,-0.8670015209448111,0.9264203836198052,-0.899878685365971,-1.4580895950940924,0.01689640231167579,0.08516697436757631,-0.38586331031378546,-0.45724927117478154,0.6170184870995777
0.32091738361044364,1.2314214245548065,1.2314239259169084,1.17837196324646,0.03765242410247734,-0.5814906606784175,-0.899878685365971,1.1783740624995143,0.37501394173493696,0.7677120749517753,0.3610666039262059,-0.09376924985620255,0.6170184870995777
1.863869581535348,1.7323290812753618,1.7323268370919112,1.4575059686496064,2.446785212543626,-1.0841276754444917,1.2587371894491621,1.457509531990221,-1.4543877357727657,-3.034130823417017,-1.2810540139111168,1.5747155964708535,0.6170184870995777
0.3854979620303774,1.2529334741574372,1.2529296614651375,1.2264551492363613,0.02781922904761551,-0.7164267720250146,0.1794292520415955,1.2264543529112473,-0.47179045625033356,-0.47146247640483524,-0.6486842408523736,0.597919204127258,0.6170184870995777
0.9946499044238069,1.6801186786958755,1.6801195923951606,1.2076594264290157,0.5489785669552926,-1.357373300921351,0.1794292520415955,1.2076594605548026,1.108905775434458,1.203086697644704,1.4547657081548862,0.5985171340927645,0.6170184870995777
0.5513129606761533,1.66694533024892,1.6669462442200766,1.6110796985713076,-0.027902209596601533,-1.0942478837954865,-0.899878685365971,1.6110782538536403,-0.18576251961003626,0.3334842919320319,-0.11454827205159986,-0.6699358204805629,0.6170184870995777
-0.9497491323277131,-1.4986690181327393,-1.4986680388296776,-1.4294404175289275,-0.6932817416422521,1.122077745072371,0.1794292520415955,-1.4294407916285292,-0.1135939535407149,0.5987634090756975,0.33897640819048624,-1.9212113704438885,0.6170184870995777
-0.3807418738169451,-1.4684820676117685,-1.4684810889317046,-1.4389692824022455,-0.38189723157162747,0.34282170204577267,-0.899878685365971,-1.4389733350508733,-1.297150681754818,-2.1650671466611433,-1.1092138021392446,0.6158312881464528,0.6170184870995777
0.4273880669514155,1.5157406707923489,1.5157415878840652,1.511314006263003,0.1785948865554969,-0.6422119107843862,2.338045126856729,1.5113130329256546,-0.5404215375937756,-0.4288743198579014,-0.6644865906108847,0.49818002059280647,0.6170184870995777
-1.1783992883550463,-1.695464259489845,-1.6954632761253257,-1.622133421030057,-1.1849414943853436,1.0579830921827373,0.1794292520415955,-1.6221283533769428,-0.16783009828412893,-0.4925871815593086,-0.6123912351242748,0.6579836064615571,0.6170184870995777
-0.18001845440363737,-1.5056060977426566,-1.5056035398938183,-1.6927148153881515,-0.3720640365167656,-0.03499940972469922,-0.899878685365971,-1.6927146165025846,-0.05557708894826695,0.3408224333284274,0.3387833602876772,-1.4156793759897952,0.6170184870995777
0.5076774347167387,1.2854201573272475,1.2854226575749241,1.1197053344525967,-0.18195559878943687,-1.168462745036115,1.2587371894491621,1.1197070607756998,-1.1430800907712706,-1.1667003577136115,-0.9866283838555066,-0.032406425508125475,0.6170184870995777
0.4361151721432985,1.7685407946793938,1.7685417065538245,1.6269605941790475,0.5752004204349241,-0.2508971878792546,2.338045126856729,1.6269624146776451,-0.4756381538869028,0.09044406937621889,0.12896786820608472,-0.8551210798792589,0.6170184870995777
-0.5919378194605124,-1.5092111693761154,-1.5092133466607027,-1.471423754463474,-0.5588947425591404,0.5688396885513228,-0.899878685365971,-1.4714212367753738,1.2294788360408935,1.431222085729084,1.730879365715468,-1.9225886326981592,0.6170184870995777
0.2127012792310951,1.5880251981679505,1.5880229569626416,1.6142778207740212,-0.30650940281768674,-0.7265469803760094,0.1794292520415955,1.614277602225795,-0.6778692992550668,-0.8095067342361179,-0.8219309444875686,0.9048826339337093,0.6170184870995777
1.4083146905190584,-1.5211123252939256,-1.521111345527679,-2.1516166944685575,1.5388535358113835,-1.1381021199831305,-0.899878685365971,-2.151615391648671,1.371545068667417,1.105282904305871,1.3172604448111929,-0.21145819327698698,0.6170184870995777
0.32964448880232655,1.2371020956619947,1.237101440101641,1.139146249347945,0.017986033992753676,-0.6185980912987317,1.2587371894491621,1.139150829289517,-0.7012910790415016,-0.76986934311165,-0.8280257425619684,0.47538263246803764,0.6170184870995777
-0.8694597645623899,-1.5830141200929548,-1.583014717451789,-1.4963029508924688,-0.7490031802864692,0.9095533697014805,-0.899878685365971,-1.4963098336128835,0.04071229350055527,-0.04489525589957143,-0.37394949688328505,0.0397610002936676,0.6170184870995777
0.3680437516466115,1.5775004093536324,1.577501325170752,1.5553278969770503,0.3785365193376875,-0.32173864633621807,0.1794292520415955,1.555324030590207,-0.5420799428646176,-0.6572749911407052,-0.68944492661691,0.7591244717937947,0.6170184870995777
-1.044001868400049,-1.509638916491994,-1.5096379369625357,-1.3208352661063127,-0.9456670813837058,1.0444894810480776,0.1794292520415955,-1.3208348889223378,-0.32795336617284276,0.19685528218390508,0.014931714189603805,-1.1078654483677635,0.6170184870995777
0.2161921213078483,1.6285017555096382,1.6285026702741927,1.5271916267840018,0.16876169150063508,-0.24415038231192474,2.338045126856729,1.5271951468217182,-0.6294928296343163,-0.07252552133538762,0.01752407174161074,-0.8539042889109468,0.6170184870995777
0.09401264862148706,1.7628759075986218,1.7628783979925735,1.6889890995126806,0.6636991759286806,0.5013716328780242,3.4173530642642955,1.6889925190089132,-1.2748426720721615,-1.6434387529607495,-0.9262319685481081,0.4901062218053596,0.6170184870995777
-0.6600092399571993,-1.470641322425504,-1.4706419221034863,-1.338807304598264,-0.20817745226906845,1.0613564949664023,0.1794292520415955,-1.3388089631743463,-0.1810798909746384,-0.2871763603798952,-0.5843717109451346,0.2717892234661618,0.6170184870995777
-1.0841465522827103,-1.514205235334199,-1.51420583411311,-1.428105819681917,-1.0800540804668175,0.9837682309421089,0.1794292520415955,-1.428104147682901,0.5812723909646663,1.2907281038439236,0.7463902179330423,-2.4819189746204904,0.6170184870995777
-1.1609450779712802,-1.483683663453205,-1.4836826844594107,-1.3748594594446242,-1.224274274604791,0.9837682309421089,0.1794292520415955,-1.3748594580754252,-0.15175102284225853,-0.46400597788914305,-0.6243877833702648,0.6297134497843572,0.6170184870995777
0.6787286964776443,1.637025129774383,1.637027622765641,1.4350585241259008,0.5194789817907071,-0.7771480221309833,0.1794292520415955,1.4350588263307256,0.3887969128656948,0.29418156576557547,0.27292644715796566,1.814937623044642,0.6170184870995777
9.407579309398965,-1.5020957302676952,-1.5020931724913038,-5.468411665246933,8.94980487549225,-8.971143383653091,-0.899878685365971,-5.468409324823668,-0.78942538708589,-1.6834189716031802,-0.9599326167241999,1.0273515285723296,0.6170184870995777
-0.9602216585579726,-1.5714823103932836,-1.571486064795329,-1.436516242433139,-1.099720470576541,0.7240162165999094,0.1794292520415955,-1.436517021521388,-0.23446436027233997,-0.50884700098269,-0.6490979149298216,0.5508257656071158,0.6170184870995777
-1.2621794981971224,-1.495548516110258,-1.495550693676815,-1.3723130795033955,-1.1226645923712186,1.2840010786882874,0.1794292520415955,-1.3723130797165255,-0.21721352606327246,-0.25092643163529854,-0.6115914652412089,0.09344980866670774,0.6170184870995777
0.42564264591303896,1.5494695568411136,1.5494704732367337,1.5092457889859794,0.3949251777624572,-0.41619392427883606,2.338045126856729,1.5092456357050046,-0.7375399864276306,-0.16510935758523845,0.05511325624571325,-0.8877846612855077,0.6170184870995777
1.0086132727308197,1.6877029033888566,1.6877038169316187,1.344053688850119,1.3848001466185482,-0.5241428133561137,0.1794292520415955,1.3440503631353549,1.4300617990636815,1.3581753367231404,1.6824794986540599,1.3821207498683306,0.6170184870995777
0.6909466437462805,1.715130806092277,1.715131719068982,1.5524507332749675,0.9226399790400421,-0.3858332992258517,2.338045126856729,1.5524542376165917,-0.6849234703412224,-0.27217357518904434,-0.08539803872743566,-0.4154444080788397,0.6170184870995777
-1.2848699716960181,-1.5145682679417716,-1.5145672883105812,-1.3508121350478763,-1.2931066399888238,1.1524383701253553,0.1794292520415955,-1.3508101016938232,-0.433086107921692,0.6288546863368899,0.11584061081507005,-2.386458792811187,0.6170184870995777
-0.21667229620954576,0.008678671768871327,0.008678041560703249,0.13326722100129182,0.12942891128118778,0.5519726746329982,0.1794292520415955,0.13326792275794352,-0.18543520973779123,0.10736913743564722,0.07094318427605419,-0.5918386318119784,0.32143496620373274
-0.4261228208147364,-0.01931272067760695,-0.019311771905480012,0.08930409413173215,-0.3851749632565814,0.42715677163739585,0.1794292520415955,0.0893101452198633,-0.32156121763927337,-0.4854082100819673,-0.6896379745197192,0.7293389080161511,0.32143496620373274
-0.41041403146934713,-0.08568297335506071,-0.08568675842101255,-0.05206338750577733,-0.26717662259823943,0.5182386467963489,1.2587371894491621,-0.052065026897602895,-0.9565672220789644,-1.1587989996805628,-0.614928436132622,0.39071309808758403,0.32143496620373274
-0.2201631382862989,0.06481929692598982,0.06481708715658324,0.20419413701057548,-0.14917828193989746,0.2719802435888092,-0.899878685365971,0.20419397592183083,-0.3158240413648652,-0.0684115911198333,0.10453351936482645,-0.42900562714482693,0.32143496620373274
-0.22190855932467551,-0.0930572704967065,-0.09305632020264057,-0.021418400869023142,-0.3392867196672262,0.07969628491990832,-0.899878685365971,-0.021418421761391623,1.72114479608954,1.0958102534821592,1.3078010975735501,1.2371475016271265,0.32143496620373274
0.36280748853148176,0.14212787990986597,0.142128825350184,0.2617324984221194,0.5358676402154767,-0.14969510436930675,-0.899878685365971,0.26173107342208213,0.3949930632420556,0.694742870265371,0.03385040866488919,-0.9345634365449224,0.32143496620373274
-0.09623824456156112,0.11259754488780878,0.11259691253496443,0.29713618609373554,0.08354066769183255,0.2719802435888092,0.1794292520415955,0.2971183636702,-0.5781927795876486,-0.23911112610550714,-0.23197655350315363,-0.2554391865507759,0.32143496620373274
-0.46277666262064476,-0.13390475245917471,-0.133903801322099,0.03305447935282297,0.03765242410247734,0.933167189187135,0.1794292520415955,0.03306056539465053,-0.36164442710446465,0.4721743480679116,0.041985998854698586,-1.6846118087253046,0.32143496620373274
0.06608591200746164,-0.11067382237982053,-0.11067445012479347,-0.007392841900133561,0.07370747263697072,-0.05186642364302386,-0.899878685365971,-0.007392871508030707,3.7936740797771455,1.9519362727149103,4.317693685084725,1.3788241114937465,0.32143496620373274
-0.5238663989638254,0.1409424995260098,0.1409434449907917,0.3260732149949904,-0.8112800823005941,0.17752496564619122,0.1794292520415955,0.3260721593990077,-0.423871903187522,0.012499784399377314,0.033133373597313,-0.6287512137899132,0.32143496620373274
0.31044485738018407,0.03758553774748885,0.03758806374795936,0.10335585379455077,0.5325899085305228,-0.05186642364302386,-0.899878685365971,0.10335821168057784,-0.33195176383136654,-0.081357411202907,0.08404286339523877,-0.4629997248220453,0.32143496620373274
-0.21143603309441597,-0.4483225586697574,-0.44832475784894943,-0.42369403019529017,-0.2606211592283315,0.140417535025877,0.1794292520415955,-0.4236868415572538,0.17572259246756722,0.7482892635471889,0.241818156533881,-1.688433118434849,0.32143496620373274
-0.6617546609955759,-0.21356199857378053,-0.21356262419534872,-0.08852329065140799,-0.44745186527070635,0.8184714945425274,0.1794292520415955,-0.08850443810751694,-1.2298166781441981,-1.9399314993589383,-1.3839485461083332,1.036701422933769,0.32143496620373274
-0.42088655769960664,0.04269009189048596,0.04269103938299971,0.12767664793418276,-0.4113968167362129,0.39004934101708166,1.2587371894491621,0.12766752791071712,-1.1130158770346872,-1.4204049648460548,-1.0922255866920494,0.4665190358731772,0.32143496620373274
-0.6460458716501866,-0.07873168812136892,-0.07873389492817223,0.009421453428828287,-0.3851749632565814,0.8522055223791767,0.1794292520415955,0.009422641529237235,-0.041961562286347454,-0.17474525960798026,-0.44780410884365623,0.6580896570505385,0.32143496620373274
-0.5709927669999932,0.0027864947077061407,0.0027874430237497753,0.0924399896863642,-0.585116596038772,0.5013716328780242,-0.899878685365971,0.0924460388258395,0.02274779333956523,0.486438421583152,0.3719875995708313,-1.1780046566552886,0.32143496620373274
-0.5308480831173318,-0.18555482210088606,-0.1855538698978569,-0.08520890286938435,-0.2507879641734697,0.7678704527875535,-0.899878685365971,-0.08520683719418295,0.05627158605968437,-0.1617259764853431,-0.3293002747907379,0.8686189141120417,0.32143496620373274
-0.11194703390695042,-0.07170937476880425,-0.07171000331792493,-0.0014289089445356797,-0.17867786710448294,0.032468645948599335,-0.899878685365971,-0.0014301704152052035,-0.2583939374426939,0.06702160359539923,0.11043526953641701,-0.6586560844801608,0.32143496620373274
0.09401264862148706,-0.11180711547650325,-0.11180774319808731,-0.45373148824156473,-0.16884467204962111,-0.3554726741728673,-0.899878685365971,-0.4537418845184473,1.2567514860959386,0.8553208309111889,1.1362090902481465,0.9908115190583161,0.32143496620373274
0.3261536467255734,-0.1001064166941787,-0.10010704465724163,-0.014198472148201875,-0.008235819486877871,-0.6388385080007213,0.1794292520415955,-0.014196859984704917,-0.559714136778657,-0.30111393149707577,-0.06121189433264616,-0.4110921477231455,0.32143496620373274
0.06783133304583823,0.02455582394092078,0.024556771807689295,0.08268514382790826,-0.38189723157162747,-0.5241428133561137,-0.899878685365971,0.08268628640201801,-0.38005891224329075,-0.19096018495162836,-0.0072963729052652046,-0.2201962036480537,0.32143496620373274
-0.5657565038848635,0.10131196600023014,0.10130817707507932,0.16838761366980026,-0.1983442572142066,0.889312952999491,-0.899878685365971,0.168385018517818,-1.1057080716425753,-1.968022949432014,-1.0491483260938046,1.2542858349675037,0.32143496620373274
-0.12067413909883336,0.09953941983369156,0.09953720934773157,0.19698730863671873,-0.2638988909132855,-0.03837281250836414,0.1794292520415955,0.1969867426407328,-0.1349036416744236,-0.24961634076308334,-0.5136886002451976,0.7042593391245539,0.32143496620373274
-0.8362967648332348,-0.023716464047725053,-0.02371551518471372,0.23372068152523376,-0.873556984314719,0.7172694110325797,0.1794292520415955,0.23372500533006754,-0.4804170190275488,0.34313243779470093,-0.1625068867637306,-1.53468209085171,0.32143496620373274
-0.5395751883092147,-0.10539248714096205,-0.10539469339754017,0.021819294287376216,-0.6932817416422521,0.329328090911113,0.1794292520415955,0.02181679021343168,-0.3352098806802893,0.09097055449309042,0.11777108984316045,-0.7301488331796845,0.32143496620373274
-0.839787606909988,0.04280373688068256,0.04280152756563281,0.2053911812144585,-0.9096120328492124,0.6869087859795953,2.338045126856729,0.20539347569539615,-1.1089905120038135,-1.0627215877714713,-1.0898814335865112,0.012233895440580244,0.32143496620373274
-0.7245898183771331,0.1965953982668679,0.19659318577786797,0.3336861541247473,-0.7326145218616994,0.6464279525756161,-0.899878685365971,0.33368877826835325,1.1233722725127475,0.8837142957024701,1.15554145880088,1.096335343600953,0.32143496620373274
-0.2847437167062327,-0.04132985912555583,-0.04133048830164854,0.022063288249590408,-0.18523333047439083,0.3596887159640973,-0.899878685365971,0.022070609278145158,-0.12907304901213723,0.11417671243519542,0.35273796583358735,-0.5375435210585121,0.32143496620373274
0.0032507546259044483,0.08444042016396047,0.08444294519744056,0.23665188415854518,0.0638742775821089,0.059455868217918754,0.1794292520415955,0.2366582530698612,-0.04815454003066709,0.6788136345200252,0.06719253930719271,-1.8033647465421188,0.32143496620373274
0.01721412293291716,0.031049372408542955,0.031050320141297705,0.10615769050158756,0.1982612766652206,0.17077816007886137,0.1794292520415955,0.10615840910419105,-0.061875821093958165,-0.22234930924510876,-0.46584029862038645,0.7810874092315789,0.32143496620373274
-0.7385531866841458,0.045365484368030826,0.04536643180532986,0.36968590758324915,-0.46711825538043,0.9466608003217947,0.1794292520415955,0.36966967761943004,-0.6247159033243621,0.34471189314531553,-0.2046740643915901,-1.6508088811887498,0.32143496620373274
0.6595290650555018,-0.012023657278608603,-0.0120242870595223,-0.21301425031187415,1.0275273929585684,-0.2171631600426053,-0.899878685365971,-0.21301701784506674,-1.1879867584830197,-2.4958589699755214,-1.172836875250737,1.680928749841869,0.32143496620373274
-0.2603078221689605,0.023087909484214745,0.02308412217345093,0.1702691510025795,-0.6047829861484956,-0.1193344793163224,1.2587371894491621,0.17026409836787423,-0.3586290166066897,-0.6723675644910224,-0.7550536353001526,1.1584447082793592,0.32143496620373274
-0.3789964527785685,-0.013240605715297154,-0.013241235471095486,0.09112176727305935,-0.3425644513521801,0.37992913266608686,0.1794292520415955,0.09110939488021128,-0.3765108520772743,-0.5887625441878179,-0.7003107657178759,0.7391876587665486,0.32143496620373274
-0.008967192642731674,0.13397700866854342,0.13397479747186095,0.28152712268550956,0.39820290944741116,0.42715677163739585,-0.899878685365971,0.28152896046973347,-0.417184171102119,-0.1396095202967629,0.07113623217886327,-0.4435526980675945,0.32143496620373274
0.024195807086423514,-0.07748632843713123,-0.07748695686702721,-0.00576184870305078,0.01143057062284579,-0.03499940972469922,-0.899878685365971,-0.005763516866805475,3.971296352203479,2.057592448727083,5.211974305711672,1.0570003429062869,0.32143496620373274
0.6473111177868657,-0.08718876947516561,-0.08719255451004085,-0.1938304297257047,0.3228150806934704,-0.9188309390449102,-0.899878685365971,-0.19382911532390426,1.7400624959215594,0.925665772573187,1.7282042733479712,2.1520138385118437,0.32143496620373274
-0.5971740825756421,0.060701244434004833,0.060702191554804656,0.2557718405532626,-0.3786194998866735,0.7644970500038886,-0.899878685365971,0.25576837232925664,-0.06334862739039301,-0.2398416752211661,-0.5131646130804303,0.7891081827245351,0.32143496620373274
-0.6024103456907719,-0.2344063838590062,-0.23441174425821537,-0.14976250008042885,-0.46711825538043,0.6835353831959303,-0.899878685365971,-0.14976899138876215,-0.122995167307977,-0.20330605687826706,-0.4804567826902134,0.3549028840740604,0.32143496620373274
0.09924891173661683,0.09167897467842699,0.09167992115990885,0.1188126256693142,-0.13606735520008167,-0.3318588546872128,-0.899878685365971,0.11881047070898146,-0.46722715383114993,-0.955534931768393,-0.8899941193636689,1.2417013976421338,0.32143496620373274
0.01721412293291716,-0.00860957236478586,-0.008610202216159395,-0.002342658145310973,0.06715200926706283,0.035842048732264264,-0.899878685365971,-0.0023431002769972306,2.7654673945458503,1.746945823372999,2.8557694953837234,0.6447035609966191,0.32143496620373274
-0.38772355797045144,0.03398520132195502,0.03398299218890209,0.19056158845062152,-0.7850582288209625,-0.05861322921035371,0.1794292520415955,0.1905573419773051,-1.244422418517627,-2.380660761380049,-1.2442645992900807,1.5121220271295983,0.32143496620373274
-0.18700013855714373,0.020789755238016912,0.02078912477990046,0.07784784071125912,-0.41795228010612084,-0.06873343756134849,0.1794292520415955,0.0778453018209908,-0.39358260883335255,0.012503865679353061,0.01280818725870431,-0.6891512104222387,0.32143496620373274
1.966849422799567,0.11860178853652895,0.11860273446237814,0.09829256969276366,0.8341412235462856,-2.942872609243867,-0.899878685365971,0.0982941119539557,1.2078506509017206,0.9755635015566861,0.7991750302153988,0.6970485967750669,0.32143496620373274
-0.6303370823047973,0.04417536877624981,0.04417631623811043,0.16238437967330882,-0.26717662259823943,0.9432873975381297,-0.899878685365971,0.16238547272205023,-0.3837622551219878,-0.8660691934200139,-0.831500604812531,1.3929197697121,0.32143496620373274
-0.5413206093475913,0.25560713782909206,0.2556017673169906,0.08667911210871639,-0.7162258634369297,0.3090876742091234,0.1794292520415955,0.08667370203154912,-1.380610997773254,-2.5772927493316278,-1.3217871214038235,1.3201020863515531,0.32143496620373274
-0.29521624293649223,-0.020761694302613553,-0.02076232390319176,0.054787954966962205,-0.34911991472208803,0.2112589934828405,0.1794292520415955,0.05479689320265396,-0.30435621033746685,-0.7310033139025988,-0.7540883957861074,1.333559347932289,0.32143496620373274
-0.49593966234979997,0.00848768504923538,0.00848547644239984,0.1242181563355494,-0.21145518395402238,0.7408832305182341,-0.899878685365971,0.12421845432973153,-0.14337844688567064,0.18691328416298214,0.3697813378244425,-0.723699282886636,0.32143496620373274
-0.29696166397486884,-0.04182863436030756,-0.04182610672088846,0.024499952784991192,-0.37534176820171955,0.187645173997186,-0.899878685365971,0.024504406600276817,0.32610746630597925,0.856843148342143,0.8236921138721468,-1.758773264680444,0.32143496620373274
2.56901968103949,0.0032173986288682346,0.0032151901308007914,0.011463470011922893,2.9876109405610265,-1.8903709407404095,-0.899878685365971,0.011467522542533725,-0.06419783523340679,-0.3882002836195936,-0.5472789353339699,1.0974098035156323,0.32143496620373274
-0.8345513437948582,-0.1411148957260921,-0.14111236603760452,0.056564689524025276,-0.8112800823005941,0.7779906611385483,-0.899878685365971,0.05656543894388336,-0.6727604803821415,-0.989719732845261,-0.9924473992116076,0.7271662663445204,0.32143496620373274
0.036413754355059634,0.0024739709846655013,0.002473340904549952,0.1033967923788149,0.2802045687890692,0.21800579905017034,-0.899878685365971,0.10339915023940259,-0.07531932059631322,0.21635971918800634,0.20902759132817467,-0.7306218746226407,0.32143496620373274
-0.7734616074516776,-0.25919835415092196,-0.2591974004280386,-0.11871631531788623,-0.755558643656377,0.7172694110325797,0.1794292520415955,-0.11872937608783324,-1.22603049431776,-1.7824267425348588,-1.1666041858171883,0.8110034431417193,0.32143496620373274
0.19350164780895263,-0.08204475526612802,-0.08204380519933821,0.017733623577816437,0.3424814708031941,-0.021505798590039506,1.2587371894491621,0.017731122042721176,-0.3416605466492843,0.04470516468800737,0.12750621979910173,-0.622908663578534,0.32143496620373274
-0.6041557667291485,-0.031022889875781213,-0.031021940861979964,0.11320731471187007,-0.44089640190079843,0.7138960082489147,-0.899878685365971,0.11320393507793132,-0.024913600270577766,-0.26791680017433883,-0.5143229004972842,0.9364159393258149,0.32143496620373274
5.9324460219911765,-0.11389692057400733,-0.11390228346028915,-0.6726824996897047,4.964083146588255,-6.356756226312774,-0.899878685365971,-0.6726915317529409,0.8046260391761113,0.5222720597702223,0.1611241331597041,0.9709744773088615,0.32143496620373274
0.7084008541300464,0.047673109030078376,0.04767405641975268,-0.026678190175278057,0.7521979314224371,-0.5949842718130772,-0.899878685365971,-0.026676979642431348,2.432428806378516,1.467823004551595,1.6855406868271743,1.2224329824059674,0.32143496620373274
-0.653027555803693,-0.1561097208214763,-0.15611192603135285,-0.06751033412031737,-0.7883359605059165,0.45077059112305035,-0.899878685365971,-0.06751319207012403,-1.0083592063493456,-1.3961580805101341,-0.8446830187472053,0.6366095288731166,0.32143496620373274
-0.2393627697084414,-0.1304196394264791,-0.13041710995872008,-0.03723051965519919,-0.18195559878943687,0.2753536463724741,-0.899878685365971,-0.03722889317951184,0.4522707045689162,0.9700129607896685,0.8439897219389254,-1.6240883189729152,0.32143496620373274
-0.614628292959408,0.18847451667573614,0.1884707259517258,0.38965411144391926,-0.7031149366971139,0.4642642022577101,-0.899878685365971,0.38964974125385154,-0.3450016807032837,-0.5696009347016796,-0.7353627492136309,0.7896433195781448,0.32143496620373274
-0.6338279243815504,-0.1202594616223751,-0.12026640277995593,-0.02490145561821499,-0.640838034682989,0.5654662857676579,-0.899878685365971,-0.024904340045319474,-1.001362495154602,-1.7392263939915629,-1.0417573492434016,1.159562425671123,0.32143496620373274
-0.5971740825756421,0.013614336829215161,0.01361212811657585,0.2660801760709695,-0.8375019357802256,0.29222066029079874,0.1794292520415955,0.2660807952972123,-0.4248309193506266,0.5296632578063025,-0.025828971574932903,-1.9143648281434034,0.32143496620373274
1.5723842681264577,0.023817131504642906,0.0238165009840475,-0.1912725869808821,1.797794338922745,-1.1887031617381045,-0.899878685365971,-0.1912704553973571,1.3817390879302949,0.8985048543345819,0.42063567107870864,1.3130329773544558,0.32143496620373274
-0.015948876796238028,0.07074462044262901,0.07074556735615378,0.06809626993954429,0.4572020797765821,0.5013716328780242,-0.899878685365971,0.06808759632511054,1.7372318031115135,1.098410028826711,0.9518759213373466,1.2502307953414544,0.32143496620373274
0.06434049096908506,-0.15292766109597164,-0.1529267095663014,-0.12980248393661156,0.19498354498026663,0.07632288213624339,-0.899878685365971,-0.12979916239404687,1.908700931951377,1.2685789974155375,1.6203456522213797,0.8182267441135856,0.32143496620373274
-0.5535385566162274,0.00828407110846648,0.008283440908442163,0.08281942238429459,-0.36550857314685775,0.6936555915469251,-0.899878685365971,0.08282547750202218,0.2661175770986089,0.33113347466600085,-0.07621447420809108,-0.13496432206550174,0.32143496620373274
0.33138990984070316,0.03506798553410592,0.03506735478131555,-0.6991845015989294,0.6014222739145556,-0.021505798590039506,-0.899878685365971,-0.6991808262404985,-1.1365432349651579,-2.2696009706799853,-1.0646197365903571,1.4777902420506237,0.32143496620373274
-0.37026934758668556,0.05351319880407012,0.053510989267998646,0.21677374518325612,-0.4769514504352918,0.2247526046175002,0.1794292520415955,0.21677030119279544,-0.43174672842832096,-0.08616515901433854,0.08225027572629777,-0.4476858802328931,0.32143496620373274
-0.3336155057807772,-0.20627924878534865,-0.20627829615460908,-0.09505872624333307,-0.45728506032556815,0.17415156286252628,-0.899878685365971,-0.09506074830330138,0.12128621939088968,-0.07922698305556637,-0.26523594932996764,0.7032651148528539,0.32143496620373274
0.4273880669514155,0.13076811609813122,0.13076748337028285,0.24696185721962266,0.4834239332562137,-0.32848545190354794,-0.899878685365971,0.24695634754222823,0.5854592077149671,0.41229788954370783,0.35778478957845233,1.2725593282307268,0.32143496620373274
3.209589202123698,-0.03551975900175486,-0.035520388297756327,-1.8882555068106937,2.954833623711487,-3.1621437901820872,-0.899878685365971,-1.8882535488731425,0.9858499539984894,0.36501626102466345,0.29377562066134194,2.15155614649624,0.32143496620373274
-0.26379866424571363,0.013573298360533058,0.013574246453958787,0.10857797960328269,-0.34911991472208803,0.1505377433768718,-0.899878685365971,0.10857787793073405,-0.23198741593488198,0.11833961801045872,0.18031861035328833,-0.7667641944279743,0.32143496620373274
0.8759612738141989,0.09606062041156242,0.09606156680261593,0.006246256833302671,1.2569686109053444,-0.3993269103605114,-0.899878685365971,0.006243762436495041,0.3162039191322022,-0.27893625610885936,-0.3876007414390668,2.217527985257545,0.32143496620373274
-0.6757180293025886,0.09561866767190899,0.09561645726686543,0.20139885047702094,-0.69983720501216,0.5857067024696475,-0.899878685365971,0.20140196620998257,-0.44036624091211146,-0.8240605786296363,-0.8187594432271348,1.0338492202511658,0.32143496620373274
-0.6024103456907719,-0.045893021162477496,-0.04589207184178668,0.10472484005234314,-0.7686695703961928,0.37318232709875704,1.2587371894491621,0.10472146568944217,-0.24212203647565597,0.47919006834622296,0.24780264152096132,-1.6301799485281518,0.32143496620373274
7.868117953550814,-0.1261516386835403,-0.12615068770647322,-1.8914045027122903,6.452173331557345,-8.5663350496133,-0.899878685365971,-1.891401724046766,-0.034257001631756726,-1.0379114867988972,-0.7511375207003121,2.9668312125100846,0.32143496620373274
-0.14860087571285877,0.11024098974387103,0.11023088702400696,0.15654817510061503,-0.6801708149024364,-0.4128205214951711,-0.899878685365971,0.15654354037775775,-1.158664764386729,-1.7360348330505275,-1.051850996733131,0.7561229610451259,0.32143496620373274
-0.39121440004720465,-0.11193180928519118,-0.11193085860159277,0.010087933580648259,-0.3720640365167656,0.37318232709875704,-0.899878685365971,0.010091986966021971,-0.4606442948604404,-0.2745325550150269,-0.12902686476227765,-0.2585969823779436,0.32143496620373274
-0.6251008191896675,0.04538600360237188,0.04538695103924743,0.15721301770906443,-0.696559473327206,0.49125142452702947,-0.899878685365971,0.15721697967042494,-0.350897136065078,0.02244586370027599,0.05436864290630697,-0.7558423791653842,0.32143496620373274
-0.07005692898591229,-0.11427100200007112,-0.11427162967080552,-0.013941377839023163,0.21137220340503635,0.3529419103967675,1.2587371894491621,-0.013934853208226489,-1.3188275139186216,-2.148786920837883,-1.2753177333705057,1.0553314415323176,0.32143496620373274
-0.5238663989638254,-0.0019787028673428,-0.0019777544529550836,0.06740686418053642,-0.5031733039149233,0.4946248273106944,1.2587371894491621,0.0674018754647959,-0.24018443958519303,0.5149094306939723,-0.1306815610720692,-1.6248425340169206,0.32143496620373274
0.022450386048046927,-0.09104322872600017,-0.0910422784735,0.0009406163126719356,-0.10984550172045013,-0.15644190993663662,0.1794292520415955,0.000934031356924373,-0.3186015044595541,0.05412884015201026,-0.0733187556659557,-0.762984746793028,0.32143496620373274
-0.27427119047597315,-0.032825425692510554,-0.032824476641508595,-0.045862010761447525,-0.26717662259823943,0.25511322967048455,-0.899878685365971,-0.045868976019476294,2.356713237687192,1.3925029825991597,1.8459359157896535,1.4808740815460018,0.32143496620373274
-0.12067413909883336,0.11410176260527206,0.11410270862399273,0.2017329093246162,-0.07706818487091069,0.15391114616053672,-0.899878685365971,0.20173561546440433,-0.39226984419766003,-0.21208080882612595,0.05756772243857076,-0.19500221175255553,0.32143496620373274
-0.08576571833130159,0.006707246869488708,0.006706616702006869,0.18863256236009587,0.12287344791127988,0.29222066029079874,0.1794292520415955,0.1886209481448942,-1.1954385661183324,-2.0211244831964756,-1.1534769284261739,1.0843809304982817,0.32143496620373274
-0.42263197873798325,-0.09175193151208727,-0.09174940284235186,-0.003917974867794543,-0.8047246189306861,-0.011385590239044724,1.2587371894491621,-0.003923328647632757,-0.018982188412317167,0.803329405300131,0.15822841461756826,-1.9225746786732931,0.32143496620373274
0.22317380546135465,-0.07996442058447366,-0.0799682057684449,0.029370006769051625,0.873474003765733,0.46763760504137497,-0.899878685365971,0.02936790738865766,-0.3096088551962575,-0.5620464854665694,-0.694491750361775,0.780331798785087,0.32143496620373274
-0.1451100336361056,0.14931276873451743,0.14930740041611767,0.5626507432838925,-0.48022918212024573,-0.21378975725894037,0.1794292520415955,0.5626581377752056,-1.2022103729528257,-0.12462306022581503,-1.1627156494891777,-1.243759510329928,0.32143496620373274
-0.003730929527601907,0.05326538958933588,0.05326475846098773,0.15091666344924184,0.16876169150063508,0.18089836842985615,0.1794292520415955,0.1509103946834715,-0.1386256678306963,0.20545045781283106,0.18757169584454203,-0.6365096516153892,0.32143496620373274
-0.5971740825756421,-0.06308182592971266,-0.06308561146210666,0.0379621968344064,-0.3294535246123644,0.8150980917588625,0.1794292520415955,0.03795681703009117,-0.1422826550301255,-0.23392790053630677,-0.5364130962330041,0.5983559651055627,0.32143496620373274
-0.8170971334110922,-0.09775933196609067,-0.09775838157498365,-0.004776047593970625,-0.644115766367943,0.9163001752688104,0.1794292520415955,-0.0047830383829526035,-1.3262659259964271,-2.8420168123985916,-1.502231753986613,1.8250654542923586,0.32143496620373274
-0.050857297563769804,0.24666706526695983,0.24666643014719059,0.3432150189980653,-0.17867786710448294,-0.08560045147967313,0.1794292520415955,0.3432110870509912,-0.3934188657685623,-0.5453214001259528,-0.6861631122691565,0.721846992065615,0.32143496620373274
0.03117749123992987,0.08085902457012607,0.08086154967751895,0.17439739783977398,-0.7031149366971139,-0.7838948276983131,0.1794292520415955,0.17439275202535073,0.27224392957006444,0.8151896049096556,0.6664408078982716,-1.50171570710587,0.32143496620373274
-0.12591040221396313,-0.010304776801885088,-0.010305406618273016,0.000527955383289545,-0.5556170108741865,-0.32848545190354794,-0.899878685365971,0.0005287396245593028,-0.37666860239265354,-0.7376762066629472,-0.745787335965319,1.0109471769399023,0.32143496620373274
-0.23238108555493503,-0.15114880131886657,-0.15114942822851746,-0.02897238843743968,-0.20162198889916055,0.24161961853582484,0.1794292520415955,-0.02896544508073513,-0.48879118130015725,-0.7889493269982735,-0.844958801465504,0.988920748688978,0.32143496620373274
0.642074854671736,-0.04576990575643118,-0.04576895643828122,-0.3002805740726558,0.41131383618722694,-0.8176288555349625,-0.899878685365971,-0.3002836967638548,2.7733411622426356,1.6078802894793505,2.062370193110413,1.2962616348680536,0.32143496620373274
-0.7071356079933672,-0.06691103073828131,-0.06691008098382109,0.07216065258528673,-0.44417413358575236,0.9095533697014805,0.1794292520415955,0.07216098292817362,-1.26115399861596,-2.4226122382507658,-1.3980134647415632,1.540372648171986,0.32143496620373274
-0.614628292959408,0.16770431631466656,0.16769421240887517,0.2137541152079342,-0.24751023248851575,0.933167189187135,1.2587371894491621,0.21375517633535226,-1.230270012011411,-1.914978553587213,-1.2268351314936075,0.9339802642854609,0.32143496620373274
-0.08751113936967816,-0.07188931266994886,-0.07188836281274694,0.009953655024261925,-0.047568599706325196,0.12017711832388746,0.1794292520415955,0.009956889721900281,-0.2799979753268868,-0.7525524721745499,-0.7646508738969446,1.413483118455828,0.32143496620373274
-0.7734616074516776,-0.039727780444312154,-0.03972683125085949,0.03710903673834201,-0.7948914238758243,0.6767885776286005,0.1794292520415955,0.03711348271830123,-0.32746372329449236,-0.4469094960707333,-0.6554409174506898,0.6951201505385907,0.32143496620373274
0.10797601692849977,0.13471254429953808,0.13471191149028466,0.22211213657129816,0.09665159443164832,-0.10921427096532763,-0.899878685365971,0.22211073619148466,0.6961040451206386,1.0608255215300446,1.435405761330323,-1.563492268291223,0.32143496620373274
-0.7071356079933672,-0.060807347723139116,-0.06080797649725568,0.354890703230194,-0.36550857314685775,0.9905150365094387,0.1794292520415955,0.35488676402781116,-1.053055951574372,-0.09406243576741155,-0.5970852942587013,-1.2831914914974125,0.32143496620373274
-0.34059718993428356,-0.10332320127779902,-0.1033206723692559,0.044420667887914926,-0.18523333047439083,0.46763760504137497,-0.899878685365971,0.04442101546851992,-0.16425982969382444,0.20670749204536154,0.13379406577631048,-0.8217353776861965,0.32143496620373274
0.025941228124800104,-0.16038403517498162,-0.16038466189403588,0.04452055803351939,-0.16884467204962111,-0.22390996560993517,0.1794292520415955,0.04453564343322923,-0.7373621427759908,0.03104103932920197,-0.29419313475132325,-1.1266133784764294,0.32143496620373274
-0.4557949784671384,-0.19973834823847791,-0.19973739574272933,-0.07316477137887846,-0.9456670813837058,-0.09234725704700299,0.1794292520415955,-0.07315657240411645,-0.4814186894658733,-0.7131966893684087,-0.8283291035520968,0.9339251458872403,0.32143496620373274
-0.8380421858716114,0.07173901410684923,0.07173838259724268,0.26121667226039136,-0.8276687407253638,0.7678704527875535,0.1794292520415955,0.261213200652949,-0.3132309434432341,0.3958013558817331,0.11300004881659435,-1.5131377741599048,0.32143496620373274
-0.15558255986636513,-0.16647509096899085,-0.16647256075711991,-0.06810639990720305,0.19498354498026663,0.5013716328780242,0.1794292520415955,-0.06810066038925926,-0.18872258530442673,-0.48412260688960657,-0.6637971338151382,0.9680092470248441,0.32143496620373274
-0.3144158743586347,-0.09276842281329016,-0.09277062933040355,0.06327042962648911,-0.011513551171831815,0.5958269108206422,0.1794292520415955,0.0632732218073194,-0.24202174605168858,-0.43611859181485474,-0.6409071681963523,0.8488935045615149,0.32143496620373274
-0.2236539803630521,-0.07912155357384891,-0.07912218196999715,0.02935854396545767,0.14253983802100353,0.5789598969023176,-0.899878685365971,0.029365860460716424,-0.27438576550343274,-0.05368225168735758,0.1173574157657127,-0.4305670825273283,0.32143496620373274
-0.09274740248480794,-0.03107497716295465,-0.031077184953296515,0.09865282923428798,0.1327066429661417,0.31583447977645324,0.1794292520415955,0.09865641819955477,-0.2763131394684298,-0.2712471246345495,-0.597112872530531,0.42897712737378746,0.32143496620373274
1.3192982175618524,-0.009577133184098549,-0.009574606210285486,-0.5336698054190678,1.0635824414930617,-1.4552019816476338,-0.899878685365971,-0.5336744206237807,2.0870624276432976,1.4162029754183303,0.8533111778174189,0.8171711221324754,0.32143496620373274
0.6158935390960871,0.1864841509446541,0.18648351706693897,0.17644923968309198,-0.20162198889916055,-1.39785413432533,0.1794292520415955,0.17644377382247095,0.43327862414126567,0.3866388823361781,0.033436734587441425,0.7992381070759816,0.32143496620373274
-0.6704817661874588,-0.004864022896223047,-0.004864652824897179,0.13276122009978722,-0.6605044247927127,0.6160673275226318,0.1794292520415955,0.1327664254123403,-0.18133722668464256,-0.22469604523116404,-0.5414599199778688,0.5559510789403844,0.32143496620373274
-0.330124663704024,0.04365133909923217,0.04365228657190771,0.2128305407469355,-0.5064510355998774,0.11680371554022252,0.1794292520415955,0.21282791797797157,-0.2590852187129928,0.37635405679729234,0.1572907533753529,-1.5048560604019552,0.32143496620373274
-0.6425550295734335,-0.07445263855993875,-0.07445484545505303,0.01873088749049055,-0.7883359605059165,0.4305301744210608,0.1794292520415955,0.018732069805986424,-0.21256985029904646,-0.47025441753201375,-0.6119775610468268,0.9274916427227875,0.32143496620373274
-0.7298260814922628,0.003286848345099488,0.0032767478325535205,0.05818258237414353,-0.637560302998035,0.7543768416528939,0.1794292520415955,0.05818251201746117,-0.4504929298727826,-0.7669226589691598,-0.7818597155187789,1.071001113755552,0.32143496620373274
-0.32663382162727084,-0.1201300326057623,-0.12012908175296907,0.033016815855299975,-0.8506128625200414,-0.24415038231192474,-0.899878685365971,0.03301553297994329,-0.4726831996552453,-0.8835942096358772,-0.8554109664890216,1.1147762851625678,0.32143496620373274
-0.5430660303859679,0.10495807610237093,0.10495902230979888,0.1985724506194257,-0.5523392791892325,0.4811312161760347,0.1794292520415955,0.19857515872313325,-1.2715656956883274,-2.616644450857793,-1.5137043150678358,1.7789362388904544,0.32143496620373274
-0.43310450496824277,0.08905093428013071,0.08905188081585003,0.2059495835038212,-0.5916720594086798,0.22812600740116512,0.1794292520415955,0.2059563808792365,-0.24192832966381037,-0.41100647612407526,-0.640217711400606,0.8108101798973257,0.32143496620373274
1.4676590058238626,-0.11733310312481274,-0.11733373073235154,-0.46735257399792474,1.4306883902079035,-1.3641201064886808,-0.899878685365971,-0.467351908399737,1.679703171338731,1.1389208138659888,0.9826532726994732,0.9993639408986654,0.32143496620373274
-0.3807418738169451,-0.160448749683288,-0.16044779799839767,-0.06881054355654602,0.050763350842293116,0.7881108694895431,0.1794292520415955,-0.06881299131280999,-0.35262481046881833,-0.42922939121579157,-0.6693955229966002,0.6190574586954637,0.32143496620373274
0.6926920647846571,0.14159122301171537,0.1415905900604999,0.11055613199492527,0.4703130065163979,-0.8547362861552766,-0.899878685365971,0.11056544496167588,-0.035597262411805865,-0.5535410979971099,-0.6658930824742078,1.9166429286827076,0.32143496620373274
0.7241096434754356,0.20147424083211343,0.20147360664503305,0.14509028413677144,1.1750253187814959,-0.1901759377732859,-0.899878685365971,0.1450889316185914,-0.16491251060762271,-0.1860218361809729,-0.24761343363068575,0.19613817535658076,0.32143496620373274
-0.036893929256757094,0.05291814100817961,0.05291908828960702,0.1839934019912851,-0.6047829861484956,-0.5511300356254332,0.1794292520415955,0.18400512563740312,-1.0541427543058006,-1.364973020215441,-1.0948731007877164,0.5105279371966981,0.32143496620373274
-0.5116484516951892,-0.02151301396002438,-0.02151048673987878,0.052999757606305174,-0.0016803561169699843,0.9871416337257738,0.1794292520415955,0.05299150275848229,-0.4429046990597006,-0.9172035502361647,-0.8276396467563504,1.3149021189852517,0.32143496620373274
-0.4086686104309705,0.05018908284081969,0.05018845177596032,0.20412208510227062,-0.33600898798227224,0.4440237855557205,0.1794292520415955,0.20412028651594627,-0.49312217655099466,0.02630267327735816,-0.025304984410165304,-0.7916051494943636,0.32143496620373274
-0.653027555803693,-0.10771273902414255,-0.10771178842761725,0.049182644009518064,-0.6867262782723442,0.5553460774166631,0.1794292520415955,0.04918626371572135,0.16799934853540086,0.7639777037739656,0.3878726841448319,-1.5842963239638888,0.32143496620373274
-0.427868241853113,-0.022922527518990498,-0.022921578672364416,0.061706575707599506,-0.2343993057487,0.5857067024696475,2.338045126856729,0.061705275004331296,-1.1513661243760696,-1.144559413845177,-1.0589937691370654,0.03367495234837736,0.32143496620373274
-0.3789964527785685,-0.12058776937183192,-0.12058839691220097,-0.05760974690188113,-0.35895310977694983,0.36306211874776223,0.1794292520415955,-0.0576101546904159,-0.11270085762113193,-0.15723248723204417,-0.3054174913860771,0.415267995644221,0.32143496620373274
-0.605901187767525,0.006293705377384427,0.006294653621046297,0.12538899984550342,-0.5457838158193247,0.609320521955302,0.1794292520415955,0.12539543789594323,-0.30949481670011186,-0.6838767740226328,-0.7520200253988678,1.2459650499399293,0.32143496620373274
-0.4121594525077237,-0.01807525300657735,-0.018079039467816384,0.11543928632595021,-0.2638988909132855,0.5249854523636788,0.1794292520415955,0.11543508653388043,-0.45221937047517363,0.31186983318046874,-0.11311420191644697,-1.452536141868266,0.32143496620373274
3.6441990406794686,-0.05305581235014629,-0.053056441284238934,-1.3075777149782182,3.4169937912899933,-3.5264712908178995,-0.899878685365971,-1.3075769366469412,2.663520856652991,1.6173488590230867,0.9578879845962569,1.0764020190799233,0.32143496620373274
-0.16954592817337785,-0.09840332024387138,-0.09840710504730088,0.009452566752869023,-0.28356528102300915,0.035842048732264264,-0.899878685365971,0.009451298520414562,-0.14530123815994156,0.10085541459435288,0.2524909477320377,-0.5037336165095244,0.32143496620373274
-0.7315715025306394,-0.01656472167854759,-0.016565351365742862,0.1387922923335783,-0.48022918212024573,0.9196735780524753,-0.899878685365971,0.1387946281992854,0.0247423213494332,0.3777294481491195,0.40855638801722866,-0.8969280360789307,0.32143496620373274
-0.300452506051622,-0.21016369768637397,-0.21016432337807625,-0.03638882236272876,-0.6539489614228048,-0.09234725704700299,0.1794292520415955,-0.03639169965154561,-0.41922241093122053,-0.30179550525302573,-0.6754075862555101,0.21968908082411165,0.32143496620373274
-0.4365953470449959,-0.03198571548716904,-0.0319879232587151,0.10593662214656129,-0.20162198889916055,0.6363077442246213,-0.899878685365971,0.10593529395859613,-0.29239785514504,-0.19223354430406184,0.047915327298119224,-0.03657309733310235,0.32143496620373274
0.0032507546259044483,-0.06876881064746733,-0.06876943925727533,0.008517529488276384,-0.12623416014521985,-0.13620149323464703,-0.899878685365971,0.00851585245126892,-0.5295501613901129,-0.2566157359214917,-0.08429490785424079,-0.49450930837187884,0.32143496620373274
-0.4557949784671384,-0.07948616458406299,-0.07948994977790448,0.06330809312401212,-0.8309464724103177,0.02572184038126948,1.2587371894491621,0.06331211343820292,-1.3434081856867532,-1.8830466190569581,-1.256812712972668,0.7553436287563617,0.32143496620373274
1.5898384785102238,0.070222169168253,0.07022153768995107,-0.044959724364266186,2.023957825184567,-0.9896723975018737,-0.899878685365971,-0.04496014001356674,1.512460693407018,1.2887160328158798,0.5968884063433589,-0.2581741754245049,0.32143496620373274
-0.6024103456907719,-0.00405272393843068,-0.004054932286457433,0.08244278740906463,-0.6342825713130811,0.511491841229019,0.1794292520415955,0.08244474890495196,-0.9099594948211536,-0.7660900778541071,-0.9168829343977847,-0.23168734312517514,0.32143496620373274
0.2511005420753801,0.07544194670408833,0.07544447192327879,0.1317279302329607,0.69647649277822,0.23149941018483006,-0.899878685365971,0.1317265860181915,-0.08837011875490848,0.19454935899760725,0.10698798555768446,-0.6398279187285155,0.32143496620373274
-0.3772510317401919,0.02743325195659293,0.027432621361368082,0.18762219810045724,-0.5195619623396931,0.19439197956451587,-0.899878685365971,0.18763228194927636,0.07853429760708659,0.47334567542095135,0.4342593373626603,-1.0400119093532831,0.32143496620373274
-0.3737601896634387,0.025769615572326092,0.02576898501143535,0.17738263940431406,-0.46711825538043,0.24161961853582484,0.1794292520415955,0.17738740760338154,-0.30593847243932126,-0.8538212722127931,-0.8549972924115739,1.6847688974849824,0.32143496620373274
-0.01420345575786144,0.21765602471399545,0.21765854699817372,0.20179349842932712,0.5457008352703386,0.5890801052533123,-0.899878685365971,0.20179292944675897,-0.3356394198071935,-0.7507158961854631,-0.7807841629174143,1.50103136816613,0.32143496620373274
-0.6216099771129143,0.056150709618216124,0.05614534322249365,0.15955470472897243,-0.5359506207644628,0.6498013553592811,0.1794292520415955,0.15954843059549473,-1.2230829428941985,-2.2932234191796166,-1.4173182550224668,1.4417197854733497,0.32143496620373274
-0.733316923569016,0.06881107720664525,0.06881202416007447,0.20768210438987902,-0.9653334714934294,0.4237833688537309,-0.899878685365971,0.2076921757734061,-0.21499673755318857,0.05943042284050735,0.07447320307027648,-0.5547676716518148,0.32143496620373274
-0.4086686104309705,0.057822238015691065,0.05782318519590778,0.1816713654918239,-0.5687279376140022,0.20451218791551065,0.1794292520415955,0.1816716277843921,-0.08001552104655378,-0.1719618266645199,-0.436441860849753,0.6515054504175333,0.32143496620373274
0.5757488552134256,0.06597153085437198,0.06597089946379465,-0.08612756470027133,-0.16228920867971322,-1.2797850368970576,-0.899878685365971,-0.08613000169568118,-1.1086023933507798,-2.545887299918244,-1.3620789765472523,2.0358577447225854,0.32143496620373274
-0.5116484516951892,0.09721758954786944,0.09721853591504544,0.19019477873561494,-0.4376186702158445,0.5384790634983385,0.1794292520415955,0.190195035731706,-0.5048801271528224,-0.2004124293754615,0.08726952119933264,-0.4071647874246199,0.32143496620373274
0.30869943634180746,-0.038457166317808544,-0.0384562171505788,-0.009772192417564567,0.5260344451606149,-0.05523982642668878,-0.899878685365971,-0.009773448703690185,3.2864823160631373,1.8039694671941546,2.7647060418015177,1.3886833277627935,0.32143496620373274
-0.546556872462721,-0.020125598038040936,-0.020126227651746893,0.09011959073027354,-0.5687279376140022,0.4710110078250399,0.1794292520415955,0.09012482254047592,-0.19874951261313734,0.10976076750143574,0.09821809511578813,-0.6459844344993788,0.32143496620373274
-0.5605202407697337,-0.096824917602252,-0.09682554563303845,0.031217155691048992,-0.5687279376140022,0.49799823009435934,-0.899878685365971,0.03121833024753657,-0.3078337675692356,-0.02512553569704653,0.23732289822561375,-0.5156698893798701,0.32143496620373274
-0.2550715590538307,-0.0828481622107123,-0.08284721212734178,0.0462629041798006,-0.3032316711327328,0.18089836842985615,0.1794292520415955,0.04626529754357511,-0.45139501491648215,-0.01594265575161279,-0.0565511663933994,-0.5284406129372005,0.32143496620373274
-0.4557949784671384,-0.08630486399585875,-0.08630391384114888,0.11183177828059543,-0.988277593288107,-0.13620149323464703,0.1794292520415955,0.11182839950141955,-0.1880180847339564,-0.08787521532417708,-0.5116202298579577,0.3466232634198406,0.32143496620373274
-0.6757180293025886,-0.01934586713308096,-0.019344918360269945,0.10166263394938652,-0.8899456427394887,0.39004934101708166,0.1794292520415955,0.10166130841729176,-1.0800751435807967,-1.5431739477965403,-0.8924761638283565,0.6820431361354524,0.32143496620373274
-0.21143603309441597,-0.041973847403336546,-0.04197289816352959,0.06348986043814484,-0.06723498981604886,0.33944829926210773,-0.899878685365971,0.06349224309703183,0.08995683049923078,0.48480590959285264,0.4216836454082433,-1.1208252489620276,0.32143496620373274
-0.5099030306568126,-0.04645335410025238,-0.04645082636538837,0.07521794605813166,-0.5523392791892325,0.4170365632864011,-0.899878685365971,0.07521090556061784,1.65206743117231,1.571903806493129,2.417992008356488,-1.082715411650593,0.32143496620373274
-0.09798366559993771,-0.04001189291980364,-0.040010943720487475,0.0696699491186573,0.01143057062284579,0.20113878513184572,0.1794292520415955,0.06967396547956978,-0.036087610319498746,0.6287853045773022,-0.02762155924387389,-1.6277275286579587,0.32143496620373274
-0.3929598210855812,-0.14005894435884872,-0.14005641469215385,-0.0010932125535698463,-0.6178939128883114,0.12355052110755238,2.338045126856729,-0.0010821926651947897,-0.6161737678109085,-0.03066383262413701,-0.210851597281479,-0.9423944352997015,0.32143496620373274
0.820107800586148,-0.08731819849177841,-0.08732040512137344,-0.20649519015365472,0.30314869058374677,-1.2730382313297277,-0.899878685365971,-0.2064934584963421,-0.17207895761656772,-0.46895248921975,-0.6268974061067825,0.955613189035165,0.32143496620373274
-0.07703861313941864,-0.02226433361743521,-0.022263384784392926,0.04136009932832886,-0.011513551171831815,0.1370441322422121,0.1794292520415955,0.04136085819636951,-0.2623646626995254,-0.037340806664461275,0.027259201697552027,-0.2889748945111474,0.32143496620373274
-0.24634445386194775,0.11728382233077675,0.11728476828382611,0.2666893422048197,-0.34584218303713404,0.12017711832388746,0.1794292520415955,0.2666928267516424,-0.2883506342045497,0.04347669941530713,0.09336431927373229,-0.5626537888048145,0.32143496620373274
0.01721412293291716,0.14691833192718082,0.14691612046341548,0.24654592120349916,-0.585116596038772,-0.6354651052170563,-0.899878685365971,0.2465490088819219,-0.39377772570388314,-0.0037681975839555246,0.009829733901079198,-0.7597243888830955,0.32143496620373274
-0.30917961124350496,-0.09645714978675468,-0.09645619942252208,0.03430556248793466,-0.7850582288209625,-0.21041635447527546,0.1794292520415955,0.03430100372704059,-0.3318338476738372,-0.4065211494307278,-0.6577023357407387,0.6297532187552252,0.32143496620373274
0.2284100685764844,-0.04131249669649802,-0.04131312587294905,0.08589309129084517,0.4309802262969506,0.002108020895614986,-0.899878685365971,0.08588972863005506,-0.3439564747030613,-0.00022156528503022705,-0.0077652035263731335,-0.6522372330418174,0.32143496620373274
-0.0351485082183805,-0.08290182790052734,-0.08290403462126739,-0.03270434977895741,-0.18523333047439083,-0.12270788209998733,-0.899878685365971,-0.0327072293573177,2.5070381840314937,1.5055299502475339,2.354810187594274,1.241951872388478,0.32143496620373274
-0.33710634785753035,-0.09938824349224189,-0.09938729306751741,-0.03056080550688777,-0.23112157406374603,0.41366316050273616,-0.899878685365971,-0.030562048874900556,-0.346959018415336,-0.13321415457476526,0.14741773206026218,-0.32839850326371245,0.32143496620373274
-0.525611820002202,0.03709623292858684,0.037095602133937526,0.1533975416556479,-0.5949497910936338,0.40354295215174135,1.2587371894491621,0.1533953652041341,-0.2909532500223042,0.4303861223962244,0.09074438344989527,-1.5676170780416019,0.32143496620373274
0.12368480627388907,0.029437823311449555,0.029437192674854392,0.10142846524739572,0.6079777372844636,0.3866759382334167,-0.899878685365971,0.10143409941581437,-0.2532680216082135,0.02058480003133475,0.18575152990377095,-0.5464224670807251,0.32143496620373274
-0.11020161286857383,-0.04809489284753654,-0.048093943481403535,0.08766327567442599,0.0638742775821089,0.27872704915613905,1.2587371894491621,0.08766646208304942,-0.3674457610490382,0.5001392784617391,0.10847721223649702,-1.8169106161807533,0.32143496620373274
0.41167927760602624,0.026464112734638622,0.02646348215941486,0.03277445943645635,0.5063680550508913,-0.2745110073649091,0.1794292520415955,0.032769901626994766,-0.14819221097876928,-0.29134742851511003,-0.5469755743438415,1.0156336361911362,0.32143496620373274
-0.003730929527601907,-0.04334390089626217,-0.043342951628180075,0.009619596176666656,-0.2999539394477789,-0.3014982296342285,-0.899878685365971,0.009617099683654817,-0.4283528934309714,0.029706460777132265,0.002162974332377244,-0.9361576838858587,0.32143496620373274
-0.0054763505659784955,-0.10855087082684245,-0.10855149861562885,-0.0609650732681689,-0.408119085051259,-0.4094471187115062,0.1794292520415955,-0.060979398081693205,-0.0967585578717021,-0.21447243889191447,-0.486551580764613,0.7625173929399539,0.32143496620373274
0.0905218065447339,-0.06491908660455763,-0.06491813689120714,0.04889771146303975,0.30314869058374677,0.1370441322422121,0.1794292520415955,0.04889764687600683,0.010576871800381499,-0.10623689393506881,-0.4176059011899571,0.7012543398696685,0.32143496620373274
-0.427868241853113,-0.004991873510194218,-0.004989346631011682,0.09073039440749431,-0.027902209596601533,0.7982310778405379,-0.899878685365971,0.09072661935519982,-0.2963546560723576,-0.6615276848754349,-0.736327988727676,1.0334459489325394,0.32143496620373274
-0.6216099771129143,0.16230775768296987,0.16230712430420685,0.2386267614634466,-0.6670598881626205,0.514865244012684,0.1794292520415955,0.2386273977493319,-0.11190117808942718,-0.19710659259510535,-0.46972883494839685,0.7001763914487728,0.32143496620373274
-0.5238663989638254,-0.1622307662656763,-0.16223139294661776,-0.049806852741138705,-0.7653918387112388,0.2247526046175002,-0.899878685365971,-0.04980726537841768,0.6057273912525014,1.0284364836425057,1.0411743655224408,-1.74746352752658,0.32143496620373274
-0.27776203255272636,-0.02252477005330241,-0.02252382121488524,0.1002674469976651,-0.5916720594086798,-0.07210684034501343,-0.899878685365971,0.1002693974172501,-0.2918442308538598,-0.02462761954000523,0.12996068599195976,-0.4711370144226323,0.32143496620373274
-0.7018993448782375,-0.16169568777016735,-0.16169473605954268,-0.03699471340983782,-0.7916136921908704,0.5418524662820035,-0.899878685365971,-0.036997590322151976,-0.001627186117898659,-0.20962387828072548,-0.4492106007069793,0.8156340862934895,0.32143496620373274
0.33138990984070316,0.023297837035550124,0.023297206525671913,0.05527758043476115,-0.018069014541739703,-0.6590789247027108,-0.899878685365971,0.05527792126884483,-0.47473518755652516,-0.056967682067834986,0.012311778365766793,-0.8334462930549569,0.32143496620373274
-0.6774634503409652,-0.07360503634138914,-0.07360724325399623,0.07565844522481366,-0.5162842306547392,0.7779906611385483,-0.899878685365971,0.07565508892386642,-1.1425412720962824,-1.686194241986689,-0.9989558713634551,0.6956266816412251,0.32143496620373274
-0.00024008745084872938,0.09143116546369275,0.09143369035289793,0.1138197559324614,-0.11967869677531195,-0.12270788209998733,-0.899878685365971,0.1138159665323614,2.172625493675672,1.32986757881135,1.537776306362772,1.5103442843616746,0.32143496620373274
-0.07005692898591229,-0.003467136558389886,-0.0034677665158929396,0.055852358157829476,0.290037763843931,0.4339035772047257,-0.899878685365971,0.055851061092391394,1.6506605451193967,1.233977905781143,1.1842504397757665,0.15390422599601056,0.32143496620373274
-0.37026934758668556,-0.023063005354094623,-0.023063634907178405,0.062004608601042344,-0.28356528102300915,0.4237833688537309,-0.899878685365971,0.06201026726757572,-0.4726375490053199,-0.1850668166666478,-0.03699817166602708,-0.49941624121599515,0.32143496620373274
-0.1590734019431183,0.08112893142184299,0.08112987812105649,0.22036651533827584,0.15892849644577325,0.4710110078250399,0.1794292520415955,0.22036675358555013,-0.4390737458700152,-0.5346529342693466,-0.6895000831605698,0.5416475057515279,0.32143496620373274
-0.5605202407697337,-0.10891548183705653,-0.10891610961831809,0.026833452088046376,-0.6342825713130811,0.4305301744210608,0.1794292520415955,0.026829716741522878,0.06119339589951763,-0.15638766227706427,-0.40982882853393604,0.8635619755006163,0.32143496620373274
-0.9113498694834281,0.04507505828197286,0.04507442732265666,0.20065868087352556,-0.6310048396281271,1.111957536721376,1.2587371894491621,0.20064460287172461,-1.299979964506179,-1.9159743859012957,-1.212742634588548,0.817623930239376,0.32143496620373274
-0.4732491888509043,0.15969076610316493,0.15969486798623847,0.2750784768922244,-0.7096704000670219,0.18427177121352106,-0.899878685365971,0.27507704359895213,-0.3304976408125073,0.007083925871559281,0.06134594567926182,-0.7292474031733432,0.32143496620373274
-0.31092503228188156,0.06133102708801097,0.06133197419581335,0.16909011977577268,-0.05412406307623308,0.5452258690656683,-0.899878685365971,0.16908916172960378,-0.028223008004165693,0.22524466569521043,0.2613987295330834,-0.5971104624063396,0.32143496620373274
-0.021185139911367796,-0.09460568348813514,-0.09460631156472211,-0.002331195341717018,-0.29667620776282494,-0.26439079901391427,-0.899878685365971,-0.002336959493173517,0.8650921757043251,1.2157468281294752,1.320487102615287,-1.5664233112143187,0.32143496620373274
0.4291334879897921,0.015169063431210262,0.015170011491702613,0.006121803537139728,0.2080944717200824,-0.6152246885150667,-0.899878685365971,0.006120946760020778,4.596112391299012,2.229165377627567,3.9058949301212214,1.2837846435341518,0.32143496620373274
-0.7542619760295352,-0.05243392170934825,-0.05243455065627546,0.09017362966150219,-0.4146745484211669,1.0309958699134179,2.338045126856729,0.09016985495518315,-1.3771593503698212,-1.7911198688832028,-1.2689747308496373,0.5783744991987454,0.32143496620373274
-0.3161612953970113,0.20365243647754822,0.2036533806481233,0.3329459845212519,-0.17867786710448294,0.42715677163739585,0.1794292520415955,0.33294369649774275,-0.08732702784271348,-0.25854210007004497,-0.5484923792944838,1.027925736695564,0.32143496620373274
-0.3440880320110367,0.21228787732984788,0.21228882132220486,0.45051504835433964,-0.3392867196672262,0.31583447977645324,0.1794292520415955,0.4505171905144966,-0.39836270777534794,0.4410219380130246,0.06084953678632431,-1.7298451757308138,0.32143496620373274
-0.10147450767669088,0.0010849766600404373,0.001076454595545712,0.1357644746414035,-0.24423250080356182,-0.05523982642668878,-0.899878685365971,0.1357610809903711,1.3658276332145982,1.3590568931979021,1.1918068862571491,-0.6917452636448215,0.32143496620373274
-0.5989195036140187,-0.005053431213217374,-0.005055639540591544,0.14055428900030625,-0.4835069138051997,0.6599215637102759,0.1794292520415955,0.14054884544492613,-0.3139072428400053,-0.46159394142347576,-0.6767037650315139,0.7475265840264487,0.32143496620373274
-0.39994150523908756,-0.06656378215712504,-0.06656283240983134,0.05657778987098979,-0.6900040099572982,0.06282927100158368,-0.899878685365971,0.056583861295354504,-0.3379207185021141,-0.12450470310651833,0.19402501145272977,-0.3280531411482798,0.32143496620373274
-0.3213975585121411,0.06021351801774444,0.06021446514860996,0.12903089630164005,-0.027902209596601533,0.5924535080369773,0.1794292520415955,0.12903282884752268,-0.4848310314834629,-0.7664451492119972,-0.8052736683023319,1.0212075714238456,0.32143496620373274
-0.00024008745084872938,-0.051194875635677026,-0.05119550460817566,0.023822009829577263,0.15892849644577325,0.1640313545115315,0.1794292520415955,0.023820732667903417,-0.261829192913914,0.10988728718068393,0.1709971544747948,-0.763719426202221,0.32143496620373274
-0.3196521374737645,-0.09199658392153828,-0.09199563364936278,-0.05013927404536341,-0.1590114769947593,0.4541439939067153,-0.899878685365971,-0.050136820776956956,0.47670384894713447,0.8992558098501197,0.8709612717885304,-1.402403516732317,0.32143496620373274
-0.6722271872258354,-0.017677495540889262,-0.017676546802510077,0.043590433399038446,-0.7195035951218837,0.558719480200328,0.1794292520415955,0.0435899627243774,1.0743265537886506,0.962560543553952,0.6072854148232167,0.3544347265398073,0.32143496620373274
0.4012067513757667,0.09544188657604763,0.09544283297987055,0.19920126727372267,0.4539243480916282,-0.3082450352015583,-0.899878685365971,0.1992056125290345,-0.17783058699249663,0.19778173273839994,0.20414623721428923,-0.8884544544790739,0.32143496620373274
-0.5360843462324615,-0.0772890281069288,-0.07728807813828763,0.10931978675014865,-0.46711825538043,0.5553460774166631,-0.899878685365971,0.1093188658454621,-0.13404262458992333,0.10596517712398978,0.06479322965799486,-0.5389319465326755,0.32143496620373274
-0.457540399505515,-0.15860359699523496,-0.15860264534842483,-0.07419969878907556,-0.6211716445732653,0.24499302131948977,-0.899878685365971,-0.07419845872620645,-0.060524632359100626,-0.23381770597696155,-0.37226722230166337,0.6012932873398481,0.32143496620373274
-0.26554408528409024,0.11078238184994649,0.11078174953456343,0.20497688274170556,-0.1590114769947593,0.34956850761310254,-0.899878685365971,0.2049779493233249,-0.3669476578185781,-0.7111274804207044,-0.7701113717192574,1.0360260481302561,0.32143496620373274
-0.1294012442907163,-0.15011810439388912,-0.15011873132481152,-0.10445167501689415,0.01143057062284579,0.2618600352378144,-0.899878685365971,-0.10444591291387638,-0.2292409741312621,0.09132562585098053,0.21368831926742143,-0.6770572570709077,0.32143496620373274
-0.6931722396863544,-0.08859670463149011,-0.08859575442948127,0.015506564593847982,-0.4146745484211669,0.9129267724851454,0.1794292520415955,0.015491782875007099,-1.3202975000976864,-2.419755342267742,-1.2996693473962742,1.3976683243739878,0.32143496620373274
-0.13812834948259925,-0.13219692080094256,-0.13219754810172207,-0.038827124441500105,0.07042974095201678,0.33944829926210773,0.1794292520415955,-0.03881526233397108,-0.21546188066188787,0.4922256765887631,0.20023012261444875,-1.565104655864485,0.32143496620373274
-0.3213975585121411,-0.01713610343481381,-0.01713515470760787,0.11382958119268478,-0.3261757929274104,0.2854738547234689,-0.899878685365971,0.11383643581177377,-0.18435210841041064,0.28490481638069953,0.24562395804640214,-1.137718689166007,0.32143496620373274
-0.6582638189188227,-0.004816670816974465,-0.004817300746625849,0.1274080908214101,-0.6867262782723442,0.5654662857676579,-0.899878685365971,0.12741166191806239,-0.1894574021366236,0.2760933329130589,0.2492367116561142,-1.14626343629268,0.32143496620373274
-0.11369245494532701,0.010866337830155802,0.010867285979447746,0.12519413218440617,-0.1459005502549435,0.06957607656891354,0.1794292520415955,0.12519074510181946,-0.0393205223694279,0.5351770670535385,0.39917977559507545,-1.3519052961448794,0.32143496620373274
-0.32663382162727084,-0.04541160835678358,-0.04541381585124624,0.020908820173342054,-0.4933401088600615,0.12355052110755238,-0.899878685365971,0.020914094991345843,0.4249307242116645,0.7267686742350681,0.7319392034941946,-1.02855216643211,0.32143496620373274
-0.4767400309276575,-0.06774758413833958,-0.06774505596400555,0.05407071097065472,-0.46384052369547607,0.4440237855557205,0.1794292520415955,0.05407842149527952,-0.3911532539765118,0.09846378452856436,0.08258121498825628,-1.0095893443405082,0.32143496620373274
-0.2847437167062327,-0.009892813712422427,-0.009890286732094354,0.13384854889784242,-0.8670015209448111,-0.34197906303820763,0.1794292520415955,0.13384515643737258,-0.37810862482466323,0.16944948714675503,0.08048526632918639,-0.8981825029143808,0.32143496620373274
13.029327964030387,0.024904650924718667,0.024905598784288097,-0.8239702190660972,11.031164495438004,-13.828843392130587,-0.899878685365971,-0.8239697412501154,2.082210768223041,1.5533135762035952,0.5729780446668682,0.09988819573986357,0.32143496620373274
-0.9567308164812194,-0.1780937128139512,-0.17809591757012241,-0.08335029114379303,-0.876834715999673,0.9466608003217947,0.1794292520415955,-0.0833482266235391,-1.1945091611876117,-2.652012823127628,-1.4535009476632461,1.9824110386809697,0.32143496620373274
-0.7280806604538863,0.06517443752035418,0.06517538454883631,0.23810602267160694,-0.7916136921908704,0.5924535080369773,0.1794292520415955,0.23811566576402246,-0.420592635458325,0.045627533962526494,0.01791016754722892,-0.7094194315400516,0.32143496620373274
0.2528459631137566,-0.027793478071027937,-0.027792529123875247,-0.003713281946473913,0.7948084433268383,0.329328090911113,-0.899878685365971,-0.0037165889255677464,-0.4495076513666707,-0.04148738711982158,0.05472716044009507,-0.8153988549945622,0.32143496620373274
-0.4697583467741511,0.00034154901583770427,0.00034249738234009457,0.08743893223265857,-0.36223084146190376,0.5351056607146736,-0.899878685365971,0.08744130000951326,-0.1923136522603343,0.10508362064922815,0.09532237657365228,-0.6789257010004602,0.32143496620373274
-0.6635000820339525,-0.014239734587442229,-0.014238785920011508,0.2526703334094124,-0.9260006912739821,0.329328090911113,0.1794292520415955,0.252671370354164,-0.5985057324884301,0.27659941163005164,-0.2378783036747442,-1.4814035308097293,0.32143496620373274
-0.7141172921468736,0.028741747746495405,0.028742695526874883,0.33043235544743454,-0.93255615464389,0.42040996607006603,0.1794292520415955,0.33043006898590277,-0.4983977348634158,0.2287464039144025,-0.27676366695485016,-1.3370526320775473,0.32143496620373274
0.08179470135285094,0.03157813729348545,0.03157908501532756,0.19682846692977393,0.2965932272138389,0.14716434059320688,-0.899878685365971,0.19683322304513995,0.1642359019052576,0.421035909971785,-0.046595410262818944,-0.5729344166248135,0.32143496620373274
-0.16780050713500125,0.05191427692810968,0.051916802632863863,0.17215723850884102,-0.290120744392917,0.02572184038126948,-0.899878685365971,0.17216364749734284,-0.03429154806953811,-0.15452659860812304,-0.016397202609120046,0.46110626962766976,0.32143496620373274
0.2161921213078483,-0.11518805393485199,-0.11518710318405125,0.005327595002415682,0.6276441273941872,0.22812600740116512,-0.899878685365971,0.005330832574703014,-0.4612557315577038,-0.020448388844838943,-0.09033454938498077,-0.7781876568844958,0.32143496620373274
0.4797506981027132,0.027308558147904997,0.027306349152644536,0.1430302545766006,-0.29339847607787095,-1.2291839951420835,-0.899878685365971,0.14303586289352996,-0.26075560948265686,0.019621617957058145,0.14617670982791836,-0.48837372363831444,0.32143496620373274
-0.5587748197313571,-0.1551390031968804,-0.1551412084267906,-0.07791364715351708,-0.4015636216813511,0.6666683692776058,0.1794292520415955,-0.0779177267954354,-0.9494844973044385,-1.0027022844481164,-0.9302308179634383,0.15502543189399076,0.32143496620373274
-0.13638292844422265,-0.16314466139517395,-0.16314213125203636,-0.06379147312576416,-0.17867786710448294,0.07969628491990832,-0.899878685365971,-0.06379187707295385,0.5923043376010781,0.4213460872499419,1.0923044814950056,0.5021799418206351,0.32143496620373274
0.004996175664281037,0.08008087206780772,0.080080240386042,0.1828372963716662,-0.021346746226693646,-0.03162600694103429,-0.899878685365971,0.18283837671089762,-0.12951281106450738,-0.40541512255730006,-0.5233134171138195,1.0356053342805474,0.32143496620373274
-0.4243773997763598,0.04052610186882578,0.04052862780860896,0.20955381646243487,-0.021346746226693646,0.7982310778405379,0.1794292520415955,0.20956102098375615,-0.39559000362872077,0.03305719163722164,0.054423799449966635,-0.7928965944957086,0.32143496620373274
2.2007358419420298,0.1598359791461939,0.15983692422105245,-0.21296184892401607,2.8860012583274544,-1.2831584396807225,-0.899878685365971,-0.21295765693477084,0.33551573036666615,0.08813406490994534,-0.5686245177302832,1.0782606951920697,0.32143496620373274
-0.24983529593870094,-0.005692684283073227,-0.005691735792036413,-0.04388713345654608,-0.7686695703961928,-0.3082450352015583,-0.899878685365971,-0.04387731513265198,-0.5596096161786348,-0.9970619555216322,-0.8882842665102177,1.034647390473499,0.32143496620373274
-0.7053901869549906,-0.07065026659627764,-0.07065089516725617,0.08011911336623283,-0.40484135336630506,0.9466608003217947,0.1794292520415955,0.08010920412399972,-0.0680067562561398,-0.18172832964648564,-0.5069319236468811,0.6461359416491103,0.32143496620373274
0.13241191146577203,-0.11140620120553194,-0.11140525053278101,-0.13134832487842496,-0.44417413358575236,-0.7130533692413497,-0.899878685365971,-0.1313507337735051,0.04540602634809716,0.3339046637695339,0.351469365329414,-0.8995004605629711,0.32143496620373274
-0.8712051856007665,-0.11366173858040604,-0.11366078786110537,0.023047451815299998,-0.7424477169165613,0.9196735780524753,0.1794292520415955,0.023040853122291843,-0.1745336935297377,-0.3363231338478566,-0.5858057810802875,0.8000097646510695,0.32143496620373274
0.07132217512259141,0.05281712323911597,0.052814913717410095,0.11499551207252709,0.034374692417523396,-0.10246746539799777,-0.899878685365971,0.11499499702651432,-0.5976388989118544,-0.8743460292108315,-0.8340102275490484,0.70777645109202,0.32143496620373274
0.09924891173661683,-0.0753112895969797,-0.07531191807176411,0.0006622339396758785,-0.11967869677531195,-0.3149918407688882,0.1794292520415955,0.0006617899407397551,0.03475867321800664,-0.22893649512596656,-0.444053463874795,1.0008402767294844,0.32143496620373274
-0.8467692910634943,-0.06925811546636934,-0.06926032246868812,0.041071891695109414,-0.988277593288107,0.6194407303062968,-0.899878685365971,0.04107633521253747,-0.3233997579071182,-0.5715762742099417,-0.6802613620975659,0.7743476152213182,0.32143496620373274
-0.457540399505515,-0.1164507760481475,-0.11644824686867768,0.029789217871916275,-0.5687279376140022,0.2989674658581286,-0.899878685365971,0.02979366840043511,-0.4614279349746038,-0.1342548809685811,0.014159522578367447,-0.6735129347549528,0.32143496620373274
-0.7874249757586903,-0.18775353698066186,-0.18775416313486473,-0.10698659215452884,-0.644115766367943,0.8589523279465066,-0.899878685365971,-0.10698819741689364,0.055464679977219225,-0.19058470719385953,-0.4072364709819289,0.9137036707527284,0.32143496620373274
-0.614628292959408,0.2132001940567039,0.2131979812250144,0.3695991177846092,-0.3687863048318117,0.8083512861915326,0.1794292520415955,0.3695857535738393,-1.2112770502970824,-1.8353242123005329,-1.1704927221451988,0.9046461132122311,0.32143496620373274
-0.37026934758668556,-0.05869070978072751,-0.05869291700113627,0.0674494403081711,-0.2212883790088842,0.48787802174336453,0.1794292520415955,0.06745100173538561,-0.2321099147831374,0.11700503945838901,0.23955673824383258,-0.6348051674780117,0.32143496620373274
-0.4889579781962936,-0.01949423698139318,-0.019494866608129158,0.05987907730604892,-0.43106320684593663,0.5013716328780242,0.1794292520415955,0.05988146220868848,-0.3730840569581639,-0.750393475067379,-0.7506962683510345,1.3086974618286007,0.32143496620373274
-0.49419424131142337,-0.16200031947999988,-0.1620009461656973,-0.027261155615199213,-0.4900623771751076,0.45077059112305035,0.1794292520415955,-0.02726240103362534,-1.3779019225247853,-2.9919059007879247,-1.5403173473836527,1.893396918658498,0.32143496620373274
-0.4435770311985023,-0.10349051195781069,-0.10348956144842365,-0.05693507903320833,-0.7227813268068376,0.1134303127565576,-0.899878685365971,-0.05693466846980745,-0.5748128689198129,-1.320038127682452,-1.0667432635212568,1.5598329312500594,0.32143496620373274
-0.691426818647978,0.040264087030316954,0.04026187776768047,0.3047458501367513,-0.6572266931077587,0.6599215637102759,0.1794292520415955,0.30474317025131054,-0.5965806498687961,0.36340415543424287,-0.19413916455258237,-1.7464518607237975,0.32143496620373274
-0.576229030115123,0.1608603624606049,0.16086130751432223,0.29485017554842674,-0.4113968167362129,0.6902821887632602,1.2587371894491621,0.2948524144392498,-0.6413161717076589,-0.7730894730125155,-0.9163865255048472,0.5891581696151624,0.32143496620373274
-0.6582638189188227,-0.20089689577742653,-0.20089594325776788,-0.12560382273448278,-0.13278962351512774,1.1355713562070306,1.2587371894491621,-0.12560910089833324,-1.1417833655531195,-1.5432718985159584,-1.0844209357641985,0.5786821854470399,0.32143496620373274
-0.15209171778961195,-0.1379233655847377,-0.13792399276733494,0.032057215440148855,0.0868183993767865,0.3833025354497518,0.1794292520415955,0.032051429919620324,-0.16023358337627283,-0.21037483379626318,-0.5070422367342008,0.5132133892821529,0.32143496620373274
-0.18176387544201397,0.02779312775888215,0.02779249715623019,0.13267443030114728,0.21137220340503635,0.5688396885513228,-0.899878685365971,0.13267431365498458,-0.05617107616930398,0.24555311485453413,0.2915693589149527,-0.6414375154968044,0.32143496620373274
-0.24459903282357118,0.1366524011460883,0.1366533466994092,0.3067043520079471,-0.05084633139127914,0.42040996607006603,0.1794292520415955,0.3066959395072513,-0.3487337535276867,-0.44322410025263254,-0.6965601207490146,0.6632345060186194,0.32143496620373274
-0.2358719276316882,-0.10518887320019316,-0.10518792265575536,-0.007965982079831326,-0.027902209596601533,0.42715677163739585,-0.899878685365971,-0.007970105187459747,-0.13594091609454315,0.1266409414811308,0.3507523302618373,-0.5895648234600696,0.32143496620373274
-0.33710634785753035,0.23431448619364648,0.23431385132880958,0.36020944409778927,-0.3294535246123644,0.3124610769927883,0.1794292520415955,0.360206729747088,-0.3745848881709622,-0.4352288727801416,-0.6927543192364937,0.6349908619886648,0.32143496620373274
-0.2864891377446093,-0.11505704651559757,-0.1150576741701096,-0.0003890689042268783,-0.16228920867971322,0.3866759382334167,-0.899878685365971,-0.0003903310210564374,-0.10130493958666625,0.05726734445336073,0.14526662685753308,-0.33386220169998065,0.32143496620373274
-0.47150376781252773,-0.17625645213910623,-0.17625550012797672,-0.07046118727407558,-0.1459005502549435,0.7611236472202237,0.1794292520415955,-0.07045462752168265,-0.2596180446385699,0.1720370186513795,0.12110806073457367,-0.8926588021711889,0.32143496620373274
-0.03340308718000392,-0.04572413207982422,-0.045723182762618934,0.04094743839894647,-0.23767703743365393,-0.18005572942229112,0.1794292520415955,0.040951472608121965,0.770639394692656,1.202262279089603,1.1308037489694935,-1.6094665940171147,0.32143496620373274
-0.7071356079933672,-0.16071707813236333,-0.1607161264419352,-0.04405743796708485,-0.9358338863288439,0.40354295215174135,1.2587371894491621,-0.04405949171942214,-1.229840296627171,-1.773651990587,-1.140653032025288,0.7940346512034637,0.32143496620373274
-0.5186301358486957,0.11320207309954901,0.11320144073422841,0.19789123257727062,-0.8473351308350875,0.13029732667488222,0.1794292520415955,0.19789762557458357,-0.19660974855871907,-0.5673194991952363,-0.6327715780065429,1.295792779632557,0.32143496620373274
-0.487212557157917,0.09306007698984396,0.0930594450402136,0.17939354266336793,-0.30978713450264067,0.6228141330899617,0.1794292520415955,0.17939135005785328,-0.19699398955036915,-0.07408865156609923,-0.3119811200815844,0.034131248961494394,0.32143496620373274
-0.6582638189188227,0.07438599533684495,0.07438694217521907,0.2280547814630787,-0.6801708149024364,0.5722130913349878,0.1794292520415955,0.22806115571666274,-0.1820017168399273,-0.47444181078713155,-0.6273110801842302,1.0412692729736421,0.32143496620373274
-0.241108190746818,-0.14361035030249236,-0.1436109773677217,-0.10856354642038298,-0.4212300117910748,0.032468645948599335,0.1794292520415955,-0.10855614421988173,-0.0822917082787414,0.06293624233967515,-0.3455714551703567,-0.13430011048188184,0.32143496620373274
1.2774081126408143,0.006958212889506191,0.006956004314235874,-0.5236889785754739,1.155358928671772,-1.2797850368970576,-0.899878685365971,-0.5236854122705406,3.7347138859244633,1.9636903590450656,2.6141010993386393,1.3874930494417268,0.32143496620373274
-0.18350929648039055,0.10413572832608722,0.10413509614787773,0.17604804155730355,-0.01479128285678576,0.33944829926210773,-0.899878685365971,0.17604871672981207,-0.2522943760862525,0.1389255942081333,0.12074954320078557,-0.8902454535706205,0.32143496620373274
-0.7350623446073926,0.020625601363288497,0.02062497090855985,0.1213098793094259,-0.6605044247927127,0.7408832305182341,-0.899878685365971,0.12131591050905643,-0.4615380958093659,-0.7068502990061201,-0.7628858644998335,0.7298705563635444,0.32143496620373274
-0.3039433481283752,-0.055972700431858924,-0.055971750903143824,0.05056145552753383,-0.6113384495184035,-0.04174621529202907,1.2587371894491621,0.05054747079664444,-1.1296570371198476,-1.4692374797558836,-1.1258986565963114,0.5130689651247902,0.32143496620373274
-0.2725257694375966,-0.11704267703875477,-0.11704172624967835,0.01775654918500435,-0.25406569585842365,0.26523343802147936,0.1794292520415955,0.017755685178016026,-0.4333905043403065,-0.1888338380842635,0.07397679417733896,-0.38749658937604353,0.32143496620373274
-0.6076466088059016,-0.20154246245784888,-0.20154308832747606,-0.09389279536349077,-0.44417413358575236,0.7172694110325797,0.1794292520415955,-0.09388785859297218,0.004104702436440895,-0.19286614270030283,-0.4345941166371523,0.7812918356958652,0.32143496620373274
-0.48372171508116385,-0.1830025450293875,-0.18300632808685935,-0.05543672684914132,-0.19178879384429873,0.7375098277345692,-0.899878685365971,-0.055440411072703914,-0.17182884845732393,-0.26917791568684507,-0.6171346978790111,0.4288480526437773,0.32143496620373274
-0.6425550295734335,-0.08286868144505334,-0.08287088816647745,0.015503289507106851,-0.5457838158193247,0.6801619804122654,0.1794292520415955,0.015502017514713287,-0.18169890673733335,-0.30755011001883087,-0.5445762646946434,0.61873512072106,0.32143496620373274
-0.31790671643538787,-0.059205269041895436,-0.059207476251684724,0.08315184368851929,-0.2573434275433776,0.34956850761310254,0.1794292520415955,0.08315298597262022,-0.3412052739513797,-0.48064943763024476,-0.7016896793093691,0.7445627491449179,0.32143496620373274
0.29822691011154795,-0.012779712143944293,-0.012780341909254539,0.05082346246682424,0.19498354498026663,-0.3757130908748569,-0.899878685365971,0.05082175914077029,-0.19264536856596984,0.39562177956280015,0.22132750056429332,-1.3125368057905349,0.32143496620373274
-0.5395751883092147,0.09238452065923086,0.09238546712615167,0.19812048864914975,-0.3687863048318117,0.6632949664939408,0.1794292520415955,0.19810641222458983,-1.2522459528737606,-2.1283478707193355,-1.1912591608330851,1.1444990558283146,0.32143496620373274
2.2234263154409253,-0.05906163440150807,-0.05905910640643455,-0.12310820663774166,2.8335575513681914,-1.3809871204070052,-0.899878685365971,-0.12311389573796445,2.3694784989620845,1.5054728123278733,1.9519192144318147,1.0882650333197226,0.32143496620373274
-0.8188425544494689,-0.006464523174825109,-0.006463574667859095,0.298154738070227,-0.7031149366971139,0.8589523279465066,1.2587371894491621,0.2981377337849364,-1.1566240569549286,-1.327870103955913,-1.3142030966506113,0.5522741933882028,0.32143496620373274
9.346489573055784,0.10443878163327815,0.10444130625403233,-1.3180301543125348,8.903916631902895,-8.900301925196128,-0.899878685365971,-1.3180326445707835,2.132936924384932,1.3980657672061048,1.2293684924894215,1.1359780305439138,0.32143496620373274
-0.4261228208147364,-0.14558966721508307,-0.14559345104468138,-0.04166171201594819,-0.5883943277237259,0.21800579905017034,0.1794292520415955,-0.041658445244350285,-0.2455648710123077,-0.4215076095016757,-0.6637419772714784,0.7654289002282373,0.32143496620373274
0.038159175393436225,0.07099400806000487,0.0709917981631647,0.2082781701767647,-0.19506652552925266,-0.2745110073649091,-0.899878685365971,0.20827964409254132,-0.2840034232788353,0.09039917529648567,0.08249848017276654,-0.7489951391636557,0.32143496620373274
-0.6582638189188227,0.06525651445771839,0.06525430467928853,0.19281157304177787,-0.4015636216813511,0.8589523279465066,-0.899878685365971,0.19281305656854905,-0.17260878716743933,-0.33682105000489787,-0.5582275092504251,0.6869193701248636,0.32143496620373274
1.1918824817603615,-0.04776974190336295,-0.047765635738722306,-0.21466489402940372,0.8013639066967462,-1.4788158011332881,-0.899878685365971,-0.21467298254952807,0.44496554303683883,0.1751469539928997,0.0053896321364716076,1.09997315788351,0.32143496620373274
-0.16605508609662467,0.00296958941413399,0.0029705377263989185,0.15188608912461635,-0.22456611069383817,0.0898164932709031,-0.899878685365971,0.15188473238350067,-0.13955401521740313,0.20808696467716448,0.25323556107144396,-0.7943854889489069,0.32143496620373274
-0.6879359765712247,-0.04827798755396439,-0.04827703818405268,0.08469932217370325,-0.48678464549015366,0.8285917028935222,0.1794292520415955,0.08469432271237223,-0.4751157271441272,-0.08763850108558367,0.030265233327007222,-0.5319681904233161,0.32143496620373274
-0.37201476862506216,-0.02920772683791891,-0.029206777861578975,0.1383927317511604,-0.39173042662648927,0.31583447977645324,2.338045126856729,0.13839138339486157,-0.5293048111789309,0.014250653508973346,-0.1866930311585196,-0.8972231637048458,0.32143496620373274
1.3053348492548398,-0.12595275995069624,-0.12595338738034267,-0.18068423154680854,1.0144164662187525,-1.4788158011332881,-0.899878685365971,-0.18068374408527557,1.31666487961965,1.1922427367491406,0.9915334762286888,-0.003926958457936065,0.32143496620373274
-0.4557949784671384,-0.07803719095905638,-0.07803624097497464,0.01288485765757335,-0.14262281856998957,0.7341364249509043,-0.899878685365971,0.01288604360581147,1.5584113333176401,1.5159861895454012,2.135976600624316,-1.1648508951153875,0.32143496620373274
0.07830385927609777,0.05479328334642345,0.0547942305891517,0.06479989513459687,0.04748561915733917,-0.10246746539799777,-0.899878685365971,0.0647981831235415,2.936951329001906,1.7684949816449502,3.912293089185749,0.7785994065979776,0.32143496620373274
-0.3161612953970113,-0.0362395106063333,-0.0362385614848715,0.0939809179980659,-0.48678464549015366,0.11005690997289266,1.2587371894491621,0.09399146942147399,-1.3452622366001326,-2.272784369061069,-1.1963887193934397,1.0580713143147495,0.32143496620373274
0.47451443498758344,-0.017693279567305455,-0.017690752425991475,0.016137018791515523,0.24087178856962185,-0.6691991330537056,-0.899878685365971,0.016136565176496982,1.6261184737077659,1.0270284420508726,0.8133502619359482,1.3073439214166023,0.32143496620373274
2.726107574493383,-0.033791408109181624,-0.033790459038243736,-1.94620652915162,2.8696125999026845,-2.31541969148219,-0.899878685365971,-1.946206172745465,1.0102340988374054,0.7500564577766881,0.7163023233666628,0.9676694665193579,0.32143496620373274
0.07830385927609777,-0.03967253635185548,-0.03967158715954294,-0.008562047866717002,0.2146499350899903,0.06957607656891354,0.1794292520415955,-0.008571902002183638,-0.2904445713517069,-0.5013660147871433,-0.6318339167643278,0.8164406289307422,0.32143496620373274
0.2633184893440162,-0.1026050280758622,-0.10260407758474978,-0.04386584539272874,0.5981445422296017,0.10668350718922774,-0.899878685365971,-0.04386093970912208,0.13264353706885473,0.7002893297524129,0.6509969756735484,-1.7039939492641287,0.32143496620373274
-0.3510697161645431,0.01543581347764394,0.015438339935240152,0.038663065397008235,-0.5490615475042786,0.1134303127565576,-0.899878685365971,0.038663007169818187,-0.9962972118435746,-1.2829882680626086,-0.7142377929919564,0.5070380355777204,0.32143496620373274
-0.6268462402280441,0.02220242560226627,0.0222002167123861,0.11648240145300015,-0.69983720501216,0.49125142452702947,-0.899878685365971,0.11647697285597045,0.07196976939928149,-0.05582492367462546,-0.4246935170502318,0.7800401596653883,0.32143496620373274
-0.839787606909988,0.04451314694155636,0.04451093759122783,0.19467182231073976,-0.6572266931077587,0.9466608003217947,0.1794292520415955,0.19466757328331044,-1.1228965107548337,-2.2196869165765833,-1.271429197042495,1.6897909510342428,0.32143496620373274
0.09226722758311048,-0.04721887938143778,-0.04721950843599297,0.05141952825370991,0.22120539845989817,0.049335659866923974,-0.899878685365971,0.05142150902755295,-0.2728678373290794,0.05790402412957747,0.28426111688003936,-0.5867719253831468,0.32143496620373274
-0.300452506051622,0.11211613208211486,0.11211707814181496,0.16877243636188305,-0.585116596038772,-0.021505798590039506,-0.899878685365971,0.16877188789871195,-0.23981764806976927,0.13262409792557786,0.20260185399181702,-0.8185706048465958,0.32143496620373274
-0.37201476862506216,-0.051793090236850775,-0.05179529759961251,0.17284828181121945,-0.408119085051259,0.2989674658581286,0.1794292520415955,0.172845274501775,-0.8262538285915355,0.29062677090669864,-0.29532384389634747,-1.7872645926517694,0.32143496620373274
-0.3632876634331792,-0.1352211402622853,-0.13522018909804198,0.039159241038289445,-0.34584218303713404,0.3461951048294376,0.1794292520415955,0.03916041065953896,-0.08441525665828269,-0.18282619395996194,-0.5184320629999338,0.6652913292838625,0.32143496620373274
-0.3824872948553217,-0.09938192988167541,-0.09938097945708123,-0.01785674403804418,-0.7129481317519758,0.005481423679279914,0.1794292520415955,-0.01785472021569674,-0.17466623904612338,-0.219329162063055,-0.4677707776484766,0.5222095491132399,0.32143496620373274
-0.2899799798213625,0.004899975844834505,0.004894610506823968,0.17359336404482653,0.15892849644577325,0.7240162165999094,0.1794292520415955,0.17359445012826802,-0.08126941573214946,-0.1792918055009639,-0.475906367838286,0.680023291036104,0.32143496620373274
0.14637527977278472,0.10026232824355324,0.10025853934006483,0.005342332892750767,0.4408134213518124,0.17077816007886137,-0.899878685365971,0.005349254926174153,1.1119025026546574,1.0850683245859896,1.160174608468297,-0.5845071871474008,0.32143496620373274
-0.6687363451490822,-0.11109052067720805,-0.11109272681619023,0.07918407610164019,-0.6801708149024364,0.5924535080369773,0.1794292520415955,0.07918399269456027,-0.1769799690907979,-0.26434568019555904,-0.5320005727402262,0.564941657161525,0.32143496620373274
-0.5814652932302528,-0.04418992471217017,-0.04419055382923688,0.08393458941964937,-0.41795228010612084,0.6936555915469251,0.1794292520415955,0.0839328655182318,-0.05898026558440434,-0.1884542790465189,-0.4786090384776125,0.6725167233594587,0.32143496620373274
0.048631701623695754,0.033120236674347596,0.03311802755914579,0.18774501385324963,0.7128651512029898,0.6396811470082863,-0.899878685365971,0.18774486298604445,-0.6114870852567914,-0.2550403618508529,-0.02817312468047108,-0.6657782187717489,0.32143496620373274
-0.2725257694375966,-0.18292678170258977,-0.18292740795640713,-0.08449820904655912,-0.29339847607787095,0.2247526046175002,0.1794292520415955,-0.08450269398239718,-0.5674356181374672,-0.2558239676061966,-0.04836041965993034,-0.41837754410566536,0.32143496620373274
-0.4453224522368789,0.25826832468286237,0.2582692677262755,0.4103264589539324,-0.6342825713130811,0.20788559069917556,0.1794292520415955,0.41032166653241137,-0.12887035307617503,-0.23268719142367927,-0.5142677439536246,0.7171479741920016,0.32143496620373274
-0.508157609618436,-0.10704349630409593,-0.1070441241239915,0.06727094808077952,-0.5359506207644628,0.4305301744210608,0.1794292520415955,0.06726882514861544,-0.6405120857425636,-0.07219901893732775,-0.16490619641292845,-0.9806068346939008,0.32143496620373274
-0.0019855084892253182,0.06738735802390457,0.06738672660410744,-0.045336359339496146,0.06715200926706283,0.07294947935257846,-0.899878685365971,-0.04533882168269572,2.7173572497592207,1.635310572196355,2.0693199176115384,1.0740277417489794,0.32143496620373274
-0.16780050713500125,-0.02903094574205754,-0.029029996769366007,0.05921750978434064,-0.40484135336630506,-0.09234725704700299,-0.899878685365971,0.05922235141160993,0.016231559641719802,0.2857455600557037,0.32485633301359657,-0.6992246209729782,0.32143496620373274
-0.19572724374902667,-0.023441821988083276,-0.023440873130740003,0.06671090824804628,0.22120539845989817,0.605947119171637,-0.899878685365971,0.06670796689271631,-0.3617362571763223,-0.08814457980257646,0.11730225922205254,-0.4610782555980021,0.32143496620373274
-0.21492687517116915,0.038895611940032944,0.03889498110824807,0.10603814983553632,-0.08034591655586464,0.33270149369477786,-0.899878685365971,0.10603968728359926,-0.1498839288860433,0.07402508003378337,0.23467538412994665,-0.3663792658451368,0.32143496620373274
0.32789906776394995,0.07749544854083515,0.07749481691242738,0.20430385241640334,0.5883113471747399,-0.02825260415736936,0.1794292520415955,0.20430246310271644,-0.3965407356970512,-0.5012190887080163,-0.7414299690162006,0.6360778805257233,0.32143496620373274
-0.46277666262064476,-0.04766241052373283,-0.047661461166525386,0.030743905656955693,-0.44089640190079843,0.4406503827720556,-0.899878685365971,0.030745489893110652,-0.27761550492132075,0.20478112789680833,0.1531815908727038,-1.0429094626167006,0.32143496620373274
0.7659997483964738,-0.1609112216572825,-0.16091026996284766,-0.13024462064666412,-0.10984550172045013,-1.5935114957778957,-0.899878685365971,-0.13024539268523672,0.15792518426074428,-0.19498432700771623,-0.4123384512704535,1.2914970330775701,0.32143496620373274
-0.4400861891217491,0.1819509785579232,0.18195507998159077,0.2919386234355621,-0.5982275227785877,0.234872812968495,-0.899878685365971,0.2919396359788685,-0.1438338958409109,-0.2944532825766545,-0.5316696334782678,0.7230393634904115,0.32143496620373274
-0.49593966234979997,-0.03569496169497461,-0.03570190459779643,0.07015466195634455,-0.5457838158193247,0.39679614658441154,0.1794292520415955,0.0701468058339957,-0.10177871930481092,-0.21712118959617516,-0.5028503394160617,0.6848290571999421,0.32143496620373274
-0.2864891377446093,0.024410610897891795,0.024408401962439128,0.1270478312798858,-0.44417413358575236,0.09656329883823296,0.1794292520415955,0.12704730874452208,-0.19897952843612052,0.3732686091356266,-0.2521914267544427,-1.2906778258380023,0.32143496620373274
0.2161921213078483,-0.12907010516789452,-0.1290691541305962,-0.06884165688058676,0.3752587876527335,-0.03162600694103429,-0.899878685365971,-0.06884164830398733,-0.5422574340015862,-0.8940994242934535,-0.8952339910113429,0.8459080409414419,0.32143496620373274
-0.21318145413279257,-0.025905708511651148,-0.025904759603458217,0.09950107670024066,-0.27045435428319337,0.13367072945854716,0.1794292520415955,0.0995038463672272,-0.3160396040863276,-0.010086018986413937,0.07753439124339134,-0.4618087487997353,0.32143496620373274
3.415548884652136,-0.06806168626402184,-0.0680638932910325,-0.244229102041585,4.8657511960396365,-1.5935114957778957,-0.899878685365971,-0.2442265281651184,1.8910797810801734,1.2281049438960412,1.5763307303809195,1.34677869338906,0.32143496620373274
-0.6600092399571993,0.0005214869169823148,0.0005224352797711492,0.14007285124936014,-0.6539489614228048,0.6025737163879721,0.1794292520415955,0.14007805201844145,-0.2003155590401148,-0.3776134433625024,-0.6208301863042126,0.863243126032429,0.32143496620373274
-0.3213975585121411,0.013164492076353635,0.01316386177560726,0.1551808263861932,-0.07706818487091069,0.5418524662820035,-0.899878685365971,0.15517619251301093,-1.1212555549602181,-1.8810631169887444,-1.0889989288879556,1.0985700806832372,0.32143496620373274
-0.16954592817337785,-0.01709032975820685,-0.017089381031945582,0.05826937217278348,-0.2278438423787921,0.09318989605456802,-0.899878685365971,0.05827462377481687,0.17493789480939012,0.6008203741834747,0.46274769216290845,-1.249899281270952,0.32143496620373274
-0.16954592817337785,-0.047927582167524886,-0.04792821120745388,0.023081840226081864,-0.27700981765310123,0.042588854299594116,0.1794292520415955,0.023079744753175358,-0.05839473871547704,-0.21435408177261778,-0.45720829953763953,0.7155007015565745,0.32143496620373274
-0.614628292959408,0.20364927967226495,0.20364391023246903,0.297638911908499,-0.6342825713130811,0.5351056607146736,0.1794292520415955,0.29764237722315684,-1.385550962118656,-2.4974261814862087,-1.5189993432591693,1.4877443456887591,0.32143496620373274
0.21095585819271853,-0.1913459813929876,-0.1913481858756587,-0.06707147249700594,-0.4146745484211669,-0.834495869453287,-0.899878685365971,-0.06707105563481669,-0.34127983080434665,-0.11921944553792424,0.12916091610889333,-0.2993964579822927,0.32143496620373274
-0.5605202407697337,0.06543329555357977,0.06543266417411055,0.17024950048213272,-0.45728506032556815,0.6126939247389669,0.1794292520415955,0.17024158216052063,-0.44475028962097024,-0.5895053371434041,-0.7456770228779994,0.6662122949250161,0.32143496620373274
-1.026547658016283,0.029950804169975857,0.0299501735227938,0.10832579792421568,-1.0636654220420478,0.889312952999491,1.2587371894491621,0.10831382422631439,-1.1134870128927974,-1.402075936474969,-1.1047185438309772,0.44817507478438084,0.32143496620373274
-1.0317839211314128,-0.15982685904248997,-0.1598259073704342,0.005453685841949191,-0.7752250337661007,1.1962926063129993,0.1794292520415955,0.005457742107059753,-1.2919967410039739,-2.8626272762761205,-1.48278907234656,1.8644492940740556,0.32143496620373274
-0.7176081342236267,0.12111460554198701,0.12111397301336768,0.280279314637139,-0.5621724742440943,0.8083512861915326,-0.899878685365971,0.2802721467138135,-0.5536126365915238,-0.93719365955738,-0.8942135949536381,1.0759715374128083,0.32143496620373274
0.10099433277499342,0.10670852463192683,0.10670631399801096,0.1880414092033219,0.32609281237842436,0.140417535025877,-0.899878685365971,0.1880457613934064,-0.28650997884867735,-0.0023723998322495964,0.019233924595062468,-0.5895955223147746,0.32143496620373274
-0.3458334530494133,0.12664532839822137,0.1266462741580681,0.2597625337473296,-0.44745186527070635,0.20788559069917556,0.1794292520415955,0.2597660225984939,-0.35401072189879285,-0.09731929718805872,-0.06683786178593788,-0.2707048897541406,0.32143496620373274
-0.17129134921175443,0.03297344522867699,0.03297439292172276,0.12893755632951787,-0.1229564284602659,0.20451218791551065,0.1794292520415955,0.1289427640181082,-0.34257673227983343,-0.026349919689771028,0.15712528374437387,-0.6105747009995084,0.32143496620373274
-0.5011759254649297,-0.23688289760370704,-0.23688510114658787,-0.15464892949819495,-0.6113384495184035,0.33944829926210773,-0.899878685365971,-0.15465296145655538,-1.104300304302984,-1.9147091891088137,-1.0547742935470965,1.069176625004327,0.32143496620373274
-0.036893929256757094,-0.06262251076100142,-0.06262156109504763,-0.005105193811454198,0.26381591036429947,0.34282170204577267,-0.899878685365971,-0.005106452997668164,0.3278041194186506,0.27160800621971143,-0.085508351814755,0.5125422006861,0.32143496620373274
-0.16780050713500125,0.0509388240955889,0.05093819301525638,0.2761166793891627,0.2670936420492534,0.5992003136043071,0.1794292520415955,0.2761209768489834,-0.5031674346226096,0.3358677594378689,-0.11151466215031507,-1.6214537990782212,0.32143496620373274
0.3453532781477159,0.1596560412450493,0.15965540792101235,0.18758289705956369,0.48997939662612155,-0.16318871550396646,-0.899878685365971,0.18758110875074543,0.09942325948067202,-0.11499532076302472,-0.4772025466142897,1.3055808303747876,0.32143496620373274
0.11670312212038272,-0.01628376600833934,-0.016282817298723926,0.06642597570156795,-0.4212300117910748,-0.6590789247027108,0.1794292520415955,0.06642753776476674,-0.07304031324675571,0.3848553629867761,0.3433889316832643,-1.076255395838895,0.32143496620373274
0.06957675408421482,-0.16341930345481573,-0.16341993011122816,-0.18447841953640773,0.07042974095201678,-0.06198663199401864,-0.899878685365971,-0.18448079541627158,2.2059384826223902,1.2695952361294986,1.6900911016791016,1.670371832329524,0.32143496620373274
-0.19921808582577985,-0.09133839001998299,-0.09134059656660937,0.03354574236399248,-0.37534176820171955,-0.0012653818880499416,0.1794292520415955,0.0335477342446651,-0.2941003247497868,-0.45479452898387907,-0.6677959832304681,0.7537500791166687,0.32143496620373274
-0.10321992871506747,-0.12545082791066128,-0.12545145535066657,-0.035889371634706416,-0.21145518395402238,-0.01813239580637458,0.1794292520415955,-0.035890202305942365,0.42322314314418474,1.001238833884119,0.9110600790291506,-1.8464917534941105,0.32143496620373274
0.6054210128658276,-0.024642986398355635,-0.024642037516222744,0.005771369255838809,-0.11640096509035801,-1.2899052452480522,-0.899878685365971,0.005772969010010363,1.5079467430418079,1.2944624750217333,1.2597321697741,-0.11288835702630326,0.32143496620373274
-0.07878403417779523,-0.12259707593461341,-0.12259928183612345,0.014677967648342071,0.07698520432192467,0.23149941018483006,1.2587371894491621,0.014683246338218197,-0.4253856011858205,0.32093435600660575,-0.33547780768062707,-1.5023792209882465,0.32143496620373274
0.5373495923691406,-0.04774606586373866,-0.04774827331002282,-0.0728585507685828,0.4867016649411676,-0.5376364244907734,-0.899878685365971,-0.07285362706881326,0.08405256227065556,-0.27907501962803477,-0.5170807276802705,1.3386232635561472,0.32143496620373274
2.233898841671185,-0.14232079534428932,-0.14232142243613247,-0.43508150679419944,1.8961262894713633,-2.366020733237164,-0.899878685365971,-0.43507799555024174,1.310182839844915,0.8607040391992009,0.6570917737479481,1.0987249703592494,0.32143496620373274
0.05910422785395529,-0.05373136868075939,-0.05373199760090991,0.008226046768315806,0.03765242410247734,-0.07548024312867835,-0.899878685365971,0.008223141755671924,-0.05455585394568874,0.39376479717383467,0.3192855221039645,-1.132300341310553,0.32143496620373274
-0.2079451910176628,0.15067335181159336,0.15067114027033196,0.2475562854631378,-0.3163425978725486,0.07632288213624339,-0.899878685365971,0.24756019128489334,-0.5831336252197287,-1.3260416905267778,-1.047466051512183,1.5955384900770884,0.32143496620373274
-0.6565183978804461,-0.21823564879561555,-0.21823469591811995,-0.13619709079866804,-0.5523392791892325,0.700402397114255,0.1794292520415955,-0.1361958122104148,-0.3623099748037631,-0.5027903814986794,-0.6633558814658602,0.5665010194402965,0.32143496620373274
-0.9811667110184916,-0.002469586088886431,-0.002468637664367873,0.181347131904452,-1.168552835960574,0.6936555915469251,2.338045126856729,0.18134821316967653,-1.3630448391907635,-1.8874870516705724,-1.3296745071471643,0.6802256243966606,0.32143496620373274
-0.3213975585121411,-0.03765375937322427,-0.037654388625184276,0.11673785821880829,-0.8997788377943505,-0.30487163241789345,0.1794292520415955,0.11674512041627258,-0.1709681838874949,-0.4306292702474732,-0.6388387978091128,0.9878009381934844,0.32143496620373274
-0.7158627131852502,-0.04818644020075047,-0.04818391243011906,0.1957706139123889,-1.0177771784526926,0.3360748964784428,0.1794292520415955,0.1957708674436376,-0.561175310090941,0.3156205294781814,-0.13123312650866642,-1.6687000341706457,0.32143496620373274
0.1655749111949272,-0.03687718527354753,-0.03687623613892541,0.08363655652620654,0.3654255925978717,0.056082465434253825,-0.899878685365971,0.08363196711086984,0.3690966304635259,0.4030497091186621,-0.020092691034321358,0.03146044860214887,0.32143496620373274
-0.262053243207337,0.030913629781363687,0.030914577516919894,0.08167969219838132,0.057318814212201,0.5654662857676579,0.1794292520415955,0.08167919785492905,-0.26263698028305726,0.12283718854373338,0.18059439307158667,-0.782168042477512,0.32143496620373274
-0.3650330844715558,-0.1257554596204938,-0.1257545086516031,-0.0195466887964673,-0.6015052544635416,0.08644309048723818,-0.899878685365971,-0.019543435767217864,-0.20266048663319394,0.03081656893053581,0.12381073137390043,-0.4426519657624965,0.32143496620373274
-0.2585624011305839,-0.09176613713586185,-0.09176360846583326,0.042362275871114664,0.06059654589715494,0.562092882983993,0.1794292520415955,0.04235975903169353,-0.33447911776681166,0.13360360511975747,0.06278001581441471,-0.9614353999305527,0.32143496620373274
-0.584956135307006,-0.09701116911396308,-0.09701021873829664,0.031852522518828225,-0.4835069138051997,0.6329343414409564,-0.899878685365971,0.0318549248372615,-0.06931458568643499,0.2660084900929848,0.2589718416120555,-0.8379541407879066,0.32143496620373274
-0.79266123887382,-0.17293549298113903,-0.17293611944115647,-0.08596217281984427,-0.7162258634369297,0.794857675056873,0.1794292520415955,-0.08596624746038216,-0.12606680389581448,-0.18525863682550794,-0.5035122179399782,0.5954123635600875,0.32143496620373274
0.09401264862148706,-0.2072515448125862,-0.20725217056438944,-0.13749893777826724,-0.30978713450264067,-0.5005289938704592,-0.899878685365971,-0.13749151759721825,-0.42593481904361025,-0.9279454791323343,-0.8719303513151092,1.400030043082552,0.32143496620373274
0.09924891173661683,-0.05500040440462138,-0.05499787649336347,0.05371208897250097,0.4703130065163979,0.29222066029079874,0.1794292520415955,0.05370792753791549,-1.186932387101345,-1.9150928294265341,-1.4273843242403668,1.1583267967692419,0.32143496620373274
-0.8380421858716114,0.20589218982600613,0.20589155554774816,0.4037664602114488,-0.696559473327206,0.9028065641341506,-0.899878685365971,0.40376330940868566,-0.4349346948576672,-0.3666756130274969,-0.0777588574305638,0.08265357962791132,0.32143496620373274
-0.5186301358486957,-0.1266409435024423,-0.12663999251527697,-0.005411414421749861,-0.4113968167362129,0.5789598969023176,-0.899878685365971,-0.005403257549147635,-0.2843044708080731,-0.557446882933901,-0.6749111773625727,0.8621979695699684,0.32143496620373274
-0.10147450767669088,-0.05381186721548198,-0.05381249613397117,0.14231792321040482,-0.011513551171831815,0.18427177121352106,1.2587371894491621,0.14231329733027306,-1.2167281609157805,-1.1971385437727426,-1.1747673542788275,0.08733306186671237,0.32143496620373274
-0.7228443973387565,0.04475464254572412,0.04474927638519353,0.15742917343397902,-0.7326145218616994,0.6430545497919512,0.1794292520415955,0.15743395403219615,-0.19998296144780117,-0.6950064245164984,-0.6895276614323999,1.7054208542866092,0.32143496620373274
-0.0997290866383143,0.025048285565106028,0.025049233421711132,0.08252302703422232,-0.3261757929274104,-0.1429482988019769,-0.899878685365971,0.082522532166719,-0.16814771400291492,0.12933050498514898,0.2268431549302657,-0.6740662118408882,0.32143496620373274
-0.5099030306568126,0.07967995779683638,0.07968090452595379,0.20205878045535866,-0.5293951573945549,0.4406503827720556,-0.899878685365971,0.20206312393500236,-0.15775029377473254,0.08695865627692982,0.1475004668757519,-0.4790259223806051,0.32143496620373274
0.04339543850856599,-0.1604803177361204,-0.1604777876479695,-0.10297297335327392,0.7128651512029898,0.6498013553592811,0.1794292520415955,-0.1029659840123615,-0.2539057206484841,0.19916936793015436,0.18770958720369144,-0.933107334050159,0.32143496620373274
1.3158073754850992,-0.07246858643942318,-0.0724707933754843,-0.12302141683910173,1.0406383196983842,-1.4720689955659583,-0.899878685365971,-0.12302383090855,0.7971188867374142,0.3878265348091209,-0.007048168458796445,1.5504341978015894,0.32143496620373274
0.06608591200746164,0.01729832859475482,0.01729611980608534,0.15983799973208018,-0.011513551171831815,-0.13957489601831197,-0.899878685365971,0.1598452351469742,-0.5109499010195441,-1.0170398210029203,-0.9857458791569511,1.3312262349746997,0.32143496620373274
-0.22714482243980527,-0.04918556907289554,-0.04918619808686221,-0.04313713859282729,-0.3032316711327328,0.12692392389121732,-0.899878685365971,-0.04314246800174764,-0.5355975505752111,-1.1709122386485837,-0.9637384182367208,1.4696613248649562,0.32143496620373274
1.1866462186452316,-0.12882071755051866,-0.12881976651836718,-0.284072169790803,1.7781279488130215,-0.463421563250145,-0.899878685365971,-0.2840761213251345,1.3333455213479892,0.8276660777955183,0.7866544948046414,1.1975124893978422,0.32143496620373274
0.21095585819271853,0.02556915843684043,0.025571684685304807,-0.025111061169647314,0.15892849644577325,-0.24415038231192474,0.1794292520415955,-0.025111079767384487,0.8159100338024587,0.7709403674125922,0.5380087959866028,0.6317465512073281,0.32143496620373274
0.004996175664281037,-0.12290170764444595,-0.12290391353966902,-0.0061777847191743,0.0638742775821089,0.056082465434253825,-0.899878685365971,-0.006179043238876734,-0.34104276468793865,-0.07616602307375513,0.11675069378545534,-0.439159971039789,0.32143496620373274
-0.3755056107018153,-0.08355844339944102,-0.08355907170402078,0.01308627549215285,-0.34584218303713404,0.3698089243150921,0.1794292520415955,0.013086642544052769,-0.1511580931652352,-0.4182793170408588,-0.552849746243602,0.9668154801975609,0.32143496620373274
-0.899131922214792,-0.1374924616635756,-0.1374915104524568,0.031597065753020084,-0.8997788377943505,0.8117246889751976,0.1794292520415955,0.03159701191666555,-0.2522251069533541,-0.4148673669811332,-0.6432513213018908,0.774962290016664,0.32143496620373274
-0.48023087300441064,0.15711481299204208,0.15711417972045097,0.22232992983958333,-0.19178879384429873,0.7307630221672393,-0.899878685365971,0.22232566362531464,-0.03729285798046351,0.17227781416994864,-0.27309575680147846,-0.30406966090990406,0.32143496620373274
-0.0997290866383143,0.07381145677529549,0.07381082522291789,0.15485495525545076,0.46375754314649004,0.6700417720612707,-0.899878685365971,0.15484254325858918,-0.5860725400338449,-1.1628557919764566,-0.9811403077613641,1.293338266658634,0.32143496620373274
-0.45055871535200864,0.046314104355644085,0.046315051773365506,0.1532845511630789,-0.3425644513521801,0.5182386467963489,0.1794292520415955,0.15328483109530727,-1.010436399049619,-1.3036395447398952,-0.8222067272058675,0.5404886239864096,0.32143496620373274
0.5513129606761533,0.16539827005526064,0.16539763661271564,0.2930406901239524,1.3028568544946997,0.2753536463724741,-0.899878685365971,0.2930429301391957,2.6354635089397687,1.6791190314560376,2.4091118048272726,0.8906223182219373,0.32143496620373274
-0.5605202407697337,-0.15140450254680893,-0.15140670785379168,0.05086440105108836,-0.16884467204962111,0.9095533697014805,0.1794292520415955,0.050858603843712574,-0.5603719291551883,0.13689311678021063,-0.04267929566297846,-1.0684543982375778,0.32143496620373274
-0.7280806604538863,-0.13826430055532749,-0.13826334932827947,-0.012706670137617122,-0.7686695703961928,0.6160673275226318,0.1794292520415955,-0.012702602587601376,-1.056990367820066,-1.791536159440729,-0.9617252043931409,1.079337945911722,0.32143496620373274
-0.8694597645623899,-0.23918894386311296,-0.23919114735840163,-0.1848173910141147,-0.7227813268068376,0.9365405919708,-0.899878685365971,-0.18481035081481084,-0.2789055323607184,0.06600128360146215,0.08658006440358602,-0.7519192050743184,0.32143496620373274
-0.143364612597729,0.029691946136750278,0.029692893897519574,0.14757116234317746,-0.27700981765310123,-0.008012187455379797,0.1794292520415955,0.14756571442748906,-0.2547339538685592,0.13425252863590145,0.2252160368923042,-0.7307935091284921,0.32143496620373274
-0.546556872462721,0.12722775897297892,0.12722870472080544,0.3503940091346224,-0.6244493762582193,0.41366316050273616,0.1794292520415955,0.3503937571967944,-0.519989610991451,0.3438221741106024,-0.14736641552913626,-1.6527687239811746,0.32143496620373274
-0.3824872948553217,0.11120855056318373,0.1112110750442235,0.17291869617615374,-0.2278438423787921,0.5047450356616892,-0.899878685365971,0.17291896390765957,0.288251620791009,0.8621161620708099,0.7811664187104987,-1.7959153903674239,0.32143496620373274
-0.4365953470449959,0.17433360740946802,0.1743345521851247,0.25137012397318376,-0.18523333047439083,0.653174758142946,-0.899878685365971,0.251371571111478,1.1865097652196073,1.364231956207151,1.790365698052481,-1.3425951707543082,0.32143496620373274
-0.27776203255272636,-0.08826681847939166,-0.08826902508940909,0.0062839203308256665,-0.4769514504352918,0.045962257083259045,-0.899878685365971,0.006284700995319796,0.2334546252056544,0.783673960936927,0.7211836774805482,-1.7493815082444066,0.32143496620373274
-0.5168847148103191,-0.07107170010159002,-0.07107232866387102,0.11463525253100278,-0.40484135336630506,0.5823332996859826,0.1794292520415955,0.11462859692503277,-0.24568877991924806,0.637658007244579,0.15604973114300907,-1.8999196216021572,0.32143496620373274
-0.1311466653290929,-0.010672544617382405,-0.010671596023571301,0.06967322420539843,-0.3786194998866735,-0.13620149323464703,-0.899878685365971,0.06967601240751102,-0.2765593709662899,-0.11840727082275032,0.00431407953510682,-0.18344967456602387,0.32143496620373274
0.5844759604053086,-0.05994080467289007,-0.0599398550622813,-0.06900049858753156,0.3719810559677796,-0.7467873970779989,-0.899878685365971,-0.06899926175546263,-0.9406629939140283,-1.5822399597244035,-1.1278567138962317,1.006760969480113,0.32143496620373274
0.1044851748517466,0.07353681471565372,0.07353776157155321,0.1801156992897871,-0.5293951573945549,-0.7467873970779989,-0.899878685365971,0.18010982176522772,-0.15830814824196762,-0.4679117628259342,-0.577890817065117,1.1122554905705315,0.32143496620373274
0.39422506722226036,-0.05513614703180065,-0.05513519752035033,0.038048986633046344,0.866918540395825,0.13029732667488222,-0.899878685365971,0.038044834931564395,-0.238130689110557,-0.4706135701698796,-0.6705813886852844,0.7714019205721132,0.32143496620373274
-0.555283977654604,0.06413269177688538,0.06413363882686705,0.21185783998481988,-0.7981691555607783,0.2517398268868196,-0.899878685365971,0.21186176798970735,-0.36223189280408374,-0.6043897652149584,-0.7343147748840961,0.7729996564192662,0.32143496620373274
0.2266646475381078,-0.017608045824658008,-0.017607097087712128,0.0073990873661804605,0.6276441273941872,0.20788559069917556,-0.899878685365971,0.007396182867411882,5.273350182125093,2.3167251582272717,4.597420096255019,1.7139607175045792,0.32143496620373274
-0.008967192642731674,-0.08189480701517418,-0.08189385695147901,-0.12222229567426598,-0.09345684329568041,-0.07885364591234327,-0.899878685365971,-0.12222348208352604,2.249496605459316,1.5532441944440076,2.062397771382243,0.61668108826079,0.32143496620373274
-0.8938956590996622,0.045146086400845734,0.04514545544006365,0.14853076275832858,-0.7916136921908704,0.9129267724851454,0.1794292520415955,0.14851958284810585,-0.053378102429080594,0.09686392277807102,-0.35778862959098584,-0.18058282015731153,0.32143496620373274
0.05561338577720211,0.10135142606627062,0.10135079394552352,0.21891237682521408,0.41131383618722694,0.31583447977645324,0.1794292520415955,0.21891343474727135,-0.06658189195499341,-0.16612151501922404,-0.43881359222712124,0.6992310062641036,0.32143496620373274
-0.05958440275565275,0.12094887326461698,0.12094981914202707,0.054013396952684936,-0.07706818487091069,0.035842048732264264,-0.899878685365971,0.05401087287321868,-1.0845478497294718,-2.3855297283911168,-1.2915337572064647,1.8533028190111234,0.32143496620373274
-0.4907033992346702,0.07148489128154852,0.07148425977718653,0.24515400933851886,-0.6146161812033575,0.31583447977645324,0.1794292520415955,0.2451489101701153,-0.20488009526064774,-0.4477706461456162,-0.617934467762077,0.9445057852418576,0.32143496620373274
-0.4697583467741511,-0.08528048068144778,-0.08528110895048815,0.03599386970298722,-0.24751023248851575,0.653174758142946,-0.899878685365971,0.03599586006238543,-0.24136201484446557,0.06984993061859283,0.20607671624237964,-0.5955008656380506,0.32143496620373274
-0.18176387544201397,-0.12440750376455086,-0.12440655282347923,-0.010951223644371398,-0.17867786710448294,0.16740475729519644,0.1794292520415955,-0.010952479197843118,-0.41102679733959446,-0.10713477552973344,0.06975731858737005,-0.4365952212694248,0.32143496620373274
-0.7629890812214181,-0.06868042009953663,-0.06868104871116884,0.0644609236568899,-0.876834715999673,0.5722130913349878,0.1794292520415955,0.06446248694117852,-0.589550802294956,-0.28653151814372696,-0.15180651729374386,-0.43140223091555624,0.32143496620373274
-0.024675981988120974,0.006432604809846933,0.006435131453251242,0.13814710024557564,-0.5785611326688641,-0.5477566328417682,-0.899878685365971,0.13815189282573676,0.0684534355536765,-0.2173374974348898,-0.43999945791580536,1.0791160769163533,0.32143496620373274
0.9335601680806263,-0.14182517691482083,-0.1418242256142835,-0.6752550803248625,0.2834823004740231,-1.5125498289699375,-0.899878685365971,-0.6752460978236057,-0.864181763356774,-1.9505713962557143,-1.1932447964048354,1.795422919269591,0.32143496620373274
-0.5797198721918763,-0.05097074246056707,-0.050971371437691364,0.03095351120838802,-0.7260590584917915,0.37318232709875704,-0.899878685365971,0.030960417326940614,1.1577812295723469,0.9383422281778614,0.7489274189413896,0.40225377435297965,0.32143496620373274
-0.4086686104309705,0.0368973541957428,0.03689672340519794,0.15152746712646262,-0.45728506032556815,0.3192078825601182,0.1794292520415955,0.15153061384966654,0.02703014156577168,0.7939261362360068,0.5683448949994511,-1.9655830764139244,0.32143496620373274
-0.27078034839922,0.12680474706502493,0.12680569282158158,0.2529339778920734,-0.175400135419529,0.34282170204577267,-0.899878685365971,0.2529272363468187,1.5391143276993682,1.409264799459558,1.446492226605928,-0.39383311206767785,0.32143496620373274
-0.08925656040805476,-0.044414057887280124,-0.04441310859711213,0.06485557160919608,-0.10329003835054223,0.0662026737852486,-0.899878685365971,0.06485549710589616,-0.4233404873206298,-0.21044421555585088,-0.016121419890821206,-0.2667098524350151,0.32143496620373274
-0.15558255986636513,-0.06403202431996753,-0.06403580983275135,0.013241842112356529,0.1982612766652206,0.5047450356616892,0.1794292520415955,0.013250396779351786,-0.40006129971871107,-0.7967935471116617,-0.7760131218908479,1.16558009889457,0.32143496620373274
0.23539175272999077,0.05283132886289055,0.05283069774350054,0.013376120668742863,0.634199590764095,0.19776538234818078,-0.899878685365971,0.013377306311708526,2.0225074734433877,1.4576606174119817,1.5408374945358865,0.49969752079698004,0.32143496620373274
0.2458642789602503,-0.08683362888080125,-0.08683425711778779,-0.056530605820678766,0.27037137373420733,-0.19692274334061574,-0.899878685365971,-0.05653551752126609,1.0228668145959117,0.7796539001608149,0.5828786442537885,0.6673076858769943,0.32143496620373274
-0.7455348708376521,-0.23467786911336475,-0.23467849429914386,-0.11947941052856954,-0.9096120328492124,0.5047450356616892,-0.899878685365971,-0.11947241093050254,-0.24147763965663183,-0.028725224635656556,0.12916091610889333,-0.41438669299399966,0.32143496620373274
-0.24983529593870094,0.1839034626256064,0.18389177998288816,0.2960521323824215,-0.30978713450264067,0.1640313545115315,-0.899878685365971,0.2960498672848739,-0.3496069323683447,-0.8617675243255751,-0.8012196623433421,1.409725299559424,0.32143496620373274
-0.4784854519660341,-0.09941191953186618,-0.09941570431448021,0.03920017962255357,-0.11312323340540408,0.8083512861915326,0.1794292520415955,0.03919316150659876,-0.3198271979714507,-0.8333169216146336,-0.786630756545345,1.515611928748576,0.32143496620373274
-0.5605202407697337,0.07722869849440148,0.07722964527410793,0.2198998154776648,-0.5588947425591404,0.5081184384453541,-0.899878685365971,0.2199041478708304,-0.21697751749087824,0.048264040826859915,0.19377680700626101,-0.5046908626153296,0.32143496620373274
-0.508157609618436,-0.17615227756475935,-0.17615290395838884,0.02177180552962983,-0.47367371875033787,0.4946248273106944,0.1794292520415955,0.021765617014900738,-0.3345018549631065,-0.42113213174390685,-0.7188985209312032,0.6638631348388311,0.32143496620373274
-0.9602216585579726,-0.04174340061766012,-0.04174245138260911,0.38592215010240155,-1.1423309824809424,0.6801619804122654,0.1794292520415955,0.3859263793287401,-1.1202253308335233,-0.27062268879826,-0.43316004650199946,-0.9060762947810567,0.32143496620373274
-0.1922364016722735,0.03068949660625373,0.03068728754121751,-0.017797792476703836,-0.11312323340540408,0.25511322967048455,-0.899878685365971,-0.017787171593635895,-1.2602007989449309,-2.8615294119626444,-1.4757841913017749,1.9830208295676122,0.32143496620373274
-0.4261228208147364,0.01698580487171418,0.01698833129732169,0.08032053120081234,0.03765242410247734,0.8623257307301715,0.1794292520415955,0.08031184999018225,-1.2973581366388418,-2.6029231875793273,-1.4506879639366002,1.6402074167767693,0.32143496620373274
-0.46277666262064476,-0.12484629969892104,-0.12484534874879355,-0.052110876263523724,-0.6801708149024364,0.19439197956451587,-0.899878685365971,-0.0521141531681926,1.0277865093477176,1.327533086665222,1.5997446831644728,-1.5174963138267887,0.32143496620373274
0.10099433277499342,0.22347086004572128,0.22347180380728401,0.3704686533143792,0.5883113471747399,0.4102897577190712,0.1794292520415955,0.37046388566063027,-0.3452050816685884,-0.39696279172752524,-0.6761521995949165,0.644043535620459,0.32143496620373274
0.4483331194119346,-0.18638348348773623,-0.18638568807282327,-0.35901106705797103,0.5784781521198781,-0.27113760458124414,-0.899878685365971,-0.359016200181789,-0.011010774151598818,-0.2886048083714071,-0.5579517265321265,0.9536170657780888,0.32143496620373274
-0.34059718993428356,-0.05546761158654072,-0.055469818873467726,-0.016374767287682817,-0.008235819486877871,0.6498013553592811,-0.899878685365971,-0.016376838242123097,1.9961196352131512,1.5580601048153906,2.2202282210645454,-0.14149131719655644,0.32143496620373274
-0.7071356079933672,0.09246501919395345,0.09246280885399484,0.18377560872299997,-0.7752250337661007,0.5688396885513228,0.1794292520415955,0.18377586970798448,-0.4022179844773488,-0.4913097409268994,-0.6919269710815977,0.6522436183329428,0.32143496620373274
-0.16430966505824807,0.06005725615622412,0.06005662488770552,0.15064974387983973,-0.20162198889916055,0.11005690997289266,0.1794292520415955,0.15065043483493432,-0.304123726911785,-0.8218485248827807,-0.7722900551938165,1.577005451951358,0.32143496620373274
-0.1294012442907163,0.18686296757864274,0.18686391209571865,0.2918698466139984,-0.2737320859681473,-0.03162600694103429,-0.899878685365971,0.29187004042886644,-0.4048239491844801,-0.5948722203115132,-0.7518545557678885,0.7270699835729453,0.32143496620373274
-0.7786978705668074,0.007155513219708615,0.007156461445584505,0.10920679625757967,-0.9423893496987518,0.5351056607146736,0.1794292520415955,0.10921447252045897,-0.4883205742140537,-0.816167383156539,-0.8189249128581138,1.0393268727123,0.32143496620373274
12.491738284210397,-0.017786405323161,-0.01778229977731605,-5.817846226320122,13.066635871794404,-10.694952206105869,-0.899878685365971,-5.817844487528243,4.605258736958968,2.2321120617700574,-0.24435919755476201,1.2503661493826543,0.32143496620373274
-0.7437894497992755,-0.003194072901389731,-0.0031931244619192245,0.13053088602907764,-0.696559473327206,0.7206428138162445,0.1794292520415955,0.13053936781227363,-0.3093250808859105,-0.3786051943966093,-0.6657827693868882,0.6623707518794162,0.32143496620373274
0.7974173270872523,-0.07179303010881008,-0.07179681546142237,-0.2994699901042261,1.0898042949726932,-0.41956732706250094,-0.899878685365971,-0.29947516022706594,0.2844680808246052,0.288577968358873,0.05693342218648431,0.10909296824269678,0.32143496620373274
-0.32488840058889423,0.08323925575368811,0.08324178081195782,0.22024206204211288,-0.05412406307623308,0.5722130913349878,1.2587371894491621,0.2202459848370171,-0.29029757273380047,0.4475356608543189,-0.2047016426634197,-1.536013304823923,0.32143496620373274
-0.4418316101601257,0.1111091111967617,0.11111005727724466,0.24598260628402477,-0.3163425978725486,0.5283588551473437,0.1794292520415955,0.2459840567701403,-0.5465634007107656,-0.2728265799851641,-0.06758247512534415,-0.4341051255320935,0.32143496620373274
-0.49419424131142337,-0.24041694111829284,-0.24041598778302004,-0.06374398436801777,-0.5556170108741865,0.3833025354497518,1.2587371894491621,-0.0637407038744229,-0.7726215414799531,-0.8962094460409153,-1.0240796770004597,0.4337368452555678,0.32143496620373274
1.2931169019862037,0.10234108452256598,0.10234360918661241,0.06064217251673223,1.7584615587032977,-0.6894395497556952,0.1794292520415955,0.060636778619005204,0.2900092589418047,0.16648239660438602,-0.15122737358531657,1.149415756489837,0.32143496620373274
2.5114207867730625,-0.02161876693701288,-0.021617818117293793,-0.10578136023379296,1.8469603141970543,-2.9529928175948617,-0.899878685365971,-0.10578050993156338,2.0569664875863025,1.3646033526849441,1.7676687803365045,0.9035430475465767,0.32143496620373274
-0.04736645548701663,0.05812844812816522,0.05812939530206238,0.1832777955383482,-0.35895310977694983,-0.277884410148574,0.1794292520415955,0.1832784662182637,-0.358827482366597,0.12198828230877773,-0.04025240774195103,-0.9895039209484395,0.32143496620373274
-0.1608188229814949,0.11009261989555881,0.11009040919180202,0.19847256047382122,-0.6015052544635416,-0.3082450352015583,0.1794292520415955,0.19847076539813013,-0.3210174637588878,-0.4466074813525279,-0.6505319850649742,0.7537661262452645,0.32143496620373274
-0.4139048735461003,-0.004376296479962655,-0.004375348016093434,0.16438382012876876,-0.14917828193989746,0.6464279525756161,0.1794292520415955,0.16438327439269823,-0.5127293950799565,-0.2438780611171812,-0.06289416891426781,-0.4148094999474384,0.32143496620373274
-0.10671077079182065,-0.10340843502044647,-0.10340748451275335,-0.0272054791406,0.04420788747238523,0.2517398268868196,0.1794292520415955,-0.027209180907153158,-0.18992571787736406,0.223289732586827,0.24099080837898545,-0.8954154197834602,0.32143496620373274
0.06084964889233188,-0.14897060567343182,-0.14896965422542724,-0.28192043780188053,0.1785948865554969,0.0662026737852486,0.1794292520415955,-0.28191661234712867,-1.0129322029219883,-1.8968903207346965,-1.0540021019358603,1.3986988291103393,0.32143496620373274
-0.3615422423948026,0.04531655388614063,0.0453143445192314,0.19970235554511556,-0.13606735520008167,0.558719480200328,0.1794292520415955,0.19970301601875526,-0.368220412039085,-0.036830646667492736,-0.4019414427905954,-0.6071001488078833,0.32143496620373274
0.19350164780895263,-0.12224667054817391,-0.12225045485952465,-0.0526692785528864,0.5457008352703386,0.187645173997186,0.1794292520415955,-0.05266682371232679,0.6297410431719457,1.0059976063358416,0.5382294221612414,-1.4071890495600994,0.32143496620373274
-1.085891973321087,0.22254275929244907,0.22254370307316595,0.42428487864462877,-1.4176604440170737,0.6396811470082863,1.2587371894491621,0.4243062782269475,-1.7406863155519063,-2.5975644669711695,-1.5769964489173696,0.8062262827288565,0.32143496620373274
0.1359027535425252,0.07433075124438827,0.07433327648651157,0.16386799396704077,0.8341412235462856,0.5958269108206422,-0.899878685365971,0.16386744855150634,-0.25287020880172073,-0.5050922234050015,-0.6597431278561484,0.8456847765435864,0.32143496620373274
-0.25681698009220727,-0.03247817711135429,-0.03247880647012789,0.00024302283681122783,-0.45728506032556815,0.02572184038126948,-0.899878685365971,0.00024216971278602072,-0.5427111203834702,-0.9534167474609796,-0.8824652511541167,0.9568753305842914,0.32143496620373274
-0.4907033992346702,0.019223979817530476,0.019223349391728477,0.06516670484960344,-0.69983720501216,0.22812600740116512,-0.899878685365971,0.06516048936914058,-0.261091203449676,-0.03541036123593232,-0.4446326075832223,-0.5582917606317142,0.32143496620373274
-0.0997290866383143,0.25596385682609807,0.2559616431118527,0.3710008549098129,-0.3294535246123644,-0.14632170158564184,0.1794292520415955,0.3710022277091758,-0.5516500111594029,-0.7398719352898998,-0.8614230297479317,0.6706636288572587,0.32143496620373274
0.23713717376836735,0.12907133325839037,0.12907227896816925,0.1120626718958451,0.5850336154897859,0.14379093780954194,-0.899878685365971,0.11206174928672066,0.24827328444051122,-0.08950364603450066,-0.14896595529526815,1.325522527310737,0.32143496620373274
-0.3615422423948026,-0.018884973561728097,-0.01888560320103804,0.09880184568100939,-0.44745186527070635,0.23824621575215993,0.1794292520415955,0.09879970315544141,-0.24860160864769257,-0.6245757759750096,-0.7062400941612962,1.3121880611488217,0.32143496620373274
-0.694917660724731,-0.21094185018869233,-0.2109424758643351,-0.07034492169476546,-0.43106320684593663,0.8994331613504857,0.1794292520415955,-0.07034614034079706,-0.06231893203570508,-0.1974494201130682,-0.47168689224831706,0.6357227505928846,0.32143496620373274
0.024195807086423514,-0.1180465411188247,-0.11804716871163959,-0.01535621531119136,-0.047568599706325196,-0.09572065983066791,-0.899878685365971,-0.015353374271504234,1.2654903247959433,0.9953536281590898,0.8005263655350624,0.39897388080823476,0.32143496620373274
-0.5692473459616166,0.031125135735340686,0.03112450506392279,0.14025625610686343,-0.817835545670502,0.2584866324541495,0.1794292520415955,0.14026022860521162,-0.22635916669388656,0.35185005182289936,0.12256970914155664,-1.2889000830700783,0.32143496620373274
-0.3021979270899986,-0.03500835654587017,-0.03501056425503501,0.08262127963645621,0.2146499350899903,0.8049778834078678,0.1794292520415955,0.08262078470789841,-0.3947027242012132,-0.8078130030461822,-0.8490128074244936,1.267386571212914,0.32143496620373274
-0.5989195036140187,6.690695619593024e-05,6.785532836637959e-05,0.08180578303791483,-0.7621141070262849,0.37318232709875704,-0.899878685365971,0.0818122481711095,-0.08578336609735968,0.45942034814369803,0.2490712420251352,-1.3369354182686732,0.32143496620373274
0.21968296338460147,-0.057749981806322355,-0.057749032240927756,-0.17949046242966663,-0.3786194998866735,-0.8142554527512975,-0.899878685365971,-0.17948833816759274,-0.4775195246873032,-0.7964792885535291,-0.7487933675947739,0.7879186021047117,0.32143496620373274
0.08179470135285094,-0.21496835532746342,-0.2149689809200072,-0.2418579392410068,0.09992932611660227,-0.05523982642668878,-0.899878685365971,-0.2418500448253414,-1.0466754360249535,-1.842539915297656,-1.0129380551811953,1.1024074375213773,0.32143496620373274
-0.5971740825756421,-0.018780798987381216,-0.018779850226232072,0.11746165238859804,-1.0079439833978308,0.11680371554022252,0.1794292520415955,0.11745949826776456,-0.37476608071197887,-0.7011569134399512,-0.7642647780913268,1.1285768157550062,0.32143496620373274
-0.6111374508826548,-0.0495407096672599,-0.04954291707650624,0.027537595737389342,-0.6637821564776666,0.49799823009435934,-0.899878685365971,0.027529766097426182,-1.0944320085963308,-1.3087248195896777,-0.7948766598224739,0.27907880605614144,0.32143496620373274
-0.4086686104309705,-0.014066110296864096,-0.014063583230407586,0.12908984786298042,-0.3720640365167656,0.4069163549354063,-0.899878685365971,0.12909014282987732,-0.31370190304400886,0.10141863123100615,0.14841054984613722,-0.7921919162399774,0.32143496620373274
-0.7437894497992755,-0.07837812592964617,-0.07838033274374631,0.050915164895575876,-0.5982275227785877,0.8218448973261924,0.1794292520415955,0.050911823970184754,-0.3035440165349331,-0.41237370491595093,-0.6501458892593563,0.6666811501605125,0.32143496620373274
-1.234252761583097,-0.21454850022479263,-0.21454754742339238,0.1932602599253127,-0.6703376198475745,1.6955562182954087,0.1794292520415955,0.1932285829406203,-1.5838714859814347,-2.4665961925494058,-1.5724460340654425,0.9983208775399347,0.32143496620373274
-0.3213975585121411,-0.061148282693728906,-0.06115364666863639,0.09366487212754686,0.07370747263697072,0.6970289943305901,-0.899878685365971,0.09366191402293472,-0.39055098266070065,-0.5836813506180113,-0.6746078163724442,0.6519924458853554,0.32143496620373274
-0.9008773432531686,0.09967042725294598,0.09966821676428225,0.2689442394260878,-0.7490031802864692,0.9702746198074492,1.2587371894491621,0.2689546821267101,-1.1997815468679918,-2.478105402081016,-1.4574997970785764,1.7230266474599962,0.32143496620373274
-0.5500477145394742,-0.17578450974926202,-0.17578671455309056,-0.047958066275770775,-0.5130064989697852,0.5351056607146736,0.1794292520415955,-0.047946607879832584,-0.7006082581233124,0.055467499984055715,-0.6063515935935349,-1.2107414966920835,0.32143496620373274
-0.576229030115123,-0.15504272063574162,-0.1550417690624208,-0.102182039905291,-0.7129481317519758,0.37992913266608686,0.1794292520415955,-0.10217586982704373,0.061656952692196385,0.699330228958112,0.3073165521298044,-1.6087095881681361,0.32143496620373274
0.16382949015655063,-0.05324048545921576,-0.053239535986888076,0.02088753210952471,0.9619727592594894,0.6734151748449356,-0.899878685365971,0.020883391072227277,-0.14260450092496632,-0.33048690348253645,-0.5462309610044351,0.8535953132401015,0.32143496620373274
-0.5779744511534997,0.06894997663910776,0.06895092358967037,0.18533618755514847,-0.44745186527070635,0.656548160926611,0.1794292520415955,0.18532744108744267,-0.17107006062748287,-0.27292453070458206,-0.5052220707934296,0.6406415443581369,0.32143496620373274
-0.5273572410405786,-0.04237791847959111,-0.042380126036663024,0.07570102135244836,-0.7785027654510547,0.21800579905017034,-0.899878685365971,0.07570421519445612,-0.30749711605820274,-0.0025070820714492912,0.05334824684860185,-0.47986735008002274,0.32143496620373274
-0.052602718602146395,0.0024534517503244494,0.0024512432680233315,-0.00850309630537666,-0.11967869677531195,-0.021505798590039506,-0.899878685365971,-0.008506400308064032,1.8411640561474596,1.0246817060648172,1.6213108917354253,2.0299607738142287,0.32143496620373274
-0.5936832404988889,-0.008244961354571782,-0.00824401281086111,0.1554624838459304,-0.817835545670502,0.3057142714254585,-0.899878685365971,0.15546480935272547,-0.08214611971951985,0.1674619037985656,0.39336076023897465,-0.5345936402018473,0.32143496620373274
1.027812904152962,-0.1983461971085696,-0.19834524464155223,-0.6223214908713475,1.6896291933192649,-0.24752378509558964,-0.899878685365971,-0.6223207289749629,1.9533292893301832,1.225872483749307,1.0240482587160964,1.0702580619314392,0.32143496620373274
-1.0509835525535551,-0.037888941366825565,-0.037887992211322837,0.36264938371993116,-1.1324977874260806,0.8656991335138364,1.2587371894491621,0.36264257399716093,-1.2808754318984032,-1.1383354618821606,-1.3705730842708501,0.11440177700295281,0.32143496620373274
-0.6390641874966803,0.23768753263878714,0.23768847610694638,0.41241596429477334,-0.5359506207644628,0.6835353831959303,0.1794292520415955,0.41241157996041505,-0.42536092515883384,-0.5061615187586476,-0.7465595275765551,0.681791963687865,0.32143496620373274
1.303589428216463,-0.2972110249690418,-0.2972084920590444,-0.4036455867094624,1.9485699964306264,-0.514022605005119,-0.899878685365971,-0.4036494639404776,3.8135608424403995,2.0056418359157826,3.1075866954621962,0.8939831451109047,0.32143496620373274
-0.7804432916051839,0.12413093299012168,0.12413187880186045,0.25734715727574614,-0.5293951573945549,0.9635278142401194,0.1794292520415955,0.2573486006998922,-0.3740502996720289,-0.7776482627454263,-0.7828525333046539,1.2646229765882098,0.32143496620373274
-0.09449282352318453,0.10405680819400626,0.10405459761481647,0.1953956164805295,-0.04429086802137125,0.1370441322422121,0.1794292520415955,0.19539013884656736,-0.33888819501732836,-0.4668669551521426,-0.6658379259305481,0.7460202470421679,0.32143496620373274
-0.12416498117558654,0.04378550332376982,0.043786450793676476,0.19794690905186985,0.004875107252937903,0.24499302131948977,-0.899878685365971,0.19794470491723204,-0.4210685302644971,-0.10087817332691125,-0.1443052273560214,-0.5730990741182319,0.32143496620373274
-0.41739571562285344,-0.014826900370124642,-0.014825951690576001,-0.4471371010882993,-0.23112157406374603,0.5688396885513228,0.1794292520415955,-0.44713440112413194,-0.131031091753532,1.0696737365174669,0.4343420721781501,-2.1624932052062467,0.32143496620373274
0.036413754355059634,-0.03911693862200545,-0.039120724648986464,0.1255855050499712,0.4539243480916282,0.39679614658441154,0.1794292520415955,0.12558170833859586,-0.33759816757793076,-0.4412365169044431,-0.6727876504316733,0.6763575687038154,0.32143496620373274
-0.02816682406487415,-0.09910255261410877,-0.09910160219528039,-0.0008770568286552607,0.15565076476081932,0.21463239626650543,0.1794292520415955,-0.0008713590872473036,-0.5026543495186219,-0.27125936847447674,-0.0878249266484631,-0.2648714096589243,0.32143496620373274
-0.03340308718000392,-0.1660299814240542,-0.16602902962397845,-0.06346232690828059,0.5719226887499702,0.653174758142946,-0.899878685365971,-0.06345413396264962,-0.5581091374805077,-1.1028568950529805,-0.9325749710689765,1.2183249174854276,0.32143496620373274
4.483746560138608,0.0036056856787066048,0.0036066339778437874,-1.0993034863061621,6.026068212513333,-2.4638494139634473,-0.899878685365971,-1.0993020186260023,1.9575196312271963,1.2637263555243727,0.48061841230865915,1.0473162496493078,0.32143496620373274
-0.18525471751876715,-0.03587489959611922,-0.03587868569000939,0.07752033203714612,0.26381591036429947,0.6295609386572916,1.2587371894491621,0.07751984027833399,-0.1841973544697369,-0.2079546347706444,-0.5098827987326764,0.5044537501725439,0.32143496620373274
-0.3824872948553217,-0.0038049147236964356,-0.0038023878690103393,0.12718210983627212,-0.018069014541739703,0.7206428138162445,-0.899878685365971,0.12718240598864378,-0.04713647766013003,0.26997549422941214,0.3465604329436985,-0.7142649666747576,0.32143496620373274
-0.6373187664583037,-0.014662746495396225,-0.014663376221844436,0.1513407871822182,-0.6015052544635416,0.6126939247389669,0.1794292520415955,0.15134639033495514,-0.27032655906412034,-0.3968077030884468,-0.6477465796101582,0.7194531790998588,0.32143496620373274
0.10273975381337001,-0.026789613990958007,-0.026788665064523046,0.06376169263765863,0.5194789817907071,0.3360748964784428,-0.899878685365971,0.0637562968014515,0.07503594200971478,-0.10825304624308849,-0.29584783106111484,0.7238773026836127,0.32143496620373274
-0.32663382162727084,-0.14810248422054115,-0.14810468959567094,0.09061412882818419,-0.047568599706325196,0.5823332996859826,0.1794292520415955,0.0906119913904905,-0.30352797711739177,0.45331475329997856,0.015069605548753227,-1.555324977537174,0.32143496620373274
-0.5779744511534997,-0.10729761912939666,-0.1072966685414386,0.054797780227185594,-0.581838864353818,0.5182386467963489,1.2587371894491621,0.054805080914418915,0.07451386778161043,0.6278547727428315,0.2589442633402259,-1.4246601863935295,0.32143496620373274
-0.8450238700251177,-0.14251336046656687,-0.14251556595704493,0.003405119085372323,-0.7522809119714231,0.8589523279465066,0.1794292520415955,0.003400579526115836,-0.1479766482573069,-0.2017714956073857,-0.5269261707235313,0.5408604987490875,0.32143496620373274
-0.4697583467741511,-0.031021311473139593,-0.031023519264589006,0.06373221685698846,-0.4900623771751076,0.40354295215174135,-0.899878685365971,0.06373787444998036,-0.24800762142665556,0.012136550481535712,0.17849844441251725,-0.5353987874366134,0.32143496620373274
-0.0665660869091591,-0.10590862480477159,-0.10590925264808862,0.011271877437566784,-0.38189723157162747,-0.26439079901391427,0.1794292520415955,0.011271017460174903,-0.3427242596697468,0.05958551147958578,0.013801005044579349,-0.7981370285341214,0.32143496620373274
-0.2882345587829859,0.09916218160234452,0.09915997112416998,0.1836053042124612,-0.27700981765310123,0.2719802435888092,-0.899878685365971,0.1836018808329793,-0.38084308112946097,0.05350032303574502,0.08680069057822519,-0.8422791907951122,0.32143496620373274
0.2947360680347948,-0.028492710441265327,-0.02850438870055424,-0.01480108810856981,0.46375754314649004,-0.09234725704700299,-0.899878685365971,-0.014800703727370048,0.2317163753617769,-0.02077489124289881,-0.43812413543137463,1.1556043665178921,0.32143496620373274
-0.00024008745084872938,-0.04693318850330467,-0.04693381756375594,0.033974778727080525,0.27364910541916126,0.282100451939804,0.1794292520415955,0.03396735447261884,-1.1017676626474704,-2.0266219673238086,-1.4171252071196578,1.4060295760736734,0.32143496620373274
0.03292291227830646,-0.011767956050666262,-0.011770164239466162,0.06129882740832881,-0.4212300117910748,-0.4971555910867943,-0.899878685365971,0.06129998327196623,3.4438173691596896,1.9256977237508244,3.600961978498433,0.9969387313769609,0.32143496620373274
0.30171775218830116,-0.09474300451795602,-0.09474521099431801,-0.37735155280829946,0.8308634918613317,0.2719802435888092,0.1794292520415955,-0.37735053375145533,-1.0491888656308845,-2.344459807995161,-1.271787714576283,1.8874859937252757,0.32143496620373274
0.9108696945817306,-0.11885310486869222,-0.1188521540422522,-0.007502557305961419,0.41131383618722694,-1.3371328842193613,0.1794292520415955,-0.007505452544798783,0.06134462469347899,0.7904774546564994,0.4996198415994343,-1.7611300994803052,0.32143496620373274
-0.3458334530494133,-0.0012273832099319703,-0.0012280132136590226,0.15381184012840085,0.06715200926706283,0.7375098277345692,0.1794292520415955,0.15381089157620537,0.03711629133925036,-0.14712723801209132,-0.4111801638535992,0.8486395413089544,0.32143496620373274
-0.5308480831173318,-0.17135866874216124,-0.17135771683211212,-0.054424725046132126,-0.5883943277237259,0.42040996607006603,0.1794292520415955,-0.05442513481385,-0.2172595292278691,-0.3674796251827193,-0.5899149435829371,0.7755888257331458,0.32143496620373274
0.9195967997736135,0.015105927325545486,0.01510687538734084,-0.2246997598042263,0.7915307116418844,-0.9626851752325543,0.1794292520415955,-0.22469269482188675,-1.0039873193966447,-1.786883500268376,-1.1208242545796168,1.3407645086718294,0.32143496620373274
-0.6617546609955759,-0.07875536416099321,-0.07875441416208981,0.05748990152839452,-0.9096120328492124,0.34282170204577267,0.1794292520415955,0.05748655651744034,-0.3373898314072287,-0.39557923781574655,-0.6929197888674727,0.6451131116264351,0.32143496620373274
-0.6495367137269398,-0.13930446789615467,-0.1393035166476397,-0.016836554518182157,-0.4540073286406142,0.7881108694895431,0.1794292520415955,-0.016831256245077874,-1.2189430105951724,-1.676611396603632,-1.0549397631780757,0.6579710478391777,0.32143496620373274
-0.05958440275565275,-0.03102604668106445,-0.031025097667198052,0.052798339771725676,0.24742725193952975,0.3698089243150921,-0.899878685365971,0.052794997676123466,2.8306131633347564,1.679906718491357,2.197420990261249,1.0292813702112924,0.32143496620373274
-0.10845619183019724,0.009897198608201497,0.009896568374885478,0.11900913087378201,0.27692683710411525,0.4946248273106944,-0.899878685365971,0.11900902271928152,-0.40554501794449865,-0.138099446705736,0.08128503621225233,-0.4231895895806931,0.32143496620373274
0.9894136413086771,0.09748749639958636,0.09748844276119202,0.08725552737515528,1.112748416767371,-0.7670278137799885,0.1794292520415955,0.0872591234227431,0.034233778872532365,-0.21876594542640174,-0.5036225310272978,1.2444894118103536,0.32143496620373274
-0.07878403417779523,-0.2771842522521749,-0.2771848765607079,-0.1453329452630504,-0.3851749632565814,-0.24415038231192474,0.1794292520415955,-0.14533534546804125,-0.014517590101080361,-0.11883172394022816,-0.4227078814784817,0.6163789836224419,0.32143496620373274
-0.6024103456907719,0.19390422176290684,0.1938956957190112,0.3009696751242283,-0.5523392791892325,0.5958269108206422,-0.899878685365971,0.30097477591149185,-0.060209484243013325,-0.6189191219286223,-0.5576759438138279,1.7853285776815526,0.32143496620373274
-0.4365953470449959,0.11697919062094421,0.11697855817767151,0.18558836923421548,-0.43106320684593663,0.4001695493680764,-0.899878685365971,0.1855833070800974,-0.2680600659853918,-0.5287677285443175,-0.6168589151607125,0.8892164502166914,0.32143496620373274
-0.41914113666123004,-0.19036421494990033,-0.19036484105022405,-0.11422453385242631,-0.7752250337661007,0.01222822924660977,0.1794292520415955,-0.11422613461711024,-0.42491005889431965,0.0689438864639767,0.09752863832004152,-0.9519313135943446,0.32143496620373274
-0.0019855084892253182,-0.11361596490379908,-0.1136229061984883,-0.011494888043398991,0.40803610450227296,0.4237833688537309,0.1794292520415955,-0.011488774318447402,-0.003457794805640683,-0.12279464679667978,-0.4158684700646758,0.6718036726888079,0.32143496620373274
-0.23412650659331163,-0.2455672689378969,-0.24556631549633173,-0.1117895068603961,0.02781922904761551,0.4811312161760347,0.1794292520415955,-0.1117882434390961,0.48773438552486137,0.6320380847179736,0.26026802038805896,0.12389609552175478,0.32143496620373274
2.500948260542803,-0.06318757890670115,-0.06318820763169454,-0.4437883248954938,2.266509969871159,-2.500956844583761,-0.899878685365971,-0.44378562701226704,0.35907957356561,-0.14741700889036946,-0.32050280607701176,1.9541680923522582,0.32143496620373274
-0.10671077079182065,-0.16800456312872006,-0.16800518969050196,-0.055554629971822006,0.2834823004740231,0.49799823009435934,-0.899878685365971,-0.05555708596535446,0.2519711633418041,0.6603703303096184,0.5378433263556233,-1.3395957531093692,0.32143496620373274
-0.049111876525393214,-0.013845133927037382,-0.013844185267750423,0.09118890655125252,-0.30978713450264067,-0.22390996560993517,-0.899878685365971,0.09118717814197831,-0.10547342557406263,-0.2643579240354863,-0.3260460387148142,0.6542634634322911,0.32143496620373274
-0.6093920298442782,-0.07703017007370322,-0.07703237691562244,0.07081622947805283,-0.4245077434760287,0.7408832305182341,1.2587371894491621,0.07081001048695672,-0.55786643112936,-0.10014354293127656,-0.05828859751868072,-0.5766685136789456,0.32143496620373274
0.6508019598636189,0.0014622148913874717,0.0014631632347615752,0.01860807173769817,0.1392621063360496,-1.114488300497476,-0.899878685365971,0.018607207201570924,2.0158897155202253,1.3993554516784412,1.8178612350668542,0.8198544811142003,0.32143496620373274
-0.6896813976096013,-0.0015556909593888036,-0.0015547425537312007,0.1390395613825336,-0.5457838158193247,0.7712438555712184,0.1794292520415955,0.13904640033605764,-1.1586756923415373,-1.964276334414277,-1.088281893820379,1.0924672879081079,0.32143496620373274
-0.4470678732752555,-0.12050095722654286,-0.12049842796348545,0.0036016242898401283,-0.16556694036466718,0.6936555915469251,-0.899878685365971,0.003597084608474658,-0.5477235264938118,-0.4189812971966875,-0.15966632476525489,-0.12748845324356148,0.32143496620373274
-1.064946920860568,-0.22099311821052461,-0.22099216527612042,-0.02950131494613219,-0.8538905942049954,1.1794255923946748,0.1794292520415955,-0.02951402176898684,-0.9664402767336793,-0.9175667841540063,-1.084531248851518,0.17897402707020163,0.32143496620373274
-0.26379866424571363,-0.0303299711161103,-0.030332178921827588,0.13686326624305264,-0.26717662259823943,0.234872812968495,0.1794292520415955,0.1368684690065807,-1.329959574721665,-2.42206126545404,-1.3313843600006157,1.3352917401193984,0.32143496620373274
-0.38772355797045144,-0.12340837489240578,-0.12340584556934511,0.1044366324191237,-0.7883359605059165,-0.06198663199401864,1.2587371894491621,0.10443694270561012,-1.3611259255778763,-2.2342489235300533,-1.3303639639429108,1.0911618888818968,0.32143496620373274
-0.742044028760899,-0.2825713404680219,-0.2825703862627672,-0.14891425261447616,-0.5457838158193247,0.8724459390811663,0.1794292520415955,-0.1489195162931485,0.00022845111150130484,-0.1202111965720311,-0.40174839488778635,0.6538155392340936,0.32143496620373274
0.12368480627388907,0.047341644475338306,0.047341013469244325,0.16727408417781606,0.2146499350899903,-0.01813239580637458,0.1794292520415955,0.16726534893396097,0.0515616375372655,-0.16419923215064658,-0.4140758823957348,0.8990617124608723,0.32143496620373274
-0.12416498117558654,0.04606155993298498,0.046062507355918415,0.1116369106194982,0.1785948865554969,0.4237833688537309,0.1794292520415955,0.11163394134700198,-0.24328304354538027,-0.4658058223584481,-0.598546942665684,0.8815975526398749,0.32143496620373274
0.1341573325041486,0.03501905505221572,0.03502000270304422,0.15369557454909072,-0.40484135336630506,-0.6759459386210355,-0.899878685365971,0.15369421668355482,0.1843902232039818,0.37174629170467244,-0.13713487668025698,-0.40211133731941107,0.32143496620373274
6.326911176664286,0.08248320088835243,0.08248256915700748,-0.4022733253649288,6.553783013790917,-5.483044905343557,-0.899878685365971,-0.4022780222198484,0.6051721806453005,0.3914466301476096,-0.4965349151670231,0.8563742572921582,0.32143496620373274
-0.7245898183771331,-0.12223562172968257,-0.12223624923604326,0.1029890440795442,-0.69983720501216,0.6801619804122654,0.1794292520415955,0.10298976465115504,-0.39288004709357405,0.5023758198884491,-0.006496603022199256,-1.7442220075502166,0.32143496620373274
0.20222875300083556,-0.05024783405070539,-0.05024688464014001,0.022138615244636402,-0.13606735520008167,-0.5308896189234436,0.1794292520415955,0.022140204828147242,-0.3849396541239247,-0.029210896952770606,0.06482080792982495,-0.6224077140858459,0.32143496620373274
-0.3545605582412963,-0.16591002282329112,-0.16590907102569108,-0.060671953004837756,-0.05740179476118703,0.6261875358736266,-0.899878685365971,-0.060682593530213734,-0.06480380795326593,-0.37093646932217816,-0.5498988711578067,0.9935004596499873,0.32143496620373274
-0.3493242951261665,-0.05511562779745959,-0.0551162566890418,0.02557909386619355,-0.43106320684593663,0.23149941018483006,0.1794292520415955,0.025579043769426626,-0.09739308427993155,-0.19668622075760328,-0.47987763898178637,0.6300678820159527,0.32143496620373274
-0.5570293986929805,-0.06708465502885944,-0.06708212686820693,0.021925734606462945,-0.6080607178334496,0.45077059112305035,-0.899878685365971,0.02192527739431728,0.27923006532467093,0.8423260354684062,0.4849206227141178,-1.596882156691745,0.32143496620373274
0.32789906776394995,-0.0015351717250477515,-0.0015358017224226686,-0.04552140174036999,0.5784781521198781,-0.03837281250836414,-0.899878685365971,-0.04552509212534835,0.851487576997214,0.6692063014571137,0.5791831558285873,0.7735166530405501,0.32143496620373274
-0.6635000820339525,-0.1672358810422514,-0.1672380860225064,-0.09172468794086265,-0.640838034682989,0.6228141330899617,1.2587371894491621,-0.09172425575908388,-0.22638260891952394,-0.35244827103203824,-0.6016632873824582,0.7095576823661603,0.32143496620373274
0.04514085954694258,0.00584701742980614,0.005847965682686748,0.13720551280750076,0.3654255925978717,0.2888472575071338,0.1794292520415955,0.13720211826100245,-0.1589079519550801,-0.23771532835380121,-0.5391157668723306,0.6036368658160868,0.32143496620373274
-0.3126704533202581,-0.09020036171537542,-0.09019941148027032,0.052302164130444466,-0.35895310977694983,0.234872812968495,1.2587371894491621,0.052297594186402695,0.5181285529937243,1.1121557797850312,0.5911797040745774,-1.7828272127443927,0.32143496620373274
-0.5413206093475913,0.015083829688562814,0.015084777750814219,0.08172063078264544,-0.6932817416422521,0.33270149369477786,0.1794292520415955,0.08172218334169505,0.26474065479275094,0.1196129773628922,-0.2177737435107747,0.7222851484464062,0.32143496620373274
-0.008967192642731674,0.011456660418121455,0.011457608555230328,0.14276497255056908,-0.008235819486877871,0.008854826462944842,-0.899878685365971,0.1427718091891103,-0.1770749717946967,0.04614585651944653,0.23837087255514844,-0.4086278669318163,0.32143496620373274
-0.6984085028014843,-0.07149629041218564,-0.07150323257614012,0.14550622015289494,-0.12951189183017378,1.216533023014989,2.338045126856729,0.14549831720683895,-1.2928459488469877,-1.6370637936386307,-1.171844057464862,0.5241791597230707,0.32143496620373274
0.16906575327168039,-0.01999616902142815,-0.019996798637805256,0.07664752142063494,0.04748561915733917,-0.277884410148574,-0.899878685365971,0.07664784897536672,2.265845883396691,1.7659931570198164,3.057504553819166,-0.5859646850446508,0.32143496620373274
-0.3440880320110367,-0.07141737028010467,-0.07141957723786077,0.008877789029800692,-0.2638988909132855,0.3934227438007466,0.1794292520415955,0.00886792405716181,0.05123344637834237,0.7008851966288722,0.14868633256443606,-1.6622986252633847,0.32143496620373274
-0.2899799798213625,0.03949382654120669,0.03949319569707588,0.16439692047573326,-0.11312323340540408,0.4440237855557205,0.1794292520415955,0.16438941517652195,-0.08345923686988362,-0.17015790091523914,-0.4706113396469525,0.6757107996512779,0.32143496620373274
3.3858767269997334,-0.11283781240148072,-0.11283686169918422,-0.49921589290237933,3.2858845238918355,-3.1621437901820872,-0.899878685365971,-0.4992164356609847,0.6932504388569622,0.48529566318994244,0.13293913934958487,0.7017950583332245,0.32143496620373274
0.5809851183285554,-0.10449121923259738,-0.10449342550777585,-0.3615312463052706,1.2110803673159891,0.12355052110755238,-0.899878685365971,-0.3615380154053939,-0.9813555249884555,-2.0945222222803337,-1.1985949811398287,1.6635943624521252,0.32143496620373274
-0.6757180293025886,0.2954318148797909,0.29543275715622447,0.38576330839545675,-0.5621724742440943,0.7273896193835744,0.1794292520415955,0.3857667189493236,-1.1099065213770272,-1.9140153715129364,-1.0864065713359485,1.2025477992707252,0.32143496620373274
-0.839787606909988,0.08245636804344489,0.08245731471526278,0.20667665276035208,-0.8637237892598572,0.7341364249509043,-0.899878685365971,0.20667894644249343,-0.09043937987507904,0.19699404570308052,0.1874338044853926,-0.6923529614277342,0.32143496620373274
-0.996875500363881,-0.3264540907103242,-0.3264531355994179,0.0016169217247152979,-1.515992394565692,0.36643552153142717,2.338045126856729,0.0016443153525338649,-1.6472274496557946,-2.570832083130018,-1.5542719529295632,0.9044514545653509,0.32143496620373274
-0.43484992600661937,0.05779698357342515,0.05779635235155403,0.14985062271500402,-0.4015636216813511,0.42715677163739585,-0.899878685365971,0.14985008600991037,-0.41331021112254246,-0.7321134220560023,-0.7553569962902813,0.8692133555713318,0.32143496620373274
-0.46626750469739797,-0.034946798842847016,-0.03494742815067323,0.11290764427505666,-0.2343993057487,0.6599215637102759,0.1794292520415955,0.11290098974262813,-0.5897735915671789,0.002512892298721153,-0.09579504720729348,-1.0524749466623189,0.32143496620373274
-0.2829982956678561,0.020791333640658532,0.02079228158511855,0.1362000611779738,0.02781922904761551,0.5755864941186527,1.2587371894491621,0.1361970766418547,-0.4111863102283299,0.1893334831886009,-0.0222989527807106,-1.1974502880072528,0.32143496620373274
1.5514392156659387,-0.18412794611286212,-0.18412699393928084,-1.0511809992753673,1.8994040211563175,-1.0436468420405125,-0.899878685365971,-1.0511787427275032,2.4109077856994,1.424863451526868,1.6736820299403334,1.2897297558282956,0.32143496620373274
0.28077269972778207,-0.0053043972332348565,-0.0053034487502115054,-0.41616624332080265,0.35559239754300986,-0.17668232663862618,-0.899878685365971,-0.4161746160129113,-1.1399093975608152,-2.5275705153870858,-1.3796739139747047,1.8745799161267456,0.32143496620373274
0.04514085954694258,0.06203183786088998,0.06203278495422904,0.14325132293162687,0.11959571622632593,0.035842048732264264,0.1794292520415955,0.14324464954353622,-0.1170683381404425,0.3976950697904803,0.2516911778489717,-1.233825640027848,0.32143496620373274
-0.1904909806338969,-0.12549817998990986,-0.12549722902632887,-0.1021492890378797,0.1982612766652206,0.5722130913349878,-0.899878685365971,-0.10215130669174888,-1.0033062610518115,-1.525048983424242,-0.9252943073058929,0.7962386894310427,0.32143496620373274
-0.6251008191896675,0.09603220916401327,0.09603473395826219,0.20811605338307876,-0.5687279376140022,0.6228141330899617,0.1794292520415955,0.2081199837131248,-0.5045549323686047,-0.17700220743456907,0.03591877905212902,-0.5627961198584474,0.32143496620373274
-0.46277666262064476,-0.23276800191700528,-0.23276862714220023,-0.10496422609188101,-0.4769514504352918,0.40354295215174135,1.2587371894491621,-0.10495969182712704,-1.1645838382314961,-1.5553361621242703,-1.1111167028955053,0.5608252198260657,0.32143496620373274
-0.13638292844422265,-0.020226615807104577,-0.020225667016116684,0.06385994523989254,-0.4212300117910748,-0.1699355210712963,-0.899878685365971,0.06385864319851339,-0.307203471337061,-0.09904567861780025,0.07221178478022806,-0.3291666723325838,0.32143496620373274
-0.42263197873798325,-0.06755028380813716,-0.06755564765092023,0.0972232538717847,-0.38189723157162747,0.4237833688537309,0.1794292520415955,0.09721947478480589,-0.15511612789390214,-0.2826338957668873,-0.5300425154403059,0.6602650895271422,0.32143496620373274
-0.1451100336361056,-0.16506084220209988,-0.16506146882463427,-0.04330744310336606,-0.10984550172045013,0.16740475729519644,-0.899878685365971,-0.043304175309105415,-0.07071547898993717,-0.3190878885102714,-0.5050014446187907,0.9354468322988737,0.32143496620373274
-0.054348139640522986,-0.17886555170570306,-0.17886617804333604,-0.11431787382454853,-0.48678464549015366,-0.39595350757684644,-0.899878685365971,-0.11432234023034842,-1.233652566539281,-2.7818505829961095,-1.4099824347157235,2.0265322699046613,0.32143496620373274
-0.06307524483240592,0.029513586638247286,0.029514534402697565,0.15658092596802634,-0.6605044247927127,-0.557876841192763,0.1794292520415955,0.1565783381527588,-1.2672581426631275,-2.7301693346632083,-1.3982065126443721,1.8955793281475348,0.32143496620373274
-0.07005692898591229,0.08273101010308667,0.08273195676923649,0.2683432610090904,0.017986033992753676,0.15391114616053672,0.1794292520415955,0.2683446976002212,-0.42031961284545066,-0.7292116319932452,-0.8158637246849991,1.024996089174955,0.32143496620373274
0.2842635418045352,-0.14248810602430098,-0.14248873311269117,-0.055217296037485604,0.8636408087108711,0.33944829926210773,-0.899878685365971,-0.055217295927109,0.21905545842957153,0.32362800079059967,0.37496605292845636,-0.37386071627702344,0.32143496620373274
0.3662983306082349,-0.10751386029129852,-0.10751290969887767,-0.34706027553958735,0.27037137373420733,-0.42968753541349575,-0.899878685365971,-0.3470600940770194,2.153610499794391,1.2769986780055063,1.552585838335408,1.5652645354291361,0.32143496620373274
-0.5675019249232401,-0.09951293730092982,-0.09951198687363191,0.05876227272732356,-0.4507295969556603,0.6329343414409564,1.2587371894491621,0.05875769876894897,-0.3979587259621085,-0.775464777958401,-0.824495723767746,1.24660833048625,0.32143496620373274
-0.1328920863674695,-0.004526244730916497,-0.004526874666561691,-0.39196007721711024,-0.46384052369547607,-0.22053656282627024,-0.899878685365971,-0.39196559925189267,-1.1678366673603504,-2.3677720792166355,-1.219719937361503,1.5212186559397203,0.32143496620373274
-0.6076466088059016,-0.09079068430334107,-0.0907897340560529,-0.013181557715080984,-0.6244493762582193,0.5317322579310086,0.1794292520415955,-0.01318363065379224,-0.17017520213454368,0.10432450257373896,0.1148753713010246,-0.5765764171148302,0.32143496620373274
-0.6547729768420696,0.009346336086276328,0.009347284266938047,0.09791920980427483,-0.8112800823005941,0.4305301744210608,-0.899878685365971,0.09792157106865043,-0.126719837324284,0.12080879239578646,0.18467597730240665,-0.5444458794584612,0.32143496620373274
-0.427868241853113,0.04484303309365481,0.04484240213912714,0.14142546207344686,-0.5457838158193247,0.26523343802147936,-0.899878685365971,0.14142902445965835,3.064916974778886,1.7374690912693114,2.9665238350524503,1.3617395011491034,0.32143496620373274
-0.8537509752170007,-0.057712100142923495,-0.05771430738352878,0.17446944974807885,-0.640838034682989,0.9905150365094387,0.1794292520415955,0.1744828168547652,-0.6052971038871773,-0.1465517775355108,-0.1201190829612319,-0.5785237012848754,0.32143496620373274
-0.5046667675416829,-0.14490937567654513,-0.14490842431235615,-0.03115195866366175,-0.7686695703961928,0.18427177121352106,1.2587371894491621,-0.031149517194035786,-0.40811061972177315,-0.1278554339666077,0.0017768785267595554,-0.325526764946297,0.32143496620373274
-0.4907033992346702,-0.06336751680784578,-0.0633681455291256,-0.031202722508149268,-0.25406569585842365,0.6869087859795953,0.1794292520415955,-0.031198643464625492,-0.8393502774000561,-1.0867358391487745,-0.9964462486269376,0.6194188679394922,0.32143496620373274
-0.4453224522368789,-0.0641993349999792,-0.06419838530148292,0.0786731625700239,-0.4015636216813511,0.4473971883393854,-0.899878685365971,0.07867021378130959,1.3867000268986356,1.364750278764071,1.204465313027056,-0.7006486292105498,0.32143496620373274
-0.7874249757586903,-0.11653758819343657,-0.11654137262261129,-0.1060843057573475,-0.5425060841343707,0.9635278142401194,0.1794292520415955,-0.10609573683451398,-1.363243657465342,-2.734373053038229,-1.5136767367960058,1.705083166884853,0.32143496620373274
-0.3789964527785685,-0.08065418253886134,-0.08065796770859729,0.08473698567122626,-0.15573374530980533,0.5722130913349878,0.1794292520415955,0.08473730819913822,-0.2572706494427921,-0.3935018663080907,-0.6598534409434678,0.7643279276663127,0.32143496620373274
0.073067596160968,-0.09989491074020171,-0.09989396030502064,-0.01268046944368808,-0.2507879641734697,-0.3993269103605114,0.1794292520415955,-0.012684180236130235,-0.1675246443215007,-0.45680251873194727,-0.6143217141523653,0.9974745659318139,0.32143496620373274
0.70141916997654,-0.12436804369851037,-0.12436867116086216,-0.023218061033274125,-0.2343993057487,-1.5968848985615607,0.1794292520415955,-0.023219718349680826,-0.18874444121404355,-0.3153657611723889,-0.5540080336604561,0.7741110944998402,0.32143496620373274
-0.5622656618081103,-0.008762677421022942,-0.008763307269236697,0.11560304066300672,-0.3425644513521801,0.7341364249509043,0.1794292520415955,0.1156008876971207,-0.050065522063451516,-0.18652383361798994,-0.4411853236044895,0.7008985122355864,0.32143496620373274
0.08703096446798071,-0.08997307173498222,-0.08997685671239507,0.0533829427550174,0.18842808161035876,0.02572184038126948,0.1794292520415955,0.05338860677908241,-0.27279275170410555,-0.6267388543621562,-0.7549157439410034,1.1698521236072847,0.32143496620373274
1.3699154276747736,-0.09524020135006613,-0.09523925101094889,-0.14291101861798472,1.0701379048629696,-1.5462838568065869,-0.899878685365971,-0.1429076889297333,-0.8169028481649249,-1.8565917622541575,-1.2238015215923228,1.8959170155492913,0.32143496620373274
0.16208406911817402,-0.04406838770876548,-0.04406743842573142,0.10268282346924855,-0.20817745226906845,-0.5275162161397786,1.2587371894491621,0.1026724908202632,-1.3918736652619914,-1.9155458515038422,-1.3001105997455518,0.657667547798343,0.32143496620373274
-0.5168847148103191,0.13646930643966046,0.13647025199676005,0.27396003477012854,-0.7686695703961928,0.20788559069917556,0.1794292520415955,0.2739594209430363,-0.336226709249477,-0.51416490879109,-0.6781654134384966,0.803674789282115,0.32143496620373274
-0.4994305044265531,-0.1285287130618191,-0.128527762035694,0.051581645047395853,-0.17867786710448294,0.7813640639222132,0.1794292520415955,0.05158935711873444,0.17445953240051934,0.8068719563190805,0.5850297494565181,-1.8020914417730995,0.32143496620373274
0.03117749123992987,-0.006789674118998704,-0.0067903040079312724,0.035746600654031895,-0.2868430127079631,-0.3554726741728673,-0.899878685365971,0.03574613485355443,2.8411004748041044,1.6293233344719322,2.2463172662155952,1.449347753166329,0.32143496620373274
0.42389722487466236,-0.21515776364445774,-0.21515838923309252,-0.1410622321526168,0.9586950275745355,0.16740475729519644,-0.899878685365971,-0.1410634068546781,4.199310596883369,2.137520235772138,4.6006191757872825,1.0330182580703977,0.32143496620373274
-0.5692473459616166,0.01607980175542465,0.016079171394512152,0.1655104499677175,-0.4015636216813511,0.6869087859795953,0.1794292520415955,0.16550908476037898,-0.058269243492516096,-0.16129744208788951,-0.45952487437134787,0.6887682784196038,0.32143496620373274
-0.4557949784671384,-0.17010226023943223,-0.17009972995270378,-0.03295161882791273,-0.2868430127079631,0.5857067024696475,0.1794292520415955,-0.03293853221467756,-0.40473634928867736,-0.7660247773744951,-0.8053839813896513,1.1211560653312866,0.32143496620373274
-0.4243773997763598,-0.035284577008153566,-0.035283627906399676,0.1026615354054312,-0.755558643656377,0.042588854299594116,0.1794292520415955,0.10266430310849825,-0.3691029325185308,0.1646580644552265,0.11903969034733385,-1.00948817766023,0.32143496620373274
-0.46103124158226816,-0.013557864646262652,-0.013558494395513397,0.09050441342235632,-0.6506712297378509,0.22137920183383528,0.1794292520415955,0.09050555113754614,-0.47699656917252076,-0.7598049066914546,-0.8355270324996911,0.9987946166841342,0.32143496620373274
0.6281114863647232,0.04712698171607807,0.04712950751963239,0.17407152670903153,0.6079777372844636,-0.5882374662457474,-0.899878685365971,0.17407343126651764,-0.26348160543534493,-0.2282712464899196,-0.590714713466003,0.13533211660065564,0.32143496620373274
-0.5936832404988889,-0.03123281742711659,-0.03123186840898286,0.2148119682253192,-0.8047246189306861,0.3192078825601182,0.1794292520415955,0.21481343808097217,-0.5002223508017468,0.3725747915397494,-0.12486254571596841,-1.6583328913964777,0.32143496620373274
-0.26379866424571363,-0.07916259204253101,-0.07916479884044134,0.0016382097885326433,0.057318814212201,0.5688396885513228,-0.899878685365971,0.0016443153525338649,-0.10133878099510515,0.19709199642249847,0.2635498347358125,-0.7237516104798833,0.32143496620373274
0.4361151721432985,-0.1440207349893134,-0.14401978364346418,-0.3173601514276492,0.8505298819710554,0.032468645948599335,0.1794292520415955,-0.31735712272171873,-1.0203295470405946,-1.9350625323478707,-1.0548018718189265,1.4446319904628764,0.32143496620373274
-0.8328059227564816,-0.18684122025380587,-0.1868418464268371,-0.1027306169344303,-0.6670598881626205,0.9230469808361402,0.1794292520415955,-0.10272854037117791,-0.1875009457112494,-0.626579684443102,-0.6410174812836719,1.3683613836492468,0.32143496620373274
0.10972143796687636,-0.06538629378647696,-0.0653869224660933,0.0039831718951817835,-0.03445767296650942,-0.24752378509558964,-0.899878685365971,0.003981907061427351,0.5354458362183202,0.935024147557578,0.9115013313784285,-1.4114471202479482,0.32143496620373274
-0.5954286615372655,-0.01993618972104661,-0.019935240936052527,0.08362345617924202,-0.7981691555607783,0.329328090911113,-0.899878685365971,0.08362992018292861,-0.15092825359958764,0.48253671792633657,0.2502846859856489,-1.5231197858477723,0.32143496620373274
-0.4383407680833725,-0.1493273246704378,-0.14932953002028934,-0.01987092238383918,-0.44745186527070635,0.3866759382334167,0.1794292520415955,-0.019868897309874664,-0.35889463641146796,-0.23091999719418024,-0.6185136114705043,-0.04736862867065547,0.32143496620373274
-0.007221771604355084,-0.07343614725873586,-0.07343677577221944,0.01349238624805298,-0.07379045318595674,-0.06198663199401864,-0.899878685365971,0.013498075060241551,-0.33972189221480764,-0.04110782808207698,0.07769986087437035,-0.5292366900558036,0.32143496620373274
-0.10321992871506747,0.15198342600413745,0.15198437124105685,0.2665305004978749,0.054041082527247056,0.25511322967048455,0.1794292520415955,0.2665372602281083,-0.22438155938823806,0.6553789248992783,-0.0424310912165097,-1.9651323614107539,0.32143496620373274
-0.27950745359110296,-0.1296209676898197,-0.12962317344637075,-0.036858797310080925,-0.19506652552925266,0.33944829926210773,0.1794292520415955,-0.0368522584383241,-0.13692355074062074,-0.4073700556656835,-0.6034834533232293,0.9971361808288143,0.32143496620373274
-0.2899799798213625,0.10256363929503431,0.10256142874666052,0.23038500567939277,-0.5556170108741865,-0.011385590239044724,-0.899878685365971,0.2303864658579088,-0.6465286298939283,-0.9347204038920766,-0.9371253859209039,0.7425666258878417,0.32143496620373274
-0.6093920298442782,0.07342790493338198,0.07342885179152916,0.18401469005510246,-0.5949497910936338,0.5654662857676579,-0.899878685365971,0.18401945413299178,-0.41944149879939535,-0.16025263441409796,0.09057891381891625,-0.37856182725436677,0.32143496620373274
0.01546870189454057,-0.031824718417723864,-0.03182376938737449,0.08528720024373611,0.11304025285641804,0.08644309048723818,-0.899878685365971,0.08529202567121365,-0.3880608190230712,-0.17702669511442357,-0.05238684734709016,-0.45573665487931103,0.32143496620373274
-0.03165766614162733,-0.07569799824417645,-0.07569704830837093,-0.08535300668599406,0.39164744607750324,0.4642642022577101,-0.899878685365971,-0.08535421600595208,1.5959435703644134,1.0322239114600003,1.43606763985424,1.1058561747670004,0.32143496620373274
-0.4470678732752555,-0.024672976048546402,-0.02467202716579459,0.0952320011331776,-0.3032316711327328,0.5519726746329982,-0.899878685365971,0.09522167311415787,-0.17644079790113848,0.2787706525771498,0.19606580356813952,-1.0294173159737998,0.32143496620373274
-0.16605508609662467,-0.025602655204460225,-0.02560486310773979,0.007341773348210684,-0.4376186702158445,-0.1294546876673172,-0.899878685365971,0.007345009668880939,-0.5075469006407424,-0.0824471129564318,0.029575776531260613,-0.8418103355596158,0.32143496620373274
0.17604743742518675,0.10734777770178269,0.10734241024945583,0.22393799742947817,-0.7653918387112388,-1.1279819116321357,0.1794292520415955,0.22393864284300996,-0.4634175277790744,-0.8182814861839767,-0.82970801714359,1.1386941814840736,0.32143496620373274
-0.42961366289148956,-0.09928249051525338,-0.09928154009271144,0.005072138236607536,-0.3950081583114432,0.4237833688537309,0.1794292520415955,0.005074966582048298,-0.3207592467622055,0.13388113215810835,0.08834507380069742,-0.9289050794617739,0.32143496620373274
-0.6809542924177183,0.1605762499851134,0.16057719504469425,0.26769970646445834,-0.4376186702158445,0.8656991335138364,-0.899878685365971,0.2676978683707901,-1.0460259277431962,-1.7118614117541702,-0.9629386483536548,0.9898772970935398,0.32143496620373274
-0.5378297672708381,0.004087098484400519,0.00408804677360231,0.12219742781627214,-0.6211716445732653,0.4001695493680764,0.1794292520415955,0.12219199566790619,-0.372753926968549,-0.4989498970415002,-0.7270892676646723,0.697601176159759,0.32143496620373274
-0.04387561341026345,0.12079892501366314,0.1208014492967769,0.26502232305358453,0.6309218590791411,0.7341364249509043,-0.899878685365971,0.26502458047953364,-0.220338392366467,0.10920163214475821,0.05312762067396317,-0.7166531980305674,0.32143496620373274
-0.33710634785753035,0.0451192535559382,0.0451186225957099,0.172006584518749,-0.11967869677531195,0.5283588551473437,0.1794292520415955,0.17199989326204385,-0.21367075361732457,-0.2632682222819615,-0.5623918282967344,0.5448290234209677,0.32143496620373274
-0.23412650659331163,0.2015689449906106,0.20156199719113954,0.35380337443213883,-0.10656777003549618,0.34282170204577267,1.2587371894491621,0.3538039391468964,-0.589323077817336,-0.9831937661640394,-0.941703379044661,1.1292089330814346,0.32143496620373274
2.3124427883981316,-0.05284746320145253,-0.05284809213984508,-0.2451559515893248,3.3317727674811906,-1.0402734392568476,-0.899878685365971,-0.2451599273063228,1.044361396674685,0.7450732149262993,0.13387680059180024,0.8684870485770584,0.32143496620373274
-0.12591040221396313,-0.23068924563799253,-0.23068829250347977,-0.13407647213378632,-0.3032316711327328,-0.06873343756134849,-0.899878685365971,-0.13407724179123373,0.09256896421310878,-0.11241187053837604,-0.35894691700783987,0.7575497600876707,0.32143496620373274
-0.40343234731584077,0.03100675553721923,0.031006124868244465,0.16204540819560187,-0.5556170108741865,0.20788559069917556,0.1794292520415955,0.16204977653968725,-0.20852703579194662,0.14301911802380887,0.1621721074892388,-0.7120930227043702,0.32143496620373274
0.25633680519050983,0.016610145043008766,0.016611093073760096,0.11544256141269135,-0.4245077434760287,-0.9323245501795699,0.1794292520415955,0.11544736810152786,-0.1707834661997659,-0.44368120360991636,-0.6109295867172921,0.9478903339730972,0.32143496620373274
-0.31092503228188156,0.09060566088212581,0.09060502898314966,0.2055614857249973,-0.4900623771751076,0.09656329883823296,-0.899878685365971,0.20555108914687145,-0.08081995952632026,-0.4532926179528037,-0.6140183531622365,1.259305097711791,0.32143496620373274
0.0067415967026576255,0.08069329229275604,0.08069581740356929,0.21289768002512868,0.15565076476081932,0.14716434059320688,-0.899878685365971,0.21290774816767985,-0.1498557277123442,0.09595787862345488,0.23117294360755442,-0.5140728512339605,0.32143496620373274
-0.052602718602146395,-0.021400947372469406,-0.02140315536246376,0.017301312127987266,-0.09017911161072646,0.008854826462944842,0.1794292520415955,0.01728489175153135,-1.0050191298393598,-1.1829316081771626,-0.7087221386259838,0.2773345529478959,0.32143496620373274
0.31742654153369043,0.006994516150263436,0.0069954643794619825,-0.7932973941920435,0.6243663957092332,0.029095243164934406,-0.899878685365971,-0.7932965260506679,-1.2357059644992459,-2.376314198205877,-1.2136251392871036,1.3178492090369434,0.32143496620373274
-0.43484992600661937,0.09809991662453468,0.09810086297350122,0.2278812018657988,-0.25406569585842365,0.5789598969023176,1.2587371894491621,0.22787897912989258,-0.23568829121088036,0.46170178365014136,0.14021980311266816,-1.5842739975241031,0.32143496620373274
0.3697891726849881,0.01380216674356787,0.013801536429661173,0.12009809721520776,0.7948084433268383,0.10331010440556282,-0.899878685365971,0.1201041291678437,-0.4137115490757476,-0.18688298625585578,0.01763438482893008,-0.2895156129747035,0.32143496620373274
-0.7368077656457692,0.009537322805912275,0.009538270982632413,0.15498268363835485,-0.585116596038772,0.8218448973261924,0.1794292520415955,0.15498582821447582,0.003396147947251319,0.7505380488138264,0.1339595354072895,-1.7913691690660927,0.32143496620373274
-0.6931722396863544,-0.1406429533362479,-0.14064042365750026,0.011548622267192275,-0.8473351308350875,0.46763760504137497,0.1794292520415955,0.011549399660183235,-0.3699271118198867,0.39781750818975276,0.05585786958511953,-1.5836956031934089,0.32143496620373274
-0.6966630817631076,-0.09655185394525184,-0.09655090357906473,0.014890848286515527,-0.5752834009839102,0.7543768416528939,-0.899878685365971,0.014889986060283206,0.13488271026056228,-0.07527222275906624,-0.3153456692448275,0.7491166451599253,0.32143496620373274
0.6368385915566062,-0.12636945824808377,-0.12636850726652135,-0.03209682118847778,0.3064264222687007,-0.9154575362612453,0.1794292520415955,-0.03209929175877009,-0.16291604376706292,-0.0036539217446345715,0.010105516619378037,-0.23861830727609948,0.32143496620373274
-0.6006649246523953,0.08943764292732746,0.08943858945506589,0.22289160721568713,-0.7063926683820678,0.4339035772047257,2.338045126856729,0.22288447495327252,-1.3223041898637122,-1.9614276009912048,-1.241589506922584,0.808084958841003,0.32143496620373274
-0.16780050713500125,-0.0402360260949136,-0.04023507689097177,-0.01556418331925312,-0.12623416014521985,0.19439197956451587,-0.899878685365971,-0.015562160921510483,2.642890640548095,1.575650421510866,1.9424322889223422,1.2198340452746816,0.32143496620373274
-0.19921808582577985,0.08069960590332251,0.08069897420878738,0.20858766587380148,-0.5883943277237259,-0.22053656282627024,0.1794292520415955,0.2085928240675507,-0.5743932002037033,-0.3229732670471838,-0.06394214324380251,-0.35361482159899615,0.32143496620373274
-0.44881329431363204,-0.017150309058588387,-0.017147781928480224,0.06949800706474797,-0.637560302998035,0.2112589934828405,-0.899878685365971,0.0694958827486821,-0.23055603011231765,-0.6504837412610599,-0.7083911993640255,1.308063949099686,0.32143496620373274
0.041650017470189406,-0.0263902781226283,-0.02639090760704387,0.09862171591024724,0.6276441273941872,0.5654662857676579,0.1794292520415955,0.09862162042455373,-0.06025108097421948,-0.1921029433448379,-0.40632638801154336,0.7020197181335666,0.32143496620373274
0.010232438779410803,-0.08221995795934778,-0.08221900788894214,-0.09257293540681534,0.03765242410247734,0.018975034813939622,-0.899878685365971,-0.09257782471058003,-1.1431710395564503,-2.1552883998392502,-1.1453964947800241,1.4076482429581252,0.32143496620373274
-0.40343234731584077,-0.18958606244758197,-0.18958511016135615,-0.08082519926638172,-0.2048997205841145,0.5688396885513228,-0.899878685365971,-0.08082436447199298,0.07961405004509041,0.3577066885880982,0.2861364393644701,-0.6819355841640488,0.32143496620373274
-0.4592858205438916,0.05126239663712087,0.05126334395271951,0.1769208521738147,-0.6146161812033575,0.25511322967048455,0.1794292520415955,0.17693094267248552,-0.3254686665126175,-0.4645243004460631,-0.6752696948963609,0.7527921353096202,0.32143496620373274
-0.5500477145394742,-0.04603034219229838,-0.046029392868773535,0.15433094137686995,-0.19506652552925266,0.8623257307301715,0.1794292520415955,0.15430829506592614,-1.0948804072581464,-1.1684838770630135,-1.1044703393845083,0.21549171014442967,0.32143496620373274
-0.39819608420071095,0.10186756373008016,0.10186693159868102,0.23435113572290128,-0.5457838158193247,0.20788559069917556,-0.899878685365971,0.2343472714242038,-0.015121095218240836,-0.19394768189387615,-0.46592303343587593,0.8297764904951441,0.32143496620373274
-0.584956135307006,0.144864830090434,0.1448657754742669,0.3218188773182624,-0.45728506032556815,0.6599215637102759,0.1794292520415955,0.3218227369929981,-0.4308924091225742,0.3919282211847479,0.020088851021788083,-1.6100742918000275,0.32143496620373274
-0.2044543489409096,0.047791489228199834,0.04779085821282197,0.1495656901685257,0.014708302307799735,0.4102897577190712,0.1794292520415955,0.14956146917019586,-0.42192778477564113,-0.8873285808136869,-0.8429731658937538,1.3882033093074042,0.32143496620373274
-0.26728950632246684,-0.06507377006343633,-0.06507439874950253,0.08551809385898577,-0.29667620776282494,0.2112589934828405,0.1794292520415955,0.08552537545651474,0.5783454616493723,1.2000461440627714,1.3932385837024635,-1.776882798151492,0.32143496620373274
-0.3807418738169451,0.037888591054679774,0.03788953864628683,0.17564029325803285,-0.2507879641734697,0.4777578133923698,-0.899878685365971,0.17563523728568203,-0.3777386606771983,-0.6160989574653802,-0.6837362243481286,0.738250645996799,0.32143496620373274
-0.11892871806045677,-0.05293111854145836,-0.052930169075515385,0.06726112282055613,0.0802629360068786,0.3124610769927883,0.1794292520415955,0.06726677822067421,-0.40676383742030614,-0.719873663408733,-0.8039499112544987,1.080860330024599,0.32143496620373274
-0.3824872948553217,-0.06077893647558997,-0.060779565250292884,0.015419774795208034,-0.7850582288209625,-0.06873343756134849,0.1794292520415955,0.015416046541181304,-1.0791769361984807,-1.6302602999190583,-0.9679854720985198,0.9053877696338571,0.32143496620373274
-0.6635000820339525,-0.057786285067079605,-0.05778691390354482,0.06573820748593064,-0.44089640190079843,0.8285917028935222,0.1794292520415955,0.06573976997651086,-0.29704276471061536,-0.17518195656538532,-0.5990433515586214,-0.0057005150184001015,0.32143496620373274
-0.16954592817337785,0.0366369177598756,0.03663628697470562,0.1255150906850369,-0.5162842306547392,-0.20366954890794559,0.1794292520415955,0.12552030050035873,-1.2144341716926952,-2.691148216815079,-1.4880289439942338,1.914449355973778,0.32143496620373274
-0.3667785055099324,-0.07356715467799027,-0.07356936159137917,0.014502750507691611,-0.3720640365167656,0.32595468812744804,-0.899878685365971,0.01450106975144804,-0.3092778439199645,0.1076548270339496,0.05853296195261621,-0.8364568739197886,0.32143496620373274
-0.6303370823047973,-0.24651588892551016,-0.24652282747741258,-0.16534863788146692,-0.4212300117910748,0.7847374667058782,-0.899878685365971,-0.165352253805405,-0.2460268414889659,-0.476331443415903,-0.5935552754644787,0.70281370214844,0.32143496620373274
-0.15034629675123537,-0.031581644410914475,-0.0315822737881907,0.06206192261901212,0.01143057062284579,0.30234086864179355,-0.899878685365971,0.06205734661022419,0.5403306320176734,0.8328941974444518,0.7710176146771096,-1.0100156398001634,0.32143496620373274
-0.300452506051622,-0.12913797648148417,-0.12914491745583034,-0.03159245783034375,-0.2147329156389763,0.3596887159640973,0.1794292520415955,-0.03159574748522561,-0.07730997094479757,-0.22246766636440546,-0.4930048963728008,0.7179273064807656,0.32143496620373274
-0.21492687517116915,-0.0027663257855108764,-0.0027653773548682085,0.11256703525397914,-0.2868430127079631,0.12017711832388746,-0.899878685365971,0.11256938741614762,-0.2319539270411143,0.11003013197983512,0.19887878729478561,-0.7201472858570048,0.32143496620373274
-0.15558255986636513,0.06764937286241339,0.06765189824242689,0.17619705800402496,-0.5130064989697852,-0.22728336839360008,-0.899878685365971,0.17620223632540488,0.5393245551459585,0.7905264300162085,0.6348912649249091,-1.0628651135775158,0.32143496620373274
-0.22190855932467551,0.13619939958794353,0.13620034515061347,0.2713170397700365,-0.18195559878943687,0.24161961853582484,-0.899878685365971,0.2713168369708984,-0.2965159315344493,0.04069326647184677,-0.003021740771636624,-0.7197363398247021,0.32143496620373274
-0.4121594525077237,-0.03405500135033206,-0.034055630676563184,0.10107148079261254,-0.8538905942049954,-0.0822270486960082,1.2587371894491621,0.10106974624227406,-0.05999268772020159,0.6075136733437019,0.37400081341441144,-1.5898939810388701,0.32143496620373274
-0.5360843462324615,0.28000292905796137,0.28000387165281604,0.38517706786879446,-0.21145518395402238,0.8184714945425274,0.1794292520415955,0.38517720370224706,-0.3755948427040608,-0.5180788562878327,-0.6992627913883411,0.7612336226522852,0.32143496620373274
-0.6687363451490822,-0.14617367619248225,-0.1461711463995916,0.06947508145756007,-0.6900040099572982,0.5823332996859826,0.1794292520415955,0.069469272685446,-0.7016767300918366,0.17035553130137115,-0.23244538412426133,-1.5348844242122666,0.32143496620373274
1.5200216369751602,0.051896914499051865,0.05189786180155533,0.09531387830170586,0.9324731740949039,-1.9780794131156976,-0.899878685365971,0.0953158317994548,-0.24924970687076473,-0.8669140183749938,-0.7877614656903694,1.8671326530557806,0.32143496620373274
-0.614628292959408,0.018616294800507013,0.018618821192464493,0.11321713997209346,-0.31306486618759466,0.8656991335138364,0.1794292520415955,0.11321621664557874,-0.5290547020196871,-0.25853393751009346,0.006299715106856896,-0.41594745067525773,0.32143496620373274
-0.48197629404278725,-0.08782013053181337,-0.08782865076148572,0.010641423239899243,-0.7490031802864692,0.1606579517278666,0.1794292520415955,0.010650798293979871,-0.004684898376222232,-0.15320834517595633,-0.4419575152157256,0.8511680106146671,0.32143496620373274
-0.330124663704024,-0.003176710472331918,-0.0031947028645282686,0.10142027753054289,-0.2638988909132855,0.36643552153142717,-0.899878685365971,0.10141158320846076,-0.40794687665698287,-0.6877580712795694,-0.7227870572592136,0.8319540160754778,0.32143496620373274
2.2042266840187827,-0.14130588244572806,-0.14130493115590792,-0.9308837881869183,1.9911805083350278,-2.2108442051885775,-0.899878685365971,-0.9308848814768443,3.345135822151842,1.8892559748473674,1.9762156719139237,1.1079527670031115,0.32143496620373274
-0.5727381880383698,-0.0748062007516615,-0.07480682923686992,0.05157836996065472,-0.876834715999673,0.20451218791551065,1.2587371894491621,0.051581169406969496,-0.36276983019239384,0.1047081428914593,0.029189680725642434,-0.9060407120176485,0.32143496620373274
4.623380243208735,-0.02913827712168766,-0.029137328146781022,-0.7323103664420896,4.298703614542604,-4.511504903648058,-0.899878685365971,-0.7323124018973723,0.20005033495908514,-0.24196802208853097,-0.6727600721598436,2.047375396846952,0.32143496620373274
-0.7978975019889498,-0.1743339577216138,-0.1743330057501607,-0.0381622818330507,-0.7817804971360086,0.7375098277345692,-0.899878685365971,-0.03816024539277501,-0.9792335629249348,-1.4880072863643503,-0.9123325195458576,0.7677892235343151,0.32143496620373274
-0.3336155057807772,-0.03100710584936502,-0.03100615683588952,0.07465790622539842,0.034374692417523396,0.6801619804122654,1.2587371894491621,0.07465209423265994,-0.20463333499078074,0.30343382747059694,0.16319250354694342,-1.0895926528057833,0.32143496620373274
-0.44881329431363204,0.07522412713954485,0.07522033875279449,0.1466852513797018,-0.0705127215010028,0.794857675056873,0.1794292520415955,0.14668553541275683,-0.3218948727756007,-0.42792746290352784,-0.6490151801143319,0.6360527632809646,0.32143496620373274
-0.5675019249232401,-0.10826517994870934,-0.10826422934078277,0.023424086790529958,-0.4933401088600615,0.5890801052533123,-0.899878685365971,0.023417487863479584,1.84563253212008,1.2724072380327893,1.6374717590277241,0.8116578869079331,0.32143496620373274
-0.6373187664583037,-0.04725360423955341,-0.04725581169600099,0.08209890330124597,-0.6768930832174824,0.5351056607146736,-0.899878685365971,0.08209881808288279,-0.19732006562126483,-0.16453797838863368,-0.5398328019399071,0.1541212110826763,0.32143496620373274
-0.7106264500701204,0.0496366419162529,0.04963285405757671,0.23642754071677777,-1.2963843716737777,0.03921545151592919,1.2587371894491621,0.23642695021250135,-1.2349662124616516,-1.54175366236498,-1.1835648229925537,0.4489390576457924,0.32143496620373274
-0.4680129257357745,-0.11121047927797112,-0.1112095286092595,0.009688372998230388,-0.7391699852316073,0.14379093780954194,-0.899878685365971,0.009688742161598138,-0.06661608587810355,-0.31893279987119294,-0.474941128324241,0.9385774177775527,0.32143496620373274
-0.576229030115123,-0.30715969681916877,-0.3071571637038509,0.03398624153067448,-0.16556694036466718,0.9432873975381297,0.1794292520415955,0.03397963604026626,-1.0806950406301696,-0.7890064649179339,-1.1746294629196783,-0.06010865337328068,0.32143496620373274
-0.3528151372029197,0.010858445816947705,0.01085781556379348,0.08339092502062179,0.03765242410247734,0.7206428138162445,0.1794292520415955,0.08338428882998009,-0.2922342883375853,-0.4591288483181238,-0.6108192736299726,0.7972210527816066,0.32143496620373274
0.2842635418045352,0.1133236101029537,0.11332455613773387,0.23553180449307867,0.4473688847217203,-0.08897385426333806,-0.899878685365971,0.23553653655806292,-0.39755509666354033,-0.016101825670666974,-0.03652934104491915,-0.7079968187049666,0.32143496620373274
4.0997539316957585,-0.1436876920319317,-0.14368674069295584,-0.7498582812010646,4.783807903915788,-3.0002204565661708,-0.899878685365971,-0.7498545743537797,0.12576879595035964,-0.3703038709259372,-0.4896679254813873,1.8331448346897516,0.32143496620373274
0.03117749123992987,-0.11270680498222631,-0.11270585428263355,-0.15671878431858915,-0.5654502059290483,-0.6422119107843862,-0.899878685365971,-0.15672240560514672,-0.9631356279481531,-1.868615213062712,-1.09812733686364,1.5099361291343452,0.32143496620373274
-0.15383713882798855,-0.014992632647494678,-0.01499641917235279,0.0992980213222906,-0.04429086802137125,0.2517398268868196,0.1794292520415955,0.09929915357310343,-0.19583844645804901,-0.38391493964505785,-0.5910180744561314,0.8512656887887288,0.32143496620373274
-0.3161612953970113,-0.040565912247012045,-0.04057127664669821,0.008863051139465608,-0.06723498981604886,0.5418524662820035,-0.899878685365971,0.008859736345396859,-0.07858924668672243,-0.2545016328940541,-0.47044587001597327,0.8000704646592365,0.32143496620373274
0.8323257478547842,0.047261145940615715,0.04725420132574689,0.1673657866065677,0.4408134213518124,-1.1549691339014552,1.2587371894491621,0.16736360147514037,1.570846993374924,1.6360982592316744,2.339862764262488,-0.9763766720557838,0.32143496620373274
0.4186609617595326,-0.10332320127779902,-0.10332225077186495,-0.25093811723078996,0.034374692417523396,-0.7737746193473184,-0.899878685365971,-0.2509384048844369,2.133517163533791,1.3088489869362463,1.3201285850814983,1.1636816538115555,0.32143496620373274
2.504439102619556,-0.23016205915569166,-0.23015952762944994,-0.5512635713924187,2.079679263828784,-2.699987608819992,-0.899878685365971,-0.5512657193507777,0.5749200765889468,0.22352236554544463,-0.20042701052979112,1.3011811263345492,0.32143496620373274
-0.7647345022597947,-0.1318528290250695,-0.13185187793034137,0.0005377806435129353,-0.5916720594086798,0.8690725362975014,0.1794292520415955,0.0005369273363242537,-0.2976416871370497,-0.6507694308593623,-0.7256000409858597,1.1764795877173744,0.32143496620373274
-0.5535385566162274,-0.15304604129409308,-0.15304351135937067,-0.06175109408604012,-0.3786194998866735,0.6801619804122654,-0.899878685365971,-0.061746996059657354,0.04080711994711845,-0.1828057875600832,-0.3493772566828776,0.7466628298872455,0.32143496620373274
-0.39121440004720465,-0.00851013299836384,-0.008509184449180559,0.07797884418090432,-0.7948914238758243,-0.06198663199401864,-0.899878685365971,0.07797425828128876,-0.316360744951826,-0.0584042926192984,0.04615031790100783,-0.42134277438968276,0.32143496620373274
0.3680437516466115,-0.051153837166994925,-0.05115288773773146,-0.05438869909197969,0.7095874195180358,0.018975034813939622,-0.899878685365971,-0.05439238396679019,3.662442738085811,1.963763822084629,3.65973127576787,1.3546934162930349,0.32143496620373274
-0.4453224522368789,-0.16902105442992293,-0.16902010256811748,-0.10801988202135537,-0.33600898798227224,0.514865244012684,-0.899878685365971,-0.10801370831545373,-0.477652951490367,-0.8502746399138679,-0.8225100881959959,1.0251293501124248,0.32143496620373274
-0.32488840058889423,-0.19169796518206872,-0.1916970128522575,-0.07865872938712418,-0.6015052544635416,0.008854826462944842,0.1794292520415955,-0.07865666778222223,1.2123438029013278,1.484850104610417,2.214878036329552,-1.6454303023041639,0.32143496620373274
0.10273975381337001,-0.10859348769816618,-0.10859095868085496,-0.006693610880902289,-0.3327312562973183,-0.5410098272744384,0.1794292520415955,-0.006696916008009879,1.2456374035411282,1.3921683176411483,2.4675777411065805,-1.3329864292316054,0.32143496620373274
-0.4697583467741511,0.02506880479944708,0.025068174253019663,0.22089216676022722,-0.41795228010612084,0.4777578133923698,0.1794292520415955,0.22088257942674203,-1.2442036831641234,-1.8879074235080744,-1.2864041986461103,0.9177308023290457,0.32143496620373274
-0.21667229620954576,0.03636543250551706,0.03636480172595,0.15601433596181083,-0.4507295969556603,-0.045119618075694,0.1794292520415955,0.1560154329689184,-0.5944911191550294,-0.7390026226550654,-0.8573138672452822,0.5803106201488979,0.32143496620373274
-0.2236539803630521,-0.02444410766551159,-0.024443158787483158,0.10899064053266508,-0.4769514504352918,-0.05861322921035371,-0.899878685365971,0.10898931044692282,-0.3504942117958523,-0.503704588213247,-0.6623354854081553,0.6911697660990362,0.32143496620373274
-0.19747266478740327,-0.06334226236557985,-0.0633397342821628,0.05274757592723816,-0.6178939128883114,-0.2542705906629195,-0.899878685365971,0.052747918333474995,0.48533834330445264,0.6497630836526486,0.22720167246405426,-0.48928701456579177,0.32143496620373274
-0.7176081342236267,0.04853333846976095,0.048534285841681846,0.13197356173854544,-0.5687279376140022,0.8016044806242029,0.1794292520415955,0.13197221737114004,-1.2563287777960461,-2.022365192309103,-1.0455907290277522,0.9272188415366579,0.32143496620373274
-0.038639350295133684,0.2504662804253377,0.25046722362976936,0.42671826809328844,-0.10656777003549618,-0.03499940972469922,0.1794292520415955,0.42671960626966676,0.7275659795286832,1.2055599533100074,1.4937889627941416,-1.7177302913421837,0.32143496620373274
-0.36852392654830896,0.0861940254987996,0.08619812889869786,0.1989228849007266,-0.5523392791892325,0.14379093780954194,0.1794292520415955,0.19892108954520243,-1.2751208061477688,-2.7898580543085276,-1.4812446891240878,1.97631452521703,0.32143496620373274
-0.2533261380154541,-0.05764265042669224,-0.05764485766873083,0.10786728578045747,-0.14917828193989746,0.3360748964784428,0.1794292520415955,0.10786759393512456,-0.323329960002213,-0.10348611123141443,0.0724875674985264,-0.31110528024732315,0.32143496620373274
0.5286224871772577,-0.04473920883145372,-0.04473825953457527,-0.3011271839952379,0.34575920248814807,-0.6658257302700407,-0.899878685365971,-0.30112498414770356,1.047749062665288,0.6860211749571967,0.6116703600441651,1.1400812115557504,0.32143496620373274
-0.7193535552620033,-0.1141068481253427,-0.11410589739685587,0.012500034965490564,-0.5752834009839102,0.7982310778405379,1.2587371894491621,0.012505315008741254,-1.1034796501483406,-1.4969861023109965,-1.1082209843533697,0.5810459972593343,0.32143496620373274
-0.45055871535200864,-0.035598679133835825,-0.0355977300255995,0.09254151737533924,-0.585116596038772,0.26860684080514424,0.1794292520415955,0.09253610365525397,-0.2912950129960701,-0.45161521188277115,-0.6492909628326304,0.7750571773857525,0.32143496620373274
-0.3196521374737645,-0.018389355132259606,-0.018388406379189075,0.1477283665067517,0.0802629360068786,0.700402397114255,-0.899878685365971,0.14772946866278808,-0.3454317486021948,-0.5500067095381118,-0.6588606231575928,0.6932419387916319,0.32143496620373274
-0.300452506051622,-0.11421891471289769,-0.11421954238470707,-0.0762171522216117,-0.11967869677531195,0.4575173966903802,0.1794292520415955,-0.0762249173880318,-0.13439372920247697,-0.2247082890710913,-0.47552027203266806,0.6154315053340429,0.32143496620373274
0.9702140098865346,-0.01656472167854759,-0.016566929768351907,0.029581249863854516,0.8833071988205948,-0.9660585780162192,0.1794292520415955,0.029570553254840197,-0.2575986643443796,-0.3573784572427422,-0.6050002582738717,0.736140099735822,0.32143496620373274
-0.4540495574287618,0.044942472460076835,0.04494026310088789,0.18340224883451114,-0.16556694036466718,0.7071492026815849,0.1794292520415955,0.18339923496679675,-0.14168690523573224,-0.21634982768075872,-0.5165843187873329,0.6165959687091076,0.32143496620373274
-0.15034629675123537,-0.029711237280595496,-0.02971028829386412,0.1068536464340777,0.014708302307799735,0.3057142714254585,-0.899878685365971,0.10684822382038817,-0.5279569713334501,-0.9385323193894255,-0.8577551195945601,1.1413531209222831,0.32143496620373274
-0.4365953470449959,0.029398363245409072,0.029397732609628285,0.20211609447332843,-0.5523392791892325,0.2753536463724741,-0.899878685365971,0.2021142971335333,0.21817135163410512,0.6983792907237627,0.5787419034793093,-1.4074381289039568,0.32143496620373274
-0.6792088713793418,-0.09414636831942388,-0.09414699640549021,0.024526153478920232,-0.5883943277237259,0.7071492026815849,-0.899878685365971,0.024526922807630434,0.5013439194373698,0.7055052055614193,0.2677693103257814,-0.5848825504162953,0.32143496620373274
-0.10321992871506747,-0.2493664840962748,-0.2493639521736924,-0.1225023155906326,-0.20817745226906845,-0.014758993022709652,0.1794292520415955,-0.12250391121147562,0.02447546774330558,-0.10792246256505288,-0.3710262000693196,0.6550246554887295,0.32143496620373274
-0.508157609618436,-0.0846727956644243,-0.08467184554339705,0.16379921714547702,-0.5195619623396931,0.4473971883393854,0.1794292520415955,0.16381422842503415,-0.7606519058180466,-0.27756902731698363,-0.3249704861134494,-0.4480375216595153,0.32143496620373274
1.1447561137241935,-0.07093911427969399,-0.07093974284471129,-0.35451601050577,0.4440911530367664,-1.7554348293938122,-0.899878685365971,-0.35451705256694843,1.15555650948216,1.0332442314539374,1.5113839002215939,-0.2780942436219119,0.32143496620373274
-0.5448114514243444,0.07501419958820947,0.07501356801100968,0.06890030373449173,-0.09345684329568041,0.9567810086727895,1.2587371894491621,0.06889203900601697,-0.3202718952292182,0.219608418048702,-0.33269240222581103,-1.1109067280873002,0.32143496620373274
-0.4749946098892809,-0.030782972674255064,-0.030782023665405223,0.15828560861678453,0.01143057062284579,0.9297937864034701,0.1794292520415955,0.15829161683957477,-0.3933705712586026,0.0697968739789081,0.0843462243853672,-0.775541973769909,0.32143496620373274
-0.4854671361195404,0.030350140038305565,0.030347930980272976,0.12689226465968212,-0.5621724742440943,0.3596887159640973,-0.899878685365971,0.1268958360768705,-0.20853126596800148,0.19612473306824613,0.18304885926444467,-1.0073608865694137,0.32143496620373274
-0.1922364016722735,-0.07098646635894257,-0.07098551652037358,0.04306641952045764,0.13598437465109564,0.511491841229019,-0.899878685365971,0.04306799609936178,-0.030353254162460524,0.2835171811889451,0.26873454983982686,-0.7711331996135077,0.32143496620373274
-0.7280806604538863,-0.055638079071835614,-0.05563712955002643,0.050153707228263136,-0.5195619623396931,0.8724459390811663,-0.899878685365971,0.05015855448780927,-0.3055547602196781,-0.6958716558713571,-0.7296264686730195,1.19550031901217,0.32143496620373274
1.6282377413545086,0.007360705563119135,0.007361653784760269,-0.7021255294924642,0.9128067839851803,-2.2074708024049126,-0.899878685365971,-0.7021284024758807,3.42124796984831,1.888892740929526,1.8173096696302564,1.2776337093732348,0.32143496620373274
-0.614628292959408,-0.03144432338109359,-0.0314433743585948,0.08973149295144962,-0.48678464549015366,0.6869087859795953,-0.899878685365971,0.08974000008752323,-0.287116656597879,-0.5154505119834507,-0.6625561115827943,0.7864415685726494,0.32143496620373274
-0.8589872383321304,0.13936883209231526,0.13936504238174738,0.273720953438026,-1.0210549101376465,0.609320521955302,0.1794292520415955,0.27372607115773523,-0.286768019588024,-0.4609205302274773,-0.6725670242570344,0.8468624962422738,0.32143496620373274
-0.241108190746818,-0.15329542891146894,-0.1532944773742087,-0.07048247533789292,-0.522839694024647,-0.07210684034501343,0.1794292520415955,-0.07048737836874246,-0.40366153205607086,0.2566378712686666,0.13208421292285877,-1.2941551688346005,0.32143496620373274
-0.6093920298442782,0.023616674369157244,0.023614465450089828,0.15525451583786865,-0.6047829861484956,0.5553460774166631,0.1794292520415955,0.15525192884683672,-0.5050859957208257,-0.040540530165447966,-0.058509223693319894,-0.6889132942982741,0.32143496620373274
0.19350164780895263,-0.0006086493744171691,-0.0006077009883045974,0.10923463449487927,0.07698520432192467,-0.29475142406689864,-0.899878685365971,0.10924108258369507,-0.15976227126082684,0.37420730353004866,0.23511663647922448,-1.2917146098855434,0.32143496620373274
-0.691426818647978,0.07372306622736481,0.07372401307942045,0.23958308679185658,-0.5687279376140022,0.7510034388692289,0.1794292520415955,0.2395710315302425,-0.0709185274405706,0.05494101486718418,-0.32899691380060947,-0.03792663774510087,0.32143496620373274
0.4640419087573239,-0.02784083015027652,-0.02784145960475562,0.07549960351786884,0.5653672253800622,-0.3149918407688882,-0.899878685365971,0.07550566318415607,1.015409014211188,1.317721689603523,1.7824231557654806,-1.5764116022133756,0.32143496620373274
-0.2061997699792862,0.06089854476420725,0.06089633507571711,0.1540050702461275,0.6079777372844636,1.024249064346088,0.1794292520415955,0.15399920894679925,-0.9898990705605941,-0.8689628209228195,-0.9001429233970585,-0.03646913984785092,0.32143496620373274
-0.41739571562285344,-0.04522535684507249,-0.04522440753816093,0.05667440492985313,-0.35895310977694983,0.43727697998839066,-0.899878685365971,0.05667392612476896,-0.3570104454936977,-0.0687993127175294,-0.054565530821649326,-0.5607344126845011,0.32143496620373274
-0.084020297292925,0.05306966766177507,0.05306903653746623,0.1949895057246294,-0.43434093853089056,-0.2846312157159039,0.1794292520415955,0.19498894097008476,-0.3110085146984104,-0.6429660235457315,-0.7424227868020756,1.1736455252670972,0.32143496620373274
0.14637527977278472,-0.020799575966012417,-0.020801783968417868,0.13011331246958355,0.22120539845989817,-0.05523982642668878,0.1794292520415955,0.13011565372843742,-0.36184888561378303,-0.7428880011919778,-0.8009990361687034,1.2322384756792804,0.32143496620373274
-0.33710634785753035,0.037445059912384726,0.03744600751314537,0.13802100940604214,-0.44089640190079843,0.19776538234818078,-0.899878685365971,0.13802703022132126,-0.28642431778356636,-0.14513965466390188,0.11269668782646593,-0.16087345773538056,0.32143496620373274
-0.23238108555493503,0.03146922751121371,0.0314701752353035,0.11069532318142329,-0.3982858899963972,0.03921545151592919,-0.899878685365971,0.11069235449403263,-0.6567073147686071,-1.1187330741586414,-0.9202199052891982,1.029748132343059,0.32143496620373274
-0.37026934758668556,-0.24654114336777608,-0.24654334671133016,-0.1282697433417627,-0.29667620776282494,0.4102897577190712,0.1794292520415955,-0.12827420107782478,-0.4108501874893039,-0.5847955400513906,-0.7307847560898738,0.6741235293227745,0.32143496620373274
-0.37026934758668556,0.026202097896129803,0.02620304572892254,0.10232583901446536,-0.3950081583114432,0.3090876742091234,-0.899878685365971,0.1023306538540765,-0.24057449706891854,0.09565586390524951,0.19435595071468828,-0.7122060503057847,0.32143496620373274
-0.3493242951261665,-0.027225253120044958,-0.027224304184619283,0.086996795522606,0.3359260074332862,1.020875661562423,0.1794292520415955,0.086982788150676,-0.07085049210902156,-0.1812344947694201,-0.4856139195223977,0.7371210676838993,0.32143496620373274
-0.5500477145394742,-0.2021564610854388,-0.20215550853978528,-0.0872296313886616,-0.7653918387112388,0.2753536463724741,-0.899878685365971,-0.08722306121630212,-0.26034281480263644,-0.22828349032984682,-0.020892460917387303,0.04787107954576593,0.32143496620373274
-0.712371871108497,-0.0801048984195778,-0.08010552679543177,0.02379744667901879,-0.522839694024647,0.838711911244517,0.1794292520415955,0.023802310316432276,-0.3070813250034768,0.13946432316493207,0.160103737101999,-0.7767231819748128,0.32143496620373274
-0.34059718993428356,0.014122582479816606,0.014121952159297173,0.024984665622678443,-0.4146745484211669,0.23149941018483006,-0.899878685365971,0.02497929388264397,-1.184852726798373,-1.9279325362302382,-1.1669627033509764,0.932088098513636,0.32143496620373274
-0.1747821912885076,-0.019786241470092766,-0.01978371428558427,0.06527642025543129,-0.2212883790088842,0.11005690997289266,1.2587371894491621,0.06526897655002618,-1.4092799584410751,-2.2996636789813474,-1.3572803572488563,1.0497086672125773,0.32143496620373274
-0.024675981988120974,0.05602601580952819,0.056023806221597236,0.27555991464317053,0.5686449570650162,0.6329343414409564,-0.899878685365971,0.2755601185930842,-1.1662106934392624,-2.2626709572811645,-1.2558750517304527,1.4815794575029761,0.32143496620373274
-0.37026934758668556,0.0565311046548464,0.056532051861709516,0.13351449005024715,-0.2212883790088842,0.48787802174336453,0.1794292520415955,0.13350127254324462,-0.3077884694339814,-0.41595298745468223,-0.6287451503193832,0.7092583685327855,0.32143496620373274
-0.6669909241107057,-0.045029634917511684,-0.04503184241985751,0.02974500420091102,-0.6834485465873903,0.5857067024696475,0.1794292520415955,0.029744542129845404,-0.44385172972398307,-0.64792069743629,-0.7478832846243884,0.675131009918097,0.32143496620373274
-0.3493242951261665,0.03302395411320881,0.033021744999994086,0.12201729804551,-0.2409547691186079,0.42715677163739585,0.1794292520415955,0.12202824143260717,-0.4157903280920416,0.054834901587814726,-0.051256138202065704,-0.8454753601906613,0.32143496620373274
3.1397723605886347,0.08394006652656712,0.08394101316776446,-0.2041256648964471,3.3448836942210067,-2.6257727475793637,0.1794292520415955,-0.20410059973303518,0.3018445865139693,1.0780852545474842,-0.7006141267080045,-1.8107617751235663,0.32143496620373274
-0.40168692627746416,-0.32172046118810765,-0.321721084577503,-0.1273314309904289,-0.408119085051259,0.35631531318043236,-0.899878685365971,-0.12733670808073788,-0.5619413244715424,-0.3389841283920445,-0.8184285039651762,-0.2466928037647896,0.32143496620373274
-0.1590734019431183,0.04610101999902547,0.04610196742114452,0.09374511175270454,-0.3687863048318117,-0.07210684034501343,0.1794292520415955,0.09374174421264299,-0.6466234563404915,-1.1379681466843432,-0.9954258525692328,1.1258404314787909,0.32143496620373274
0.03466833331668305,0.015233777939516658,0.015234725998673431,0.18466643231658736,-0.6047829861484956,-0.6894395497556952,0.1794292520415955,0.18466833029036414,-0.5952412703754251,-0.2568157186403034,-0.04143827343063467,-0.48387913222898743,0.32143496620373274
-0.19747266478740327,-0.0023385786696320213,-0.0023392086504262373,0.09834660862399232,-0.2999539394477789,0.07294947935257846,-0.899878685365971,0.09834528515248664,0.04939931254388796,-0.18899300800331767,-0.42640336990368327,0.9273388461505052,0.32143496620373274
-0.6774634503409652,0.06469933832522674,0.06469870696090492,0.24628882689432044,-0.69983720501216,0.5890801052533123,-0.899878685365971,0.2462870021054435,-0.18354925624666474,-0.15523674132390325,-0.537019818213261,0.15271952928489022,0.32143496620373274
0.13066649042739542,0.01095157157280325,0.010950941317727097,0.09421344915668614,0.4703130065163979,0.23149941018483006,0.1794292520415955,0.09421458456706891,0.013141063518971038,-0.27219806286889886,-0.49154324796581805,1.0535160228972555,0.32143496620373274
-0.11718329702208018,0.04686654528021087,0.04686749268653103,0.1409751376465415,0.18187261824045087,0.41366316050273616,0.1794292520415955,0.14098484109640977,-0.5742585395992902,-0.34785683105932136,-0.13404611023531252,-0.3399594128651637,0.32143496620373274
-0.8816777118310261,-0.00019510788231288863,-0.000195737907344025,0.18962982627277,-0.8276687407253638,0.8522055223791767,0.1794292520415955,0.18963827133168934,-0.6666866525967005,-0.21865983214703227,-0.17720610564904707,-0.4554387364484227,0.32143496620373274
-0.09274740248480794,-0.14465840965652763,-0.14465903670012714,-0.09180329002264977,-0.3392867196672262,-0.1699355210712963,-0.899878685365971,-0.09179794516496845,-0.7848486891091995,-1.0874663882644335,-1.0139584512389002,0.6902139153957176,0.32143496620373274
0.23713717376836735,0.11925524723015937,0.11925303633730441,0.2099730275652995,-0.011513551171831815,-0.47016836881747487,-0.899878685365971,0.2099704065720037,0.36945126022279196,0.502783947886024,0.10174811391001043,-0.27949801852342787,0.32143496620373274
-0.48197629404278725,-0.10628270623083538,-0.10628333406643213,-0.022980617244542194,-0.5162842306547392,0.4001695493680764,0.1794292520415955,-0.0229740869967323,-0.3125257378434213,-0.6680005949169717,-0.7144584191665954,1.309992395336162,0.32143496620373274
0.45531480356544096,-0.013829349900621186,-0.013831558046878068,0.11531155794304615,-0.13278962351512774,-1.0166596197711932,0.1794292520415955,0.1153081770015237,0.002805333358255434,-0.1550898152447763,-0.414213773754884,0.7703853698606278,0.32143496620373274
0.23364633169161417,-0.14094758504608046,-0.14094663376365485,-0.032068982951178174,-0.0016803561169699843,-0.45330135489915024,0.1794292520415955,-0.032062447055827815,-0.3459164562751479,0.025588449281602203,0.11498568438834443,-0.702883366292834,0.32143496620373274
-0.5971740825756421,-0.23030885060136227,-0.23030947587730916,-0.1028190442764408,-0.7752250337661007,0.35631531318043236,-0.899878685365971,-0.10282679291235733,-0.5174800590469034,-1.0778508926415704,-0.9433029188107931,1.2106341566805514,0.32143496620373274
0.5862213814436851,0.05351635560935336,0.05351414607321674,0.04589936955153515,0.42114703124208874,-0.6995597581066899,-0.899878685365971,0.045894803586211085,-1.0808148956183907,-1.5779586970298434,-0.7920636760958278,0.7104444606463924,0.32143496620373274
-0.6128828719210314,-0.2210972927848715,-0.22109633984831734,-0.11681021483454852,-0.526117425709601,0.6430545497919512,1.2587371894491621,-0.11680935767895226,0.3784491972061571,0.5703250502046832,0.21062713109430706,0.0025163125239228527,0.32143496620373274
-0.45230413639038525,-0.15506323987008266,-0.15506228829633836,-0.11567212219200582,-0.6506712297378509,0.20451218791551065,0.1794292520415955,-0.11565898417597666,-0.3274247704233205,-0.7214939315591051,-0.7353627492136309,1.2325796515872531,0.32143496620373274
-0.5395751883092147,0.02631100767840154,0.026310377106337556,0.1363834660354771,-0.5425060841343707,0.48450461895969965,0.1794292520415955,0.13638744094038982,-0.030460418622517058,0.3688730706017456,0.30511029038341514,-0.9843165122045173,0.32143496620373274
1.2424996918732825,0.0025307934797637994,0.002533320203693637,-0.250636809250606,1.109470685082417,-1.259544620195068,-0.899878685365971,-0.2506395534050162,1.9066563468581932,1.3807448149890287,1.2853523843040418,0.49973798746909137,0.32143496620373274
-0.6128828719210314,-0.04951072001706914,-0.049512927426934396,0.1848039859597148,-0.8342242040952716,0.32595468812744804,0.1794292520415955,0.18481161524625078,-0.5926968194784249,-0.09728256566827698,-0.24011214369296305,-0.5229915662270415,0.32143496620373274
0.0905218065447339,-0.2241751779360293,-0.2241742249359538,-0.00947743461086286,0.3719810559677796,0.20788559069917556,0.1794292520415955,-0.009478691080151952,0.46531374740474424,1.2145428505366296,1.5075780987090728,-2.189994495113332,0.32143496620373274
-0.4557949784671384,-0.04517169115525743,-0.04517074184945342,0.06801766785775717,-0.29339847607787095,0.5789598969023176,-0.899878685365971,0.06802414155893216,-0.17629415179790323,0.07452299619082467,0.2936101510303625,-0.5229783099034188,0.32143496620373274
-0.13638292844422265,-0.14022309823357715,-0.1402221469661035,-0.23414838505238658,-0.05412406307623308,0.20788559069917556,-0.899878685365971,-0.2341474549824638,-0.6356865124079785,-0.5937784372780126,-0.7616999988111494,-0.17680755872982495,0.32143496620373274
0.8934154841979648,0.18303849797799895,0.18303786417139517,-0.03910878190123729,1.2668018059602062,-0.4229407298461659,-0.899878685365971,-0.03910592610162684,-0.6225472330669023,-1.2863634866025526,-0.9727289348532561,1.4723970114399285,0.32143496620373274
1.5811113733183408,0.0016374175846072241,0.0016383659243654968,-0.14548523679651296,1.7846834121829294,-1.2190637867910887,-0.899878685365971,-0.14548886506363407,1.09068852225419,0.7204753405124641,0.39002378934756143,1.1230461379993815,0.32143496620373274
0.06608591200746164,0.13825921503525684,0.13826016055541634,0.26508946233177766,0.1392621063360496,0.015601632030274697,0.1794292520415955,0.265088035245712,-0.0942796747035523,-0.2543832757747574,-0.48062225232119266,0.7699820985420014,0.32143496620373274
-0.39121440004720465,-0.012735516869978949,-0.012732989830983208,0.12738352767085162,-0.8080023506156401,-0.07548024312867835,0.1794292520415955,0.12738095799894383,-0.05394776613780216,-0.19263759102166092,-0.47910544737055,0.7177605558836174,0.32143496620373274
-0.30568876916675175,-0.07988076524446784,-0.07987981522233843,0.043750912649353824,-0.45728506032556815,0.12017711832388746,-0.899878685365971,0.043741435392028995,-0.23137333537758434,-0.7790889545768656,-0.7271995807519916,1.663879722260634,0.32143496620373274
-0.5133938727335658,-0.07363502599157991,-0.07363407609834997,0.05196483019610807,-0.3851749632565814,0.5958269108206422,-0.899878685365971,0.051959851076098476,0.7466620517843492,0.7126311203990758,0.4277508652108129,0.2251451045467036,0.32143496620373274
-0.16430966505824807,0.032755625664133516,0.03275657336167464,-0.03180533846851721,-0.5523392791892325,-0.2508971878792546,-0.899878685365971,-0.03180248720729062,0.18568923976749602,-0.074027432366463,-0.016093841618991616,0.7689348489758108,0.32143496620373274
-0.6600092399571993,-0.16220235501812716,-0.16220298169965497,-0.10098008307129626,-0.5687279376140022,0.6902821887632602,0.1794292520415955,-0.10097841698141966,-1.2165749932911272,-2.682712211105207,-1.374792559860819,1.9107934014588954,0.32143496620373274
-0.052602718602146395,-0.11803075709240851,-0.11803138468554915,-0.025851230773142712,-0.13278962351512774,-0.03499940972469922,0.1794292520415955,-0.025843879970347594,-1.08101530020899,-1.3199401769630341,-1.081304591047424,0.3480856452257936,0.32143496620373274
0.24062801584512053,0.16704138720518644,0.16704233213133984,0.23650450525519431,0.3752587876527335,-0.07885364591234327,-0.899878685365971,0.23649859269044465,-0.14445026774357161,-0.41435312570418886,-0.5922866749603051,1.0129439978982218,0.32143496620373274
-0.43135908392986616,-0.0957831718587832,-0.09578379991106918,0.010435092775208047,-0.6342825713130811,0.18089836842985615,1.2587371894491621,0.010433823932208671,-0.3949456068096966,-0.8137839156507021,-0.7761510132499974,1.267784260921594,0.32143496620373274
-0.7612436601830415,-0.09594890413615323,-0.09594795378240979,0.0010798074991699642,-0.7260590584917915,0.7240162165999094,0.1794292520415955,0.0010752693848697762,-1.0370732888950853,-1.2758541906650005,-0.8242475193212773,0.3620131574445124,0.32143496620373274
-0.31790671643538787,0.020163129389294016,0.020164077346718903,0.17420744280878844,0.06059654589715494,0.6767885776286005,0.1794292520415955,0.17419829387093316,-0.034439604231458316,-0.1440091401106196,-0.4224872553038428,0.7139218036429906,0.32143496620373274
-0.38597813693207483,-0.09304622167821518,-0.09304527138437726,-0.02478191495216374,-0.4605627920105221,0.2719802435888092,0.1794292520415955,-0.024785618224727687,-0.41996427805684217,0.04795386354870305,-0.11496194612904763,-0.9795086529369494,0.32143496620373274
-0.08751113936967816,0.11353353765428909,0.11353448368473677,0.20671104117113395,-0.35895310977694983,-0.20029614612428068,0.1794292520415955,0.2067157911454357,-0.0977752101835542,-0.21997808557919898,-0.43371161193859664,0.6906109074031543,0.32143496620373274
-0.16605508609662467,-0.2343085228952258,-0.2343059912834094,-0.12255962960860238,-0.14262281856998957,0.17415156286252628,-0.899878685365971,-0.12256327212177151,-0.037252671307942305,0.4752353080497228,0.30814390028469996,-1.3140745393307642,0.32143496620373274
-0.6425550295734335,0.16015797328508427,0.16015418314547036,0.16803226675838767,-0.6506712297378509,0.5722130913349878,0.1794292520415955,0.1680268061281014,-1.2219991365374756,-2.0944283528408913,-1.0103181193573583,1.1857534326432941,0.32143496620373274
0.04514085954694258,0.04823975557841974,0.04823754615118151,0.21491185837092366,0.42114703124208874,0.3461951048294376,-0.899878685365971,0.21491783140597528,-0.27477300286978834,0.05982630699815493,0.22929762112312368,-0.6641337369412951,0.32143496620373274
0.03466833331668305,0.11429748453283287,0.11430158735273231,0.2067601674722509,0.21137220340503635,0.1505377433768718,0.1794292520415955,0.20676082356014294,-0.36437553451988564,-0.13176121890339887,-0.1693738764493661,-0.3525794329539416,0.32143496620373274
-0.4435770311985023,0.04127899992887823,0.04127994745051407,0.01585044870166664,-0.16556694036466718,0.6869087859795953,-0.899878685365971,0.015845901408841227,-1.0929637849906222,-1.8648930857248296,-1.0473557384248635,1.0409148407420468,0.32143496620373274
-0.2096906120560394,-0.09318196430539444,-0.09318101400875507,-0.016299440292636823,-0.09345684329568041,0.3090876742091234,-0.899878685365971,-0.01630314883623854,1.6925597339134737,1.232941260667303,1.4110265690327248,0.37599578806145173,0.32143496620373274
-0.5622656618081103,-0.1720215978516414,-0.1720222243305198,0.046976873089366954,-0.6605044247927127,0.4069163549354063,0.1794292520415955,0.04697967539506708,-0.313798139549257,-0.4855347297612155,-0.708308464548536,0.752688875525612,0.32143496620373274
-0.6809542924177183,-0.09641137611014772,-0.09641042574685979,0.031747719743112066,-0.4212300117910748,0.8825661474321611,-0.899878685365971,0.03175053151225838,-0.2921812348795639,-0.05444545104282252,0.16068288081042625,-0.4126661617280263,0.32143496620373274
-0.012458034719484852,0.14043267547276675,0.14043677775328847,0.2746641784194715,0.3588701292279638,0.3934227438007466,0.1794292520415955,0.27466970493864584,-0.5202471229587908,-0.563446364498251,-0.23440344142418157,0.16057634298567128,0.32143496620373274
-0.29347082189811563,-0.06803169661383107,-0.06803706044667876,0.0069651383729807245,-0.4540073286406142,0.09993670162189788,0.1794292520415955,0.006954046432104533,-0.07626229734187646,-0.17603086280034097,-0.44372252461283673,0.6608846482311911,0.32143496620373274
-0.38772355797045144,-0.16412169263033635,-0.16412074086964384,-0.04413276496213084,-0.637560302998035,0.09318989605456802,0.1794292520415955,-0.04412089955765927,-0.31577803820026856,0.1515081803733654,0.056354278478057046,-0.9197017023614273,0.32143496620373274
-0.3196521374737645,0.0575649583851071,0.057562748765415464,0.12726398700480038,-0.30978713450264067,0.2989674658581286,-0.899878685365971,0.12726428310629329,0.10124611284564679,0.34253657091824163,-0.10522681617310634,-0.47504135058012903,0.32143496620373274
-0.1328920863674695,0.03116617420402279,0.031165543531757944,0.11598295072497782,0.25726044699439155,0.5216120495800138,0.1794292520415955,0.11598161629419092,-0.42533995053589513,-0.6098097050227521,-0.8046669463220749,0.7227881910428242,0.32143496620373274
0.1655749111949272,-0.01905386264438137,-0.019051335474987698,-0.06476744897462093,-0.11640096509035801,-0.4398077437644905,-0.899878685365971,-0.06476826170092424,2.044406742364743,1.4251409785652192,1.8371384470759275,0.4856095372923027,0.32143496620373274
-0.5622656618081103,0.10849369801959836,0.1084946441540582,0.21517222776684353,-0.5162842306547392,0.5553460774166631,1.2587371894491621,0.21517369739863001,-0.26217765366643336,0.1280734707526185,0.14394286980969953,-0.652138159465269,0.32143496620373274
-0.5168847148103191,0.19576989368530096,0.19576925961594682,0.32601753852039117,-0.32289806124245646,0.6666683692776058,-0.899878685365971,0.32600870463282927,-0.45534370800636126,-0.9377568761940333,-0.8747709133135851,1.3836752282383988,0.32143496620373274
0.03117749123992987,0.24891628903126747,0.2489172322676878,0.3543044627035317,-0.7391699852316073,-0.8210022583186274,0.1794292520415955,0.3543054364924997,-0.17760797397760947,-0.27736904459817197,-0.5344826172049137,0.7148225359480886,0.32143496620373274
-0.2061997699792862,-0.15271931194727786,-0.15271678201929847,-0.12659453647367463,-0.48022918212024573,-0.09572065983066791,0.1794292520415955,-0.1265936732380686,-1.3107009932025582,-2.753404061565144,-1.4163530155084214,1.7417585304400662,0.32143496620373274
-0.614628292959408,-0.16047400412555393,-0.1604746308427514,-0.10178902949635539,-0.3950081583114432,0.7813640639222132,0.1794292520415955,-0.10179718815791475,-0.49703597068842115,-0.5609282147532143,-0.7678775317010386,0.437260934235467,0.32143496620373274
0.8724704317374457,-0.08493165369764989,-0.08492912516867127,-0.23368659782188725,0.6997542244631739,-0.9660585780162192,-0.899878685365971,-0.23369303697950902,0.015883275146536067,-0.7151638663167195,-0.6382320758288559,2.4036788631769657,0.32143496620373274
-0.14860087571285877,0.1231570585602425,0.12315326918425297,0.23289208457972782,0.1917058132953127,0.48450461895969965,0.1794292520415955,0.2328919056579838,0.41701888493038547,0.5948168113391489,0.23867423354527686,0.1812066710487559,0.32143496620373274
-0.35805140031804944,-0.07361608515988047,-0.07361671366965049,0.07524250920869013,0.04748561915733917,0.7408832305182341,0.1794292520415955,0.07523137484003022,-1.1933419851111409,-2.3084874062889154,-1.4013780139048064,1.5349689520426415,0.32143496620373274
-0.049111876525393214,0.08173188123094159,0.08173282791771143,0.19559539677173846,0.3097041539536547,0.41366316050273616,0.1794292520415955,0.19560301935245608,-0.16957398836274626,-0.43996315755200965,-0.6064343284090246,1.0091031525538652,0.32143496620373274
-0.3772510317401919,0.03685000211649422,0.036847792924317564,0.18124560421547697,-0.2212883790088842,0.5013716328780242,0.1794292520415955,0.18124381984467341,-0.32429109125334504,-0.40871279677770467,-0.665810347658718,0.7149711463129111,0.32143496620373274
-0.6495367137269398,-0.08517157089917604,-0.08517062076785505,0.02554470545541169,-0.8604460575749032,0.3698089243150921,-0.899878685365971,0.025550386778249296,-1.1964791894278286,-1.7072373215416474,-0.9919509903186702,0.6850327859629852,0.32143496620373274
-0.2829982956678561,-0.03441803395790452,-0.03441550647142529,0.06905750789806597,0.2965932272138389,0.8522055223791767,-0.899878685365971,0.06905988709719846,-0.6683496405582685,-1.3117204790918768,-1.0604278392722182,1.337036690928887,0.32143496620373274
0.22317380546135465,-0.03361462701332025,-0.033615256348639815,-0.024501895035797118,-0.17212240373457505,-0.6084778829477369,-0.899878685365971,-0.02450314216883688,2.593001706730395,1.6235932173859815,3.1911764373785085,0.7487761669531957,0.32143496620373274
-0.525611820002202,-0.10078039462215019,-0.10078102257130356,-0.06270905695782067,-0.4015636216813511,0.6025737163879721,1.2587371894491621,-0.06270495833615661,-1.3282602777489594,-2.710673060219059,-1.4336445919457452,1.7241206430094878,0.32143496620373274
-0.20270892790253303,-0.11623611328888726,-0.11623674091906573,0.13947842300584504,-0.6146161812033575,-0.2407769795282598,0.1794292520415955,0.13948239598754128,-0.0069540353149850674,1.081460473087428,0.5207172195492789,-2.4438447200724642,0.32143496620373274
-0.3615422423948026,0.03955696264687147,0.03955475339882861,0.1296793634763838,-0.6637821564776666,0.015601632030274697,-0.899878685365971,0.12967965807695378,-0.2994920366463811,0.029979906535507406,0.24137690418460314,-0.627405348091591,0.32143496620373274
-0.49419424131142337,0.06728949706012417,0.06729044404495572,0.2037061490861471,-0.5588947425591404,0.37992913266608686,0.1794292520415955,0.203704760143875,-0.2924332828694995,0.24530007549603772,0.11300004881659435,-0.910300178107984,0.32143496620373274
0.5844759604053086,-0.12198149890438185,-0.12198370481859616,-0.034255103350882506,0.21137220340503635,-0.9120841334775804,-0.899878685365971,-0.03425675380883466,1.5066547767717184,1.2014705107743076,3.7977605262763308,0.12603385213122048,0.32143496620373274
-0.4976850833881765,-0.010827228076261106,-0.010826279479257647,0.0711224500883485,-0.7424477169165613,0.19776538234818078,-0.899878685365971,0.07111704967814238,1.7511938516952603,1.5523748818091732,2.869117378949376,-0.830133607551777,0.32143496620373274
-0.6809542924177183,0.0645493900742729,0.06455033711565475,0.1826882799249448,-0.5883943277237259,0.7105226054652498,0.1794292520415955,0.18269304482706972,-0.09343258194856595,-0.07609256003419165,-0.04656783199098936,0.397970586420372,0.32143496620373274
0.010232438779410803,-0.12481315324344704,-0.12481220229400362,-0.07425210017693365,0.2670936420492534,0.25511322967048455,-0.899878685365971,-0.07424758499679616,-0.26594339164193964,-0.5444888190109001,-0.6543102083056656,0.8459673455471223,0.32143496620373274
0.2737910155742757,0.044983510928758935,0.04498445837394113,0.0006736967432698338,0.24087178856962185,-0.28125781293223895,-0.899878685365971,0.0006720245804459437,1.944569299749904,1.39256012051882,2.7735035105152432,0.2909034467275594,0.32143496620373274
-0.30568876916675175,-0.0502241580110811,-0.05022320860100434,0.032659831400516794,-0.027902209596601533,0.562092882983993,-0.899878685365971,0.03265732059022669,-0.2321874680108099,0.0860117993225562,0.2612332599021044,-0.6406833004527991,0.32143496620373274
-0.457540399505515,-0.13640020703557498,-0.13639609904178002,-0.020905849794036285,-0.17867786710448294,0.700402397114255,0.1794292520415955,-0.02090668977608219,-0.0940953095304945,-0.20635885430012682,-0.47775411205088686,0.6497025904048507,0.32143496620373274
0.12193938523551248,-0.20790816031149986,-0.20790878604975188,-0.08711664089609261,0.02781922904761551,-0.20704295169161052,0.1794292520415955,-0.087118667891299,0.4228491250780006,0.9052348850145909,0.7944315674606628,-1.5791765922405665,0.32143496620373274
1.261699323295425,-0.05247022497010549,-0.05246927551367444,-0.09760510618456171,0.7325315413127134,-1.6845933709368488,-0.899878685365971,-0.0976112205180836,0.21125924396045875,0.1261062938043078,-0.6586675752547837,0.7625892561680137,0.32143496620373274
-0.4540495574287618,-0.14617367619248225,-0.1461743032048097,-0.03874688481634241,-0.04429086802137125,0.8319651056771872,0.1794292520415955,-0.03874361985602776,-1.190770566841791,-2.522166900699195,-1.3362105575708416,1.81980897312535,0.32143496620373274
-0.3161612953970113,0.1303529962033853,0.1303523634841042,0.24303830330374884,-0.11967869677531195,0.48787802174336453,0.1794292520415955,0.2430323866788755,-0.13902013174781228,-0.23074450215522307,-0.5188457370773819,0.7050198334797488,0.32143496620373274
-0.5448114514243444,-0.07426165184030281,-0.07425912353153154,0.029689327726311807,-0.5720056692989561,0.4642642022577101,0.1794292520415955,0.029689275075431985,0.024304145613083625,-0.17165573066633877,-0.42177022023626637,0.8287564512774421,0.32143496620373274
2.076810948217292,-0.059536733596635506,-0.05953736239697499,-0.3491596061406517,1.5519644625511992,-2.416621774992138,-0.899878685365971,-0.3491581952167881,0.6775557806640775,0.37139938290673385,0.13611064061001907,1.0912051463589814,0.32143496620373274
-0.6006649246523953,-0.1518259360521213,-0.1518234061425794,-0.017476833976073088,-0.6080607178334496,0.5351056607146736,-0.899878685365971,-0.017478085474508995,-0.35933915741189987,-0.186311607059251,0.04934939743327211,-0.2827876798855789,0.32143496620373274
-0.7280806604538863,-0.10978833849787205,-0.10978738785851055,0.027732463398486583,-0.6015052544635416,0.7881108694895431,-0.899878685365971,0.027734458891549955,-0.503942790641999,-0.1524124955806854,0.020612838186555193,-0.6372254930910132,0.32143496620373274
-0.05783898171727616,-0.032230367896620045,-0.03223257566311697,0.07299416216090433,0.32609281237842436,0.4473971883393854,-0.899878685365971,0.07299408260025737,0.04197218093556201,0.31442063316531144,0.27168542492562187,-0.8062966445744939,0.32143496620373274
-0.04213019237188686,-0.10786110887245477,-0.10786173667547647,-0.025083222932347708,-0.08690137992577252,-0.008012187455379797,0.1794292520415955,-0.02509061048797211,-0.026432233474273634,-0.24419640095528958,-0.4592215133812194,1.0203138161311807,0.32143496620373274
-0.6565183978804461,-0.07151838804916831,-0.07151743819962152,0.0994945265267584,-0.46384052369547607,0.7914842722732081,0.1794292520415955,0.09950794022310967,-0.5208141428074781,-0.1810589997304629,-0.1587562417948691,-0.5306244178287238,0.32143496620373274
-0.9811667110184916,-0.02693482703398699,-0.02693545650716417,0.08634014063100942,-0.6834485465873903,1.1929192035293343,0.1794292520415955,0.08632981813742117,-1.3871697094889837,-2.845563444697517,-1.5384971814428818,1.7660259750844645,0.32143496620373274
-0.27601661151434975,0.05745604860283536,0.057458574193218544,0.2068485948142614,-0.7883359605059165,-0.277884410148574,0.1794292520415955,0.20684679453367494,-0.38229491280295713,-0.0974784671071129,0.0031833703900823623,-0.3618302537388325,0.32143496620373274
-0.46103124158226816,-0.04095577769949204,-0.04095325007808694,0.06280700485261921,-0.28356528102300915,0.5992003136043071,0.1794292520415955,0.06280652223671719,-0.4175068982836379,-0.7408759301639339,-0.8212414876918224,1.1263351016602892,0.32143496620373274
-0.11020161286857383,-0.0366467384878711,-0.03664736776061399,0.0885524617246428,0.02781922904761551,0.24161961853582484,1.2587371894491621,0.08855073495366411,-0.2705738481059942,0.4533800537795905,0.11297247054476428,-1.566814721611809,0.32143496620373274
-0.16605508609662467,0.18574230170309297,0.1857432462432972,0.30128080836463567,-0.11640096509035801,0.20113878513184572,0.1794292520415955,0.301294096670325,-0.6133665172264999,-0.6458841387283916,-0.7734483426106709,0.3570336636710931,0.32143496620373274
-0.3021979270899986,-0.04129039905951535,-0.041289449833813385,0.05206799542845367,-0.2212883790088842,0.35631531318043236,0.1794292520415955,0.05207038518492531,1.4861715592847284,1.3829609500158602,1.352726102384396,-0.4802273639215646,0.32143496620373274
-0.6285916612664207,-0.23382079647896542,-0.2338245784876509,-0.1641876196317363,-0.6473934980528969,0.5485992718493332,2.338045126856729,-0.16419573951860567,-0.394650023257863,-0.4380776062032139,-0.674056250935847,0.5193301360821483,0.32143496620373274
-0.4889579781962936,-0.04686058198179018,-0.04685963264113086,0.07224252975381498,-0.6080607178334496,0.3192078825601182,-0.899878685365971,0.07224490697376436,-0.009053965211553378,-0.20429372663239814,-0.3912686515924385,0.6790527886066763,0.32143496620373274
-0.09449282352318453,-0.035085698275309524,-0.03508474917766009,0.03364399496622639,-0.16228920867971322,0.015601632030274697,-0.899878685365971,0.03364189292996204,0.4321907638658234,0.8438769218591906,0.9811916242924902,-1.3596051270659184,0.32143496620373274
-0.6565183978804461,-0.13998791623997586,-0.13998696497735588,0.0039536961145116125,-0.6244493762582193,0.6261875358736266,0.1794292520415955,0.00394710928642631,-0.1830063836529573,-0.32882990381238264,-0.5820551361114262,0.7489045439819626,0.32143496620373274
-0.30568876916675175,-0.011985775615209738,-0.011984826994296193,0.07409622884929461,-0.35895310977694983,0.22137920183383528,0.1794292520415955,0.07408304826499584,-0.35711778621108986,0.1527856210057746,0.06369009878480049,-1.0134664701495164,0.32143496620373274
-0.584956135307006,0.10236949577011513,0.10237044203096615,0.22263778799324954,-0.6178939128883114,0.4946248273106944,-0.899878685365971,0.222638843600324,-0.1674945043171098,0.30114014812422635,0.15927638894710344,-1.100868900299969,0.32143496620373274
-0.6128828719210314,0.15115949982521212,0.15116202348174476,0.28148945918798657,-0.69983720501216,0.4642642022577101,-0.899878685365971,0.2814880219109087,-0.0741327562129241,0.36556315254141375,0.27212667727489975,-1.16063119799592,0.32143496620373274
2.198990420903653,0.08242637839325413,0.08242574666308189,-1.285670659766799,2.6991705522850795,-1.4720689955659583,-0.899878685365971,-1.2856666199639324,1.249689912201687,0.7016075831845796,0.19670010382022646,1.7890222080635734,0.32143496620373274
-0.7978975019889498,-0.0971832150018996,-0.09718226462268247,0.0022588387259767943,-0.6178939128883114,0.9061799669178155,0.1794292520415955,0.002262487590787659,-0.4114448797396834,-0.7073686215630401,-0.7704698892530457,1.0550949208108396,0.32143496620373274
-0.5675019249232401,0.004303339646302375,0.004304287931041385,0.14749256026139035,-0.48678464549015366,0.5958269108206422,1.2587371894491621,0.14748997809366327,-0.33738736380453005,-0.624910440933021,-0.7358591581065683,1.2102741428390096,0.32143496620373274
0.29997233114992455,0.03420617769178173,0.03420554695677734,0.1468440930866466,0.5588117620101544,-0.0046387846717148695,-0.899878685365971,0.14684724272011462,-0.03462009174313248,-0.3091907845690817,-0.5286636018488127,1.0334375765176198,0.32143496620373274
0.1062305958901232,0.004527472821412329,0.0045284211015256814,0.0667371089419753,-0.3982858899963972,-0.6152246885150667,-0.899878685365971,0.06674276466771735,-0.28708528279213874,0.028057623666929942,0.14286731720833523,-0.6029383608916095,0.32143496620373274
-0.6216099771129143,0.026093188113858065,0.02609413594889848,0.1466426752520671,-0.4507295969556603,0.7375098277345692,-0.899878685365971,0.14664459685393208,-0.08831336389283907,0.4596693062222187,0.232993109548325,-1.3657951324964601,0.32143496620373274
-0.5168847148103191,0.03772128037466812,0.03771749276190099,0.2110800068838015,-0.7162258634369297,0.2618600352378144,0.1794292520415955,0.21109212308380199,-1.459623459927337,-2.8870047615712653,-1.5510177168536394,1.5933211955258868,0.32143496620373274
-0.262053243207337,0.039032932969853835,0.03903388053784397,0.09370089808169929,0.12615117959623381,0.6363077442246213,0.1794292520415955,0.09369261794205329,-1.2830837600563774,-2.804632287820737,-1.479369366639657,1.9784829806812008,0.32143496620373274
-0.6408096085350569,-0.04923765636006898,-0.04923670697035163,0.06662248090603576,-0.5556170108741865,0.6666683692776058,-0.899878685365971,0.06662404284712556,-0.1997365536926054,-0.032512652453151006,-0.05889531949893758,-0.30609648302168535,0.32143496620373274
-0.1904909806338969,-0.044180454296320455,-0.04418266181619166,0.07836202932961654,-0.23112157406374603,0.13029732667488222,0.1794292520415955,0.0783611276621827,-0.04744563302680628,-0.194306834531742,-0.4641028674951051,0.7376813217822678,0.32143496620373274
0.09226722758311048,0.047646276185170845,0.047642488367571796,0.15303891965749414,0.2965932272138389,0.12692392389121732,0.1794292520415955,0.15304534052618246,-1.4210930775889516,-2.5467362061532,-1.35653574390945,1.31632542952158,0.32143496620373274
-0.487212557157917,-0.053401482528660935,-0.053400533053010596,0.0878073794910357,-0.7096704000670219,0.2112589934828405,0.1794292520415955,0.08780770011099481,-0.31224249230508105,-0.688251906156635,-0.7569289577845834,1.195713117891376,0.32143496620373274
-0.22714482243980527,-0.10746335140676669,-0.10746240081538824,0.025569268605970162,-0.1229564284602659,0.3124610769927883,-0.899878685365971,0.025572902985602913,-0.13816493115538744,0.3418305094824372,0.1983823784018481,-1.164531347945957,0.32143496620373274
-0.5727381880383698,-0.07973239539615562,-0.07972986697447922,0.07486587423346018,-0.644115766367943,0.4440237855557205,0.1794292520415955,0.07486497473854865,-0.3022324857005899,-0.4291926596960098,-0.6766761867596838,0.7129226954625876,0.32143496620373274
-0.7891703967970669,-0.2486593597128293,-0.24865998461005862,-0.19029661113202534,-0.6637821564776666,0.842085314028182,0.1794292520415955,-0.19030839926497536,-0.33696134982433823,-0.49054654157143446,-0.6378735582950675,0.6936228836704726,0.32143496620373274
-0.42088655769960664,-0.011037155627596485,-0.011036207026260545,0.060735512488854435,-0.2999539394477789,0.5047450356616892,0.1794292520415955,0.060741171944008326,0.1654397395075374,0.7819639046270884,1.0254823288512491,-1.6923465247085083,0.32143496620373274
-0.7577528181062883,-0.11666701721004936,-0.11666764483133484,0.010253325461075328,-0.7260590584917915,0.7172694110325797,0.1794292520415955,0.010259835057203464,-0.1043369182739894,0.33975721925475705,0.27877304078589654,-1.0089746695451625,0.32143496620373274
-0.4121594525077237,-0.11471453314236617,-0.11471516080394699,-0.057842278060501365,-0.3556753780919959,0.4305301744210608,0.1794292520415955,-0.05784145754777577,-0.05847193942847829,-0.16935797003999245,-0.4162269875984639,0.6499712053835205,0.32143496620373274
-0.16954592817337785,-0.01986042639424888,-0.019857899208209354,0.1043432924470015,-0.2048997205841145,0.11680371554022252,0.1794292520415955,0.10434278402031319,-0.4028669639870991,-0.2544608200942966,-0.08366060760215434,-0.05377073527915979,0.32143496620373274
-0.06307524483240592,0.03151026597989581,0.031511213703138655,0.14569781272725105,-0.31306486618759466,-0.20029614612428068,-0.899878685365971,0.145696869217139,3.0785607026145043,1.7122059682194293,2.893220788528676,1.678242600055171,0.32143496620373274
-0.5430660303859679,-0.06884930918218991,-0.06884835938772754,0.01544106285902538,-0.04429086802137125,1.0040086476440986,0.1794292520415955,0.015436515820593681,-0.3117287021717508,-0.4783435144439469,-0.6724842894415449,0.767751547667177,0.32143496620373274
-0.6181191350361612,-0.4033238777598302,-0.4033276562703134,-0.2659281892449423,-0.18523333047439083,1.0040086476440986,-0.899878685365971,-0.2659321520540033,-0.523056841145898,-0.8365901081551838,-0.8343963233546666,0.750964158052179,0.32143496620373274
-0.584956135307006,-0.0601712514585665,-0.06017030184320177,0.11094914240386088,-0.4245077434760287,0.6936555915469251,0.1794292520415955,0.11095640819845229,-0.10833901733656118,-0.199122744903125,-0.48892331214198104,0.5851435966612246,0.32143496620373274
1.0906480615345193,0.029573565938628824,0.02957451370184125,0.0843226871984733,1.7256842418537583,-0.3318588546872128,0.1794292520415955,0.08432178182706697,-0.25568221833419097,-0.462353059498965,-0.6241120006519661,0.7896293655532788,0.32143496620373274
-0.038639350295133684,-0.07919573849800503,-0.07919636689262223,0.06330809312401212,0.21792766677494424,0.2989674658581286,-0.899878685365971,0.06330801958232044,-0.2574909711123162,-0.501337445827313,-0.362752718520361,0.8411601839807976,0.32143496620373274
-0.4994305044265531,0.11810459170441884,0.11810080243270205,0.21370662645018781,-0.34584218303713404,0.609320521955302,0.1794292520415955,0.2136978623529976,-1.1442930937550027,-1.9337401976357282,-1.0550224979935654,1.0537176585565688,0.32143496620373274
-0.5378297672708381,-0.06612814302803809,-0.06613192849756223,0.046516723402238176,-0.49661784054501545,0.5283588551473437,0.1794292520415955,0.04651706968034735,-0.48336139781906917,-0.20570993078398284,-0.0005948528506086994,-0.41249034101471516,0.32143496620373274
-0.2096906120560394,-0.04262730609696697,-0.04262635684367394,0.052041794734524624,-0.10329003835054223,0.2989674658581286,-0.899878685365971,0.05203968126580674,-0.24099874847575417,0.03956275191856448,0.2921760808952096,-0.5072995675640215,0.32143496620373274
-0.4069231893925939,-0.2083974651304019,-0.20839809085855562,-0.10483322262223581,-0.21801064732393027,0.562092882983993,0.1794292520415955,-0.1048327822947703,1.4939899821781293,1.393535546433024,1.3998573689416307,-0.614158094585088,0.32143496620373274
-0.8554963962553772,0.11522716368874669,0.1152233744764142,0.16701535232526676,-0.988277593288107,0.6363077442246213,-0.899878685365971,0.16700538908542378,-0.9956399482390502,-1.737067396884392,-0.8696137764814008,1.3289314955854918,0.32143496620373274
0.2266646475381078,-0.023531790938655584,-0.023530842079455532,-0.046495740045856195,-0.1524560136248514,-0.5949842718130772,-0.899878685365971,-0.04649942982537751,3.1322099104303063,1.7838977322734244,2.339311198825891,1.2734677352495012,0.32143496620373274
-0.48197629404278725,-0.2149920313670877,-0.21499107855653382,-0.0425230598288654,-0.6703376198475745,0.24161961853582484,0.1794292520415955,-0.04251406112378765,-0.6018472190571008,-0.14764556056901135,-0.14717336762632718,-0.6517634938976179,0.32143496620373274
0.08354012239122753,-0.05833872599164639,-0.05833777641410129,0.007038827824656151,0.38509198270759537,0.234872812968495,0.1794292520415955,0.007033876621812804,-1.1379178659256528,-1.9721491234874957,-1.1308351672538568,1.1699853845447548,0.32143496620373274
-0.5640110828464869,0.043256738438827325,0.04325768591964663,0.18743388061284227,-0.5654502059290483,0.5081184384453541,0.1794292520415955,0.1874275891551526,-0.896593548546471,-0.7163147872698805,-0.9601808211706687,-0.07977685142185707,0.32143496620373274
-0.4383407680833725,-0.08120978026871137,-0.0812104086217628,-0.004279871952689417,-0.5195619623396931,0.3124610769927883,-0.899878685365971,-0.00428972874911431,-0.5188398843912063,-1.0334098349856469,-0.9189513047850245,1.150961862444986,0.32143496620373274
-0.6861905555328481,-0.022729962396712933,-0.022727435151451963,0.16038657676121948,-0.7063926683820678,0.5992003136043071,0.1794292520415955,0.1603876710514022,-0.5742222305881527,-0.03977733080998303,-0.053820917482243054,-0.7834894886323188,0.32143496620373274
1.5287487421670432,0.06414058379009348,0.06414153083991227,0.1897935806098265,1.3094123178646075,-1.6070051069125555,0.1794292520415955,0.18979179092728216,-0.7332705049869244,-1.0521265849544288,-0.9397729000165705,0.8321633264484672,0.32143496620373274
-0.46626750469739797,-0.31206063702139697,-0.3120596822075426,-0.2431794367410528,-0.3786194998866735,0.511491841229019,0.1794292520415955,-0.24317850105920466,-0.49906927531212536,-0.8306559270704457,-0.8279705860183086,0.9844184825659746,0.32143496620373274
-0.15558255986636513,0.003446267011903046,0.0034440585091122205,0.09337993958106854,-0.027902209596601533,0.2719802435888092,0.1794292520415955,0.09337739103910267,-0.30555669905036986,-0.45044388452973133,-0.667658091871319,0.7556499196021697,0.32143496620373274
-0.6024103456907719,0.06027034051284274,0.06026813083731746,0.09521235061273083,-0.4113968167362129,0.7408832305182341,-0.899878685365971,0.09520529769062797,-0.6277110442285408,-1.1767362251739766,-0.7023791361051157,1.2387347719556299,0.32143496620373274
-0.08576571833130159,0.0669990709740662,0.06699528275706444,0.1814502971367976,-0.03773540465146336,0.12692392389121732,0.1794292520415955,0.1814444187829147,-0.38802362872525553,0.267187980005976,0.014600774927645296,-1.4354612993410292,0.32143496620373274
-0.45230413639038525,0.05513263991437162,0.055132008747487186,0.16361417474460319,-0.6113384495184035,0.24499302131948977,0.1794292520415955,0.16361362948679287,-0.051027182086590406,-0.18243439108229012,-0.45525024223771926,0.6814682303109747,0.32143496620373274
-0.054348139640522986,-0.02175135275890891,-0.02175513914428065,0.09685153152666642,0.16876169150063508,0.27872704915613905,0.1794292520415955,0.09685307468332434,-0.003128193588032596,-0.16018733393448598,-0.41360705177462714,0.7732250139208514,0.32143496620373274
-0.3947052421239578,-0.17317541018266516,-0.17317761504034027,-0.06586296548952894,-0.5654502059290483,0.18089836842985615,-0.899878685365971,-0.06586336814948643,0.8503129981126469,0.8268620656402959,0.5943236270631815,0.24647662235930293,0.32143496620373274
-0.9322949219439471,0.23608545395754343,0.23608639745876636,0.4248547437375854,-0.988277593288107,0.7847374667058782,0.1794292520415955,0.424852807987258,-0.14951519853992773,-0.3790459726339901,-0.5842062413141555,0.9726308200604514,0.32143496620373274
-0.6896813976096013,0.09685455694029697,0.09685550331496524,0.17159228604599605,-0.5490615475042786,0.7678704527875535,-0.899878685365971,0.17159460152967876,-0.4580730528484261,-1.007995704576662,-0.8626088954366157,1.4047458057860047,0.32143496620373274
-0.39994150523908756,-0.05489938663555774,-0.054900015531602724,0.055852358157829476,0.008152838937891847,0.7813640639222132,0.1794292520415955,0.05585515494827387,0.8603720042564402,1.3231906047710258,0.8914243494862886,-1.5915119502220787,0.32143496620373274
-0.24285361178519457,-0.05016260030805794,-0.05016322930186066,0.0484457494927638,-0.5457838158193247,-0.09234725704700299,0.1794292520415955,0.04844936965687577,-0.09763349928571628,0.4024620048021544,0.27408473457482024,-1.2222835683599658,0.32143496620373274
2.6318548384210474,-0.019811495912358677,-0.019808968727328978,-1.980853671786035,2.813891161258468,-2.190603788486588,-0.899878685365971,-1.9808565689347373,1.6249957144798708,1.0295384292359577,-0.06879591908585837,1.3543585196962518,0.32143496620373274
0.11495770108200613,-0.0020197413360249043,-0.002017214518181192,-0.038555292241986304,0.04748561915733917,-0.17330892385496124,-0.899878685365971,-0.038551208629551414,2.3599916241297114,1.5589253361702493,4.358095853315473,0.5008605887695582,0.32143496620373274
-0.508157609618436,-0.15229156483139902,-0.15229061331485652,-0.04693951429927932,-0.2868430127079631,0.6869087859795953,0.1794292520415955,-0.04693133162097867,-0.45546567808260985,0.06680121447670882,0.06548268645374147,-1.0519328327962763,0.32143496620373274
0.01895954397129375,0.12453973927430109,0.12454068507760294,0.20001676387226405,-0.16556694036466718,-0.20704295169161052,0.1794292520415955,0.20001619599376463,-0.4399950429632972,-0.15089017814973127,-0.008344347234799912,-0.4235907677955896,0.32143496620373274
-0.4907033992346702,0.18518039036267647,0.18517975651186835,0.31528671681307846,-0.5556170108741865,0.376555729882422,-0.899878685365971,0.3152848491486848,-0.17064404664729102,0.16518454957209805,0.17303794659020455,-0.8008622495904442,0.32143496620373274
-0.42263197873798325,-0.06007970410535258,-0.0600787544918772,0.12768156056429447,-0.4605627920105221,0.34282170204577267,0.1794292520415955,0.12768595026218824,-0.659391713990089,0.3054703861784953,-0.15467465756404963,-1.7379301377381533,0.32143496620373274
1.8254703186910632,0.05206422517906353,0.05206359407550499,-0.01808763765329385,1.4634657070574428,-2.0219336493033415,-0.899878685365971,-0.018081929217174126,3.012833637132726,1.667307807206222,2.884836993892398,1.7797427815277072,0.32143496620373274
-0.5168847148103191,-0.11349916310831924,-0.1134982123923738,0.004918209159774422,-0.06067952644614097,0.9365405919708,0.1794292520415955,0.004925540842337944,-0.1731611776572702,-0.21392146609518847,-0.4952938929346793,0.4756763646914662,0.32143496620373274
0.022450386048046927,0.03661955533081778,0.03662050294861518,0.11265218750924852,0.4703130065163979,0.4406503827720556,-0.899878685365971,0.11265331146173836,-0.18135097475682085,-0.47416836502875637,-0.6245808312730738,0.9651465788235917,0.32143496620373274
-0.3021979270899986,0.01939129049754213,0.01939223847089622,0.1246586555022314,0.40803610450227296,1.0040086476440986,-0.899878685365971,0.12465854383709764,-0.11480378389240577,-0.46612416219655645,-0.5444107950636641,1.1775917234991917,0.32143496620373274
0.008487017741034214,0.004281242009319704,0.004282190294514764,0.012013684584432747,-0.13606735520008167,-0.15644190993663662,-0.899878685365971,0.01201200537490296,1.7064456393282332,1.099948671377568,1.4075792850539919,1.5275970407059525,0.32143496620373274
0.505932013678362,-0.06050745122123143,-0.060508080001537255,-0.5606401447322741,0.8275857601763777,-0.12608128488365225,-0.899878685365971,-0.5606426962495877,-0.95772576154599,-2.200133504212773,-1.2084404241830895,2.003869538119849,0.32143496620373274
-0.036893929256757094,0.007537486658980507,0.007536856474364191,0.11915159714702117,0.10648478948651016,0.18089836842985615,0.1794292520415955,0.11915026074722691,1.0410068670631787,1.3615913680628418,1.6149127326708972,-1.4987225687721206,0.32143496620373274
-0.0665660869091591,0.05549251571666084,0.05549346294495834,0.16835650034575955,0.0015973755679839594,0.13029732667488222,1.2587371894491621,0.16835431459869943,-0.3576035514280566,-0.029231303352649347,0.04562633073624072,-0.4894377180343442,0.32143496620373274
-0.4139048735461003,-0.132982965316469,-0.13298201419841713,-0.02242385249855008,-0.5359506207644628,0.2483664241031547,-0.899878685365971,-0.022423463380539348,2.412325599707122,1.5803765437227826,1.9442524548631128,0.6928616916140343,0.32143496620373274
-0.3545605582412963,-0.014654854482188128,-0.014653905806190168,0.11086235260522093,-0.2343993057487,0.4440237855557205,-0.899878685365971,0.11086224951315535,-0.0332392917758909,0.2848884912607965,0.3904650416968393,-0.7367749018872876,0.32143496620373274
-0.4732491888509043,-0.06476440314567893,-0.06476503183812984,0.05475192901280977,-0.755558643656377,0.1370441322422121,0.1794292520415955,0.0547498138600055,0.5701047261798277,1.1129393855403749,1.3731616018103234,-1.636272973485875,0.32143496620373274
-0.7786978705668074,0.16356574458834053,0.16356511118361516,0.37731194705997056,-0.5130064989697852,0.9770214253747791,0.1794292520415955,0.3773108596240705,-0.9879426141352199,-0.9574572146369704,-1.0844485140360285,0.25353038192904775,0.32143496620373274
1.1831553765684786,0.004338064504418002,0.0043390127884403605,-0.3986330664521628,1.1488034653018642,-1.1043680921464814,-0.899878685365971,-0.39863244355650396,1.5007797672608558,0.9858442458155963,1.457192596075914,1.183230544947528,0.32143496620373274
0.03117749123992987,0.013344429977498247,0.013345378075647358,0.0589571403884208,0.38181425102264144,0.33270149369477786,1.2587371894491621,0.05896443849101398,-1.2970907542607073,-2.550597097010258,-1.41461558438314,1.6169432665202341,0.32143496620373274
-0.8380421858716114,-0.02019504775427219,-0.0201940989639358,0.10165772131927482,-0.5130064989697852,1.0917171200193867,0.1794292520415955,0.10166130841729176,-0.9167046867979685,-0.7637515044280033,-0.8742469261488177,-0.2784507689572373,0.32143496620373274
-0.16605508609662467,0.05152283307298807,0.05152378038321183,0.17017417348708674,-0.11640096509035801,0.20113878513184572,-0.899878685365971,0.17018426817816595,-0.44773661765836803,-0.22068414701500344,0.1104628478082471,-0.27407827526548745,0.32143496620373274
-0.46277666262064476,0.15332822505479715,0.15332917026396264,0.2641216741997737,-0.35239764640704196,0.5317322579310086,0.1794292520415955,0.2641259791133303,-0.43248242654719593,-0.7605966750067499,-0.7964210430449461,1.166406177166635,0.32143496620373274
-0.21667229620954576,0.0884479844710321,0.08844735261658604,0.23856453481536513,0.40803610450227296,0.838711911244517,-0.899878685365971,0.23856598991109476,-0.22222522714427156,0.019597130277203657,0.2834061904533137,-0.4756071862884439,0.32143496620373274
2.8430507840646144,-0.14796674159336187,-0.14796736856868406,-0.5400480368474186,2.0141246301297056,-3.4218958045242864,-0.899878685365971,-0.540048554232795,1.0851857682361554,0.6049016541592229,0.2781938970774698,1.5017130222808324,0.32143496620373274
-0.34059718993428356,0.06382016805384474,0.06382111511027627,0.17527839617313798,-0.44745186527070635,0.19776538234818078,-0.899878685365971,0.1752749779680242,-0.057700637327808245,0.20129979607749499,0.329572217496503,-0.5793637335818065,0.32143496620373274
-0.26379866424571363,0.09674406875538362,0.09674501513233214,0.11638578639413681,0.1392621063360496,0.653174758142946,-0.899878685365971,0.11638076724273227,-1.3167222963019847,-3.0045415435928415,-1.4824581330846016,2.012998261187163,0.32143496620373274
-0.4383407680833725,-0.024638251190430775,-0.02463572390578657,0.18602559331415633,-0.05084633139127914,0.794857675056873,1.2587371894491621,0.18601930273158104,-0.18419629692572317,0.5285735560527777,0.21454324569414754,-1.5697973944269088,0.32143496620373274
-0.7752070284900542,-0.20229220371261808,-0.20229125116416308,-0.13275988726385202,-0.9423893496987518,0.5283588551473437,-0.899878685365971,-0.13276106712501787,-0.1879505781744142,0.23377454084452445,0.2771459227479346,-1.0635125803312966,0.32143496620373274
-0.7664799232981713,-0.07917364086102235,-0.07917269085348656,0.05248065635783606,-0.69983720501216,0.7611236472202237,0.1794292520415955,0.052483864629055334,-0.5567375028947184,-0.15686517203422684,-0.06543136992261507,-0.4944102347953305,0.32143496620373274
-0.4086686104309705,0.03038802170170443,0.030387391045499083,0.116226944687192,-0.2573434275433776,0.5249854523636788,-0.899878685365971,0.11622929457508067,-0.17054657634069353,0.17396746407990843,0.3586121377333483,-0.7522373568412624,0.32143496620373274
-0.5657565038848635,-0.1878545547497255,-0.1878599161096707,-0.044764856703168945,-0.09673457498063436,0.9938884392931037,0.1794292520415955,-0.04475954107532545,-0.26327168294862235,-0.6707962717003594,-0.7307847560898738,1.247892100773919,0.32143496620373274
-0.6600092399571993,0.12072631849214864,0.12072726437415182,0.24768401384604186,-0.33600898798227224,0.9297937864034701,0.1794292520415955,0.2476871008172501,-0.3409329563678479,-0.44797062886442784,-0.6798752662919478,0.7063133715848238,0.32143496620373274
-0.546556872462721,-0.061118293043538136,-0.06111892181123742,0.105753217289058,-0.7326145218616994,0.30234086864179355,0.1794292520415955,0.10575311737182598,-0.5919128268495903,-0.003151924307617527,-0.043506643817874495,-0.9906844314521001,0.32143496620373274
-0.6757180293025886,-0.18903204312037358,-0.1890310908455816,-0.16785244169506086,-0.6113384495184035,0.6767885776286005,-0.899878685365971,-0.16786178746136243,-0.9953982994319162,-1.821880476060418,-0.9129392415261144,1.2648022858077375,0.32143496620373274
-0.5535385566162274,0.07660838625624505,0.0766093330487535,0.2385334214913244,-0.5031733039149233,0.5519726746329982,0.1794292520415955,0.23853323906403495,-0.45181521240459854,-0.2343768413336391,0.0021353960605476545,-0.22623480790879966,0.32143496620373274
-0.3667785055099324,-0.09512655635986954,-0.09512718442570674,-0.03005971723549487,-0.12623416014521985,0.5789598969023176,-0.899878685365971,-0.030058504601356076,-0.017673653952679502,0.26938778991290435,0.2623088125034687,-0.6571337003672841,0.32143496620373274
-0.2917254008597391,-0.04123989017498353,-0.04124209775554206,0.07926267818342732,-0.8801124476846269,-0.34197906303820763,1.2587371894491621,0.07926586981220977,-0.19377359177126896,0.33781452998630085,-0.42014310219830436,-1.0291089320242621,0.32143496620373274
-0.1468554546744822,-0.029465006468502874,-0.029464057486853202,0.04229349904955093,-0.021346746226693646,0.2618600352378144,-0.899878685365971,0.042294257337573915,-0.11426267387205452,-0.3203081912230201,-0.5176874496605276,0.8460266501528025,0.32143496620373274
-0.6757180293025886,-0.0700031215132137,-0.07000217169493896,0.05121483533238928,-0.47367371875033787,0.8184714945425274,-0.899878685365971,0.05121681623342918,-0.6199067219219896,-0.7987280738201665,-0.8411529999529828,0.5563459778440911,0.32143496620373274
-0.3772510317401919,-0.07287265751567774,-0.07287170763818156,-0.01560020927340555,-0.4605627920105221,0.25511322967048455,-0.899878685365971,-0.015611287192100188,-0.3178398965123431,-0.5368527441762749,-0.6396109894203489,0.7657763554473999,0.32143496620373274
0.2772818576510289,-0.04432093213142458,-0.04432156124578756,0.0836201810925009,-0.25406569585842365,-0.7973884388329728,1.2587371894491621,0.08361149783145747,0.3645181699134791,1.0030509221933512,0.45502577605054684,-1.8317493262232196,0.32143496620373274
-0.4383407680833725,0.07194736325554299,0.07194673174163653,0.1699236293513903,-0.36223084146190376,0.47438441060870484,0.1794292520415955,0.16993249604139374,0.12446554921079056,0.5927027083117112,0.5600989917223224,-1.2945319275059815,0.32143496620373274
-0.8834231328694027,-0.1874552188813958,-0.18746058024958248,-0.14388044429335922,-1.0308881051925083,0.6464279525756161,0.1794292520415955,-0.1438799797018212,-1.097659809183527,-1.380494127963212,-1.0185364443626574,0.4066409197708387,0.32143496620373274
0.010232438779410803,-0.0401792035998153,-0.040179832799655216,0.06846962982803313,0.034374692417523396,0.015601632030274697,0.1794292520415955,0.06847855956188695,-0.11133116186603437,-0.334094754981098,-0.5179356541069964,0.8316121424662617,0.32143496620373274
10.271562723395377,0.017435649624575708,0.01743501923568124,-2.6851119491649427,9.887236137389078,-9.676184565439062,-0.899878685365971,-2.685107244437431,2.1271648491580715,1.3681499849838694,1.7937302472157244,1.1270907121067812,0.32143496620373274
-0.06132982379402934,-0.045803052211905185,-0.04580525969828924,0.058185857460884664,-0.16228920867971322,-0.04849302085935893,-0.899878685365971,0.058194793585108595,0.21637599441348696,0.6755975858991355,0.6169378099636688,-1.4083304887941352,0.32143496620373274
-0.6285916612664207,-0.03185944327583949,-0.031860072647382505,0.03282849836768499,-0.6342825713130811,0.562092882983993,0.1794292520415955,0.03282516868140819,-1.1086989823706992,-1.6832638829641018,-0.9569265850947449,0.8431667727565233,0.32143496620373274
-0.2393627697084414,-0.06836158276592952,-0.06836221138414189,-0.00024169000087602454,-0.2999539394477789,0.15391114616053672,0.1794292520415955,-0.00024295220928732095,0.42182648001673745,0.8671728679607621,0.7820765016808845,-1.420026054735543,0.32143496620373274
-0.7315715025306394,-0.10032897146664704,-0.10032959942511688,0.03504573209143006,-0.6637821564776666,0.7307630221672393,0.1794292520415955,0.0350501793535336,-0.3259843954766396,-0.724918125458758,-0.7758752305316988,1.2536830210932939,0.32143496620373274
0.048631701623695754,0.07427235034664835,0.0742701403821498,0.1583904113925007,0.034374692417523396,-0.05861322921035371,-0.899878685365971,0.15838782245281294,1.2696880695010524,0.8560391361869206,1.196191831478097,1.0706013309431421,0.32143496620373274
-0.3336155057807772,0.18046570167215936,0.18046348951604388,0.2595234524152271,-0.30978713450264067,0.32595468812744804,0.1794292520415955,0.2595203912455454,-0.40531429709217304,0.05114542448973824,0.04877025372484484,-0.8487231594782144,0.32143496620373274
0.3261536467255734,0.008317217563940486,0.00831816576584114,0.057218069328880725,0.3785365193376875,-0.2407769795282598,-0.899878685365971,0.05721636202919696,0.41828829026151565,0.8419015823509284,1.0119965539264464,-1.3727037702075988,0.32143496620373274
-0.6704817661874588,-0.13051118677969303,-0.1305102357126537,0.00662944198201489,-0.7162258634369297,0.558719480200328,0.1794292520415955,0.006624491033565259,0.0025307244293605686,-0.12819826148457056,-0.429243931902159,0.6578817420800356,0.32143496620373274
-0.2603078221689605,-0.09598994260483534,-0.09599057065285399,-0.012701757507505428,-0.3982858899963972,0.09318989605456802,0.1794292520415955,-0.012702602587601376,-0.4588820740189187,-0.6321587941699499,-0.7706905154276846,0.6708624737115987,0.32143496620373274
-0.7228443973387565,-0.12937947208565193,-0.12938009944457793,-0.015729575199680188,-0.644115766367943,0.7341364249509043,0.1794292520415955,-0.0157259151568095,-0.26570844061355914,-0.6201190182414924,-0.7271720024801618,1.162758595066672,0.32143496620373274
1.3140619544467227,-0.057361694756483984,-0.05736074519910284,-0.2528949815586152,1.1946917088912195,-1.3101456619500418,-0.899878685365971,-0.25289526799626016,2.1254481027091394,1.2073271475395064,1.727294190377586,2.056523655549078,0.32143496620373274
-0.2829982956678561,-0.13665906506880057,-0.1366581138748814,-0.03186920265996924,0.3654255925978717,0.9230469808361402,-0.899878685365971,-0.03187003582935147,-0.049052042383640554,-0.26485175891255186,-0.3906895078840115,0.7413051820399585,0.32143496620373274
-0.12067413909883336,-0.12952784193396416,-0.12952689088721905,-0.052217316582610446,-0.1983442572142066,0.029095243164934406,-0.899878685365971,-0.05222468727701944,1.6840877488195964,1.0932716973372436,1.3681699346091187,1.0724746587813978,0.32143496620373274
-0.4139048735461003,-0.2914593257429807,-0.29146468496473205,-0.2002004734372027,0.09992932611660227,0.9028065641341506,-0.899878685365971,-0.20020734278880103,-0.10590842867837105,-0.3942283341437739,-0.5599649403757064,0.8819094250956292,0.32143496620373274
-0.39121440004720465,0.07922695623869162,0.07922790297715807,0.173403409013841,-0.19178879384429873,0.558719480200328,-0.899878685365971,0.17341022661355662,-0.35070395802523924,-0.16347276431496338,-0.5746641592610231,-0.3661169301776567,0.32143496620373274
0.04688628058531917,0.023851856362758533,0.023854382646664566,0.006873435944229082,-0.27700981765310123,-0.3757130908748569,0.1794292520415955,0.006878310098278737,1.2630029812756838,1.4978163310933696,0.9249871063032308,-1.478115962551308,0.32143496620373274
-0.6809542924177183,-0.13643019668576575,-0.136430823899179,-0.04438330909782729,-0.5293951573945549,0.7712438555712184,0.1794292520415955,-0.04438495326207894,-0.07825365271970329,-0.2183251671890209,-0.481725383194387,0.6980477049554699,0.32143496620373274
-0.5064121885800595,-0.045552086191887706,-0.0455511368782331,0.09556114735066118,-0.38189723157162747,0.5857067024696475,-0.899878685365971,0.09556351008034457,-0.20676569623710297,0.08926866074320337,0.16327523836243318,-0.5635294038651537,0.32143496620373274
-0.8362967648332348,0.11583484870577015,0.11583737309133246,0.2514061499273362,-0.8670015209448111,0.7240162165999094,0.1794292520415955,0.2514022750305966,-1.1699840104802002,-1.4798161574530233,-1.1507191012431877,0.49628366861352197,0.32143496620373274
0.8794521158909521,-0.10638688080518227,-0.10638750863862906,-0.4994189482803294,0.5030903233659374,-1.1819563561707747,-0.899878685365971,-0.4994149876712848,-0.45447493559909374,-0.5150546278258031,-0.7517442426805692,0.3497817569482516,0.32143496620373274
-0.48197629404278725,-0.07072602992307538,-0.0707298152977084,0.0474337476897546,-0.03445767296650942,0.8960597585668207,-0.899878685365971,0.04743204647008062,-0.4632587199196814,-0.226691791139305,-0.6270352974659317,-0.47026977177721263,0.32143496620373274
-0.18874555959552033,0.025807497235724956,0.025808445076661458,0.1256280811776059,0.06059654589715494,0.42715677163739585,-0.899878685365971,0.1256267407533031,-0.11537573894649039,-0.16946816459933767,-0.3407176793283008,0.44483099272525256,0.32143496620373274
-0.4732491888509043,-0.015444055802997824,-0.015443107110712338,0.09681386802914344,-0.8243910090404099,0.0662026737852486,-0.899878685365971,0.09681418305244083,-0.3087991289964225,-0.028092626239415563,0.11482021475736494,-0.44264080254260374,0.32143496620373274
-0.6408096085350569,-0.25072864557599234,-0.25072927043051574,-0.16295782456044197,-0.7490031802864692,0.46763760504137497,-0.899878685365971,-0.16295530118621562,-0.09755559354337255,-0.24102932769410887,-0.5006440776696727,0.5874027532870242,0.32143496620373274
2.637091101536177,0.005335614973921457,0.005328671224311161,-0.017024872005797137,3.0564433059450593,-1.951092190846378,-0.899878685365971,-0.017029808255377935,-0.3018537086863441,-0.8080129857649939,-0.8282187904647774,1.5639396007681128,0.32143496620373274
-0.1625642440198715,-0.03447169964771958,-0.03447075056274184,6.453060941963827e-05,-0.29339847607787095,0.01222822924660977,-0.899878685365971,6.408698189833834e-05,0.2067890054144821,0.7492279579416111,0.702182248189773,-1.50376764646241,0.32143496620373274
-0.8101154492575859,-0.022437957908013343,-0.022437009071387803,0.29953846221835445,-0.4933401088600615,1.0579830921827373,0.1794292520415955,0.2995439732805667,-0.8214705570174989,0.16579674156846028,-0.4643786502134037,-1.6367599689536971,0.32143496620373274
-0.48023087300441064,-0.09981283380283751,-0.09981346177195938,-0.026910721333898293,-0.6703376198475745,0.23824621575215993,-0.899878685365971,-0.02691032942773245,-0.364928630039059,-0.8120738593408635,-0.7533437824467011,1.1731836470440338,0.32143496620373274
-0.47150376781252773,0.03774022120636755,0.037739590398427614,0.17413702844385415,-0.17867786710448294,0.7273896193835744,-0.899878685365971,0.17413893296063726,0.0637441920606001,0.6664800064333137,0.5076451187019243,-1.6487346153924243,0.32143496620373274
-0.6966630817631076,-0.13188755388318515,-0.1318881811903494,-0.010502536760836576,-0.6736153515325284,0.653174758142946,-0.899878685365971,-0.010512389690477006,-0.31861031732633505,-0.5024638791006195,-0.6427549124089532,0.6627635576793931,0.32143496620373274
0.1551023849646677,-0.015483515869038308,-0.015482567175938447,0.0028221536454511686,0.26053817867934553,-0.03162600694103429,-0.899878685365971,0.0028212989187455587,1.4655723644709013,1.0972142137938166,0.8549107175835509,0.6233762293914795,0.32143496620373274
-0.09274740248480794,0.07563293342372426,0.0756338802363641,0.24277138373434673,-0.17212240373457505,0.002108020895614986,0.1794292520415955,0.2427724268303383,-0.06236193882559619,0.45912649598544414,-0.0780897966925218,-1.0366071272859878,0.32143496620373274
-0.07354777106266545,0.06837701648019993,0.06837796344258727,0.17952290858964257,0.27364910541916126,0.4237833688537309,-0.899878685365971,0.1795223534460925,-0.1675477340324668,0.08743616603409238,0.26501148314279543,-0.5193837530979465,0.32143496620373274
-0.19572724374902667,-0.17536149784130803,-0.1753652810564757,-0.10835885349906234,-0.3556753780919959,0.01222822924660977,-0.899878685365971,-0.10835963913752292,-0.8959540869328442,-1.2178265519698108,-0.7080878383738971,0.6166029457215406,0.32143496620373274
-0.11718329702208018,-0.017797454141652336,-0.017799662206015535,0.07871410115428802,0.3228150806934704,0.558719480200328,-0.899878685365971,0.07870910541219311,0.4644761725458813,0.24210851455500254,-0.14179560461950372,0.8774015773626795,0.32143496620373274
-0.3336155057807772,-0.23187778282713195,-0.23187998647330826,-0.1173031153890886,-0.08034591655586464,0.562092882983993,1.2587371894491621,-0.11729857345690807,-0.2242622331720238,0.2661309284922572,0.14176418633514087,-1.0391216425668346,0.32143496620373274
0.5181499609469982,0.12647486091292648,0.12646949306585512,0.133221369786916,0.9783614176842592,0.005481423679279914,0.1794292520415955,0.13321879648735382,-0.9606153243061328,-1.8220151582996176,-1.3378928321524632,1.5456284316377513,0.32143496620373274
-0.6181191350361612,-0.19076355081823004,-0.1907657553129213,-0.10561269326662476,-0.6736153515325284,0.5013716328780242,0.1794292520415955,-0.10560652105655817,-0.456978142279559,-0.7344724018819848,-0.8003647359166165,1.0004949146140518,0.32143496620373274
-0.3667785055099324,-0.08510527798822802,-0.08510590626088424,0.04433715317601611,-0.43106320684593663,0.26523343802147936,1.2587371894491621,0.04433913835087041,-0.5132678612402735,-0.7931122325735368,-0.8668007927547547,0.9616852829555892,0.32143496620373274
0.17081117431005696,0.017722918905350438,0.017723866913136353,0.06042274170507651,0.27364910541916126,-0.04849302085935893,-0.899878685365971,0.060430038896940194,-0.4581315702838517,-0.8543477573296647,-0.838698533760125,1.1199483444791374,0.32143496620373274
1.1412652716474403,0.4510875697857288,0.45108693044713194,0.5388195746120595,1.6011304378255085,-0.557876841192763,-0.899878685365971,0.5388216618994922,0.5791728135827693,0.9424398332735128,0.9107291397671922,-0.5076449296794542,-2.0931404211926337
-0.29696166397486884,0.15992279129148299,0.15991110914367754,0.2737258660681377,-0.3982858899963972,0.1640313545115315,1.2587371894491621,0.2737199303739115,-0.3367063054596971,0.5909028638424062,-0.23247296239609117,-0.6876260355043888,-2.0931404211926337
-0.040384771333510275,0.3940583039413786,0.39405924418236,0.5138797890783539,0.03765242410247734,0.11680371554022252,1.2587371894491621,0.5138839387913929,0.47654169219836473,0.8363347164640077,0.10723619000415321,-0.07415686790709003,-2.0931404211926337
-0.09798366559993771,0.0075232810352059325,0.007513180435228526,0.0875682981589332,-0.047568599706325196,0.140417535025877,0.1794292520415955,0.08756616261392876,0.5488428037840718,0.7523256494432041,0.03139594247203168,0.29916074094199363,-2.0931404211926337
-0.508157609618436,-0.03315689024725063,-0.03315594118940791,0.014517488398026697,-0.3163425978725486,0.656548160926611,0.1794292520415955,0.014515398247036702,0.2539607561462747,0.5134034383829211,-0.08214380265151171,0.2861960564390264,-2.0931404211926337
0.6490565388252423,0.04924677646377291,0.049246145418360844,0.02670899879188343,0.26381591036429947,-0.9829255919345439,-0.899878685365971,0.02671099492093109,2.2078219685108182,1.6777844529039678,2.389834592818199,-0.3853518557541449,-2.0931404211926337
0.6281114863647232,0.19037964866417076,0.19037901470606042,0.23216829040993808,0.2670936420492534,-0.9390713557468998,0.1794292520415955,0.23216524623884438,0.1454768336752958,0.7006199134304485,0.6553819208944969,-0.42258049639529377,-2.0931404211926337
2.989666151288248,0.1735586117124329,0.1735548212962568,-1.5635977957058391,3.6300463508119996,-2.042174066005331,-0.899878685365971,-1.56359644889725,0.31635620547017723,0.3896712733581591,0.003045479030932942,0.8461787490238416,-2.0931404211926337
-0.015948876796238028,0.4228767793720654,0.4228777190182915,0.5154960443851015,0.40803610450227296,0.45077059112305035,-0.899878685365971,0.515503058792912,0.30966935467145235,0.7244137756890613,-0.07593869148979272,-0.043734302894315125,-2.0931404211926337
0.45182396148868775,-0.07324516053909992,-0.07324736745913411,-0.215401788546158,0.2802045687890692,-0.5848640634620824,-0.899878685365971,-0.21540373582454994,2.4716555814499337,1.5556847998695051,1.7861186441906824,0.7114812446939336,-2.0931404211926337
0.6316023284414765,0.12082102265064582,0.12081881172547639,0.17354096265696847,0.6735323709835425,-0.5275162161397786,-0.899878685365971,0.1735391830738546,2.0499024460893525,1.4835114447783717,1.296990415016244,0.3039141795125843,-2.0931404211926337
-0.3440880320110367,-0.09866691348502182,-0.09866754147779319,0.009259336635142347,-0.4212300117910748,0.23149941018483006,0.1794292520415955,0.009258887293938216,-0.11046961600952723,0.5187131836313698,0.3464776981282087,-0.36186025489229434,-2.0931404211926337
-0.24983529593870094,-0.20466138607768877,-0.2046588550777296,-0.06732201663270239,-0.05084633139127914,0.4305301744210608,-0.899878685365971,-0.06732078084364769,0.6639688076905284,1.2864550037093152,1.2445641202676756,-1.6564484003383293,-2.0931404211926337
0.4500785404503112,0.23689359611005256,0.23689453959459708,0.314998509179859,0.5293121768455689,-0.325112049119883,-0.899878685365971,0.31499623230897034,0.8754927685645486,1.000928656605962,0.5342581510177412,-0.29338436636879206,-2.0931404211926337
1.7608897402711294,0.1829122257666694,0.18291317036528068,-0.3741223172815452,2.158344824267679,-1.1819563561707747,-0.899878685365971,-0.3741266222440059,1.4426289470933373,1.441115108390298,3.7275186679256715,-0.2608400918751473,-2.0931404211926337
0.33313533087907976,0.5612095652862304,0.5612120804801555,0.6381316674067176,0.06059654589715494,-0.5814906606784175,1.2587371894491621,0.6381263240406994,0.3919300632636634,0.7396818440783358,-0.05015300732887133,0.14025439887212449,-2.0931404211926337
0.12892106938901884,-0.11275889226939975,-0.112757941568732,-0.05713158423767614,0.4244247629270427,0.187645173997186,-0.899878685365971,-0.057129126624225035,4.275051899145694,2.06733854530917,3.7347441751450954,1.0540281356098364,-2.0931404211926337
0.870725010699069,0.19422148069387235,0.19422084665647432,0.2803726546092612,1.512631682331752,-0.12608128488365225,-0.899878685365971,0.28037449311087537,0.4734057216830262,0.7874328197945912,0.6310027285968983,-0.22735950231299637,-2.0931404211926337
-0.21841771724792233,-0.2052832767184868,-0.2052854809135202,-0.12699737214283363,-0.10984550172045013,0.3090876742091234,-0.899878685365971,-0.12699487111455118,0.4719984831154417,0.3818025655649163,-0.20958299677730563,1.3382751106357416,-2.0931404211926337
1.1203202191869213,0.33750098048687255,0.33749876508986515,0.2803824798694846,1.4405215852627653,-0.6826927441883653,-0.899878685365971,0.28038472775058154,0.47147253122595373,0.7932568063199841,0.0029351659436136026,-0.25744507762525826,-2.0931404211926337
-0.0822748762545484,0.29936677266534806,0.299367714860572,0.47053237851612667,0.0638742775821089,0.2247526046175002,0.1794292520415955,0.4705300049959779,-0.41507119816271487,0.300821808286118,-0.4493484920661287,-0.13794978568557476,-2.0931404211926337
0.038159175393436225,0.2288768890932677,0.22887783274326087,0.2986574638849905,0.12615117959623381,0.056082465434253825,0.1794292520415955,0.29866174733789325,0.5578678843971223,0.9718903495785127,0.9550750008696108,-0.6296407828751184,-2.0931404211926337
0.2161921213078483,0.004049216821001653,0.004050165110985247,0.09514029870442596,0.6833655660384043,0.2854738547234689,-0.899878685365971,0.09514184292444959,0.1928964022209691,0.6374253742859614,0.5953164448490565,-0.2906151901341415,-2.0931404211926337
0.038159175393436225,0.18198886022132207,0.1819882264363807,0.22966776168308528,0.07698520432192467,0.005481423679279914,-0.899878685365971,0.22966799415053435,3.6027063069270615,1.983888613645044,2.827722392932753,0.6241534685765138,-2.0931404211926337
0.357571225416352,-0.018168378762432894,-0.018167430013922868,0.08612398490609484,0.6473105175039109,-0.024879201373704436,-0.899878685365971,0.08611898455947369,1.061727326923912,1.4302221721350257,1.6136717104385534,-1.5582134606844287,-2.0931404211926337
0.387243383068754,-0.12513830418762062,-0.12513735323146677,-0.018978461246881233,0.6604214442437266,-0.06873343756134849,0.1794292520415955,-0.018980530583377488,0.06867657734057053,0.6477632564645319,0.5346994033670192,-0.5317393444155143,-2.0931404211926337
0.10099433277499342,0.0999734805601369,0.09997127006521876,0.14804441237727076,0.02781922904761551,-0.1665621182876314,0.1794292520415955,0.14804674249367994,0.20199692097366467,0.631707501039938,-0.15108948222616767,0.13134056778774664,-2.0931404211926337
0.09750349069824024,-0.06741138437567465,-0.0674088562082791,-0.12697772162238685,-0.03445767296650942,-0.22390996560993517,-0.899878685365971,-0.1269784956910213,4.024085424221458,2.060445263430131,3.0849173560180487,0.670231751787657,-2.0931404211926337
0.6892012227079038,0.17284675212106254,0.17284769692740493,0.25494979378123894,0.46703527483144397,-0.8513628833716117,0.1794292520415955,0.25494346036893784,0.4382899727075935,0.7568068948565757,0.06448986866786643,-0.10831980928518661,-2.0931404211926337
-0.15558255986636513,0.0067609125593037665,0.006760282390714376,0.1010354548384601,-0.1229564284602659,0.17415156286252628,0.1794292520415955,0.10103494846727301,0.4043336444858646,0.6125173225939693,-0.14300904858001792,0.3787468240637765,-2.0931404211926337
-0.3475788740877899,0.18386084575428266,0.18386179033331632,0.260438839159373,-0.0705127215010028,0.5992003136043071,0.1794292520415955,0.2604312741793962,0.7164839758089555,0.9897990061120964,0.2462031017548294,-0.14767922952336823,-2.0931404211926337
-0.2533261380154541,-0.08597655624640192,-0.08597560609846766,0.0059514990266009635,-0.2147329156389763,0.26860684080514424,0.1794292520415955,0.005951051740898046,0.042148085756510065,0.7021259057414997,0.46203065709533175,-0.5774938942497673,-2.0931404211926337
0.09575806965986365,-0.01884867030097085,-0.018847721538420976,0.16261527328855852,-0.08034591655586464,-0.2677642017975792,0.1794292520415955,0.16261472865146884,0.023636482825757726,0.6232551702101632,-0.31355308157588646,-0.26217967826227984,-2.0931404211926337
-0.1590734019431183,-0.0667973857480847,-0.06679485759336086,-0.024544471163431808,0.27692683710411525,0.5924535080369773,0.1794292520415955,-0.0245420337997204,0.37339589939395185,1.1612290902134292,0.514705156290369,-1.6154926396554814,-2.0931404211926337
0.029432070201553282,-0.014343909161789108,-0.014342960492208434,0.017076968686219857,0.16876169150063508,0.11680371554022252,0.1794292520415955,0.017076105101525102,0.3295384916011445,0.6274344009053295,-0.06126705087630584,0.021081444906844774,-2.0931404211926337
-0.3667785055099324,-0.1571909266309856,-0.15719155341593918,-0.045862010761447525,-0.14262281856998957,0.562092882983993,-0.899878685365971,-0.045868976019476294,0.42324535156847276,1.0743998587293835,0.5107063068750387,-1.373698692180542,-2.0931404211926337
-0.5867015563453826,-0.1545439454009899,-0.15454457224057183,-0.03843083894582336,-0.5752834009839102,0.5418524662820035,-0.899878685365971,-0.03843453373690086,0.2392936782200505,0.7352781429845033,0.6999208298997246,-0.598103291275553,-2.0931404211926337
-0.26554408528409024,-0.3299313117298117,-0.3299303565471426,-0.18884247261896359,0.008152838937891847,0.5216120495800138,-0.899878685365971,-0.1888448457869904,0.5308300091131221,0.6715285497633144,0.01774469791624991,0.3551338231855921,-2.0931404211926337
-0.508157609618436,0.04614048006506595,0.04614142748637063,0.16023264768438636,-0.8047246189306861,0.15391114616053672,-0.899878685365971,0.16023210452786812,0.24740257320255188,0.42233783828404875,-0.27483318792675976,0.6922525984286351,-2.0931404211926337
0.048631701623695754,-0.0684894333799007,-0.06848848359286544,-0.009351343771329351,-0.2212883790088842,-0.32173864633621807,-0.899878685365971,-0.009353828475736452,3.870229690930031,2.0406673806676547,4.181236396070567,0.5115284407795877,-2.0931404211926337
-0.5675019249232401,-0.11923665671060572,-0.11923886268146806,0.09534335408237603,-0.38845269494153534,0.6970289943305901,0.1794292520415955,0.09533425415092595,-0.8020961744288901,0.5021227805299529,0.873443316253218,-0.9924042650168301,-2.0931404211926337
0.5582946448296597,0.6186018637381531,0.6186027993450076,0.6859299208501406,0.6571437125587727,-0.4027003131441763,0.1794292520415955,0.6859241383965416,0.6810421507626272,0.9201519633259511,0.2520772736545899,-0.05040362907900266,-2.0931404211926337
-0.3842327158936983,-0.5332785024522795,-0.5332791214755429,-0.5964548557899021,-0.5162842306547392,0.2112589934828405,-0.899878685365971,-0.596447559797718,-0.0042065359673514584,0.21095202322013978,-0.20070279324808996,0.3675536030175434,-2.0931404211926337
1.0382854303832216,0.26730467980613337,0.26730562266305435,0.3651400871865606,0.404758372817319,-1.5901380929942308,0.1794292520415955,0.36513982608547096,0.531833265867467,0.8795024147674978,0.11953609924027137,-0.11267346504336741,-2.0931404211926337
0.6926920647846571,0.23310542977016604,0.2331047949302816,0.3108407865619944,0.9685282226293973,-0.34197906303820763,0.1794292520415955,0.3108409685882577,0.7086123232001977,0.9789836141763633,0.32049896606447825,-0.2453336817428447,-2.0931404211926337
0.011977859817787392,0.18284435445307978,0.18284372065048274,0.2678716485183677,-0.08362364824081858,-0.10921427096532763,0.1794292520415955,0.2678739041737366,0.17351690816962734,0.7801599788778077,0.5772250985286668,-0.6374396873727057,-2.0931404211926337
0.3837525409920008,0.023529862223868176,0.02352765330659239,0.09424456248072688,0.18842808161035876,-0.5477566328417682,-0.899878685365971,0.09424324155824623,0.017531986263918976,0.3253625447802927,0.4377893561568831,0.3217223060465277,-2.0931404211926337
0.5303679082156343,0.12085101230083657,0.12085353658287537,0.1418594110666466,0.3097041539536547,-0.7063065636740198,-0.899878685365971,0.14186297318320076,3.041971794827966,1.8177682747921597,2.518376917817187,0.573198253674716,-2.0931404211926337
0.11495770108200613,-0.023389734700909836,-0.02338878584464154,0.07624632329484651,-0.004958087801923928,-0.22728336839360008,0.1794292520415955,0.07624460417094289,-0.03975164781235271,0.549894162646087,0.5040047868203822,-0.40906113940390443,-2.0931404211926337
0.7869448008569928,-0.03004112343269395,-0.030041752841763428,0.05668586773344709,0.3129818856386086,-1.1988233700890993,-0.899878685365971,0.05668620769241639,0.17325252216619838,0.6652637850005407,0.6342018081291626,-0.43387907032926487,-2.0931404211926337
0.17081117431005696,0.12856466601043054,0.128565611730666,0.17621179589436003,0.2965932272138389,-0.024879201373704436,-0.899878685365971,0.17621247096511108,0.5433203089444479,0.6884617803826942,0.11021464336177833,0.20656532043767242,-2.0931404211926337
-0.2358719276316882,-0.15771179950272,-0.15771242627692383,0.039984562897054224,0.11304025285641804,0.5722130913349878,0.1794292520415955,0.03998532261985776,-0.899129715348697,-0.35999047642722115,-1.033070193616995,0.8150075505770077,-2.0931404211926337
-0.2603078221689605,0.39514740176409596,0.39514834198260057,0.5339216823906995,-0.1229564284602659,0.376555729882422,0.1794292520415955,0.5339192694802278,0.6306477109063714,1.0117562923816223,0.2741674693903095,-0.28659084936279744,-2.0931404211926337
0.5687671710599193,0.26562525939545034,0.26562620228703115,0.3253919969528353,0.522756713475661,-0.5612502439764279,-0.899878685365971,0.3253884854666343,2.0531977532360908,1.5559704894678075,1.5493040239876545,0.14371778784385678,-2.0931404211926337
0.5984393287123212,0.36517984921031016,0.3651792116446757,0.3812666142998851,0.11959571622632593,-1.0335266336895177,-0.899878685365971,0.38126347747860057,0.4529940646742978,0.675654723818796,0.10031404377485754,0.09762345750411759,-2.0931404211926337
-0.11020161286857383,0.29624784904550816,0.29624721290249134,0.39304382622098893,-0.021346746226693646,0.19101857678085093,-0.899878685365971,0.39304150085248246,-0.45227189516118815,0.09898618836546015,-0.20293663326630879,0.03028482200719139,-2.0931404211926337
0.10972143796687636,-0.26677468683069505,-0.26677373295145146,-0.19557768850209759,-0.2507879641734697,-0.47016836881747487,-0.899878685365971,-0.19557514485778005,0.453653267109514,0.6302096712888383,0.0025214918661658338,0.3169325870112855,-2.0931404211926337
0.3261536467255734,-0.1832156293860061,-0.18321625563386224,-0.09299542159642112,0.3621478609129178,-0.25764399344658445,1.2587371894491621,-0.09299539801059252,0.2172333100939392,0.5022411376492495,-0.2676076807073359,0.44773203449488647,-2.0931404211926337
0.6961829068614102,0.3581622710656704,0.35816321204747364,0.4565477581315012,0.7980861750117922,-0.5241428133561137,0.1794292520415955,0.4565453933014417,0.6388380367779288,0.9067163896457876,0.2119508881421401,-0.05335630074064066,-2.0931404211926337
1.045267114536728,-0.04563100632396867,-0.04563163541129436,0.03610522265218564,1.0373605880134302,-0.9525649668815596,0.1794292520415955,0.0361084410991535,0.37924094515775897,0.7254953148826346,-0.0918513543356234,0.1144066609116559,-2.0931404211926337
-0.16605508609662467,-0.3014553496723563,-0.30145439507737365,-0.20793786586312252,-0.09673457498063436,0.22137920183383528,-0.899878685365971,-0.20794063655079717,-0.042402910654738175,0.4206359445341617,0.4706626561780787,-0.08890417908668417,-2.0931404211926337
0.6316023284414765,0.18232032477606214,0.18231969098428,-0.15208617412326064,0.19498354498026663,-1.0200330225548582,0.1794292520415955,-0.15209020767412573,0.4155908479971979,0.9307959415027027,0.23963947305932184,-0.20801085143385056,-2.0931404211926337
0.0905218065447339,-0.012096263800123096,-0.012095315176929296,0.16718401929243498,0.23103859351476003,0.06282927100158368,0.1794292520415955,0.1671814248883702,0.02150835175549033,0.8612141991961695,0.5225925420337095,-0.8724736075013285,-2.0931404211926337
0.3680437516466115,0.2440674361162127,0.24405733063444027,0.29553794376406406,0.5063680550508913,-0.1901759377732859,-0.899878685365971,0.2955442760833882,0.2937120730484949,0.7771969696154144,0.23379287943139143,-0.754746988213406,-2.0931404211926337
-0.6041557667291485,-0.22897352196655227,-0.22897414727005763,-0.14845901555745908,-0.3950081583114432,0.7611236472202237,0.1794292520415955,-0.14845691057842877,0.4466597285468115,0.6869190565518614,0.03147867728752094,0.1895546664248189,-2.0931404211926337
0.5041865926399854,0.205784858446376,0.20578580257294218,0.25446016831344,0.6210886640242793,-0.33523225747087776,-0.899878685365971,0.25446243230274695,-0.3012241174835119,0.24938951803173756,-0.2269573080301188,-0.11948302917795789,-2.0931404211926337
0.8340711688931607,0.3046102262408077,0.3046111683278173,0.3882359988850099,0.5719226887499702,-1.023406425338523,0.1794292520415955,0.3882373609743975,-0.21741340188186475,0.5618033376153206,-0.23914690417891785,-0.6084550846223684,-2.0931404211926337
-0.18525471751876715,0.350674328933828,0.3506752700701673,0.4547808488346616,-0.2507879641734697,0.09993670162189788,0.1794292520415955,0.454782988344036,0.2363008286612348,0.7880490930709292,0.8820201587923053,-0.5882203531642339,-2.0931404211926337
-0.3510697161645431,0.13837759523337828,0.13837696234848562,0.22276060374604192,-0.16884467204962111,0.5047450356616892,-0.899878685365971,0.22275961234885702,0.735552904434936,0.8089289214268577,0.110269799905438,0.345959749537464,-2.0931404211926337
-0.040384771333510275,-0.05968036823702287,-0.05967941863178898,0.036124873172632424,0.30314869058374677,0.39004934101708166,0.1794292520415955,0.03612072266680093,0.6937940164800122,0.9187275966144149,0.18964006623178184,-0.12396436426366225,-2.0931404211926337
-0.09274740248480794,0.6076982582898464,0.6076991941217293,0.7479453258368093,-0.12623416014521985,0.049335659866923974,1.2587371894491621,0.7479440080881036,0.32017393935969124,0.8452237442511875,-0.009805995641782878,-0.2762146364724665,-2.0931404211926337
-0.08751113936967816,-0.10209362561997752,-0.10209267513941941,-0.04351213602468669,-0.10329003835054223,0.06282927100158368,0.1794292520415955,-0.043515008887052904,1.1004256825031424,1.4356053804230378,1.4665416302262377,-1.4295971203911078,-2.0931404211926337
0.24935512103700347,0.007722159768049976,0.007723107982231423,0.08185654688240235,-0.22456611069383817,-0.7130533692413497,0.1794292520415955,0.08186546829758169,0.32718792377332556,0.6106725840449311,-0.18445919114030077,0.32149973934991555,-2.0931404211926337
0.1498661218495379,0.2609484523683321,0.2609493953564328,0.35916632897073936,0.2080944717200824,-0.07548024312867835,0.1794292520415955,0.3591627964970568,0.2787541705184988,0.6174719964845278,0.6030107826895881,0.002274907893741674,-2.0931404211926337
-0.2864891377446093,-0.0620432369915271,-0.062045444142746445,0.020245615108263212,-0.3032316711327328,0.24161961853582484,0.1794292520415955,0.02024884341044358,0.27019017909542836,0.8421097276296916,0.7957553245084958,-0.7390270815006542,-2.0931404211926337
0.0905218065447339,0.16405031419931768,0.1640465239793737,0.22301114788173837,0.35231466585805593,0.187645173997186,-0.899878685365971,0.22301138448562927,0.8130106006315213,0.8582348648138732,0.3886172974842382,0.1276183316547507,-2.0931404211926337
-0.15558255986636513,-0.24778176784408892,-0.24778081435682092,-0.17766296402811604,-0.3294535246123644,-0.03837281250836414,0.1794292520415955,-0.17765019687636127,0.07754901910097473,0.42132976213003887,-0.3005912938158513,0.47313184825715765,-2.0931404211926337
1.324534480676982,0.17691587413115734,0.17691681885352123,0.20463136109051636,1.227469025740759,-1.296652050815382,-0.899878685365971,0.20462997157331447,1.5534080925887508,1.6481951730797926,2.1063299584072137,-1.4463105536743162,-2.0931404211926337
0.13066649042739542,0.12363531456065319,0.12363468198001148,0.12214175134167293,0.40803610450227296,0.16740475729519644,-0.899878685365971,0.122138775541434,-0.29844506807280247,0.11592350026481571,-0.25282572700652967,0.26556991458340157,-2.0931404211926337
0.2423734368834971,0.12673687575143527,0.12673782150939267,0.20578746671013526,0.04748561915733917,-0.41956732706250094,-0.899878685365971,0.20579057971599626,0.5556523296883877,0.6651250214813653,0.5800105039834828,0.2560044305377832,-2.0931404211926337
0.036413754355059634,-0.20349810333081528,-0.20349715075747296,-0.16547472872100044,0.293315495528885,0.23149941018483006,-0.899878685365971,-0.1654771164098205,1.0926266479166598,0.8897301023867231,0.36387958765285194,0.8750705575088202,-2.0931404211926337
0.19350164780895263,0.16477164420653775,0.16477101077692505,0.2697024220066594,-0.14262281856998957,-0.5207694105724487,-0.899878685365971,0.26970590468114436,0.3224377885783855,0.8609570785576973,0.8388325851067412,-0.734429230307319,-2.0931404211926337
-0.4889579781962936,0.0794858142719172,0.07948044739460515,0.14443690433191597,-0.40484135336630506,0.5283588551473437,-0.899878685365971,0.1444359616053366,-0.041371805241365286,0.25123017530080005,-0.3114295546449872,0.430124845919013,-2.0931404211926337
0.3750254358001179,0.06221651096995945,0.06221587965687818,0.16959775822064785,1.1193038801372788,0.42715677163739585,0.1794292520415955,0.16959679985903073,0.8326498979955659,0.9675601115242437,0.34498847144939615,-0.07373615405738121,-2.0931404211926337
-0.1276558232523397,-0.20421154132482724,-0.204210588736761,-0.08590813388861562,0.014708302307799735,0.2618600352378144,0.1794292520415955,-0.08590279269420378,0.37806354615582205,0.6545994004239104,-0.12872350377214922,0.22401134002634404,-2.0931404211926337
0.5024411716016088,-0.09044185731954318,-0.09044406388467219,-0.0353047686514147,-0.34584218303713404,-1.3270126758683665,-0.899878685365971,-0.03530273398680714,0.21651136004724258,0.6670636294698458,0.6732250627684174,-0.36728627746142445,-2.0931404211926337
-0.3964506631623344,-0.14578381074000227,-0.14578285935776672,-0.03433370543266963,-0.1590114769947593,0.6025737163879721,1.2587371894491621,-0.03433249014266045,-0.5709727503486753,-0.05049069074632239,-0.3538173584474854,0.2962485359524669,-2.0931404211926337
-0.007221771604355084,-0.20716473266729712,-0.207165358420892,-0.13807207795796503,0.20153900835017452,0.22137920183383528,-0.899878685365971,-0.13807489206047102,0.045369364822288344,0.30059733788745185,-0.19838621841438137,0.43552226273716793,-2.0931404211926337
5.017845397881844,-0.0037275729942570853,-0.0037282029463852552,-1.4311434626343151,5.026360048602379,-4.524998514782718,-0.899878685365971,-1.4311458826035803,-0.2990838246570868,-0.08279402175437041,-0.19413916455258237,0.6537241403712216,-2.0931404211926337
0.760763485281344,0.2719562323909857,0.27195875355451704,0.3455730814516789,1.0176941979037064,-0.4229407298461659,-0.899878685365971,0.345577335751062,0.3189380229223287,0.8699930324240042,0.8616398159100369,-0.703285939910217,-2.0931404211926337
0.16382949015655063,0.3334287016714945,0.3334280647611398,0.38643470117738843,0.35559239754300986,0.049335659866923974,1.2587371894491621,0.38643811131404954,0.5241138995966843,0.7880654181908322,0.06628245633680742,0.14592740768138218,-2.0931404211926337
0.31742654153369043,0.15424685539221966,0.1542462221798174,0.23809947249812466,0.6473105175039109,0.052709062650588896,-0.899878685365971,0.2381013372684338,0.35921423417002313,0.7680426586298109,0.7633784333802378,-0.34582638262005827,-2.0931404211926337
0.642074854671736,0.05809530167269122,0.05809624884727246,0.05757832887040503,0.8374189552312395,-0.3790864936585218,0.1794292520415955,0.057580715202737276,0.5290149110709146,0.8947215077970633,0.3874865883392142,-0.3562102702240655,-2.0931404211926337
-0.09798366559993771,0.12434875255466515,0.12434969836190858,0.21686217252526663,-0.20162198889916055,-0.01813239580637458,1.2587371894491621,0.21686650680603362,0.27319395660905244,1.0026591193156793,0.7360759442686737,-1.25172446772342,-2.0931404211926337
-0.0997290866383143,-0.22187386688454824,-0.22187291393196715,-0.15556759132908193,-0.1229564284602659,0.0662026737852486,-0.899878685365971,-0.15556384439040616,0.19781010422336387,0.6809522252273174,0.7644264077097724,-0.48265536424824235,-2.0931404211926337
-0.7036447659166141,-0.2829043834254036,-0.2829050076158846,-0.14730454748121072,-0.522839694024647,0.8218448973261924,1.2587371894491621,-0.14731472478721813,-0.5463652874655296,0.04372565749382778,-0.574884785435662,0.12868581455699696,-2.0931404211926337
-0.04736645548701663,-0.27906728660362684,-0.2790663324706888,-0.1902785981549491,0.16548395981568115,0.2618600352378144,0.1794292520415955,-0.19027564841791558,0.20157143576547967,0.5400582779045335,-0.22348244577955614,0.3130449956836279,-2.0931404211926337
0.4046975934525199,0.151151607812004,0.15114781785826337,0.2335028882569486,0.5194789817907071,-0.24752378509558964,0.1794292520415955,0.2334957494006489,-0.2881170932348541,0.25649910774949114,-0.09405761608201216,-0.10516689736672202,-2.0931404211926337
0.3348807519174563,-0.2135430577420811,-0.21354210496143114,-0.24896160238251794,0.4309802262969506,-0.20366954890794559,-0.899878685365971,-0.24896721327702498,0.809489331580519,0.8633283022236071,0.05640943502171671,0.5876518326308816,-2.0931404211926337
0.3453532781477159,0.15328718658611507,0.1532849749909094,0.26999062963987885,0.817752565121516,0.17415156286252628,1.2587371894491621,0.2699965684488001,-0.24892363079986904,0.4800471371411301,0.27458114346775775,-0.36976590768010625,-2.0931404211926337
0.7502909590510844,0.19099206888911907,0.1909945917235877,0.3141682746909826,0.2670936420492534,-1.1752095506034448,-0.899878685365971,0.31417132034865153,0.4285584526933809,0.9426316534323729,0.9221189660329254,-0.9001876962876199,-2.0931404211926337
0.1551023849646677,-0.08549830024599125,-0.08549735010792724,0.024439363680280286,0.16548395981568115,-0.1294546876673172,0.1794292520415955,0.02444095183409845,0.36212600535445394,0.6491304852564076,-0.0807648890600185,0.19245501049320954,-2.0931404211926337
0.3767708568384945,0.17593884289599493,0.17594136604113184,0.16444932186359135,0.8013639066967462,0.09656329883823296,-0.899878685365971,0.16445082301475908,0.4398808714188933,0.8394650582054066,0.952013812696496,-0.5041564234629631,-2.0931404211926337
-0.036893929256757094,0.20046406314147702,0.2004602721700266,0.26133785046981317,-0.16556694036466718,-0.09909406261433285,0.1794292520415955,0.26134011018530573,0.5345074421634831,0.8838489779416697,0.14761077996307126,-0.15523603168953107,-2.0931404211926337
0.6944374858230337,0.27157741575699706,0.2715767801231283,0.28380494551396557,0.7226983462578516,-0.5983576745967422,-0.899878685365971,0.28380719126833104,4.009882608117255,2.02793378714332,2.975624664756305,1.0320742682882151,-2.0931404211926337
0.416915540721156,0.009153770963998763,0.009151562343416549,-0.018326718985396347,0.6145332006543714,-0.17330892385496124,-0.899878685365971,-0.018327560570122654,5.968893354799252,2.392339032337961,4.998325433845729,1.1205267388098317,-2.0931404211926337
0.4483331194119346,0.2880875073883359,0.28808844981634113,0.3160170611563505,0.8308634918613317,-0.011385590239044724,1.2587371894491621,0.31601150856782423,-0.28022569980450696,0.4544575116931881,-0.19060914575836008,-0.40817436112367245,-2.0931404211926337
0.01895954397129375,0.3166423895778723,0.3166433314165623,0.36922739543949096,-0.03445767296650942,-0.07210684034501343,-0.899878685365971,0.36923163504000517,0.21732249630576259,0.8114511524518702,0.7396059630628965,-0.8237168492171635,-2.0931404211926337
0.06957675408421482,0.20883117554470143,0.20883211960839776,0.29802045951384065,0.3097041539536547,0.18427177121352106,0.1794292520415955,0.2980128711805209,0.7154701436144734,0.9563121039110813,0.2753533350789936,-0.12726518884570606,-2.0931404211926337
0.5687671710599193,0.08717263513660363,0.08717200330847821,0.15104602937551648,0.2965932272138389,-0.7940150360493079,-0.899878685365971,0.15104753885553443,0.3084485963649531,0.8044109444937043,0.711641595427416,-0.595772969122937,-2.0931404211926337
0.44484227733518145,-0.05390972817926238,-0.053908778693122876,-0.0036412300381690513,-0.03445767296650942,-0.8952171195592558,0.1794292520415955,-0.003634711807918237,0.5267517668815628,0.7472730248332277,0.010629503784145145,0.2510730781501515,-2.0931404211926337
0.1655749111949272,0.11334886454521961,0.11334981057947859,0.24354921683536512,0.42770249461199666,0.12017711832388746,0.1794292520415955,0.24354616559212616,0.4284699715109,0.9041166143012359,0.797740960080246,-0.6460556000261952,-2.0931404211926337
0.38200711995362424,0.3717807290575625,0.3717800913556991,0.41154806630837387,0.15892849644577325,-0.5747438551110876,0.1794292520415955,0.4115436825133303,0.7493972131184894,0.9155237918334526,0.30599279508197086,0.027819843514618834,-2.0931404211926337
-0.5325935041557083,-0.07026671475436412,-0.0702673433332584,0.06963883579461656,-0.3982858899963972,0.6194407303062968,0.1794292520415955,0.06962893306486255,0.34142246619794003,0.6543341172254867,-0.02356755328488399,0.21899765889200315,-2.0931404211926337
-0.712371871108497,-0.1496461620040449,-0.14964678894470726,-0.03616284137759078,-0.6605044247927127,0.6970289943305901,0.1794292520415955,-0.036158349866244506,0.4194896602610968,0.6214512444608824,-0.07513892160672678,0.33036612674974913,-2.0931404211926337
0.6333477494798531,0.32538674021244374,0.3253876818706679,0.36575907858063417,1.0340828563284763,-0.15981531272030153,-0.899878685365971,0.36575799832372474,2.3889292009770164,1.7022884578783608,1.8789746854418286,0.054424587324065965,-2.0931404211926337
0.0573588068155787,0.1871281392224348,0.1871290837340381,0.2295203827797344,0.18187261824045087,0.07632288213624339,-0.899878685365971,0.22952061533876525,0.3756177993667687,0.5171174031608522,-0.04582321865158308,0.3756113546763944,-2.0931404211926337
0.722364222437059,0.2351778724386123,0.2351803943611749,0.2719524065978158,0.873474003765733,-0.4971555910867943,-0.899878685365971,0.27195343156062335,-0.15380001436883287,0.3748603083261684,-0.06805130574645209,-0.19164626877229118,-2.0931404211926337
0.16906575327168039,0.2962352218243752,0.29623616408422804,0.3734997460932951,0.2834823004740231,-0.03499940972469922,-0.899878685365971,0.37350357365336834,0.3792966424758147,0.8208503402360185,0.86704515718869,-0.4936078783655376,-2.0931404211926337
-0.31092503228188156,0.10370008919700027,0.10370103543039054,0.2401218385607725,-0.290120744392917,0.30234086864179355,0.1794292520415955,0.24012165514643544,0.5687073580230378,0.9688253083167256,0.09717012078625342,-0.16228560505181613,-2.0931404211926337
1.677109530429053,-0.0814323350411797,-0.0814345417922471,-0.17805106180693994,1.8928485577864094,-1.293278648031717,-0.899878685365971,-0.17805548860872633,0.13907904490698653,0.6139620957053843,0.5162495395128411,-0.37502657505457476,-2.0931404211926337
0.2772818576510289,-0.17753495827881793,-0.17753558464391167,-0.15158508585186775,0.4408134213518124,-0.0822270486960082,0.1794292520415955,-0.15158666340058127,0.11876714955021868,0.6848620914440842,0.6945706451647312,-0.5510538079337385,-2.0931404211926337
0.1516115428879145,0.10577253186544654,0.10577189965345671,0.1694028905595506,-0.06067952644614097,-0.3554726741728673,0.1794292520415955,0.16940643556049562,0.23189122263871123,0.7720586381259472,0.6978800377843144,-0.5283861922402232,-2.0931404211926337
0.17604743742518675,0.3433852655348296,0.3433846284189915,0.4039122015714291,0.017986033992753676,-0.32173864633621807,0.1794292520415955,0.4039086412925135,0.1886965424278325,0.716341003897031,0.6847252021214701,-0.5023389117241713,-2.0931404211926337
-0.15732798090474173,0.00010636702223641501,0.00010573699098344372,0.1075561525400501,0.11959571622632593,0.42715677163739585,0.1794292520415955,0.1075605547439389,0.03079112059321625,0.6319074837587496,0.5056870614020038,-0.4435813038185697,-2.0931404211926337
-0.11718329702208018,-0.07010729608756057,-0.07010792466974493,-0.012218682213188739,0.04748561915733917,0.2753536463724741,-0.899878685365971,-0.012219527593469271,2.693268159700131,1.8280082062513123,2.4742241046175772,-0.3708864158768432,-2.0931404211926337
0.31917196257206704,-0.021858684138539027,-0.02185773531386853,0.06430044440657454,-0.05412406307623308,-0.6725725358373705,0.1794292520415955,0.06430282656176198,0.3262534073798721,0.7488606427437937,0.741701911721966,-0.4174809980080272,-2.0931404211926337
0.1551023849646677,0.3800468236917232,0.38004776422187336,0.4506345890203909,0.14253983802100353,-0.15306850715297168,-0.899878685365971,0.45063591233508843,-0.14080632358697825,0.1049611822499557,-0.4494863834252779,0.5681664323080493,-2.0931404211926337
0.35931664645472855,-0.16095383852860623,-0.16095604363850993,-0.07898296297449606,0.017986033992753676,-0.6759459386210355,-0.899878685365971,-0.07898622318076151,0.04502883564987186,0.18658270048494652,-0.3652071847132188,0.661441413823343,-2.0931404211926337
0.3436078571093393,0.23168960260063345,0.2316873893873598,0.3004260107252007,0.69647649277822,0.052709062650588896,0.1794292520415955,0.30042415229529895,0.618675255127095,0.9331549213286853,0.235447575741183,-0.16546991352622914,-2.0931404211926337
0.07830385927609777,0.1743888515019247,0.17438506106861412,0.25412447192247417,0.3064264222687007,0.1640313545115315,0.1794292520415955,0.254118548408619,-0.19773233152927838,0.338704249021014,-0.14350545747295546,-0.10570691812903484,-2.0931404211926337
-0.1590734019431183,0.34589492573500447,0.345894288567372,0.4202597970397799,-0.0016803561169699843,0.3057142714254585,0.1794292520415955,0.4202533609032968,0.3501006723744918,0.677438243168198,0.08509083772477347,0.03818000927635387,-2.0931404211926337
0.004996175664281037,0.13323042421905745,0.13323136984300107,0.23841551836864372,0.25726044699439155,0.25511322967048455,0.1794292520415955,0.23840837645961946,0.2136327252419082,0.9881256813220395,0.8004712089914022,-1.0046928770150414,-2.0931404211926337
-0.21492687517116915,0.04291422506559592,0.042915172553484,0.10323631312849953,-0.2737320859681473,0.13367072945854716,-0.899878685365971,0.10323744293204482,0.20005421262046877,0.6959550104181682,0.7273336320986075,-0.5301437016720913,-2.0931404211926337
3.2846423067738915,0.16061097484322903,0.16061034149948417,-0.6477787401101516,2.564783553201968,-3.7086350411358056,-0.899878685365971,-0.6477845125639603,2.3015834682521885,1.5450326591328019,0.964451613291764,0.532787397662884,-2.0931404211926337
-0.30568876916675175,-0.26724347241525603,-0.26724094012372857,-0.12640130635594796,-0.7391699852316073,-0.1699355210712963,0.1794292520415955,-0.12639716815570978,0.04884974217142699,0.713373913354662,0.48180427799734327,-0.5638977901216152,-2.0931404211926337
0.5181499609469982,-0.03289487540874181,-0.032895504758915596,-0.09555162679787314,0.4965348599960295,-0.49040878551946443,-0.899878685365971,-0.09555405793713968,2.19637264450366,1.543053238344564,1.291585073737591,0.34803331763254625,-2.0931404211926337
0.3139356994569373,0.0049678471584241385,0.004967217026840007,0.019895180826962292,-0.2507879641734697,-0.8648564945062714,1.2587371894491621,0.019892677948668214,-0.4134365876321815,0.0579652433292137,-0.23247296239609117,0.2560023374340533,-2.0931404211926337
-0.3458334530494133,-0.029351361478306276,-0.029353569304220097,0.05157181978717246,-0.34584218303713404,0.3124610769927883,0.1794292520415955,0.05157093476726331,0.47059582723858334,0.7346088130684806,0.05323793376128251,0.12372027480844364,-2.0931404211926337
-0.05958440275565275,0.06319985581568832,0.06319764607970375,0.11428973087981356,0.2965932272138389,0.42040996607006603,-0.899878685365971,0.11428675995884607,0.19950992996807637,0.9091692389112124,0.6747694459908902,-1.104977662921752,-2.0931404211926337
0.17255659534843357,0.065403305903389,0.0654026745245387,0.09538429266664016,0.39164744607750324,0.06957607656891354,-0.899878685365971,0.09538542734945689,-0.23517097593083772,0.21304980112767444,-0.17403460438861287,0.1259822222392164,-2.0931404211926337
0.5478221185994001,0.31804401112363034,0.3180465313360027,0.4256898908565736,0.25726044699439155,-0.7940150360493079,0.1794292520415955,0.425687954587283,0.9898323122394718,1.000524609888363,0.3493734166703441,0.17378940913125268,-2.0931404211926337
0.10797601692849977,-0.07744686837109073,-0.07744591839919206,0.015616279999675839,0.4539243480916282,0.2584866324541495,0.1794292520415955,0.015610504695598888,0.5470040872588913,0.7796457376008634,0.014959292461433396,0.1966237754219163,-2.0931404211926337
0.06434049096908506,-0.08444866248931435,-0.08445560438595796,0.00011038182379545945,0.017986033992753676,-0.10584086818166269,-0.899878685365971,0.00010502554072309292,0.9326572526819416,0.9971657164683221,0.5075899621582647,0.03803000350904476,-2.0931404211926337
0.4151701196827794,0.2957253977711321,0.2957279184441158,0.38480698306704675,1.273357269330114,0.5081184384453541,-0.899878685365971,0.3848108036007655,0.33571983636131325,0.9274901047223466,0.738447675646042,-0.7846323232688414,-2.0931404211926337
0.08004928031447435,0.1548608540198096,0.15486022079473566,0.16623096905076612,-0.0016803561169699843,-0.15644190993663662,0.1794292520415955,0.16622346261187096,1.576414257577795,1.4678801424712555,1.2875862243222607,-0.18889802357493954,-2.0931404211926337
-0.18001845440363737,-0.006027305643096538,-0.006029513950371901,0.00017260847187693101,0.15565076476081932,0.5081184384453541,-0.899878685365971,0.0001684803069014625,0.5919267943881816,1.1471731619769518,0.6948188496112,-1.3632848034230731,-2.0931404211926337
-0.17129134921175443,-0.02480556187044243,-0.02481092659539049,0.047849683705878124,-0.13278962351512774,0.19439197956451587,-0.899878685365971,0.04784961977009311,-0.4881129430726942,0.12638382084265867,-0.3283350352766927,0.04660335638669309,-2.0931404211926337
0.1498661218495379,-0.1364238830751993,-0.13642135348352474,-0.04453068800117814,0.6931987610932661,0.4237833688537309,0.1794292520415955,-0.04454256671355424,0.354582191389948,0.6763240537348187,-0.014273675678220549,0.10175315116319966,-2.0931404211926337
0.9422872732725093,0.20241654720916022,0.20241433460002348,0.2611478954388276,0.38509198270759537,-1.4248413565946494,0.1794292520415955,0.2611476989588294,-0.42607194725072206,0.15527112051100533,-0.25574902382049514,-0.024122618646445892,-2.0931404211926337
0.4046975934525199,0.34870921764501184,0.3487101588219071,0.42869969557167215,0.27364910541916126,-0.5005289938704592,0.1794292520415955,0.4287051263726674,0.3379050748083213,0.7423836514222811,-0.03981115539267318,0.03325423849866855,-2.0931404211926337
0.039904596431812815,0.10910138303662183,0.10910232915854026,0.19115601669413662,0.26381591036429947,0.19439197956451587,-0.899878685365971,0.19115299800820526,0.3083290938914032,0.729168466860808,0.7718449628320052,-0.411413787996306,-2.0931404211926337
0.37851627787687103,0.29129955676403135,0.2912957639179192,0.35380337443213883,0.15565076476081932,-0.5713704523274227,1.2587371894491621,0.3537937045071902,-0.16276446245843032,0.560272857624415,-0.07031272403650052,-0.5146540363696279,-2.0931404211926337
0.09575806965986365,0.2584656250130648,0.25846498964979703,0.323684039217336,0.16876169150063508,-0.011385590239044724,-0.899878685365971,0.3236854414195245,0.7100985250541396,0.9072061432428774,0.287570509499623,0.03245327747136221,-2.0931404211926337
0.17081117431005696,0.07206890025894769,0.07206984714514199,0.22418362893506294,0.27037137373420733,-0.05186642364302386,0.1794292520415955,0.2241842741959585,0.39096382054979845,0.795317852707737,-0.0586746933242989,-0.01534553700575448,-2.0931404211926337
0.5251316451005045,0.2045647532044042,0.20456254055093284,0.2779392651606016,0.26053817867934553,-0.7467873970779989,0.1794292520415955,0.27793455500492,0.7144637142280872,0.9693354683136942,0.28980434951784184,-0.15981644035178377,-2.0931404211926337
1.083666377381013,0.05039111837894697,0.05039206571252704,0.029851444519997748,1.7027401200590808,-0.34197906303820763,-0.899878685365971,0.02985712316661348,-0.6022244097553261,-0.4313761444830352,-0.8832925993090124,1.0127284082140426,-2.0931404211926337
0.8096352743558884,-0.14632835965136096,-0.146327408257887,-0.06668828734829373,0.38181425102264144,-1.1718361478197798,-0.899878685365971,-0.06668213932598152,0.44613130905462484,0.5535305831044788,-0.1446361666179799,0.6281436219869362,-2.0931404211926337
0.6176389601344637,-0.2113380292517388,-0.21133549811398714,-0.45847053875597993,0.31625961732356256,-0.8682298972899364,-0.899878685365971,-0.4584702880627065,0.2969784739921917,0.3907079184719992,1.4366467835626668,0.8305879170410999,-2.0931404211926337
0.2755364366126523,0.202935841678253,0.20293836426622622,0.27080940132516135,0.09009613106174044,-0.4398077437644905,1.2587371894491621,0.27080305805764776,0.38738015640198686,0.7564314170988069,-0.020009956218831604,0.06833605241418887,-2.0931404211926337
0.27030017349752256,-0.22189122931360605,-0.2218886979580576,-0.19877417316144055,-0.10001230666558829,-0.6253448968660615,-0.899878685365971,-0.1987785870858171,2.012174915914713,1.431173110369375,1.2014041248539409,0.5254866518530116,-2.0931404211926337
1.095884324649649,0.30992312953249856,0.30992407150986057,0.3649566823290573,1.4241329268379954,-0.6523321191353809,0.1794292520415955,0.36495969642664206,0.14521985047996283,0.8238745686980481,0.6924746965056614,-0.6115877632047774,-2.0931404211926337
0.683964959592774,0.3374283739653581,0.3374293153750672,0.3692142950925264,0.30314869058374677,-1.0099128142038634,-0.899878685365971,0.369213212688534,3.9988044820589113,2.075403154541249,3.7040771368702887,0.8920337678371295,-2.0931404211926337
0.1516115428879145,-0.09358445697900739,-0.09358350667406137,0.006652367589202801,-0.02462447791164759,-0.31836524355255313,0.1794292520415955,0.006649054168860111,0.11194246551503947,0.6561992621744037,0.6826016751905707,-0.40767201622849775,-2.0931404211926337
0.19001080573219944,0.08785924028570807,0.08786018684602155,0.323582511528361,0.35231466585805593,-0.0046387846717148695,0.1794292520415955,0.3235830950224626,-0.4021903120756566,0.9287757079147073,0.15993826747101997,-1.4684493118254116,-2.0931404211926337
-0.2044543489409096,-0.24597449681943473,-0.24597354336946517,-0.1360775501326168,-0.33600898798227224,0.049335659866923974,0.1794292520415955,-0.13607094960599928,0.3284167899172633,0.6333971509498978,-0.06758247512534415,0.12396028403613822,-2.0931404211926337
0.6211298022112169,-0.18526123920954485,-0.18526186541518372,-0.19492758378398328,0.7095874195180358,-0.47016836881747487,-0.899878685365971,-0.1949262687004077,4.3459933616444335,2.141462752228711,4.029224961744365,0.45339457778549475,-2.0931404211926337
0.8323257478547842,0.4377121858006461,0.4377115467380902,0.49416704198349193,1.2504131475354365,-0.32173864633621807,0.1794292520415955,0.49416588193344996,0.3996282786541719,0.8376080758164411,0.8943200680284239,-0.4840786747845707,-2.0931404211926337
0.09401264862148706,0.4093577607465953,0.4093571222692177,0.5522490677940634,0.04420788747238523,-0.13620149323464703,0.1794292520415955,0.5522495091940117,0.7126457960685098,0.8717316576936729,0.2128609711125259,0.13395694745011488,-2.0931404211926337
0.6769832754392677,0.09659412050442978,0.09659506688447292,0.13248283772679117,0.4998125916809834,-0.7940150360493079,0.1794292520415955,0.13248190242850824,0.026264479699841452,0.6552319988201514,0.5104856807004,-0.598770293664146,-2.0931404211926337
0.416915540721156,0.20294057688617786,0.20293994266883525,0.27571548126337425,-0.12951189183017378,-0.9390713557468998,-0.899878685365971,0.2757197789725008,0.8341840418447963,0.882726625948339,0.4064880176299893,0.11812122233097555,-2.0931404211926337
-0.6093920298442782,-0.06802538300326459,-0.06803390364146067,0.07525560955565466,-0.640838034682989,0.5182386467963489,0.1794292520415955,0.0752477502635601,0.43861604877848925,0.7610555073113298,-0.009226851933355611,0.016952448949006,-2.0931404211926337
0.0573588068155787,0.00861869246848979,0.008619640664168607,0.028924594972257932,-0.29339847607787095,-0.4128205214951711,-0.899878685365971,0.028929864809232788,1.3851179410541168,1.5602844024021734,1.9559732203908047,-1.4392337699635425,-2.0931404211926337
1.0941389036112725,-0.16156783715619616,-0.1615668854482101,-0.36967638703046113,0.9128067839851803,-1.1752095506034448,-0.899878685365971,-0.36967660089975507,4.160272417161065,2.114971163906129,3.1603163512008927,0.4589796762380968,-2.0931404211926337
0.2284100685764844,-0.029736491722861406,-0.029735542735608828,0.02811073591708711,-0.12951189183017378,-0.5747438551110876,-0.899878685365971,0.028104952848913983,-0.433831500194026,-0.31579837684981826,-0.786437708642536,1.0348943767136265,-2.0931404211926337
0.3662983306082349,0.11128431388998145,0.11128368156423954,0.031200780257343342,0.988194612739121,0.3090876742091234,-0.899878685365971,0.031197860968124193,3.123581056307728,1.8773019057984006,5.023007987133456,0.18578010269857562,-2.0931404211926337
0.47102359291083024,0.02518244978964368,0.0251833976434799,0.08993291078602912,0.8308634918613317,-0.05523982642668878,0.1794292520415955,0.08993036438605834,0.2754024610243622,0.7472485371533731,0.7046367143826311,-0.3150193842222261,-2.0931404211926337
1.0470125355751045,0.34591860177462874,0.3459195430091167,0.3919728728566394,-0.2147329156389763,-2.244578233025227,-0.899878685365971,0.3919750513950976,0.4343689520194066,0.84878262039004,0.8033669275335381,-0.5505926274119184,-2.0931404211926337
-0.36852392654830896,-0.10063675998176283,-0.10064054473909861,0.008104868558893993,-0.35895310977694983,0.34282170204577267,0.1794292520415955,0.008104419935080136,-0.05814374826955516,0.572206520273503,0.4104317105016594,-0.3596506350547689,-2.0931404211926337
0.27902727868940547,0.12356902164970517,0.12356681066782259,0.05274921347060873,0.24742725193952975,-0.2846312157159039,-0.899878685365971,0.052747918333474995,-0.05176887295487641,0.037452730171102594,-0.51120655578051,0.8861472624474225,-2.0931404211926337
0.1498661218495379,0.006276342948326614,0.006275712789737764,0.12277711816945217,-0.03445767296650942,-0.325112049119883,0.1794292520415955,0.12277741705910017,0.7309973573385197,0.976053255153776,0.32027833988983956,-0.22033085998801025,-2.0931404211926337
0.26855475245914595,0.22213395300826966,0.22213016158959634,0.23734947763440586,0.4244247629270427,-0.0822270486960082,0.1794292520415955,0.23735011471399955,0.40052225586043294,1.0547076828463977,0.8912864581271391,-1.1626315074604558,-2.0931404211926337
0.14462985873440815,0.21301078573970958,0.2130085729119291,0.30545654395957655,0.1097625211714641,-0.1665621182876314,0.1794292520415955,0.30545345424692005,0.5243120128419204,0.7837474239764904,0.03812504079851777,0.10388672156520558,-2.0931404211926337
0.31742654153369043,0.1340638208138325,0.1340647664205765,0.1659607743946229,0.4473688847217203,-0.15306850715297168,-0.899878685365971,0.16596350276333377,0.5924245451039705,0.7917834642487389,0.09871450400872565,0.1622773386168323,-2.0931404211926337
0.15684780600304427,0.14950691225943663,0.14950627914485726,0.19784374381952424,0.3228150806934704,0.029095243164934406,-0.899878685365971,0.19784645237605264,2.5089051017303734,1.650341926347036,1.6722755380770107,0.3749938890760755,-2.0931404211926337
0.17430201638681014,-0.045735180898315554,-0.045734231580882245,-0.03249474422752509,-0.1524560136248514,-0.49378218830312937,-0.899878685365971,-0.032494348851428975,0.288013673387923,0.7700873798976609,0.7794565658570475,-0.6056140451596581,-2.0931404211926337
3.923466406819723,0.23406825538155387,0.2340691989244077,0.1691588965973364,3.423549254659901,-4.059468930636958,-0.899878685365971,0.1691546634237234,4.189060880302436,2.065216279721781,3.198953510034529,1.1189241190539756,-2.0931404211926337
0.4622964877189473,0.26866210607792607,0.26866147050422345,0.2980286472306935,0.5063680550508913,-0.372339688091192,0.1794292520415955,0.2980271996761095,0.08416994965617801,0.8833673869045314,0.5050251828780873,-0.9726139692506766,-2.0931404211926337
-0.09623824456156112,0.224425793643901,0.22442673738575583,0.2512030945493861,-0.09017911161072646,0.09318989605456802,-0.899878685365971,0.251207816876179,0.8572977238085685,0.9136382404846568,0.2645978090653477,0.18277301033996035,-2.0931404211926337
-0.29347082189811563,-0.19193472557831162,-0.19193377324361413,-0.06527344987612553,0.09665159443164832,0.6666683692776058,0.1794292520415955,-0.06526975904652749,0.08484466273692869,0.5610360569798799,-0.22977029175676464,0.09075458876384677,-2.0931404211926337
0.9510143784643922,-0.008914204074618404,-0.008914833919704953,-0.06438590136927927,0.6702546392985884,-1.1482223283341253,2.338045126856729,-0.06438548617591279,-0.11026022229481151,0.6021263837757141,-0.019761751772362845,-0.5919872421768009,-2.0931404211926337
-0.4365953470449959,-0.11005035333638087,-0.11004940269161193,0.03512924680332888,-0.7162258634369297,0.10668350718922774,0.1794292520415955,0.035134103399124345,0.5618044157308437,1.3470783364690808,1.238662370096085,-1.8363981096073154,-2.0931404211926337
-0.02642140302649756,0.01903141469525291,0.019030784273425066,0.034069756242573294,0.41131383618722694,0.47438441060870484,0.1794292520415955,0.034069700869680725,-0.4111693895241105,0.06049155563420191,-0.3378219607861655,0.21791203575743112,-2.0931404211926337
0.39073422514550715,0.33510812208217755,0.3351059067345539,0.36867881841035166,0.31625961732356256,-0.42968753541349575,0.1794292520415955,0.36867691756792975,0.61044580012703,0.864222102538296,0.16219968576106839,-0.020215491683975947,-2.0931404211926337
0.013723280856163981,0.20998025266780035,0.20998119670778204,0.3685854784382295,0.03765242410247734,0.01222822924660977,0.1794292520415955,0.36859504045028024,-0.5821222606279451,0.272620163653697,-0.6142389793368754,-0.10457594441364844,-2.0931404211926337
0.37153459372336467,0.4672535696411946,0.4672560867741821,0.5469679904239911,0.7718643215321607,0.07632288213624339,0.1794292520415955,0.5469602473938534,0.24431348713848808,0.8761190336676024,0.831607077887317,-0.82775653941586,-2.0931404211926337
0.21793754234622487,0.1370106985457359,0.13701006568905322,0.20240921473665957,0.581755883804832,0.17752496564619122,1.2587371894491621,0.2024029139732478,0.4037054633417175,0.752733777440779,-0.0277870288748529,0.12273023674420348,-2.0931404211926337
-0.007221771604355084,-0.1148060804955801,-0.11480670815527155,-0.16914446341443667,-0.07379045318595674,-0.06198663199401864,0.1794292520415955,-0.1691452112805185,1.205695376201768,1.3742800675074434,1.0416983526872083,-0.6858413157240321,-2.0931404211926337
0.9702140098865346,0.2972375075018035,0.29723687133836213,0.33977781546324926,1.5814640477157849,-0.24752378509558964,-0.899878685365971,0.3397783888935355,0.8597533410084165,1.1233017553987998,0.6265626268322907,-0.6419531167156018,-2.0931404211926337
0.8183623795477715,0.22979236262540695,0.22978857104867945,-0.15137384275706486,0.9259177107249961,-0.6287182996497265,-0.899878685365971,-0.15137582982263378,-0.19694781012843687,0.1692943985076766,0.04421983887291742,0.2701796266978728,-2.0931404211926337
2.2356442627095614,0.22472726854845032,0.22472663388147426,-0.24596326047101336,1.0799710999178314,-3.209371429153396,-0.899878685365971,-0.24595618227546426,0.06843827742281323,0.31082094422670137,-0.06090853334251774,0.4264040051885037,-2.0931404211926337
-0.32837924266564744,0.14176326889965188,0.14176421434749475,0.13540094001313807,-0.8211132773554559,-0.21041635447527546,-0.899878685365971,0.1354049155285957,0.19058320094830145,0.39555239780321244,-0.19855168804536039,0.37579066389592203,-2.0931404211926337
0.0015053335875278595,-0.08427977340666108,-0.084278823293745,0.0440374827392027,0.18187261824045087,0.18427177121352106,-0.899878685365971,0.04403619301556722,0.42941823597653184,0.5316753288343464,-0.07141585490969538,0.6671088410226543,-2.0931404211926337
0.5111682767934917,-0.0819216398600817,-0.08191911139322372,-0.00282573343962766,0.08354066769183255,-0.9019639251265856,0.1794292520415955,-0.0028261752711293345,0.34671441644257384,0.683796877370414,-0.1741173392041026,0.12363794606173445,-2.0931404211926337
-0.11020161286857383,0.008779689537934968,0.00878063773029113,0.08330086013524071,0.25726044699439155,0.4777578133923698,0.1794292520415955,0.08329627092850686,0.21548166469255464,0.7913263608914551,0.73287686473641,-0.6597933375067369,-2.0931404211926337
0.6542928019403721,0.39155653575441185,0.3915574760470247,0.5192296432699899,0.43425795798190453,-0.8176288555349625,2.338045126856729,0.519222326862141,-0.00813002425823702,0.6578685056844847,-0.21363700273629552,-0.40128804985231914,-2.0931404211926337
0.17604743742518675,0.19987847576143625,0.19987942000989828,0.25342687844661343,-0.06067952644614097,-0.4027003131441763,-0.899878685365971,0.2534287336924219,0.3433923181808213,0.8389344918085594,0.9136524365811576,-0.5985895890421318,-2.0931404211926337
-0.16954592817337785,-0.09564269402367907,-0.09564016527364615,0.02359930393118042,-0.29339847607787095,0.02572184038126948,0.1794292520415955,0.023597617522308503,1.7230906770747771,1.48846611866893,1.2597873263177597,-0.33608089165366895,-2.0931404211926337
0.7991627481256289,0.2429862303067034,0.24298559526289917,0.33976144002954356,0.9062513206152724,-0.6118512857314018,0.1794292520415955,0.33975996654206436,0.6988857383913823,0.9678784513623521,0.26371530436679197,-0.20335718414105153,-2.0931404211926337
0.4308789090281687,-0.26152334124202736,-0.26152554427637903,-0.21846726973585576,1.112748416767371,0.3124610769927883,-0.899878685365971,-0.2184618461687591,0.2778764089871147,0.43345524493798715,-0.15073096469237907,0.41501752089787697,-2.0931404211926337
0.5286224871772577,-0.3464035216977517,-0.3464041445777383,-1.1661349063456627,0.24414952025457579,-0.7704012165636535,-0.899878685365971,-1.1661403566912378,2.632771706910191,1.6321557427751014,2.0475055045941173,0.43822934356116494,-2.0931404211926337
-0.24983529593870094,-0.26154228207372676,-0.2615444851076876,-0.190855013421388,-0.5883943277237259,-0.12270788209998733,-0.899878685365971,-0.1908528820973446,-0.642240641432982,-0.3082929029744171,-0.6345090091318245,0.6649375947535103,-2.0931404211926337
1.0313037462297152,0.43891492861356,0.43891586792879106,0.5162722399427494,1.1914139772062655,-0.7670278137799885,1.2587371894491621,0.5162706567708761,0.48058186284543025,0.8670381857215623,0.14140566880135227,-0.15257151064137522,-2.0931404211926337
0.0067415967026576255,0.25062412068949963,0.2506250638906738,0.3327822301841954,-0.10656777003549618,-0.12270788209998733,0.1794292520415955,0.3327758484065612,-0.3114153166290197,0.1937739158022151,-0.27190989111279434,0.039417033580721586,-2.0931404211926337
1.7434355298873636,0.2635054646477555,0.26350640758308463,0.30508482161445827,2.8171688929434215,-0.47016836881747487,0.1794292520415955,0.30508091336161475,0.3228840721521736,0.9441784585431815,0.8958368729790666,-0.9373870334765502,-2.0931404211926337
0.4291334879897921,0.24867637182974134,0.24867731507111307,0.35986392244660004,0.5686449570650162,-0.24415038231192474,0.1794292520415955,0.35985670506913636,0.8235684150351172,1.0291711140381405,0.38221913841971006,-0.13918680998994248,-2.0931404211926337
-0.19747266478740327,0.01626763166977736,0.016265422902379385,0.16251374559958348,-0.07706818487091069,0.30234086864179355,0.1794292520415955,0.16251647611028944,0.09850284367406804,0.6519220807598195,0.586794758853629,-0.4847163737209453,-2.0931404211926337
1.1395198506090638,0.40871377246881463,0.40870839879690046,0.41298255430098885,1.8305716557722844,-0.31836524355255313,1.2587371894491621,0.4129847197839616,-0.14103528186594771,0.5857849387528178,-0.0565511663933994,-0.5559398097405559,-2.0931404211926337
0.03117749123992987,-0.039606243440907456,-0.03960687265257212,0.06580862185086493,-0.10329003835054223,-0.1665621182876314,0.1794292520415955,0.06580527167063047,-0.09895084661213491,0.8364693987032074,0.35579915400670226,-1.0931111601757362,-2.0931404211926337
0.6298569074030999,0.18470529116754902,0.18470623572915504,0.2589699627559761,0.6702546392985884,-0.5275162161397786,-0.899878685365971,0.2589677207014112,0.3897405946406005,0.8442687247368624,0.8677621922562666,-0.6145550865925247,-2.0931404211926337
0.200483331962459,0.17234797688631082,0.1723489217029469,0.39180093080273004,0.0015973755679839594,-0.3858332992258517,0.1794292520415955,0.3918010625200924,-0.28058085833577984,1.043418862433478,0.4303708010346499,-1.658918960440848,-2.0931404211926337
-0.1311466653290929,0.04082599837073346,0.04082694590171834,0.16173427495519452,-0.3982858899963972,-0.15644190993663662,0.1794292520415955,0.16173659656467787,0.2109701819300431,0.5102526902416434,-0.13062640452840954,0.10884528430132591,-2.0931404211926337
0.7782176956651099,0.43797893584707975,0.4379704047659735,0.5109191106643723,0.09665159443164832,-1.4046009398926598,0.1794292520415955,0.510922034060422,0.6598443860370368,0.9335263178064784,0.2580066020980105,-0.08827555026647249,-2.0931404211926337
0.008487017741034214,-0.004542028757332691,-0.00454108029004309,0.1416629058621788,0.1785948865554969,0.16740475729519644,0.1794292520415955,0.14166032731701822,-0.38704451922589034,0.31762851922624963,-0.3641592103836838,-0.218091238997023,-2.0931404211926337
0.3697891726849881,0.2182463473019611,0.21824571276873822,0.25814300335384077,0.46375754314649004,-0.23740357674459486,-0.899878685365971,0.25813871488520995,2.370083766652601,1.6612511877222114,2.056826960472611,0.31106143104893114,-2.0931404211926337
0.04514085954694258,-0.17390463220309332,-0.1739021018378916,0.00955245689847349,0.5063680550508913,0.4339035772047257,0.1794292520415955,0.009549551061593973,-0.09859233919148526,0.7123127805609675,0.4647609060064881,-0.692251794747456,-2.0931404211926337
0.4797506981027132,0.26214014636275473,0.26213951092365223,0.33019491165870263,0.7849752482719765,-0.1193344793163224,0.1794292520415955,0.3301967192006017,2.1576556056468537,1.7089817570385881,1.9441697200476236,-0.41154635123253264,-2.0931404211926337
0.011977859817787392,-0.06460340607623376,-0.0646071915772254,0.032080141047336766,0.22120539845989817,0.20451218791551065,-0.899878685365971,0.03208213383873889,1.5229501199643936,1.5687857085916572,1.9448591768433696,-1.2211400360222,-2.0931404211926337
0.5600400658680362,0.2703288992674761,0.2703298420619833,0.33476693274932023,0.35231466585805593,-0.7198001748086795,0.1794292520415955,0.33476955622132676,0.6761404342590546,0.9215681674775358,0.26443233943436817,-0.07724698671365778,-2.0931404211926337
-0.241108190746818,0.029333648737102674,0.029329861297439377,0.20910840466564118,-0.4900623771751076,-0.03837281250836414,0.1794292520415955,0.20910864990874262,0.6457815182573154,1.0976264230713673,1.0199942527571064,-1.128715552322487,-2.0931404211926337
0.5216408030237514,0.12935386733124024,0.12935481303518817,0.20999104054237572,1.1324148068770945,0.15728454894420166,0.1794292520415955,0.20998268813965112,-0.6917885173062583,-0.23149137639078501,-0.6047796320992328,0.5070882700672379,-2.0931404211926337
-0.11369245494532701,-0.2613149920933336,-0.2613140383267671,-0.16708115876752475,0.5784781521198781,0.8150980917588625,-0.899878685365971,-0.16708804869957458,0.69706923029049,0.7281563094268225,0.07811353495181812,0.5001147461404724,-2.0931404211926337
0.8410528530466671,-0.08973315453345608,-0.08973378271060224,-0.7969785916890737,1.1455257336169102,-0.44655454933182037,-0.899878685365971,-0.7969748555610722,-0.10309782920458574,-0.09787026998478474,-0.47893997773957103,1.1765695911777598,-2.0931404211926337
-0.262053243207337,-0.17099090092666394,-0.17098837062159575,-0.06892189650574444,-0.4605627920105221,0.032468645948599335,-0.899878685365971,-0.06892966620546054,-0.033703553597912134,0.2158740468708923,-0.3181034964278139,0.5582046539562376,-2.0931404211926337
0.12892106938901884,0.21723143440339981,0.21723237829373174,0.10140062701009611,0.3949251777624572,0.15728454894420166,-0.899878685365971,0.10140953628051952,-0.09067944236619252,0.0876075797930738,-0.46611608133868504,0.7264197260141914,-2.0931404211926337
0.48324154017946636,0.3125622187492862,0.31256158226957365,0.3860466033985645,0.3195373490085165,-0.6051044801640719,-0.899878685365971,0.38604919500521434,0.47376634419170327,0.8802003136433507,0.958411971761024,-0.4975882639585538,-2.0931404211926337
-0.08052945521617182,0.06362760293156718,0.06362697158936381,0.1124982584324154,0.024541497362661566,0.18089836842985615,0.1794292520415955,0.112503885722028,0.29857748054093,0.6886372754216514,-0.1148240547698987,0.08037977127600247,-2.0931404211926337
0.867234168622316,0.19220270371524115,0.19220206971950662,0.10834708598803303,0.9029735889303184,-0.7467873970779989,-0.899878685365971,0.10834248121749171,0.0955960076950346,0.3475116512086789,-0.3790238988999798,0.5080992391687771,-2.0931404211926337
-0.2253994014014287,0.04857437693844305,0.04857374590690796,0.17303987438557555,-0.0705127215010028,0.36306211874776223,0.1794292520415955,0.1730397326561926,0.6905032920239998,1.381487607944615,1.3187220932181754,-1.9153904489710516,-2.0931404211926337
0.1393935956192784,0.21809955585629048,0.2180989213260971,0.2904861224658709,0.27364910541916126,0.01222822924660977,-0.899878685365971,0.29048631714058976,0.9720680404117452,1.3665623670733034,1.4006847170965262,-1.2800399749814344,-2.0931404211926337
0.12892106938901884,0.24156408952660435,0.24156503291475928,0.340023446968834,0.3097041539536547,0.06957607656891354,-0.899878685365971,0.3400199263906015,0.2611079911056372,0.6966814782538514,0.7332078039983685,-0.34289185119074606,-2.0931404211926337
0.14637527977278472,0.15571950505685053,0.1557204502166648,0.21898279119014838,0.35559239754300986,0.08306968770357324,-0.899878685365971,0.2189809833693322,0.8547187264737869,1.160404671658328,0.6866832594213906,-0.7589820347602262,-2.0931404211926337
-0.05609356067889957,0.2020503577963045,0.2020481451947252,0.2929424375217185,0.1917058132953127,0.3057142714254585,0.1794292520415955,0.2929405837421338,0.12273293960165287,0.7425142523815051,-0.13123312650866642,-0.4455446351172109,-2.0931404211926337
-0.06307524483240592,0.026538297658794733,0.026539245484648987,0.1637026020866137,-0.12951189183017378,-0.011385590239044724,0.1794292520415955,0.16369960046032483,0.10200719202085091,0.6842050053679888,0.6526516719833405,-0.5265051896882912,-2.0931404211926337
-0.584956135307006,-0.1833939888845091,-0.18340092873912042,-0.10576662234345788,-0.4769514504352918,0.6396811470082863,0.1794292520415955,-0.10576822836391594,0.2806418865829815,0.5422744129313649,-0.15734974993154632,0.4147363472968278,-2.0931404211926337
-0.2201631382862989,0.1619273626463396,0.16192199406760002,0.2330820396107134,0.1851503499254048,0.6160673275226318,0.1794292520415955,0.2330822699565189,0.5061088602485019,0.8120062065285719,0.09165446642028055,0.04008194286558478,-2.0931404211926337
1.1674465872230892,0.2631392752348998,0.2631402181777863,0.3697808850987419,1.9518477281155804,-0.24752378509558964,0.1794292520415955,0.36978021172825687,0.7851400856940555,0.8979457189779044,0.19427321589919852,0.1721498112095019,-2.0931404211926337
0.07830385927609777,0.493825978112857,0.49382691629483455,0.5220478554107323,-0.1229564284602659,-0.277884410148574,-0.899878685365971,0.5220368527813428,-0.13839353691968567,0.2019405570336875,-0.362752718520361,0.4214224183113545,-2.0931404211926337
0.3453532781477159,0.2388334529566028,0.23883123959589447,0.21444024588020094,0.28676003215897705,-0.372339688091192,-0.899878685365971,0.2144470379794906,0.2713943692123794,0.5733778476265429,-0.016204154706310956,0.013043228882806162,-2.0931404211926337
-0.008967192642731674,0.15777616369888062,0.15777237360842244,0.28893864398068697,-0.01479128285678576,0.002108020895614986,0.1794292520415955,0.28893474576113154,0.615183949823148,0.82462144293361,0.13724134975504304,0.1664391265331061,-2.0931404211926337
-0.2358719276316882,-0.09513444837307763,-0.09513507643875196,0.012722740863887411,-0.18523333047439083,0.26523343802147936,0.1794292520415955,0.012718195514629977,0.5356090505111036,0.7543254766313208,0.07640368209836688,0.1560677975514783,-2.0931404211926337
-0.614628292959408,-0.0512580117413418,-0.05125706230992839,0.06422839249826967,-0.39173042662648927,0.7847374667058782,1.2587371894491621,0.06422504329999494,0.15827734641731164,0.6017590685778967,-0.22524745517666755,0.09739949540501887,-2.0931404211926337
0.4640419087573239,0.020608238934230683,0.020606030077251317,0.07835875424287542,0.46375754314649004,-0.41956732706250094,-0.899878685365971,0.07835703380630023,-0.04405549943350471,0.47404765557678,0.49614497934887164,-0.24105188921272364,-2.0931404211926337
0.004996175664281037,-0.07520237981470797,-0.0752045866943491,0.03101573785646949,0.6014222739145556,0.609320521955302,0.1794292520415955,0.031011590525471557,0.2245783057838666,0.43466738509078445,-0.26782830688197484,0.6370107070880131,-2.0931404211926337
-0.40343234731584077,-0.12171790566323142,-0.12172011158288576,-0.01869516624377348,-0.14262281856998957,0.6329343414409564,-0.899878685365971,-0.018693960671604205,0.2801744521289191,0.6792462501974545,0.7493686712906674,-0.32614841675407574,-2.0931404211926337
2.8133786264122125,0.32113925870384596,0.32114020044972963,0.1349178647188214,3.2367185486175263,-2.106268718894965,0.1794292520415955,0.1349259343903461,0.8660358574792307,1.0370194154315044,0.13608306233818898,0.157894379406433,-2.0931404211926337
-0.22889024347818188,-0.03399817885523376,-0.03399722978002854,0.043190872816620575,-0.2343993057487,0.20113878513184572,0.1794292520415955,0.04319285870377728,0.2757845869279849,0.6631823322129091,-0.15856319389206003,0.11188795942334938,-2.0931404211926337
-0.5046667675416829,-0.3168621378572032,-0.3168596045416464,-0.20044610494278747,-0.4376186702158445,0.5249854523636788,0.1794292520415955,-0.20044683335792585,0.5466914067455027,0.7225404681801928,0.05381707746970978,0.2746177043064927,-2.0931404211926337
0.03117749123992987,-0.14607108002077698,-0.1460701286326128,-0.052833032889942906,-0.018069014541739703,-0.07885364591234327,0.1794292520415955,-0.05283057794762581,0.21183842556530375,0.6894412875768738,0.593468700636456,-0.35294084219797006,-2.0931404211926337
-0.2096906120560394,0.27838033114237665,0.2783812737707185,0.36341084138724394,-0.33600898798227224,0.059455868217918754,-0.899878685365971,0.3634040311913014,-0.19049573410075687,0.3393327661372792,-0.03159283038737404,-0.1389740111107365,-2.0931404211926337
0.544331276522647,0.18638786838351531,0.18638723450778727,0.24742036936338088,0.22776086182980607,-0.8176288555349625,-0.899878685365971,0.2474210001848892,0.32729649829206703,0.7666264544782262,0.8263120496959834,-0.4249687277511035,-2.0931404211926337
2.542838365463841,0.10179969241649053,0.10179432507866497,0.1690278931276912,2.9908886722459807,-1.8363964962017705,0.1794292520415955,0.16903184774724914,0.6874032780051277,0.8910075430191323,0.2472786543561937,-0.026678298300647215,-2.0931404211926337
0.1516115428879145,0.2782872053865211,0.2782818344063487,0.32440292075701405,0.6833655660384043,0.4102897577190712,1.2587371894491621,0.3243977723430752,0.33294554589866554,0.6465021409520256,-0.09709122598329695,0.34524390806184,-2.0931404211926337
-0.019439718872991205,-0.11786976002296333,-0.11787196602203566,-0.027459298363037583,-0.2343993057487,-0.20366954890794559,0.1794292520415955,-0.02745890611598416,0.3294249818770057,0.6268956719485307,0.4347557462555983,0.08183726917325242,-2.0931404211926337
-0.4383407680833725,-0.0534393641920598,-0.053438414715627665,0.052131859619905706,-0.6703376198475745,0.15728454894420166,0.1794292520415955,0.05213588687904492,0.35758455884488716,0.7221894781022784,-0.059502041479194925,0.008441191482011206,-2.0931404211926337
-0.17129134921175443,0.18396502032862955,0.18396596490551326,0.1437147477054968,-0.4146745484211669,-0.09572065983066791,1.2587371894491621,0.14370316140237346,-0.21043872285407353,0.5185050383526066,-0.0943609770721406,-0.60862253292076,-2.0931404211926337
0.9370510101573795,0.27083556651543594,0.27083808770209555,0.3536723709624936,1.1815807821514037,-0.5949842718130772,-0.899878685365971,0.3536729357586572,0.5467946935441755,0.8596714753653366,0.8749876994756908,-0.31579941421223345,-2.0931404211926337
0.29648148907317134,0.3897287454954166,0.38972968582575135,0.4255015733689586,0.20153900835017452,-0.36559288252386213,-0.899878685365971,0.42550168414463035,0.4201883443394917,0.78265364094299,0.775705920888186,-0.2725782175923963,-2.0931404211926337
0.2319009106532376,-0.21161582811666382,-0.211614875375788,-0.1425556717065721,-0.03445767296650942,-0.48366197995213456,0.1794292520415955,-0.14255766425178165,0.6071325147320584,0.75936585740137,0.08407044166706884,0.19417275095420972,-2.0931404211926337
0.5268770661388811,0.2809925875142567,0.2809951084912959,0.38071476218400474,1.0209719295886603,0.032468645948599335,-0.899878685365971,0.3807128538624076,1.4287680702202357,1.36207295909998,2.230321868554275,-0.6640786185430745,-2.0931404211926337
0.7380730117824483,0.2588996857395101,0.2588990503672842,0.1665502900080263,1.0242496612736145,-0.372339688091192,-0.899878685365971,0.166550971082469,2.852160270099544,1.8278490363322581,2.4053335815865817,0.13657472251496974,-2.0931404211926337
-0.084020297292925,-0.032858572147984565,-0.03285762309629853,0.08990998517884122,0.0802629360068786,0.24499302131948977,0.1794292520415955,0.08990784817870473,-0.6453066377860797,-0.04147106199991858,-0.6609014152730027,0.1343030072667908,-2.0931404211926337
-0.5133938727335658,-0.04148612098707615,-0.041485171757334884,0.05404614782009624,-0.522839694024647,0.4541439939067153,-0.899878685365971,0.05404567064821972,0.23395272843611453,0.47192538998939093,-0.10412368529991196,0.3469358335768382,-2.0931404211926337
0.5932030655971915,0.17928505649622806,0.17928600116969678,0.24479374979699456,0.1785948865554969,-0.9626851752325543,0.1794292520415955,0.2447968385642224,0.5632761644832648,1.1920672417101834,1.0009652451945017,-1.3449561917616293,-2.0931404211926337
0.8131261164326417,0.22604365635156087,0.22604617846263533,0.25702783631848597,1.4011888050433179,-0.1294546876673172,-0.899878685365971,0.25702723301311786,3.0625924930367385,1.799831049298746,3.6527815512667448,0.5398495296475484,-2.0931404211926337
-0.3842327158936983,-0.32246862404023524,-0.3224724042194081,-0.22795355848153903,-0.1590114769947593,0.5789598969023176,0.1794292520415955,-0.22795345103227843,0.23680527715577723,0.5430784250865873,-0.26515321451447815,0.38626176415534147,-2.0931404211926337
0.05910422785395529,0.18292327458516075,0.18292421918354398,0.21535563262434682,0.48014620157125976,0.37992913266608686,0.1794292520415955,0.21534973320157644,-0.3001096423503911,0.1473779250379081,-0.11247990166436003,0.13191547361222433,-2.0931404211926337
-0.11892871806045677,0.2600882229286495,0.26008600912928553,0.3672148546370665,-0.1393450868850356,0.08644309048723818,1.2587371894491621,0.367223598729651,-0.39487016867005154,0.4749985938111294,-0.2181046827727332,-0.5191144404180333,-2.0931404211926337
0.40993385656764963,0.2207370666704365,0.22073643208581017,0.33484553483110735,0.640755054134003,-0.13282809045098212,0.1794292520415955,0.33484529255515255,-0.5306833198008094,0.20952357522862788,-0.4585872131291325,-0.0702853237080283,-2.0931404211926337
-0.3528151372029197,-0.1295483611683052,-0.12954741012113663,0.01130954093508978,-0.0705127215010028,0.609320521955302,0.1794292520415955,0.011314002946940896,-0.5847948506079406,-0.3415553347767659,-0.8787146061852554,0.8520471141812228,-2.0931404211926337
-0.007221771604355084,0.20631678013660174,0.20631772425219014,0.27275807793613377,0.26053817867934553,0.282100451939804,0.1794292520415955,0.2727578742415298,0.04937921920762736,0.6772913170890711,0.4957588835432535,-0.5097282655919426,-2.0931404211926337
-0.27427119047597315,-0.08133289567475768,-0.08133194562265922,-0.0063464516863425,-0.4146745484211669,0.10331010440556282,-0.899878685365971,-0.006346891330058228,0.2516338068014287,0.630377003767844,0.248850615850496,-0.1751170286173134,-2.0931404211926337
0.1044851748517466,-0.04677376983650111,-0.04677597730285151,0.09662882562826958,-0.3392867196672262,-0.5511300356254332,0.1794292520415955,0.09663200646567066,0.17559850730329124,0.9790407520960237,0.6316094505771556,-1.2848708583900312,-2.0931404211926337
0.5862213814436851,0.34033579163122096,0.3403351545783178,0.41549454583143564,0.2539827153094376,-0.8716033000736012,0.1794292520415955,0.4154942534399191,0.48804495095022254,0.9134994769654813,0.19427321589919852,-0.3024886698925903,-2.0931404211926337
0.20397417403921217,-0.1565564087690546,-0.15655387876188528,-0.10670165960805052,-0.018069014541739703,-0.4128205214951711,-0.899878685365971,-0.10670162750512036,0.37284527147747715,0.9755471764367831,0.7497823453681157,-1.0771435695216136,-2.0931404211926337
0.20746501611596535,0.22949404452614086,0.22949498816339722,0.2838098581440772,0.008152838937891847,-0.39258010479318156,-0.899878685365971,0.2838092381962723,0.4731776446907348,0.913034211048246,0.7285194977872916,-0.6499487729637993,-2.0931404211926337
0.5181499609469982,0.15755834413433714,0.15755928925620147,0.06321311560851935,0.9357509057798579,-0.03837281250836414,-0.899878685365971,0.06321181396908226,3.4833984214757017,1.9367171796853448,5.207396312587915,0.5808618041311034,-2.0931404211926337
-0.07005692898591229,-0.05101493773453242,-0.051017145113353646,-0.046389299726769466,0.1917058132953127,0.33270149369477786,0.1794292520415955,-0.04638889571655067,0.10311021042715648,0.35398047997023996,-0.29275906461617035,0.48594582929157243,-2.0931404211926337
0.8742158527758223,0.08844956287367373,0.08845050942180413,0.17207208625357162,0.39820290944741116,-1.2797850368970576,0.1794292520415955,0.17207358266792838,0.3774240845421952,0.7577619143709009,-0.047643384592353656,-0.02622897869996317,-2.0931404211926337
0.9789411150784176,0.13730743824236036,0.13730680537955356,0.2823360691105687,1.7551838270183437,-0.08560045147967313,0.1794292520415955,0.28233749700652233,0.3260485963558824,0.8156916023466726,-0.038956228965947075,-0.3465750160541173,-2.0931404211926337
-0.12067413909883336,-0.23144056529540336,-0.23144119054799395,-0.2418628518711185,0.008152838937891847,0.24161961853582484,2.338045126856729,-0.2418684671768125,-0.10361038553656667,0.8454604584897809,1.9548700895176099,-1.0219107482971546,-2.0931404211926337
0.011977859817787392,0.22358292663327625,0.22358071358730808,0.30903785131100225,0.1851503499254048,0.16740475729519644,-0.899878685365971,0.30903557814408605,0.39220854985394193,0.7972972734959749,0.7648400817872203,-0.43008148246199274,-2.0931404211926337
-0.2515807169770775,0.032414690693543725,0.032414059995512015,0.12274600484541143,-0.5588947425591404,-0.08897385426333806,-0.899878685365971,0.12274466621204037,0.2785997690924963,0.64085364946559,0.6588567831450595,-0.1280703360804722,-2.0931404211926337
0.9929044833854304,0.2025617602521892,0.20256270444527366,0.18975427956893295,1.6109636328803703,-0.2610173962302494,0.1794292520415955,0.18975289929639866,-0.0908701528033326,0.6009509751426986,-0.08412943822326178,-0.5476462350614701,-2.0931404211926337
-0.1294012442907163,0.22176934199805556,0.22177186419734327,0.3059117810165936,0.11631798454137199,0.3698089243150921,0.1794292520415955,0.30591196610575727,0.2711356234436903,0.8431871855432891,0.7921425708987843,-0.6248294351013339,-2.0931404211926337
-0.3353609268191538,-0.17722716976370215,-0.177226217732539,0.03553044492911731,-0.12951189183017378,0.514865244012684,0.1794292520415955,0.03552506663590075,0.07739920036569832,0.8170465872986211,0.4962828707080211,-0.7385386906303455,-2.0931404211926337
2.2478622099781975,0.09475370302430157,0.09475464944232723,-0.24737973548655212,1.7617392903882516,-2.5313174696367455,-0.899878685365971,-0.2473787971946245,1.3041425009532415,1.0980631200287723,0.5630498668081179,0.7749301957594722,-2.0931404211926337
0.8689795896606926,0.3915233892989378,0.3915227511896257,0.3595233134255225,0.5752004204349241,-1.0875010782281567,-0.899878685365971,0.3595230558147146,1.855232916676592,1.665748758255486,1.7879939666751128,-0.9426365376311259,-2.0931404211926337
0.21444670026947169,0.4202724150133934,0.42027335471336835,0.45566675979813726,0.17203942318558904,-0.23740357674459486,-0.899878685365971,0.45566521428670953,0.32286856150663906,0.8083575422302529,0.8236645356003167,-0.5103227070512326,-2.0931404211926337
0.43960601422005163,0.15649134394860242,0.1564922890924875,0.20093215061640993,0.20481674003512848,-0.6388385080007213,0.1794292520415955,0.2009270789276154,0.39099484184086747,0.6329278037526868,-0.1534612136035359,0.3887434874777532,-2.0931404211926337
0.3645529095698583,0.04880008851619462,0.048802614285219384,0.05612910298745497,0.39164744607750324,-0.3014982296342285,-0.899878685365971,0.05612739636445849,0.6843268824692285,0.7318376239649474,0.05960851455398051,0.6154552271763151,-2.0931404211926337
0.45182396148868775,-0.025051792682535056,-0.02505084379196523,0.02643225396225794,0.1327066429661417,-0.7366671887270042,-0.899878685365971,0.026438753504746473,3.706974506444698,2.002258454815887,3.7415008517434116,0.5438710796139192,-2.0931404211926337
3.2340250966609703,-0.2789047111315401,-0.2789084922097843,-0.7122782983899675,1.5650753892910152,-4.639694209427326,-0.899878685365971,-0.7122770712085374,1.719534509071322,1.2688728495737913,0.6920058658845539,0.8057337056510879,-2.0931404211926337
1.3576974804061375,0.2718394305955059,0.2718403733588387,-0.06522104848826744,1.3028568544946997,-1.2831584396807225,-0.899878685365971,-0.06522267970387902,3.6981919559254597,1.9770075756059322,4.250319967004372,0.7479738105234028,-2.0931404211926337
0.09924891173661683,0.19177969180728716,0.19178063622289176,0.30754932438715865,-0.5359506207644628,-0.743413994294334,0.1794292520415955,0.3075474615308062,0.3302812400134442,0.911915940334891,0.7360483659968442,-0.919635420743314,-2.0931404211926337
-0.38597813693207483,-0.07961085839275092,-0.0796114867788009,0.05749972678861791,-0.3261757929274104,0.4102897577190712,-0.899878685365971,0.05750293194097024,0.40158015238882,0.6966651531339484,-0.01750033348231442,0.09143345207357592,-2.0931404211926337
1.1133385350334148,0.2960252942730398,0.29602623653722515,0.4280463157668167,1.1881362455213116,-0.928951147395905,0.1794292520415955,0.4280439686476476,0.6544999111063884,0.9988512850983061,0.19639674283009803,-0.18345874468218673,-2.0931404211926337
0.7188733803603059,0.34123863794222725,0.34123326566286405,0.43499768737486527,1.1815807821514037,-0.17330892385496124,-0.899878685365971,0.43499738286403217,0.3245789626914887,0.5804874373442964,-0.173593352039335,0.2877554187177979,-2.0931404211926337
2.9931569933650013,0.35467873643561637,0.35467652068409466,0.32295696996080514,3.017110525725612,-2.6797471921180023,-0.899878685365971,0.32296082892832634,0.27969080199997975,0.7657897920831979,0.24898850720964544,-0.33007298624762815,-2.0931404211926337
0.9806865361167942,0.1722422239093223,0.17224316872814094,0.19959427768265828,1.214358099000943,-0.6455853135680512,-0.899878685365971,0.19959452883786966,2.9836898392027464,1.8094873577213664,2.7499792446443707,0.43038159997654674,-2.0931404211926337
0.19001080573219944,-0.19078091324728785,-0.19077838253379367,-0.03088503909425965,0.1917058132953127,-0.1699355210712963,0.1794292520415955,-0.030881369633733644,0.11403287751548435,1.0066710175318399,0.6207160332043598,-1.3869075721186637,-2.0931404211926337
0.514659118870245,0.1397539623368704,0.13975490782618133,0.20279567497211293,0.7128651512029898,-0.2610173962302494,0.1794292520415955,0.20279387721002423,2.263384978476774,1.7562429791577536,1.8667575110211998,-0.5557270108613499,-2.0931404211926337
0.1830291215786931,-0.2524254284157332,-0.2524260532352384,-0.17274869637305035,0.16548395981568115,-0.18342913220595602,0.1794292520415955,-0.17274985138503815,0.4643961517155102,0.7369514677745601,0.08051284460101646,0.012699262169860146,-2.0931404211926337
1.2669355864105547,0.2347138220619762,0.23471476559150684,0.05235784060504368,0.9619727592594894,-1.4585753844312987,-0.899878685365971,0.05235695509669859,4.646332336393004,2.208681433429286,3.682648819658486,0.8419081197136132,-2.0931404211926337
-0.7525165549911585,0.012113275917035121,0.012114224040592774,0.12639772656177148,-0.6277271079431732,0.8083512861915326,0.1794292520415955,0.12640047951509095,-0.29444420281158,0.35875965882184124,0.2956785214176023,-0.16721346893323136,-2.0931404211926337
-0.08925656040805476,0.2890313921680243,0.2890339129791587,0.3220677839105883,-0.20162198889916055,-0.03499940972469922,-0.899878685365971,0.32206632141800545,0.5037942489171493,0.8866079232052756,0.7652537558646685,-0.4885997788411431,-2.0931404211926337
-0.3126704533202581,0.049433027975484,0.04943397532883712,0.11884701408009607,-0.36550857314685775,0.22812600740116512,0.1794292520415955,0.11884731541192373,-0.035002570161426355,0.48653637230256996,-0.3325269325948318,0.01760200880651663,-2.0931404211926337
0.4797506981027132,-0.03673512903580179,-0.03673260150150238,-0.023054306696217622,0.7063096878330819,-0.20029614612428068,0.1794292520415955,-0.023058011042323044,1.0373706782293526,1.5152229901899361,1.2614144443557216,-1.7417821463024028,-2.0931404211926337
-0.3336155057807772,-0.1412774711981789,-0.14127651990894513,0.08159781502985307,-0.6605044247927127,-0.03499940972469922,0.1794292520415955,0.08159527380933831,-0.01726226933134406,0.9487617359559469,0.502129464335952,-1.3691224697257491,-2.0931404211926337
0.2842635418045352,0.28239578746265637,0.28239673000812726,0.327900713396541,-0.2507879641734697,-0.8075086471839676,-0.899878685365971,0.3279041599064154,0.5380953364873495,0.9248984919377464,1.0416431961435486,-0.5792346588517964,-2.0931404211926337
-0.10845619183019724,0.22866064793136584,0.22866001318321275,0.24959993958960294,-0.0016803561169699843,0.20788559069917556,0.1794292520415955,0.2495968845864249,0.602568154768861,0.8489540341490215,0.2395291599720025,-0.007707801495369036,-2.0931404211926337
0.5425858554842704,0.48299655758870635,0.4829990743967904,0.5163835928919479,0.28676003215897705,-0.7535342026453288,-0.899878685365971,0.516381190879703,0.4213650383120861,0.7089742935408053,0.14854844120528662,0.014440026771889167,-2.0931404211926337
-0.4261228208147364,-0.05863388728562922,-0.058634516104601624,-0.04331563082021888,-0.6473934980528969,0.15728454894420166,1.2587371894491621,-0.04330622223704666,-0.7956162497421823,-0.5630668054605065,-0.9316097315549313,1.182964023072588,-2.0931404211926337
0.7188733803603059,-0.062412583209666035,-0.062413211950653774,-0.011164104282544853,0.9783614176842592,-0.38245989644218675,0.1794292520415955,-0.011171500487555554,0.5814772019886559,0.7395634869590391,0.02717646688206277,0.19797173422396844,-2.0931404211926337
0.8619979055071861,0.3467441063561957,0.3467450475736469,0.3310513468415081,0.5162012501057531,-1.1347287171994656,0.1794292520415955,0.3310421004403329,-0.08133498346099985,0.6996281623963416,-0.17742673182368623,-0.5904704396738706,-2.0931404211926337
0.6926920647846571,0.13017463670488233,0.1301740039892822,0.22176333983336782,0.9455841008347198,-0.36559288252386213,0.1794292520415955,0.2217586645855918,0.7893628589408227,1.0129276197346622,0.31903731765749577,-0.13507037265448307,-2.0931404211926337
-0.12067413909883336,0.0394780425147905,0.039478990073594476,0.12301619950155467,-0.46711825538043,-0.24752378509558964,-0.899878685365971,0.12301895455616622,0.2855777970096643,0.6362254779730914,0.5603196178969615,-0.11916976131971699,-2.0931404211926337
0.022450386048046927,0.01838426961218896,0.018382060801107842,0.15579818023689623,0.5030903233659374,0.47438441060870484,0.1794292520415955,0.15580255246302968,0.24617229699992918,0.9570018402269828,0.6658065076461848,-1.0334011900730327,-2.0931404211926337
1.4886040582843816,-0.03780055081889488,-0.037799601665216356,0.02006548533750106,1.7781279488130215,-1.0470202448241774,-0.899878685365971,0.020058479111908473,0.08158531208665663,0.3760642859190142,-0.23666485971423024,0.32127438184833024,-2.0931404211926337
-0.15209171778961195,0.07788689239595675,0.07788626075947037,0.1308993332874548,0.04093015578743128,0.3360748964784428,-0.899878685365971,0.1309016740578727,0.213731429349855,0.6907391346091618,0.7194186680834372,-0.4212011410372932,-2.0931404211926337
0.3226628046488202,0.24955554210112332,0.24955648532435076,0.36188792605261844,-0.17212240373457505,-0.8007618416166378,0.1794292520415955,0.36188521065890294,0.6591781333083958,0.9414440009594301,0.2157015331110016,-0.05966910159000281,-2.0931404211926337
0.39247964618388376,0.18559393185478076,0.185594876398047,0.2748770590576449,0.4244247629270427,-0.32173864633621807,0.1794292520415955,0.2748743977327696,0.3575916091383119,0.9131403243276155,0.9016834666069975,-0.783744847287366,-2.0931404211926337
0.08179470135285094,-0.04085002472250354,-0.04085223231110811,0.03681591647501087,0.034374692417523396,-0.12270788209998733,0.1794292520415955,0.03681463123888052,0.30336251468832265,0.7653041197660838,0.665392833568737,-0.46358649156765913,-2.0931404211926337
0.7136371172451761,0.2161391797753992,0.21613538848044592,0.2613853392275596,0.7784197849020686,-0.5781172578947525,0.1794292520415955,0.26138514260001294,0.001392807070602384,0.7782825900889635,0.4408229660581679,-0.8446946324994106,-2.0931404211926337
-0.07354777106266545,0.15324614811743295,0.15324551492568328,0.29459308123924804,-0.3982858899963972,-0.2677642017975792,1.2587371894491621,0.2945965484465951,0.12553331614997226,0.8228583299840867,0.6601805401928931,-0.6649019060101663,-2.0931404211926337
-0.11718329702208018,-0.23539762071794318,-0.2353982458888681,-0.17958871503190052,-0.16556694036466718,0.056082465434253825,1.2587371894491621,-0.1795886376367134,-0.5377089371985946,0.16139712175460358,-0.5053323838807493,-0.0317757035841839,-2.0931404211926337
-0.07180235002428888,-0.19858137910217089,-0.19857884822769079,-0.104599053920245,0.1458175697059575,0.2888472575071338,0.1794292520415955,-0.10460557329329291,-0.05193384982101607,0.6949755032239886,0.5472475170496065,-0.7326235794896633,-2.0931404211926337
1.1395198506090638,0.5445432117933713,0.544534678512993,0.5041347684801214,1.1258593435071866,-1.0436468420405125,0.1794292520415955,0.5041323740793364,-0.537350429777945,-0.028966020154225707,-0.7272271590238214,0.41024245358874406,-2.0931404211926337
-0.1608188229814949,-0.2135193817024568,-0.21351842892229547,-0.12433636416566544,-0.21801064732393027,0.08644309048723818,0.1794292520415955,-0.12434000557476586,0.5067888610493211,0.7610187757915481,0.03787683635204901,0.09442170649862214,-2.0931404211926337
0.06434049096908506,-0.08409825710287484,-0.08409888539631395,-0.1981961203516311,-0.37534176820171955,-0.510649202221454,0.1794292520415955,-0.19819521262256434,-0.4337530656796754,-0.22912015272487524,-0.6020769614599063,0.8359239361498446,-2.0931404211926337
0.025941228124800104,0.23032901952355753,0.23032996314358167,0.37206525810068014,0.4309802262969506,0.3934227438007466,1.2587371894491621,0.37206253638273695,0.17702548669246507,0.8700991457033737,0.59266893075339,-0.9821201486906146,-2.0931404211926337
-0.22190855932467551,-0.05893694059282014,-0.058939147808147185,0.020612424823269783,-0.6473934980528969,-0.23740357674459486,0.1794292520415955,0.020602961944277708,-0.6634299458064628,-0.3047054578757343,-0.611150212891931,0.6869333241497295,-2.0931404211926337
0.4151701196827794,0.028010947323425624,0.02801031671627831,0.11922692414206716,0.2965932272138389,-0.4971555910867943,0.1794292520415955,0.11923418479281767,0.2040605418590954,0.5640398790420307,-0.051614655735854297,0.04466584003405398,-2.0931404211926337
0.4640419087573239,-0.06382525357391539,-0.06382588228574845,0.005324319915674552,0.3621478609129178,-0.5241428133561137,-0.899878685365971,0.005324691790879301,2.0543095845091774,1.7229683035154777,2.806818062885717,-0.9633394266235136,-2.0931404211926337
-0.18874555959552033,-0.18079751653904522,-0.1808012996420244,-0.13106339233194664,0.024541497362661566,0.39004934101708166,-0.899878685365971,-0.13106007000584932,0.190303304299338,0.6295974792924761,0.7551325301031091,-0.3306283564372935,-2.0931404211926337
-0.017694297834614618,0.04173357988966461,0.041732948999309794,0.14004828809880165,0.06059654589715494,0.09656329883823296,-0.899878685365971,0.14004939502726413,0.2911640970047823,0.7525133883220885,0.7112830778936279,-0.42719997632717116,-2.0931404211926337
0.3244082256871968,-0.017489665626536553,-0.017490295294642844,0.11449114871439306,0.0868183993767865,-0.5376364244907734,0.1794292520415955,0.11449145275296985,0.4317388400572955,0.8255274870882261,-0.006358711663049837,-0.12990249954537328,-2.0931404211926337
0.15684780600304427,-0.044941244369581,-0.04494029506853294,-0.007671224273129619,0.32609281237842436,0.032468645948599335,-0.899878685365971,-0.0076753475639215136,0.37377203254816344,0.6006407978645417,-0.07946871028401502,0.2591950183233859,-2.0931404211926337
1.095884324649649,0.14533992928556141,0.14534087465958925,-0.09551396330035015,1.4372438535778114,-0.6388385080007213,-0.899878685365971,-0.09550697859449121,1.727521433977575,1.3194439897532888,0.6856904416355156,0.4414366761766068,-2.0931404211926337
1.1238110612636745,0.24712953724095432,0.2471304805142496,0.3001001395944583,1.9944582400199817,-0.1193344793163224,0.1794292520415955,0.3001007376805834,0.3300239043034401,1.0842888001106217,0.9439058007785166,-1.4229989597332366,-2.0931404211926337
-0.11892871806045677,0.12375685156405787,0.12375148377308078,0.2725042587136962,-0.3687863048318117,-0.14969510436930675,1.2587371894491621,0.27249996132093385,0.0067115484302503045,0.35273568957763674,-0.4471698085915696,0.4558044378798467,-2.0931404211926337
0.2737910155742757,0.31161675556695617,0.3116161191067561,0.38461211540594953,0.5850336154897859,0.07294947935257846,0.1794292520415955,0.3846102046625242,0.7596067430269016,0.9931578995321372,0.3318336357865519,-0.12579862083229323,-2.0931404211926337
-0.04562103444864004,-0.1478878214612809,-0.1478868700356228,-0.07230506110933181,0.30314869058374677,0.4001695493680764,0.1794292520415955,-0.07230300345262032,0.3124806591745801,0.7263197334377357,0.7300087244661042,-0.38983877244979565,-2.0931404211926337
0.34011701503258607,0.2649070861935135,0.264908029099916,0.3379159286509168,0.522756713475661,-0.1193344793163224,0.1794292520415955,0.3379177313949504,0.17131686410642727,0.7362617314586587,0.78091821426403,-0.5331577710431396,-2.0931404211926337
-0.12591040221396313,0.07082511897735161,0.07082606588921504,0.017715610600740225,-0.2278438423787921,0.008854826462944842,-0.899878685365971,0.01771679354713251,-0.5458779359325422,-0.3928202925521407,-0.7604313983069758,1.0167841455413351,-2.0931404211926337
-0.007221771604355084,-0.0903297907319882,-0.090330418896821,0.18804468429006305,0.2965932272138389,0.3192078825601182,0.1794292520415955,0.18804780832134763,-0.28114629186844653,0.8259886717254856,0.16691557024397483,-1.2947572850075668,-2.0931404211926337
0.06084964889233188,-0.062205812463613896,-0.062206441208868965,0.026196447716896575,-0.2409547691186079,-0.36559288252386213,-0.899878685365971,0.02619516907973918,1.7602961330213123,1.348404752461199,1.489238547942214,0.27941928426287094,-2.0931404211926337
-0.29347082189811563,-0.23860177808043054,-0.23859924638001,-0.021893288446487007,-0.3851749632565814,0.17077816007886137,0.1794292520415955,-0.021897402899641254,-0.2302503998923538,0.7423999765421841,0.3301237829331002,-0.8205444016638865,-2.0931404211926337
-0.11020161286857383,-0.08705144844534472,-0.08705049827522686,0.02571173487920932,-0.10656777003549618,0.10331010440556282,0.1794292520415955,0.025714141013548315,0.1961388321670217,0.6183984470390227,-0.13040577835377087,0.09697319994536367,-2.0931404211926337
1.5357304263205493,0.33600623318525896,0.33600717462431823,-0.058682337809601234,1.3880778783035022,-1.539537051239257,-0.899878685365971,-0.05868683878750695,4.468507015516037,2.1617263073083017,4.291218544128057,0.9593647286203794,-2.0931404211926337
0.5670217500215426,0.19907980402477682,0.19908074828972183,0.272286465445411,0.1917058132953127,-0.8985905223429207,-0.899878685365971,0.2722809400312214,1.889660909528438,1.5486894859910725,1.4413075115019136,-0.2285155932731415,-2.0931404211926337
0.19873791092408238,0.23978365134685767,0.23978459477175726,0.41410918413993764,-0.3032316711327328,-0.696186355323025,0.1794292520415955,0.4141064362957599,-0.027404468937549678,0.8476316994368791,0.4065155959018189,-1.0864404385885622,-2.0931404211926337
-0.0351485082183805,0.2576622180684805,0.25766158272179346,0.3197293719774214,0.42114703124208874,0.5013716328780242,0.1794292520415955,0.3197266827811707,0.6098458201565818,1.3156402368158915,1.228706613965505,-1.566534245712003,-2.0931404211926337
0.30869943634180746,0.04862962103089973,0.04862898999822451,0.03685357997253386,0.6145332006543714,0.035842048732264264,0.1794292520415955,0.036855569797705275,0.6324518809937705,0.9013372626377513,0.21611520718844937,-0.09471812354708811,-2.0931404211926337
-0.7036447659166141,-0.1988086690825641,-0.19880771660600222,-0.08484864332786003,-0.696559473327206,0.6430545497919512,-0.899878685365971,-0.0848506717324076,0.05147491892814081,0.5863236677096165,0.5543902894535409,-0.4586314173377553,-2.0931404211926337
-0.3231429795505177,-0.007572561829241922,-0.007570034896799176,-0.764573245928962,-0.7490031802864692,-0.14632170158564184,0.1794292520415955,-0.764563798539514,-0.9680814087856306,0.5436946983629253,-0.6300689073672167,-0.6835137843763892,-2.0931404211926337
0.1516115428879145,0.20345829295262902,0.20345608032199275,0.2961814983086961,0.48997939662612155,0.2112589934828405,-0.899878685365971,0.2961788237451719,0.693374171506567,0.8681442125949902,0.21211635777311963,0.08334639696250644,-2.0931404211926337
-0.09798366559993771,0.30151497866059207,0.3015096072010452,0.44628854891491126,-0.1459005502549435,0.03921545151592919,0.1794292520415955,0.4462861904599582,0.33049768402158475,1.0314239805847536,0.2149569197715953,-0.9580103845272019,-2.0931404211926337
-0.3475788740877899,0.23332640613999275,0.23332419289293876,0.3562629645747275,-0.13278962351512774,0.5351056607146736,0.1794292520415955,0.3562602526763817,0.11815236396357857,1.0423414045198802,0.6759828899514039,-1.373735670346437,-2.0931404211926337
2.013975790835735,0.22096909185875455,0.22097003567194873,-0.19241886734027763,1.3126900495495615,-2.5414376779877403,-0.899878685365971,-0.19241673504445023,3.28067992457455,1.8350157639696723,2.572595800234697,0.843086537113544,-2.0931404211926337
0.44309685629680484,0.38261014958171313,0.3826095116563523,0.45669186194811096,-0.05740179476118703,-0.9154575362612453,0.1794292520415955,0.4566968659690933,0.7822988174438724,1.3233456934101042,1.4015120652514221,-1.3518229673981703,-2.0931404211926337
-0.7594982391446649,-0.048397946154727464,-0.048396996782340045,0.1511442819777504,-0.7391699852316073,0.7071492026815849,0.1794292520415955,0.15114374446877263,-0.33461342585655357,0.6892902802177712,0.032912747422673826,-0.9159117892078315,-2.0931404211926337
1.0505033776518578,0.28327653613667997,0.283277478663974,0.3135148948861271,0.581755883804832,-1.4315881621619793,0.1794292520415955,0.3135203972633379,0.548884400515278,0.7573456238133746,0.008340507222266641,0.26282166938604995,-2.0931404211926337
0.20921043715434193,0.07004538807239162,0.0700447565977381,0.18733071538049667,0.4867016649411676,0.09656329883823296,1.2587371894491621,0.18733138354191442,0.0012542688048056163,0.9547489736803697,0.410955697666427,-1.3292411689575805,-2.0931404211926337
1.2442451129116592,-0.2329400478049418,-0.23293909462397702,-0.18313072134243272,1.4765766337972586,-0.885096911208261,0.1794292520415955,-0.18312368219123096,0.18642564291571345,0.571720847956389,-0.22378580676968457,0.2181966978646968,-2.0931404211926337
0.4378605931816751,-0.06471389426114711,-0.06471610135724946,0.04112429308296749,1.106192953397463,0.29222066029079874,-0.899878685365971,0.0411213676272447,0.03874949181109877,0.6023263664945258,0.6284379493167214,-0.5205000750872235,-2.0931404211926337
1.691072898736066,0.1406236621924027,0.14062460766376475,0.24618238657523372,3.0203882574105663,-0.15981531272030153,1.2587371894491621,0.24618056185249912,-0.4482475876743284,0.3048622754621088,-0.4043407524397933,-0.1531680452043952,-2.0931404211926337
-0.1782730333652608,-0.009603966029006077,-0.009603017457248285,-0.03699471340983782,0.050763350842293116,0.39679614658441154,-0.899878685365971,-0.0369934964662695,-0.2605462157679411,-0.12549237286064943,-0.45207874097728507,1.0810577794764522,-2.0931404211926337
0.12717564835064227,0.26911826444135406,0.2691160504556282,0.3824390953532097,0.09665159443164832,-0.14632170158564184,0.1794292520415955,0.38243636718892976,0.5675126858022103,0.7907672255347776,0.05136261127685177,0.19727752148688674,-2.0931404211926337
0.6874558016695272,0.023973393366163224,0.02397276284234289,0.10379307787449164,0.5653672253800622,-0.7467873970779989,-0.899878685365971,0.10379420733206147,0.23968567453446782,0.6086033750972267,0.4937732479715034,-0.16132975434849758,-2.0931404211926337
-0.2201631382862989,-0.09374545404845257,-0.09374450374018391,0.02519099608736964,0.10648478948651016,0.5351056607146736,0.1794292520415955,0.025190127460591457,0.29890602421452434,0.9440111260641758,0.18423472495312881,-0.9004702652911556,-2.0931404211926337
-0.44881329431363204,-0.11747200255727525,-0.1174710517593384,0.004724979042047747,-0.3982858899963972,0.4575173966903802,0.1794292520415955,0.004733129615861598,-0.9285327878193727,-0.5456683089238914,-1.0915912864399628,1.0657544004059494,-2.0931404211926337
-0.24459903282357118,-0.04154452188481607,-0.04154357265386953,0.1672446083971459,-0.1524560136248514,0.31583447977645324,0.1794292520415955,0.16724283272660734,-0.055961329939917016,0.9448477884592043,0.5091895019243966,-1.1546421305234482,-2.0931404211926337
-0.4243773997763598,-0.41575222015994123,-0.41574968480349234,-0.34237035132628907,-0.5883943277237259,0.21463239626650543,-0.899878685365971,-0.34236853523570254,0.7302316954725895,0.6207370204651265,0.5398565401992034,0.7052661220186331,-2.0931404211926337
0.43960601422005163,0.22695281627313366,0.22695060315761773,0.1990686262607069,0.24087178856962185,-0.6017310773804071,0.1794292520415955,0.19907256221285402,0.5191483779376175,1.2513927274376613,0.7365171966179516,-1.5650453512588047,-2.0931404211926337
-0.40343234731584077,0.03509639678165507,0.035095766028278345,0.15129493596784238,-0.814557813985548,-0.05861322921035371,-0.899878685365971,0.15129726406436544,0.4128560391777289,0.507016235220875,-0.14645633255875048,0.7244445337944142,-2.0931404211926337
0.4588056456421941,0.3103919151170595,0.3103912786821377,0.3337631186631638,0.3949251777624572,-0.4802885771684697,0.1794292520415955,0.33377065538600276,0.4019464151322369,0.743861074773502,-9.844395767118045e-05,0.08972478172873863,-2.0931404211926337
2.9914115723266246,-0.057803647496137416,-0.05780111952702622,-0.15056817141874684,2.1812889460623563,-3.5365914991688943,-0.899878685365971,-0.15056934021378612,1.9350669142719965,1.3391035153964685,1.2588496650755443,1.14220710724408,-2.0931404211926337
2.720871311378253,0.35083532600327316,0.3508362671362898,-0.008180500261375347,2.679504162175356,-2.500956844583761,-0.899878685365971,-0.008178891837465995,1.755155764085311,1.3699824796929805,0.6448194427836595,0.513342464012163,-2.0931404211926337
-0.38946897900882804,0.1239462598810522,0.12394562729399322,0.19172588178709324,-0.23767703743365393,0.5081184384453541,-0.899878685365971,0.19172818475969305,0.5520478671749731,1.0756854619217442,0.9487044200769124,-1.1241951459671577,-2.0931404211926337
0.5373495923691406,0.02667877549389886,0.02667814491424489,0.07872065132777029,1.1324148068770945,0.12692392389121732,0.1794292520415955,0.07871729312395806,0.09726586969269181,0.7127249898385181,0.545951338273603,-0.466501487362159,-2.0931404211926337
-0.02642140302649756,-0.04615819280626955,-0.04615724348010613,0.059404189728585056,0.1917058132953127,0.2483664241031547,0.1794292520415955,0.059402481070438856,0.44166776828740173,0.8259968342854371,0.6744660850007612,-0.4099828027463014,-2.0931404211926337
-0.09798366559993771,-0.19540563298723268,-0.19540468058090263,-0.05853987153636207,0.17531715487054297,0.3698089243150921,0.1794292520415955,-0.05854150690367907,-0.022771368613460824,0.9156339863927977,0.4995646850557746,-1.2631849083458364,-2.0931404211926337
0.6054210128658276,-0.22551997698668902,-0.22552060236146862,-0.26755426981191344,0.45064661640667425,-0.7063065636740198,-0.899878685365971,-0.2675553659114048,2.026408753309985,1.4647049066501234,1.6248960670733072,0.11924312593019906,-2.0931404211926337
0.2825181207661587,0.17735467006552752,0.17735245797361748,0.3308564791804109,0.35231466585805593,-0.18342913220595602,0.1794292520415955,0.330861970781504,-0.14658351027657196,0.7572109415741748,0.40734294405671495,-0.7570605655361828,-2.0931404211926337
0.2755364366126523,0.14651110404564302,0.14651204939550014,0.23175235439381456,0.39820290944741116,-0.12270788209998733,0.1794292520415955,0.23175176679471438,0.3966615151810279,0.6978568868868669,-0.08719062639637665,0.2528543094242918,-2.0931404211926337
7.700557533866661,-0.21332681658017924,-0.2133274422066011,-1.8149525153707202,7.671489518360212,-6.987582546858114,-0.899878685365971,-1.8149592000812431,1.5262919590477355,1.5041463963357553,-0.1291095995777674,-1.0029423445956063,-2.0931404211926337
0.2266646475381078,-0.13394736933049844,-0.13394799659515225,-0.11073656647312279,0.24414952025457579,-0.18680253498962096,0.1794292520415955,-0.11074226326112363,0.7403777727401787,0.8962397439480416,0.21181299678299118,0.05598255420035086,-2.0931404211926337
0.23888259480674393,0.1416338398830391,0.14163320693094408,0.2057383404090183,0.5948668105446477,0.1505377433768718,-0.899878685365971,0.2057394065174653,4.52530135922863,2.1668156634380598,4.732470893405854,0.8787488384634884,-2.0931404211926337
0.663019907132255,0.0006114558675546201,0.0006139826310957208,0.08101648713330248,0.9062513206152724,-0.3487258686055375,0.1794292520415955,0.08101394627402679,0.2510708408714607,0.6422453659373202,-0.07814495323618148,-0.12508557016164246,-2.0931404211926337
0.4972049084864791,0.06745365093485259,0.0674498627084692,0.060037919012993726,0.7521979314224371,-0.18680253498962096,-0.899878685365971,0.06003702873222255,0.15721627725688347,0.7481464187480378,0.6118082514033141,-0.6042291081917112,-2.0931404211926337
-0.6425550295734335,-0.03285699374534294,-0.03285604469368948,0.14938556039776354,-0.7195035951218837,0.5013716328780242,0.1794292520415955,0.1493854333672494,0.1788642032176456,0.9004597874429654,0.06255938963977603,-0.7160161967954362,-2.0931404211926337
0.6211298022112169,0.08153458090073917,0.08153394918897185,0.2113321885628685,0.4178692995571348,-0.7704012165636535,-0.899878685365971,0.21132956672498554,0.3885557928305676,0.7628635143405863,-0.04221046504187103,-0.07384708855506562,-2.0931404211926337
-0.21841771724792233,-0.3169015979232437,-0.3169022214120906,-0.23313310816263624,-0.01479128285678576,0.4069163549354063,0.1794292520415955,-0.2331321787236099,0.0023861934141527446,0.5354260251320592,0.5375399653654948,-0.3155454509596729,-2.0931404211926337
1.1011205877647787,0.3186532745432954,0.3186542163404848,0.400599451332776,1.9551254598005343,-0.11596107653265748,1.2587371894491621,0.4005905710997672,-0.27767578493010253,0.3629225643971046,-0.24637241139834193,-0.2672917352719258,-2.0931404211926337
0.44135143525842824,-0.1970029764605515,-0.19700518082647359,-0.15202230993180862,0.0868183993767865,-0.7636544109963236,-0.899878685365971,-0.1520226590520649,1.0397505047748843,1.1740769595770848,1.108244722612666,-0.8109349624399403,-2.0931404211926337
2.781961047721434,0.008942265010021764,0.008943213199022698,-2.3844950122833533,2.1714557510074948,-3.1419033734800976,-0.899878685365971,-2.3844974539151993,0.2481435590414954,0.23747626178252818,0.5509154272029783,1.211678615441769,-2.0931404211926337
-0.09449282352318453,-0.054047049209083264,-0.05404767812271878,-0.02308050739014666,0.23431632519971396,0.4237833688537309,-0.899878685365971,-0.023082574177617898,0.28152846098114653,0.3906711869522174,-0.23583751155933447,0.7891472539941597,-2.0931404211926337
-0.054348139640522986,0.21271088923780188,0.21271183322142875,0.31516062597354494,-0.05412406307623308,0.049335659866923974,0.1794292520415955,0.31515384576044564,0.7590719782706327,0.9378034992210627,0.2979675179794808,-0.004126501013519352,-2.0931404211926337
0.6682561702473848,0.2982713612320642,0.2982707250472862,0.43311615004208603,0.4572020797765821,-0.8210022583186274,1.2587371894491621,0.4331162560860347,0.8877588690649667,1.4367807890560533,1.0007997755635227,-1.6503065362935752,-2.0931404211926337
0.16208406911817402,0.1628223169441378,0.16282641876258241,0.22093801797460302,0.6505882491888648,0.35631531318043236,0.1794292520415955,0.22093375262527298,0.7185923660576335,0.9548346805598604,0.26978252416936155,-0.10560016983881021,-2.0931404211926337
-0.1468554546744822,0.12732246313147608,0.12732025207213002,0.23827796472551627,-0.3556753780919959,-0.0822270486960082,0.1794292520415955,0.23827737307138025,-0.2975019150699036,0.12697968771911794,-0.5062976233947944,0.40302543192806745,-2.0931404211926337
0.08004928031447435,-0.12786736235498056,-0.12786483293989537,-0.03854219189502178,0.4703130065163979,0.329328090911113,-0.899878685365971,-0.03854302091778646,0.3515019181926652,0.8148671837915715,0.8406527510475117,-0.5896262211694798,-2.0931404211926337
0.038159175393436225,-0.0817180259193128,-0.08171707585926603,-0.009962147448550111,-0.06067952644614097,-0.13620149323464703,0.1794292520415955,-0.009959719146342819,1.1887922977158774,1.4244879737690994,1.6015924273770734,-1.3076124304153363,-2.0931404211926337
0.47102359291083024,0.3161878096170859,0.31618717306254845,0.6433619809323023,0.7390870046826213,-0.14969510436930675,1.2587371894491621,0.6433726003540917,-0.2649272681020944,0.9220334333947711,-0.2320592883186434,-1.1389431548479954,-2.0931404211926337
-0.2847437167062327,-0.22208852964380849,-0.22208915508940621,-0.151666963020396,-0.3327312562973183,0.20788559069917556,-0.899878685365971,-0.15166649359028953,0.14007313627987936,0.34082651460840313,-0.1637479089960744,0.5308331364804058,-2.0931404211926337
0.19175622677057605,-0.12611533542278303,-0.1261143844464652,-0.06355239179366166,0.12287344791127988,-0.24415038231192474,-0.899878685365971,-0.06355238650382904,0.1592019923999705,0.5824872645324132,0.4914290948659652,-0.23972834995418693,-2.0931404211926337
-0.18525471751876715,0.18146640894694605,0.18146735357539606,0.12959584876448502,-0.21801064732393027,0.13367072945854716,0.1794292520415955,0.12959164017548058,0.730301845892166,1.3189787238360535,0.9640930957579759,-1.5718200303312302,-2.0931404211926337
-0.24285361178519457,0.04798089754519416,0.0479771097206892,0.16720858244299344,-0.08362364824081858,0.3833025354497518,0.1794292520415955,0.1672080349516063,0.5666765210020323,0.8177567300144013,0.13511782282414403,0.043172061672152526,-2.0931404211926337
0.9422872732725093,0.0475768264689396,0.04757619545799194,0.08366275722013558,0.2146499350899903,-1.6002583013452256,-0.899878685365971,0.08366267102998841,0.4127679105099193,0.5899233566482266,-0.04551985766145465,0.40166072829617616,-2.0931404211926337
0.47276901394920684,0.16691985020178174,0.16692079513044344,0.18252288804451772,0.581755883804832,-0.3149918407688882,-0.899878685365971,0.18252724366382947,0.39965718485721347,0.8435014441014218,0.9109773442136608,-0.5803907498119414,-2.0931404211926337
0.4151701196827794,0.13605260814227293,0.1360551321105814,0.13995822321342058,0.4834239332562137,-0.30487163241789345,-0.899878685365971,0.13995728326990842,1.9536197614192838,1.42165556546593,1.1599539822936582,0.25463135449097235,-2.0931404211926337
0.6892012227079038,-0.1544492412424927,-0.15444828968142013,-0.1166562857577154,1.0275273929585684,-0.2745110073649091,-0.899878685365971,-0.11664969729953571,1.7625818381496232,1.371692536002819,1.1394081697804108,0.2537571348331197,-2.0931404211926337
0.3348807519174563,0.24201077747418265,0.2420117208531188,0.3414562974180784,0.5555340303252004,-0.07548024312867835,0.1794292520415955,0.3414609636612329,0.2068362423804281,0.8129816324427758,0.7328492864645799,-0.5862395793345103,-2.0931404211926337
-0.1904909806338969,-0.20626346475893245,-0.20626251212851865,-0.1408968402721897,-0.1983442572142066,0.1640313545115315,-0.899878685365971,-0.14089760569143783,0.05498667008301969,0.4592979097444256,0.40949404925944405,-0.045561582450513116,-2.0931404211926337
-0.2585624011305839,0.05561878792799039,0.05562131355629093,0.12868373710708028,-0.13606735520008167,0.3596887159640973,-0.899878685365971,0.12868075724162978,0.010444678798667026,0.3494992345568683,-0.2260748033315631,0.13802035949108363,-2.0931404211926337
0.06608591200746164,-0.2275119211204127,-0.2275125464540826,-0.17310895591457465,-0.46384052369547607,-0.6051044801640719,0.1794292520415955,-0.17310806377475474,0.11130300390141266,0.6110725494825544,0.5641529976813122,-0.36113883180672396,-2.0931404211926337
0.0067415967026576255,0.06303254513567667,0.06302717859792696,0.11422750423173209,-0.29667620776282494,-0.31836524355255313,0.1794292520415955,0.11423149290443266,0.831233141531858,0.910797669621536,0.21589458101381068,0.14241378422013243,-2.0931404211926337
-0.4261228208147364,-0.18194185845421926,-0.18194564153358156,-0.051442758568333184,-0.46711825538043,0.34282170204577267,0.1794292520415955,-0.05143866694758415,0.10114529364967255,0.6437799272082015,0.6831256623553382,-0.4427642956626675,-2.0931404211926337
3.054246729708182,-0.4064522717955198,-0.40645131503361215,-0.6890497456785023,3.649712740921723,-2.1467495522989437,-0.899878685365971,-0.6890464860034304,1.2410307418173823,1.1275258801736994,0.6314715592180062,0.3147571545346817,-2.0931404211926337
0.6228752232495934,0.21295080643932804,0.2129485936127854,0.2935401408519747,0.4998125916809834,-0.6894395497556952,0.1794292520415955,0.2935444274847989,0.643410857093236,0.921531435957754,0.23015254754984932,-0.25349887939316357,-2.0931404211926337
0.9056334314666009,0.43797262223651323,0.4379751399738006,0.32761578085006265,1.0668601731780156,-0.6523321191353809,-0.899878685365971,0.3276114492108184,0.7575783736085947,0.7588475348444499,0.2662525053751393,0.4749709887344917,-2.0931404211926337
-0.508157609618436,-0.24754500744784602,-0.24754405396546428,-0.12369935979451564,-0.4769514504352918,0.49125142452702947,0.1794292520415955,-0.12369522327327598,-0.5881224128470973,-0.3171900933215484,-0.8771426446909532,0.9135676190102853,-2.0931404211926337
-0.05783898171727616,0.019648570128126094,0.01964320448573427,0.10165608377590427,-0.01479128285678576,0.09656329883823296,0.1794292520415955,0.10165516763346805,0.4478434728128307,0.51377891614069,-0.20172318930579458,0.851525931352479,-2.0931404211926337
