Peak-to-Peak Amplitude,RMS,Standard Deviation,Area Under Signal,Peak Positive,Peak Negative,Number of Peaks,Distance from Mean,SNR,Spectral Entropy,Zero Crossing Rate,Distance from Mean F
0.09814453,0.011217569,0.011217569,0.089543305,0.047668457,-0.050476074,1,0.008954333,0.45914567,10.532132,0.1339871830071885,1.668129
0.11102295,0.011916721,0.011916721,0.09353574,0.05038452,-0.060638428,3,0.009353577,0.42716354,10.621862,0.14641729482827476,1.4427599
0.10626221,0.011897706,0.011897706,0.09174843,0.052246094,-0.054016113,0,0.009174845,0.32920158,9.971621,0.06719249201277955,2.0465918
0.10202026,0.011168678,0.011168678,0.08926205,0.051879883,-0.05014038,0,0.008926205,0.44780874,10.531304,0.12960513178913738,1.6164614
0.095214844,0.0111183645,0.0111183645,0.088607326,0.046966553,-0.04824829,0,0.008860733,0.55856013,10.665142,0.13187805760782748,1.7736592
0.10797119,0.011066686,0.011066686,0.088048205,0.05532837,-0.052642822,0,0.008804821,0.4273165,10.345947,0.0871277830471246,1.8589135
0.105041504,0.011162385,0.0111623835,0.089215636,0.05847168,-0.046569824,0,0.008921565,0.41561124,10.495278,0.13617430860623003,1.6006266
0.122161865,0.011025811,0.011025811,0.08552995,0.06756592,-0.054595947,0,0.008552996,0.84927696,10.841322,0.1956947009784345,1.897246
0.12057495,0.011302647,0.011302648,0.08997058,0.06283569,-0.057739258,0,0.008997059,0.6114569,10.755751,0.18726287939297126,1.6604244
0.08843994,0.010163593,0.010163593,0.08094563,0.046661377,-0.041778564,0,0.008094564,0.46114168,10.444915,0.10144393969648563,1.7206974
0.12374878,0.0121721355,0.0121721355,0.09355551,0.06011963,-0.06362915,0,0.00935555,0.6990992,10.801302,0.20195343700079874,1.9325804
0.12722778,0.010249662,0.010249662,0.078545325,0.065338135,-0.06188965,0,0.007854533,0.42670265,10.221228,0.08204217002795527,1.9514909
0.08807373,0.010229081,0.010229081,0.08163065,0.0440979,-0.04397583,1,0.008163067,0.4719431,10.597045,0.15180866863019168,1.4948207
0.09283447,0.011060648,0.011060648,0.08828482,0.047607422,-0.04522705,1,0.008828485,0.31289986,10.163093,0.0780937999201278,1.8268024
0.11187744,0.011235179,0.011235179,0.089275636,0.053741455,-0.058135986,1,0.008927562,0.58511573,10.70277,0.12908721046325877,1.7808027
0.10800171,0.011997034,0.011997034,0.094676025,0.052490234,-0.055511475,2,0.009467602,0.430832,10.377764,0.09277187749600639,1.9143274
0.10662842,0.012026508,0.012026507,0.0946799,0.052246094,-0.054382324,1,0.009467993,0.42831215,10.448376,0.10176842052715655,1.8031273
0.103027344,0.011175586,0.011175586,0.08912742,0.051849365,-0.05117798,2,0.008912742,0.45853883,10.548043,0.140348879293131,1.6307563
0.12158203,0.012134182,0.012134182,0.093856096,0.0569458,-0.06463623,1,0.009385611,0.7064986,10.835992,0.22005884335063897,1.8166443
0.09994507,0.011113245,0.011113244,0.088581845,0.04675293,-0.05319214,1,0.008858187,0.50249386,10.648911,0.1532719523761981,1.5055419
0.116363525,0.0113541735,0.0113541735,0.09043865,0.059265137,-0.05709839,1,0.009043865,0.6270188,10.766743,0.14975726337859424,1.7052654
0.098358154,0.011124548,0.011124548,0.08870111,0.05215454,-0.046203613,2,0.008870109,0.48440224,10.625771,0.14699917631789136,1.5282136
0.100097656,0.010237557,0.010237557,0.0810971,0.04852295,-0.051574707,1,0.008109711,0.62321895,10.832587,0.18445487220447285,1.329199
0.094696045,0.011204773,0.011204773,0.0892649,0.046691895,-0.04800415,1,0.008926492,0.30400226,9.943439,0.052143133486421724,2.0183308
0.10534668,0.011882153,0.011882152,0.093634106,0.049804688,-0.055541992,0,0.009363412,0.30871585,10.09829,0.08101256739217252,1.8573977
0.10256958,0.01150141,0.01150141,0.091764465,0.05065918,-0.0519104,2,0.009176447,0.57313794,10.752372,0.13721327126597443,1.6671873
0.09866333,0.0111189075,0.011118904,0.08840175,0.051208496,-0.047454834,0,0.008840174,0.5057163,10.495404,0.11115652456070288,1.8510817
0.09362793,0.011007739,0.011007738,0.08768596,0.04815674,-0.04547119,1,0.008768598,0.5945278,10.715387,0.13954859724440893,1.7467695
0.09411621,0.010961606,0.010961607,0.08851606,0.05029297,-0.043823242,1,0.008851604,0.33627528,10.370502,0.07132338258785942,1.7041113
0.09744263,0.012035277,0.012035277,0.095853575,0.04550171,-0.051940918,1,0.009585366,0.20517266,9.865766,0.04980156749201278,1.8294519
0.104644775,0.01104821,0.011048209,0.088563986,0.05026245,-0.054382324,1,0.008856406,0.39432928,10.562133,0.12112651008386581,1.5218883
0.09420776,0.010280379,0.010280379,0.082124725,0.051971436,-0.042236328,1,0.008212472,0.5240575,10.549143,0.11664149860223642,1.7231034
0.11050415,0.011997489,0.011997488,0.09426341,0.054595947,-0.055908203,2,0.009426342,0.432106,10.416054,0.10051261731230032,1.8388797
0.09396362,0.0111073395,0.0111073395,0.08886623,0.04788208,-0.046081543,1,0.008886627,0.500685,10.508344,0.11011132188498403,1.8143592
0.09298706,0.011113791,0.011113791,0.08866455,0.046661377,-0.046325684,0,0.008866456,0.48523635,10.547282,0.13443646415734825,1.6620817
0.113098145,0.012061071,0.012061072,0.09520697,0.054473877,-0.058624268,2,0.009520699,0.40712678,10.532072,0.14392908845846644,1.5694062
0.08666992,0.010280323,0.010280323,0.081915714,0.041900635,-0.044769287,1,0.008191575,0.48730022,10.427135,0.10221458166932908,1.8398201
0.08596802,0.01013888,0.01013888,0.081324995,0.041625977,-0.04434204,1,0.0081325,0.39674306,10.53307,0.1339871830071885,1.4997302
0.10647583,0.011149305,0.011149304,0.08879008,0.05621338,-0.05026245,1,0.00887901,0.5212252,10.491269,0.10996312150559105,1.8943855
0.09814453,0.0111255245,0.011125523,0.08859607,0.048614502,-0.04953003,1,0.008859607,0.59857315,10.726527,0.1407794403953674,1.7355205
0.120788574,0.012057427,0.012057426,0.09478033,0.061523438,-0.059265137,0,0.009478034,0.41616255,10.521032,0.14128644169329074,1.6007413
0.105407715,0.012078645,0.012078644,0.09506626,0.05029297,-0.055114746,2,0.009506628,0.28279653,9.89138,0.058582829972044725,2.0064704
0.15386963,0.012106974,0.012106974,0.09422536,0.076293945,-0.07757568,3,0.009422539,0.45167416,10.442938,0.10190258087060702,1.9043432
0.10391235,0.011184585,0.011184585,0.08867125,0.05609131,-0.047821045,0,0.008867122,0.8127368,10.811534,0.19161217052715654,1.9279962
0.11569214,0.012100904,0.012100904,0.095387824,0.053619385,-0.062072754,2,0.009538786,0.4487171,10.482931,0.10787739616613419,1.7992107
0.095703125,0.011160751,0.011160749,0.088938765,0.04660034,-0.049102783,0,0.008893879,0.4837441,10.600698,0.14812237919329074,1.5422639
0.11633301,0.011303085,0.011303084,0.089652695,0.058563232,-0.057769775,0,0.0089652715,1.1969992,11.028738,0.306088383586262,1.8907217
0.099975586,0.011052392,0.011052392,0.08804074,0.046966553,-0.053009033,1,0.008804073,0.45075235,10.614843,0.14523949181309903,1.493262
0.111968994,0.011111034,0.011111034,0.08834486,0.051513672,-0.060455322,1,0.00883449,0.60806686,10.729485,0.1383692342252396,1.7572802
0.11141968,0.0121556185,0.012155613,0.09575929,0.053131104,-0.058288574,3,0.009575933,0.3797542,10.329129,0.08759734424920128,1.845355
0.097351074,0.011076799,0.011076799,0.08840732,0.04837036,-0.048980713,0,0.008840735,0.44111654,10.4907255,0.13046937400159744,1.6701977
0.08621216,0.010247763,0.010247763,0.081853166,0.04336548,-0.04284668,1,0.008185316,0.5439474,10.751769,0.17233988119009586,1.3284558
0.085510254,0.0101484535,0.010148454,0.08110367,0.045715332,-0.039794922,1,0.0081103705,0.2594025,9.7874365,0.043485111321884984,1.9444499
0.097595215,0.011099845,0.011099845,0.088290446,0.047546387,-0.050048828,0,0.00882904,0.46526092,10.429424,0.10158746006389777,1.8452222
0.09963989,0.011086205,0.011086204,0.08830363,0.04812622,-0.051513672,1,0.008830364,0.4414134,10.407154,0.09417276108226837,1.8290052
0.09790039,0.010242219,0.010242219,0.08127641,0.04714966,-0.050750732,0,0.008127642,0.7170513,10.895271,0.24431222543929712,1.2866001
0.10159302,0.010241072,0.010241072,0.081555314,0.05255127,-0.049041748,0,0.008155529,0.5077415,10.525982,0.11471333366613419,1.6834952
0.10412598,0.011174272,0.011174271,0.08904807,0.05340576,-0.050720215,1,0.008904805,0.49556535,10.602882,0.14837821984824281,1.6056275
0.084350586,0.010195706,0.010195704,0.08121562,0.03982544,-0.044525146,0,0.008121563,0.4739088,10.426263,0.09981997553913738,1.8088381
0.123931885,0.01183758,0.011837581,0.09326512,0.059326172,-0.06460571,1,0.009326514,0.44125116,10.61597,0.1456310528154952,1.4815512
0.09991455,0.011223474,0.011223474,0.08975688,0.051361084,-0.048553467,1,0.008975686,0.46003672,10.451297,0.09836605181709265,1.8277018
0.08905029,0.01022752,0.01022752,0.08196643,0.04446411,-0.04458618,2,0.008196649,0.49028137,10.6606455,0.12552884135383385,1.4649243
0.12365723,0.01131751,0.01131751,0.09030897,0.06289673,-0.060760498,1,0.009030897,0.6296668,10.788272,0.1488774211261981,1.6830359
0.100097656,0.010997948,0.010997948,0.0878528,0.052093506,-0.04800415,1,0.008785281,0.60147005,10.7025585,0.15249039037539935,1.7355505
0.100982666,0.011204287,0.0112042865,0.08916242,0.051696777,-0.04928589,0,0.008916243,0.47634608,10.587341,0.14459833017172524,1.5622741
0.1048584,0.011184732,0.011184731,0.08930906,0.05001831,-0.054840088,0,0.008930908,0.47098544,10.576001,0.14243460463258786,1.5864083
0.10739136,0.010993902,0.010993901,0.08757544,0.053375244,-0.054016113,1,0.008757545,0.59752625,10.72708,0.14232228434504793,1.7165515
0.09213257,0.011141925,0.011141925,0.08899403,0.04675293,-0.04537964,1,0.008899407,0.3230908,10.095884,0.07620775509185304,1.9010407
0.12088013,0.012020683,0.012020682,0.094463035,0.060394287,-0.06048584,1,0.009446307,0.47022912,10.480833,0.1092392796525559,1.8753234
0.08590698,0.010253938,0.010253938,0.08195833,0.040039062,-0.04586792,0,0.008195832,0.47482187,10.583868,0.15761968350638977,1.5169703
0.08758545,0.010233091,0.01023309,0.08156128,0.043182373,-0.044403076,0,0.008156128,0.45462728,10.617337,0.1471582967252396,1.4361883
0.10910034,0.011937288,0.011937288,0.09409184,0.05734253,-0.051757812,0,0.009409187,0.46494806,10.5667715,0.12197515225638977,1.6468523
0.11001587,0.011888547,0.011888547,0.09383263,0.054718018,-0.05529785,4,0.009383264,0.5064877,10.650654,0.1552734375,1.5764903
0.12036133,0.012096324,0.012096324,0.0946973,0.06100464,-0.05935669,1,0.009469733,0.3921028,10.5187,0.1361540285543131,1.5222921
0.09240723,0.010215148,0.010215147,0.081229046,0.043121338,-0.04928589,0,0.008122904,0.47329566,10.424221,0.1007684579672524,1.7771169
0.10592651,0.011898529,0.01189853,0.09393575,0.052490234,-0.05343628,0,0.009393576,0.4053551,10.564761,0.1346143046126198,1.4847566
0.109558105,0.012132534,0.012132533,0.095123895,0.053985596,-0.05557251,4,0.009512392,0.31928024,10.264374,0.10445318740015974,1.7344135
0.092315674,0.010228476,0.010228475,0.08182067,0.045043945,-0.04727173,2,0.008182067,0.3213033,10.270004,0.07489891174121406,1.6809008
0.09674072,0.011056939,0.011056936,0.08817187,0.0463562,-0.05038452,1,0.008817189,0.477483,10.456382,0.10022245656948882,1.8451626
0.11557007,0.011143706,0.011143706,0.08844609,0.053131104,-0.062438965,0,0.008844609,0.85985297,10.881852,0.2405978559305112,1.854462
0.12634277,0.011281334,0.011281334,0.088599645,0.060791016,-0.06555176,0,0.008859965,1.3046116,11.070973,0.3460822059704473,1.8582299
0.104156494,0.011075805,0.0110758,0.088309124,0.055633545,-0.04852295,1,0.008830916,0.5184198,10.526178,0.11424377246405751,1.8291658
0.116760254,0.011344188,0.011344184,0.0903406,0.06283569,-0.05392456,0,0.009034061,0.573887,10.69052,0.12794840754792333,1.7635479
0.12652588,0.011146949,0.011146947,0.08597872,0.06259155,-0.063934326,0,0.008597874,1.1504769,11.013727,0.28563829123402557,1.9514488
0.10101318,0.011159242,0.011159241,0.08896507,0.05380249,-0.047210693,0,0.008896508,0.50950414,10.612246,0.15426099490814696,1.6047854
0.18972778,0.012098215,0.012098213,0.093241766,0.103881836,-0.08584595,2,0.009324177,0.4128846,10.489173,0.08265213158945688,1.6475341
0.10925293,0.012076397,0.012076398,0.09528695,0.05328369,-0.05596924,2,0.009528697,0.3681001,10.476027,0.12956145167731628,1.5552063
0.13076782,0.012086053,0.0120860515,0.09489308,0.06588745,-0.06488037,0,0.009489307,0.58426166,10.835131,0.18118822384185304,1.4391645
0.10824585,0.0121143665,0.0121143665,0.09589624,0.05053711,-0.05770874,2,0.009589625,0.43955165,10.434167,0.10044553714057508,1.8482435
0.091552734,0.011066504,0.011066503,0.08828986,0.045837402,-0.045715332,1,0.008828988,0.47407562,10.409965,0.0966344473841853,1.9130507
0.09375,0.011105622,0.011105619,0.08853415,0.04876709,-0.04498291,1,0.008853413,0.49494633,10.500214,0.10742499500798722,1.8166168
0.08935547,0.010244236,0.010244236,0.08199589,0.041168213,-0.048187256,1,0.008199591,0.47362903,10.417337,0.0995485348442492,1.8169111
0.08425903,0.010264952,0.010264953,0.08196584,0.040985107,-0.043273926,0,0.008196586,0.49332574,10.660083,0.16231997553913738,1.407292
0.10903931,0.011116692,0.011116691,0.08874188,0.049468994,-0.059570312,2,0.008874185,0.58063745,10.789258,0.16350713857827476,1.4014088
0.08529663,0.01021971,0.01021971,0.081955306,0.045043945,-0.040252686,1,0.0081955325,0.48793003,10.494262,0.10446410742811502,1.7411951
0.111083984,0.012003828,0.012003828,0.095010154,0.051361084,-0.0597229,1,0.009501017,0.41940278,10.636375,0.13801667332268372,1.3993354
0.10708618,0.011209724,0.011209724,0.08946954,0.05581665,-0.05126953,1,0.008946953,0.5914513,10.766136,0.182893308206869,1.6039966
0.08917236,0.011225076,0.011225074,0.089606814,0.04232788,-0.046844482,1,0.008960685,0.47051635,10.447169,0.09972325529153354,1.8590766
0.10159302,0.01120789,0.011207883,0.089073695,0.04550171,-0.05609131,0,0.008907368,0.32309446,10.149221,0.07826852036741214,1.8435726
0.13168335,0.011156896,0.011156895,0.08749116,0.068573,-0.06311035,0,0.008749118,0.7526305,10.764824,0.16156181359824281,1.9387265
0.11148071,0.011148244,0.011148242,0.08827804,0.057556152,-0.05392456,0,0.008827805,1.5282292,11.11389,0.4205053164936102,1.9058348
0.09588623,0.01112468,0.01112468,0.0890816,0.051940918,-0.043945312,1,0.008908164,0.45249304,10.571188,0.14253912490015974,1.5818723
0.08782959,0.01025838,0.010258381,0.08177713,0.040863037,-0.046966553,0,0.008177714,0.51064193,10.602577,0.14893826128194887,1.5520521
0.08758545,0.010247758,0.010247758,0.081811644,0.042419434,-0.045166016,0,0.008181165,0.32531884,9.978132,0.05573426267971246,1.9445163
0.09277344,0.010203157,0.010203156,0.08143007,0.04711914,-0.045654297,0,0.008143005,0.42149422,10.305824,0.08391573482428115,1.8236971
0.12890625,0.012216924,0.012216925,0.09377193,0.059326172,-0.06958008,2,0.009377194,0.7372358,10.854107,0.20362108126996806,1.8925341
0.103149414,0.011180134,0.011180132,0.088881426,0.054595947,-0.048553467,0,0.008888142,0.5527378,10.76732,0.17593725039936103,1.5255852
0.09234619,0.011181018,0.011181017,0.089482,0.045318604,-0.047027588,0,0.0089482,0.48796785,10.518599,0.1073906749201278,1.7404752
0.081848145,0.010250056,0.010250056,0.081855044,0.040649414,-0.04119873,1,0.008185507,0.45039833,10.427819,0.09532872404153354,1.731794
0.08862305,0.010237923,0.010237923,0.081647985,0.046142578,-0.04248047,1,0.008164799,0.45505983,10.574586,0.1478602985223642,1.5072687
0.100860596,0.011116775,0.011116773,0.08871796,0.049682617,-0.05117798,1,0.008871797,0.51098055,10.509464,0.11151532547923322,1.8404219
0.08630371,0.010252007,0.010252008,0.081850715,0.043762207,-0.042541504,1,0.008185071,0.5307886,10.549407,0.11825142272364217,1.7335808
0.082611084,0.010267525,0.010267524,0.0819966,0.042755127,-0.039855957,3,0.008199659,0.26802245,10.009405,0.05977935303514377,1.811267
0.1232605,0.011160293,0.011160293,0.08874508,0.06790161,-0.055358887,1,0.008874509,0.47577167,10.446833,0.10246418230830671,1.8492978
0.08969116,0.010233886,0.010233885,0.081531145,0.041259766,-0.048431396,1,0.008153116,0.518721,10.682505,0.16724178813897764,1.419146
0.109191895,0.011895946,0.011895947,0.093839824,0.052459717,-0.056732178,0,0.009383982,0.85333806,10.947222,0.25500293280750796,1.8439556
0.0960083,0.011077224,0.011077224,0.088405505,0.044952393,-0.05105591,0,0.008840552,0.5077387,10.480345,0.1109022439097444,1.874747
0.11300659,0.011264265,0.011264265,0.08951918,0.057617188,-0.055389404,0,0.00895192,0.4680725,10.613151,0.12492979982028754,1.6939667
0.098236084,0.011081878,0.011081879,0.08856353,0.050109863,-0.04812622,0,0.008856354,0.4912288,10.603171,0.14533621206070288,1.5739799
0.098480225,0.011071961,0.011071961,0.088511646,0.043914795,-0.05456543,0,0.008851165,0.4390797,10.348398,0.08938042881389777,1.9048524
0.101501465,0.011133997,0.011133994,0.088813215,0.05142212,-0.050079346,1,0.008881323,0.48589122,10.465165,0.10433618710063898,1.859829
0.10266113,0.011082604,0.011082604,0.08816345,0.050872803,-0.05178833,1,0.008816345,0.70506614,10.890331,0.22072496505591055,1.4701205
0.090026855,0.010230076,0.010230076,0.081529364,0.045013428,-0.045013428,1,0.0081529375,0.519361,10.652475,0.16280669678514376,1.4778271
0.09024048,0.011039979,0.011039979,0.08818779,0.044555664,-0.045684814,0,0.008818781,0.35343173,10.207174,0.08616058057108626,1.8455662
0.12246704,0.011115919,0.011115918,0.0885257,0.06149292,-0.06097412,1,0.008852572,0.5831268,10.7244005,0.13257225938498401,1.7339292
0.09719849,0.01111045,0.011110449,0.088615544,0.0519104,-0.045288086,1,0.008861557,0.66447705,10.864059,0.18819264177316294,1.4424558
0.1109314,0.011882125,0.011882123,0.093941614,0.052093506,-0.05883789,1,0.009394162,0.4392323,10.44471,0.10107421875,1.8165421
0.07873535,0.010238273,0.010238273,0.08222043,0.038360596,-0.040374756,0,0.008222044,0.39023417,10.517495,0.13179381739217252,1.502232
0.11148071,0.012204752,0.012204753,0.09637796,0.057861328,-0.053619385,3,0.0096378,0.39060938,10.50687,0.1370837909345048,1.5656031
0.10354614,0.0111472905,0.01114729,0.08890355,0.052825928,-0.050720215,1,0.008890355,0.6950234,10.873036,0.22911778654153356,1.4583099
0.10809326,0.011950018,0.011950017,0.093936995,0.052825928,-0.055267334,1,0.009393701,0.4344947,10.574374,0.14482921076277955,1.5369526
0.097717285,0.01014249,0.010142489,0.080743164,0.047027588,-0.050689697,1,0.008074313,0.48953617,10.485662,0.10774947583865814,1.746495
0.107940674,0.011390821,0.011390821,0.09043464,0.05343628,-0.054504395,0,0.009043464,0.57359445,10.743758,0.18435971196086262,1.6271878
0.103149414,0.011124536,0.011124536,0.08860165,0.054138184,-0.04901123,0,0.008860164,0.9976083,10.947414,0.2620681908945687,1.8902447
0.10949707,0.012211045,0.012211041,0.096476726,0.054595947,-0.054901123,3,0.009647676,0.44863713,10.480951,0.1065669928115016,1.826524
0.083465576,0.010228068,0.010228066,0.08158545,0.04220581,-0.041259766,0,0.008158545,0.45380262,10.373864,0.09447072184504793,1.8166461
0.10140991,0.01200918,0.012009179,0.09457352,0.05203247,-0.04937744,4,0.009457351,0.3814625,10.334364,0.08611066044329073,1.8168322
0.09402466,0.011116769,0.011116768,0.088743314,0.047943115,-0.046081543,1,0.008874332,0.5090303,10.510835,0.11069476337859425,1.8292879
0.109375,0.011372799,0.011372799,0.09029739,0.053710938,-0.055664062,0,0.0090297405,0.5900532,10.737761,0.18164686501597443,1.6678089
0.093811035,0.011137978,0.011137978,0.089068756,0.04421997,-0.049591064,0,0.008906878,0.5051171,10.594011,0.1600189696485623,1.6230409
0.11456299,0.011248629,0.011248629,0.0894752,0.053497314,-0.061065674,1,0.008947522,0.61424273,10.833419,0.19438897763578275,1.4845823
0.10253906,0.011204241,0.011204239,0.089250445,0.05142212,-0.051116943,1,0.008925043,0.46170324,10.445782,0.10010389626597443,1.8418465
0.09918213,0.011157246,0.011157244,0.08893947,0.047698975,-0.051483154,1,0.008893948,0.48536092,10.642098,0.12350239616613419,1.4938563
0.10858154,0.012099795,0.012099795,0.09535705,0.0524292,-0.056152344,3,0.009535707,0.3630092,10.260195,0.07875992162539937,1.8689346
0.087249756,0.010235149,0.0102351485,0.08177857,0.043640137,-0.04360962,1,0.008177858,0.5246003,10.54222,0.11719062000798722,1.7258174
0.10595703,0.011205805,0.011205804,0.089216985,0.054870605,-0.051086426,0,0.008921701,0.4705618,10.554325,0.13885595547124602,1.6136432
0.09857178,0.011106763,0.011106759,0.088787585,0.052520752,-0.046051025,0,0.008878758,0.45296898,10.418488,0.09960781499600639,1.8257811
0.1005249,0.011307099,0.011307099,0.09001489,0.048706055,-0.051818848,0,0.009001487,0.48679385,10.634168,0.13598086811102236,1.6906369
0.11898804,0.012106663,0.012106662,0.095219165,0.056365967,-0.06262207,3,0.00952192,0.41414127,10.40169,0.09822565145766773,1.8432379
0.11642456,0.01193119,0.01193119,0.09402828,0.06008911,-0.05633545,4,0.00940283,0.45959973,10.638529,0.14668873552316294,1.471791
0.0949707,0.011117838,0.011117836,0.08870585,0.04458618,-0.05038452,0,0.008870588,0.4670125,10.554294,0.14078568041134185,1.6323915
0.10119629,0.01125139,0.01125139,0.089015305,0.047973633,-0.053222656,2,0.008901526,0.48342028,10.676027,0.1324302990215655,1.6103928
0.09942627,0.011034909,0.011034908,0.08797697,0.049102783,-0.050323486,1,0.008797696,0.42306,10.495097,0.13503238568290735,1.6428976
0.10046387,0.011127558,0.011127558,0.08881414,0.049316406,-0.05114746,1,0.008881416,0.46556732,10.552518,0.14215380391373802,1.635477
0.12698364,0.010967476,0.010967477,0.0865249,0.06997681,-0.057006836,0,0.008652489,1.1638085,11.023527,0.3135530026956869,1.8671278
0.10272217,0.011123455,0.011123455,0.0887705,0.052581787,-0.05014038,1,0.00887705,0.4098932,10.545183,0.10038313698083066,1.7373289
0.10559082,0.0121209845,0.0121209845,0.095829844,0.049804688,-0.055786133,5,0.009582984,0.37917447,10.396877,0.08958790934504793,1.7501287
0.09429932,0.010248195,0.010248195,0.08185492,0.044403076,-0.04989624,1,0.00818549,0.59726673,10.777513,0.1885873227835463,1.3860066
0.08987427,0.010210714,0.010210713,0.08139377,0.04434204,-0.045532227,0,0.0081393765,0.46986637,10.562671,0.15943396815095848,1.5449704
0.112091064,0.012158871,0.01215887,0.09577596,0.0579834,-0.054107666,4,0.0095775975,0.46130612,10.534141,0.11616725738817892,1.795113
0.08886719,0.010246761,0.010246761,0.08209827,0.041534424,-0.047332764,1,0.008209828,0.5259069,10.799133,0.17718057358226838,1.2457055
0.103637695,0.011888363,0.0118883625,0.09397943,0.049835205,-0.05380249,0,0.009397945,0.4779014,10.701192,0.16653822633785942,1.4069438
0.15020752,0.011131153,0.011131154,0.07934883,0.07803345,-0.07217407,0,0.007934882,0.7937592,10.795443,0.13387642272364217,1.9457874
0.096954346,0.011064378,0.011064378,0.0882594,0.046844482,-0.050109863,0,0.008825941,0.9268823,10.924154,0.24774735423322683,1.832764
0.08496094,0.010266673,0.010266673,0.08173478,0.041412354,-0.043548584,0,0.008173479,0.540578,10.605938,0.12600308256789136,1.614255
0.0975647,0.011071691,0.01107169,0.08809931,0.04849243,-0.049072266,1,0.008809932,0.4999473,10.518133,0.12049158845846646,1.7853341
0.1060791,0.011222329,0.011222328,0.089372,0.052734375,-0.053344727,0,0.0089372005,0.6367017,10.802753,0.2189637205471246,1.4472432
0.10095215,0.011349755,0.011349755,0.09043061,0.04949951,-0.051452637,1,0.009043063,0.55895656,10.739012,0.18766068041134185,1.6138784
0.09802246,0.01114925,0.011149249,0.08874084,0.05218506,-0.045837402,1,0.008874082,0.46959132,10.447588,0.10321610423322684,1.8505944
0.09777832,0.011862527,0.011862527,0.093943074,0.0473938,-0.05038452,1,0.009394309,0.25839433,9.978923,0.054096258486421724,1.8724194
0.08642578,0.010205865,0.010205865,0.08144029,0.043701172,-0.04272461,2,0.008144029,0.28329214,9.850903,0.05146297174520767,1.9540483
0.10681152,0.011296813,0.011296813,0.08999558,0.053771973,-0.05303955,1,0.008999557,0.566136,10.699158,0.17187812000798722,1.7147703
0.1187439,0.011170729,0.011170724,0.089122914,0.05593872,-0.062805176,2,0.008912291,0.78460985,10.937182,0.2701256115215655,1.5475578
0.09295654,0.011098913,0.011098911,0.08844665,0.04449463,-0.048461914,1,0.008844666,0.4830605,10.4449835,0.10315058406549521,1.8728529
0.0864563,0.01026675,0.010266748,0.08160645,0.043273926,-0.043182373,0,0.008160647,0.46928206,10.39678,0.09706656849041534,1.8036431
0.11004639,0.011016844,0.011016844,0.087228686,0.055847168,-0.05419922,0,0.008722867,0.65587324,10.756605,0.1409588408546326,1.8147876
0.092315674,0.011087293,0.011087292,0.088473015,0.0463562,-0.045959473,0,0.008847303,0.6037718,10.719727,0.15291471146166133,1.6144485
0.099609375,0.011165874,0.011165874,0.08878775,0.053009033,-0.04660034,1,0.008878772,0.30205518,9.899514,0.054085338458466456,2.0524254
0.11038208,0.012175879,0.01217588,0.09468666,0.05303955,-0.05734253,1,0.009468669,0.39337274,10.30455,0.0951384035543131,1.895331
0.08880615,0.010255856,0.0102558555,0.08024812,0.044403076,-0.044403076,0,0.008024813,0.32270736,10.031037,0.06829541483626198,1.8676792
0.09338379,0.010904865,0.010904863,0.08715149,0.050109863,-0.043273926,0,0.008715148,0.4305644,10.359393,0.09056915185702875,1.8426914
0.111572266,0.012200968,0.012200968,0.09646222,0.052978516,-0.05859375,4,0.009646225,0.4053026,10.445417,0.0967561276956869,1.7817347
0.0921936,0.011129431,0.011129432,0.08909116,0.04525757,-0.046936035,1,0.008909117,0.42191258,10.545581,0.13472350489217252,1.5805144
0.089904785,0.010263818,0.010263816,0.082048565,0.046173096,-0.04373169,1,0.008204859,0.44101134,10.672673,0.1397857178514377,1.3451937
0.09899902,0.011118162,0.011118163,0.088472895,0.048339844,-0.05065918,0,0.0088472925,0.5741428,10.755093,0.18436127196485624,1.4138775
0.11868286,0.01221629,0.01221629,0.09619148,0.053985596,-0.064697266,1,0.009619151,0.406506,10.531703,0.14244864466853036,1.5657728
0.107055664,0.01210675,0.01210675,0.09504606,0.055603027,-0.051452637,1,0.00950461,0.2595834,9.824645,0.05309005591054313,1.9900138
0.09365845,0.011115764,0.011115764,0.08883791,0.044677734,-0.048980713,2,0.00888379,0.47806388,10.666845,0.15178526857028754,1.4358487
0.09353638,0.011156778,0.011156776,0.08906781,0.046203613,-0.047332764,1,0.008906781,0.43360132,10.545396,0.13445830421325877,1.5966738
0.09487915,0.011101383,0.011101382,0.08867827,0.04812622,-0.04675293,1,0.0088678235,0.57673246,10.707772,0.13643482927316294,1.7517998
0.09024048,0.010256628,0.010256628,0.081848204,0.04434204,-0.045898438,0,0.008184821,0.45928657,10.568844,0.14960126297923323,1.5308757
0.10501099,0.010242808,0.010242809,0.0798045,0.05343628,-0.051574707,0,0.007980452,1.5049629,11.095238,0.4224990015974441,1.8812376
0.10083008,0.011100958,0.011100958,0.08855737,0.053100586,-0.047729492,0,0.008855739,0.513877,10.621128,0.1529693116014377,1.5826255
0.104522705,0.011329675,0.011329675,0.090041354,0.051513672,-0.053009033,0,0.009004138,0.55574816,10.744481,0.17960481978833867,1.5736415
0.09310913,0.011071885,0.01107188,0.088248126,0.04586792,-0.04724121,0,0.008824812,0.34969148,10.148476,0.07883948182907348,1.9125044
0.114471436,0.011927875,0.011927874,0.093852095,0.058654785,-0.05581665,1,0.009385211,0.42809755,10.43993,0.1005391373801917,1.8046372
0.09246826,0.011065836,0.011065836,0.08839159,0.045166016,-0.047302246,1,0.008839157,0.51943034,10.524912,0.11348717052715655,1.8267874
0.10513306,0.012133072,0.012133071,0.09540587,0.051879883,-0.053253174,2,0.0095405895,0.26220012,9.848589,0.05694326577476038,1.9842241
0.0881958,0.010256709,0.010256709,0.08179911,0.044189453,-0.044006348,1,0.0081799105,0.50381374,10.576618,0.12505460013977635,1.6233634
0.09286499,0.010237825,0.010237826,0.08183447,0.04864502,-0.04421997,1,0.008183449,0.51203215,10.492966,0.11044204273162939,1.7788768
0.09237671,0.011101538,0.011101538,0.088594444,0.047424316,-0.044952393,0,0.008859446,0.4141865,10.368229,0.09018695087859425,1.809439
0.08758545,0.010238287,0.010238287,0.0813911,0.04360962,-0.04397583,1,0.00813911,0.46047515,10.597446,0.14940938248801916,1.471313
0.1359253,0.012166769,0.012166767,0.093308635,0.06826782,-0.06765747,1,0.009330865,0.44426695,10.414196,0.10936251996805112,1.8881036
0.0965271,0.011128305,0.011128306,0.08920781,0.051361084,-0.045166016,2,0.008920779,0.4878605,10.678387,0.14990390375399362,1.4461658
0.09991455,0.010250636,0.0102506345,0.08118421,0.044952393,-0.05496216,0,0.008118424,0.5171155,10.506598,0.11394269169329073,1.7531173
0.11569214,0.010250132,0.010250131,0.079290956,0.05859375,-0.05709839,0,0.007929095,1.2733392,11.040224,0.3512270991413738,1.8266665
0.10531616,0.011093222,0.011093221,0.08745966,0.048339844,-0.05697632,1,0.008745967,0.44566342,10.501337,0.10371062549920128,1.8572077
0.16339111,0.011076264,0.011076264,0.086090066,0.08242798,-0.080963135,0,0.008609007,0.6362189,10.66827,0.14528785193690097,1.8342904
0.1131897,0.011225304,0.011225304,0.089284115,0.05847168,-0.054718018,1,0.008928412,0.901704,10.965255,0.2433637430111821,1.6194301
0.10333252,0.011134674,0.011134674,0.08877632,0.048950195,-0.054382324,0,0.008877632,0.50116944,10.493101,0.119324705471246,1.8261691
0.092681885,0.011181347,0.011181345,0.08923869,0.048095703,-0.04458618,0,0.0089238705,0.489818,10.476167,0.10619103184904154,1.8317486
0.09133911,0.011155013,0.011155012,0.088913366,0.045684814,-0.045654297,0,0.00889134,0.44096413,10.389699,0.09461424221246006,1.8390871
0.09744263,0.011095869,0.011095868,0.08862304,0.048797607,-0.04864502,0,0.008862306,0.5869061,10.717668,0.13677803015175719,1.730004
0.09655762,0.011211866,0.011211865,0.089205824,0.047821045,-0.048736572,0,0.008920581,0.47367877,10.431317,0.1028744633586262,1.8663132
0.088775635,0.010271658,0.010271656,0.082045265,0.04220581,-0.046569824,1,0.008204527,0.494314,10.507724,0.10591803115015974,1.7422816
0.09805298,0.011151951,0.011151952,0.088537335,0.046722412,-0.051330566,0,0.0088537345,0.350546,10.255076,0.0973660892571885,1.8010142
0.10513306,0.01186217,0.011862168,0.09350867,0.050323486,-0.05480957,0,0.009350868,0.40296456,10.334389,0.09176099490814696,1.848751
0.088012695,0.010257251,0.01025725,0.081800655,0.0446167,-0.043395996,0,0.008180066,1.4363841,11.092112,0.4072078424520767,1.8398856
0.11904907,0.0120704705,0.0120704705,0.094938,0.059753418,-0.059295654,1,0.009493801,0.83553815,10.933344,0.2638762355231629,1.8816005
0.08761597,0.010242212,0.010242213,0.08184077,0.04598999,-0.041625977,1,0.008184077,0.46703142,10.636196,0.1494905026956869,1.4253168
0.090423584,0.010258594,0.010258594,0.081734635,0.04611206,-0.044311523,0,0.008173464,0.48053026,10.612273,0.154693116014377,1.471441
0.08972168,0.0102297785,0.0102297785,0.081676744,0.046020508,-0.043701172,0,0.008167678,0.4430171,10.563706,0.14652181509584664,1.5165821
0.09631348,0.010245703,0.010245703,0.08162182,0.052001953,-0.044311523,0,0.008162185,0.5178635,10.574209,0.11817342252396167,1.6306125
0.09802246,0.01023026,0.01023026,0.08145248,0.048187256,-0.049835205,0,0.008145248,0.5156915,10.667513,0.13626478883785942,1.4072436
0.11758423,0.0120806275,0.012080627,0.09519263,0.05834961,-0.05923462,1,0.009519267,0.44168732,10.458596,0.10390718600239617,1.8138804
0.108795166,0.011082302,0.011082302,0.08816184,0.057403564,-0.0513916,0,0.008816187,0.5414314,10.71851,0.174592526956869,1.4232368
0.09887695,0.011109817,0.011109817,0.08859147,0.046142578,-0.052734375,2,0.008859142,0.32799792,10.21156,0.07407990964456869,1.8020446
0.09686279,0.01103052,0.011030519,0.08784172,0.0446167,-0.052246094,1,0.008784172,0.44715866,10.570986,0.14328480680910544,1.5517343
0.10592651,0.011256001,0.011256001,0.08976073,0.046844482,-0.05908203,1,0.008976073,0.57484764,10.76796,0.17940357927316294,1.5572526
0.09353638,0.011097392,0.01109739,0.08868363,0.04788208,-0.045654297,2,0.008868361,0.42467824,10.531473,0.13447078424520767,1.6158519
0.10751343,0.011030274,0.011030275,0.0882209,0.053619385,-0.053894043,1,0.008822093,0.53828436,10.7901,0.17287964257188498,1.477415
0.12503052,0.011114657,0.011114659,0.08738473,0.059295654,-0.06573486,0,0.00873847,0.5942395,10.595799,0.1380728334664537,1.9023229
0.114349365,0.011081189,0.011081187,0.08671651,0.06311035,-0.051239014,0,0.008671649,0.3530736,10.065452,0.06996773911741214,1.9986233
0.101379395,0.011016858,0.011016858,0.08779571,0.049804688,-0.051574707,1,0.00877957,0.6046945,10.7327,0.1399105181709265,1.7305146
0.09362793,0.010243511,0.010243511,0.08173492,0.050842285,-0.042785645,0,0.008173494,0.51913285,10.533428,0.1222231928913738,1.710748
0.08493042,0.010172154,0.010172155,0.08133834,0.043121338,-0.041809082,1,0.008133834,0.4920475,10.4920225,0.1055139901158147,1.7433857
0.09957886,0.011199926,0.011199926,0.08889096,0.053131104,-0.046447754,0,0.008889095,0.29636776,9.852804,0.05391061801118211,2.0583227
0.11730957,0.0120725725,0.012072572,0.09301467,0.05706787,-0.0602417,0,0.00930147,0.31697282,10.024494,0.08024816543530351,1.9745253
0.101623535,0.0111254575,0.0111254575,0.08855385,0.051635742,-0.049987793,0,0.008855387,0.4996827,10.480024,0.10848423771964856,1.8589338
0.097473145,0.010269945,0.010269945,0.08184856,0.047729492,-0.049743652,0,0.008184858,0.51962864,10.6782675,0.16340261831070288,1.4084048
0.0854187,0.010173628,0.010173629,0.08102661,0.044921875,-0.040496826,1,0.008102664,0.48290262,10.484609,0.10569027056709265,1.7337236
0.114471436,0.012206366,0.012206366,0.09624703,0.059295654,-0.05517578,3,0.009624705,0.441748,10.463506,0.10503662889376997,1.8263844
0.08517456,0.010224014,0.010224014,0.081625536,0.040649414,-0.044525146,1,0.008162553,0.49926957,10.477242,0.10611927166533547,1.7729539
0.10598755,0.012163358,0.012163358,0.09557347,0.051818848,-0.0541687,3,0.009557351,0.3932979,10.500556,0.1384097943290735,1.5792779
0.1098938,0.011147751,0.011147751,0.08862176,0.055358887,-0.054534912,0,0.008862176,0.58972913,10.751601,0.19501297923322683,1.4798415
0.11203003,0.011312827,0.011312827,0.089799255,0.059570312,-0.052459717,2,0.008979924,0.47162387,10.661069,0.12698588508386582,1.6446412
0.09146118,0.011110014,0.011110014,0.088589616,0.04699707,-0.04446411,0,0.008858965,0.46733844,10.392264,0.096495607028754,1.9186449
0.08981323,0.010213639,0.010213639,0.08194661,0.048919678,-0.040893555,1,0.008194662,0.49232754,10.743344,0.1587397663738019,1.294476
0.09375,0.011150876,0.011150874,0.08957205,0.044036865,-0.049713135,1,0.008957206,0.4471721,10.67864,0.1363069089456869,1.387293
0.24176025,0.011068408,0.011068408,0.07975581,0.11190796,-0.1298523,0,0.007975583,0.5132103,10.312342,0.09527880391373802,2.2212946
0.11407471,0.012145372,0.012145372,0.0962054,0.053497314,-0.060577393,2,0.009620541,0.420147,10.529926,0.1415407223442492,1.5996199
0.11087036,0.011362209,0.011362208,0.09023391,0.05331421,-0.057556152,1,0.00902339,0.6457143,10.7688055,0.1550768769968051,1.7191349
0.10757446,0.011142484,0.011142484,0.088858426,0.05255127,-0.055023193,0,0.0088858465,0.49199194,10.642316,0.15106766673322683,1.4936792
0.08782959,0.010191122,0.010191122,0.08165358,0.04058838,-0.04724121,1,0.008165358,0.47562587,10.497942,0.10225202176517571,1.722653
0.14910889,0.011144741,0.01114474,0.08841358,0.07965088,-0.06945801,0,0.008841361,0.50814855,10.464163,0.10681035343450479,1.9018852
0.09036255,0.010230555,0.010230556,0.08160829,0.04421997,-0.046142578,0,0.0081608305,0.5425036,10.700928,0.1737704048522364,1.4115562
0.14508057,0.010234006,0.010234006,0.08043075,0.075927734,-0.06915283,1,0.008043065,0.5573572,10.836697,0.10229726188099042,1.2397182
0.0965271,0.011094926,0.011094925,0.08834195,0.04699707,-0.04953003,0,0.008834192,0.43127522,10.313392,0.0857861796126198,1.911035
0.094696045,0.011102219,0.011102219,0.08843168,0.05142212,-0.043273926,1,0.008843167,0.46629402,10.443092,0.09972793530351437,1.8455596
0.11917114,0.012124764,0.012124764,0.09518845,0.057678223,-0.06149292,1,0.009518849,0.45139307,10.489692,0.11101300419329073,1.7993724
0.100738525,0.0120655075,0.0120655075,0.0954077,0.051239014,-0.04949951,1,0.00954077,0.25059414,9.80978,0.05358613718051118,1.9783278
0.11932373,0.01204178,0.01204178,0.09464542,0.057434082,-0.06188965,1,0.009464541,0.4649243,10.692856,0.1356844673522364,1.3988364
0.110076904,0.0119901365,0.0119901365,0.094367705,0.0546875,-0.055389404,2,0.009436773,0.44197747,10.441198,0.10267790285543131,1.8403157
0.09515381,0.0111651,0.011165097,0.08932181,0.045166016,-0.049987793,1,0.008932187,0.27220654,9.880276,0.050032448083067095,1.9866164
0.09655762,0.011160189,0.011160188,0.08928102,0.046691895,-0.049865723,0,0.008928102,0.5558951,10.718067,0.17050531649361023,1.4739066
0.11022949,0.011233289,0.011233287,0.08958984,0.059448242,-0.05078125,2,0.008958988,0.47691715,10.667051,0.15330003244808307,1.6512038
0.11151123,0.011081878,0.011081878,0.08721969,0.05215454,-0.05935669,0,0.00872197,0.87974447,10.860711,0.21244290385383385,1.9132084
0.108551025,0.011147399,0.011147399,0.08873386,0.049743652,-0.058807373,1,0.008873391,0.57432735,10.697574,0.1273337659744409,1.7693131
0.11816406,0.012115822,0.012115822,0.09512178,0.058380127,-0.059783936,1,0.00951218,0.45729837,10.501,0.11344193041134186,1.7907934
0.091430664,0.011144782,0.011144776,0.08862615,0.045898438,-0.045532227,1,0.008862616,0.44283414,10.3756695,0.09354095946485623,1.8973727
0.09182739,0.011106964,0.011106963,0.089976124,0.048431396,-0.043395996,1,0.008997612,0.34094867,10.53289,0.10399298622204473,1.4951352
0.12200928,0.012110621,0.012110622,0.0950709,0.0569458,-0.06506348,0,0.00950709,0.54654014,10.631884,0.13111365565095848,1.8514515
0.10916138,0.011209709,0.011209709,0.08943306,0.055999756,-0.05316162,0,0.008943309,0.4517847,10.551114,0.13570162739616615,1.5934132
0.118774414,0.011322576,0.011322576,0.09012784,0.057159424,-0.06161499,1,0.009012786,0.4822419,10.686148,0.12424027805511183,1.6104211
0.09799194,0.011134196,0.011134196,0.08886583,0.0496521,-0.048339844,0,0.008886584,0.51338327,10.621443,0.15985516922923323,1.5884962
0.09359741,0.011146557,0.011146557,0.088931926,0.04675293,-0.046844482,1,0.0088931965,0.4666723,10.395068,0.09522888378594249,1.9272673
0.1109314,0.012138908,0.012138907,0.09531863,0.05596924,-0.05496216,2,0.009531864,0.63628227,10.887094,0.23686632637779553,1.4658711
0.08963013,0.01024562,0.01024562,0.08174422,0.04586792,-0.043762207,0,0.008174422,0.51214594,10.652051,0.1646896216054313,1.4581457
0.10620117,0.011141651,0.011141652,0.088186,0.05227661,-0.05392456,0,0.008818603,0.9180367,10.919146,0.38428982378194887,1.7999587
0.11859131,0.01210461,0.012104607,0.09564324,0.06378174,-0.05480957,1,0.009564327,0.39793438,10.451914,0.09944401457667731,1.7251045
0.08654785,0.010182969,0.01018297,0.08132959,0.044555664,-0.041992188,0,0.00813296,0.4682817,10.589074,0.1454329323083067,1.4919664
0.11065674,0.011996892,0.011996893,0.09437762,0.051818848,-0.05883789,0,0.009437763,0.42782184,10.404557,0.09724752895367413,1.8337024
0.100860596,0.010220181,0.010220181,0.08144536,0.05230713,-0.048553467,0,0.008144537,0.48968875,10.68,0.16007356978833867,1.3770969
0.075531006,0.010270287,0.010270287,0.08272718,0.039123535,-0.03640747,3,0.008272718,0.23615475,9.949098,0.046474078973642176,1.8142818
0.16390991,0.011102684,0.011102682,0.08725022,0.09713745,-0.06677246,0,0.008725024,0.83875275,10.841844,0.22693534095447285,1.9444923
0.11709595,0.0112956045,0.011295604,0.0891192,0.06137085,-0.055725098,0,0.008911922,1.0012511,10.981983,0.2738290610023962,1.7377169
0.090545654,0.011216085,0.011216085,0.089532316,0.046905518,-0.043640137,1,0.008953233,0.45575657,10.373153,0.09348479932108626,1.9304552
0.0965271,0.011111312,0.011111312,0.08859862,0.04559326,-0.050933838,1,0.008859864,0.5794631,10.72362,0.1344021440694888,1.7158239
0.103271484,0.011144291,0.011144289,0.08832274,0.050720215,-0.05255127,0,0.008832273,0.83030987,10.794305,0.22947970746805113,2.061221
0.09640503,0.011295232,0.011295232,0.09022835,0.045928955,-0.050476074,1,0.009022834,0.49721187,10.500495,0.10867767821485623,1.8369133
0.114471436,0.011920017,0.011920016,0.09404851,0.05859375,-0.055877686,3,0.009404851,0.386541,10.302599,0.08582517971246006,1.855818
0.10473633,0.011056655,0.011056655,0.08812104,0.05166626,-0.05307007,1,0.008812106,0.5548221,10.715975,0.1713383586261981,1.6540784
0.08843994,0.011201653,0.011201651,0.08958508,0.04486084,-0.0435791,2,0.008958514,0.31614077,9.975817,0.05532242162539936,2.008778
0.12185669,0.011935844,0.011935844,0.09329942,0.061523438,-0.060333252,0,0.009329941,0.83721393,10.940884,0.274598142971246,1.8174912
0.10076904,0.011129011,0.011129011,0.08866495,0.053894043,-0.046875,0,0.0088664945,0.4578402,10.534277,0.14440332967252395,1.6356018
0.113708496,0.01125282,0.011252819,0.08948715,0.053955078,-0.059753418,0,0.008948716,0.5743447,10.734014,0.1845094723442492,1.6417714
0.09411621,0.011051361,0.011051361,0.08789651,0.045196533,-0.048919678,1,0.008789655,0.5294292,10.718285,0.1551517571884984,1.4395173
0.1184082,0.011276218,0.011276219,0.08953086,0.06488037,-0.053527832,0,0.008953087,1.03683,10.975434,0.34439272164536744,1.8066204
0.10482788,0.011119762,0.01111976,0.08893282,0.05606079,-0.04876709,1,0.008893281,0.46192196,10.45177,0.09971077525958466,1.8299441
0.09552002,0.011121782,0.011121777,0.08868062,0.04675293,-0.04876709,1,0.008868059,0.50179493,10.504136,0.10932351986821086,1.8313916
0.11178589,0.012052809,0.012052809,0.09465303,0.053833008,-0.05795288,2,0.009465303,0.39154038,10.35406,0.0905473118011182,1.8343179
0.11022949,0.011283765,0.011283763,0.089337096,0.054504395,-0.055725098,0,0.008933714,0.5648924,10.688855,0.13685135033945686,1.7166102
0.09890747,0.011122187,0.011122185,0.08873734,0.053833008,-0.045074463,1,0.008873735,0.45226556,10.366109,0.08974234974041534,1.9309274
0.10586548,0.012169896,0.012169896,0.09604424,0.054626465,-0.051239014,2,0.009604427,0.41283667,10.378924,0.0933241189097444,1.8792787
0.10775757,0.012075074,0.012075073,0.09511252,0.052764893,-0.054992676,1,0.009511253,0.41213098,10.336334,0.09226019618610223,1.9164114
0.08895874,0.010199028,0.010199029,0.08170671,0.043060303,-0.045898438,2,0.00817067,0.3215321,10.289795,0.07776151906948882,1.6564696
0.092559814,0.010167057,0.010167057,0.0810275,0.048950195,-0.04360962,1,0.008102749,0.51596224,10.759404,0.14487913089057508,1.2557855
0.09240723,0.010248108,0.010248107,0.08193783,0.04321289,-0.049194336,0,0.008193784,0.4700976,10.5849495,0.1488945811701278,1.514538
0.11239624,0.010260224,0.010260223,0.08108401,0.055908203,-0.056488037,1,0.0081084,0.7398582,10.831835,0.1720606404752396,1.5932413
0.09176636,0.011172131,0.011172128,0.089437135,0.039764404,-0.052001953,2,0.008943714,0.31019238,10.194619,0.07081794129392971,1.7910872
0.105773926,0.011135706,0.011135706,0.08912209,0.053985596,-0.05178833,1,0.0089122085,0.522639,10.756104,0.1673291483626198,1.5653107
0.10153198,0.010281314,0.010281314,0.082898825,0.05203247,-0.04949951,1,0.008289873,0.32857957,10.358662,0.07128750249600639,1.613094
0.089538574,0.011185172,0.011185171,0.08954992,0.044128418,-0.045410156,1,0.008954992,0.4660426,10.647366,0.14415996904952078,1.4558467
0.11495972,0.011252876,0.011252875,0.08916424,0.049957275,-0.06500244,1,0.008916423,0.5922632,10.64522,0.13965935752795527,1.8509395
0.082214355,0.010178521,0.01017852,0.08172171,0.0385437,-0.043670654,2,0.008172171,0.44295353,10.634939,0.1452816119209265,1.427295
0.097351074,0.011137822,0.011137822,0.08871622,0.044433594,-0.05291748,0,0.0088716205,0.46551123,10.541222,0.14037851936900958,1.6423908
0.10147095,0.010996642,0.010996642,0.087553084,0.04876709,-0.052703857,1,0.008755315,0.532116,10.653324,0.12076458915734824,1.7952211
0.09680176,0.011107394,0.011107394,0.08894236,0.047546387,-0.04925537,1,0.008894239,0.4075114,10.626253,0.12901857028753994,1.4174389
0.09365845,0.011140452,0.01114045,0.08873653,0.045928955,-0.047729492,1,0.0088736545,0.36514503,10.375863,0.08590317991214058,1.6747953
0.100372314,0.012086817,0.012086816,0.09496008,0.05029297,-0.050079346,2,0.009496009,0.26149014,9.848355,0.055854382987220445,1.9817828
0.089263916,0.010196619,0.010196619,0.08127562,0.043395996,-0.04586792,0,0.008127563,0.5522931,10.751133,0.17754405451277955,1.3396546
0.11303711,0.011107141,0.01110714,0.085810594,0.059539795,-0.053497314,0,0.008581059,0.357067,10.04076,0.06941081769169329,2.056763
0.08682251,0.010245188,0.010245186,0.08194331,0.046020508,-0.040802002,1,0.008194332,0.4681661,10.479106,0.09955165485223642,1.7259614
0.087890625,0.011282143,0.011282143,0.09029445,0.042633057,-0.04525757,1,0.009029445,0.4937213,10.466291,0.1047215080870607,1.8805652
0.10580444,0.011170956,0.0111709535,0.08905773,0.054595947,-0.051208496,1,0.008905777,0.2787203,9.959779,0.06103359624600639,1.9392891
0.084503174,0.010282103,0.010282103,0.082200214,0.039276123,-0.04522705,1,0.008220023,0.4839195,10.485996,0.10588683107028754,1.7424351
0.08441162,0.010243859,0.010243858,0.08202162,0.040924072,-0.04348755,1,0.008202165,0.32654586,10.259708,0.07957736371805112,1.6905298
0.122161865,0.012073661,0.012073661,0.094805606,0.06262207,-0.059539795,3,0.009480562,0.2757385,9.8864765,0.05885895067891374,1.9819758
0.11593628,0.012129153,0.012129153,0.09545471,0.05303955,-0.06289673,3,0.009545471,0.4077109,10.551024,0.1363053489416933,1.529545
0.0977478,0.011193701,0.011193703,0.089266494,0.046691895,-0.05105591,1,0.00892665,0.30340117,9.902964,0.053979258186900955,2.052055
0.117492676,0.011303308,0.011303309,0.08993373,0.061309814,-0.05618286,0,0.008993376,0.5729339,10.758164,0.18650783746006389,1.5942184
0.09094238,0.011074005,0.011074004,0.088408075,0.045074463,-0.04586792,1,0.008840811,0.501366,10.634271,0.1535371530551118,1.5419881
0.10519409,0.011253256,0.011253256,0.08940571,0.053527832,-0.05166626,0,0.008940572,0.5825125,10.675702,0.13517590605031948,1.7785586
0.09689331,0.011116158,0.011116158,0.088619284,0.04849243,-0.04840088,0,0.008861929,0.4586389,10.538797,0.13468138478434505,1.6185744
0.086120605,0.010229041,0.01022904,0.08136822,0.042633057,-0.04348755,1,0.008136823,0.48217148,10.45706,0.10364666533546325,1.7513388
0.09957886,0.011150852,0.011150852,0.08885544,0.048583984,-0.050994873,0,0.008885545,0.47977877,10.582526,0.14796793879792333,1.5833722
0.09451294,0.011147731,0.01114773,0.08873824,0.048431396,-0.046081543,0,0.008873828,0.563999,10.63225,0.13345678164936103,1.6913216
0.11932373,0.012160573,0.012160573,0.0950502,0.056030273,-0.06329346,0,0.00950502,0.40821472,10.498966,0.1288625698881789,1.6182199
0.11077881,0.011246654,0.011246655,0.089109644,0.059295654,-0.051483154,0,0.008910966,0.59338236,10.751035,0.1916199705471246,1.6282415
0.09466553,0.0111871045,0.011187104,0.08867491,0.050964355,-0.043701172,2,0.008867488,0.46484977,10.606184,0.11894874450878594,1.524572
0.111846924,0.012044508,0.012044508,0.09504882,0.053894043,-0.05795288,0,0.0095048845,0.61544865,10.780181,0.2113961411741214,1.6642529
0.093444824,0.011254051,0.011254048,0.09013429,0.045288086,-0.04815674,0,0.009013428,0.4606706,10.421779,0.09617112619808307,1.8493001
0.0920105,0.0102503495,0.010250349,0.08161229,0.05114746,-0.040863037,1,0.008161232,0.4687054,10.42265,0.09844561202076678,1.8035706
0.09777832,0.011086714,0.0110867135,0.08822466,0.05065918,-0.04711914,0,0.008822467,0.5160156,10.617821,0.1526058306709265,1.6021037
0.114471436,0.012108596,0.012108595,0.0951783,0.05441284,-0.060058594,2,0.00951783,0.7114798,10.8594055,0.20932289586661343,1.7929913
0.1000061,0.011102507,0.011102506,0.088360325,0.049041748,-0.050964355,1,0.008836033,0.5903258,10.7575,0.1820072259384984,1.4717556
0.10498047,0.012096768,0.012096766,0.09559427,0.04650879,-0.05847168,4,0.009559426,0.27926692,10.222407,0.07075866114217252,1.7003788
0.08352661,0.010218672,0.010218673,0.081620604,0.040496826,-0.043029785,0,0.008162062,0.4558304,10.557239,0.1512876272963259,1.5284741
0.11785889,0.012059622,0.0120596215,0.09380855,0.061645508,-0.05621338,2,0.0093808565,0.25754657,9.866624,0.06802553414536741,1.9278871
0.09970093,0.010268287,0.010268285,0.08020673,0.047973633,-0.051727295,0,0.008020671,0.33939153,10.043715,0.07143882288338659,1.9037174
0.09274292,0.010185045,0.010185045,0.08109454,0.04522705,-0.04751587,0,0.008109458,0.4759587,10.60157,0.15346071285942492,1.4876674
0.0965271,0.011185295,0.011185294,0.08913455,0.048461914,-0.048065186,1,0.00891346,0.5400473,10.693366,0.1694507537939297,1.4931978
0.26760864,0.011204466,0.011204467,0.08236458,0.1347351,-0.13287354,0,0.008236458,0.8796442,10.881555,0.20730893071086262,1.9084749
0.08557129,0.011012448,0.011012448,0.0882272,0.043884277,-0.04168701,1,0.008822715,0.3555945,10.340466,0.07641991563498403,1.7449611
0.091033936,0.01114999,0.01114999,0.088936515,0.04598999,-0.045043945,1,0.008893654,0.46921775,10.638702,0.1544934355031949,1.6858118
0.12149048,0.011200365,0.011200365,0.088758424,0.062194824,-0.059295654,1,0.008875845,0.52479106,10.503752,0.10927983975638977,1.927015
0.110565186,0.011171637,0.011171638,0.0886168,0.055480957,-0.05508423,0,0.0088616805,0.63471,10.725877,0.14113980131789136,1.8195388
0.09295654,0.011093947,0.011093945,0.08843196,0.04675293,-0.046203613,1,0.008843197,0.4882812,10.4830065,0.10696323382587859,1.8200988
0.09259033,0.011044167,0.011044165,0.08794409,0.04586792,-0.046722412,2,0.00879441,0.48072562,10.472514,0.10373402555910544,1.8356167
0.1302185,0.011120539,0.011120539,0.08845272,0.06838989,-0.061828613,0,0.00884527,0.53279865,10.642751,0.12438067841453675,1.7692746
0.08984375,0.010232857,0.0102328565,0.08172324,0.047851562,-0.041992188,1,0.008172324,0.46792808,10.411168,0.0964971670327476,1.8098587
0.102142334,0.011856064,0.011856064,0.093577944,0.049346924,-0.05279541,1,0.009357796,0.41786182,10.435739,0.09955477486022364,1.7843128
0.10839844,0.012151892,0.012151892,0.09544888,0.053527832,-0.054870605,1,0.009544888,0.70815253,10.915718,0.26209471096246006,1.5539422
0.085632324,0.0102280695,0.010228069,0.08175862,0.043945312,-0.04168701,1,0.00817586,0.50063306,10.500617,0.10628619209265176,1.7572384
0.10467529,0.010205691,0.010205691,0.08123651,0.06036377,-0.044311523,0,0.00812365,1.2333051,11.016186,0.320496580471246,1.8541112
0.09466553,0.010255071,0.010255071,0.0816089,0.045440674,-0.049224854,0,0.00816089,0.66013473,10.661095,0.15199118909744408,1.8619294
0.09863281,0.010259757,0.010259755,0.08148074,0.046569824,-0.05206299,0,0.008148075,0.60023147,10.55264,0.12636656349840256,1.9199717
0.10675049,0.011202002,0.011201999,0.08838573,0.05593872,-0.050811768,0,0.008838577,0.70700836,10.808422,0.20339488069089456,1.6145127
0.088653564,0.010242445,0.010242445,0.08157623,0.043426514,-0.04522705,0,0.008157624,1.0570781,10.929493,0.3297224440894569,1.9331192
0.09249878,0.011077295,0.011077293,0.0887217,0.04550171,-0.04699707,1,0.008872171,0.48907924,10.493105,0.10767459564696485,1.8109076
0.093322754,0.010251847,0.010251848,0.08163252,0.045928955,-0.0473938,0,0.008163252,0.4665322,10.570338,0.14894606130191693,1.5167733
0.1184082,0.012040166,0.012040166,0.09439173,0.056518555,-0.06188965,2,0.009439175,0.39669484,10.632524,0.13291078025159744,1.3869234
0.11627197,0.012156653,0.012156653,0.09559662,0.052947998,-0.063323975,1,0.009559663,0.43615735,10.594093,0.14423328923722045,1.5047686
0.15512085,0.010250804,0.010250805,0.0743997,0.072143555,-0.082977295,0,0.0074399705,1.570184,11.106334,0.4019287889376997,1.9103929
0.102752686,0.012094553,0.012094552,0.095522135,0.049804688,-0.052947998,2,0.009552216,0.4069975,10.413877,0.09641292681709265,1.7941447
0.09338379,0.010180195,0.010180197,0.08129691,0.044128418,-0.04925537,1,0.008129694,0.48165873,10.494276,0.10622535193690096,1.7232736
0.10153198,0.0111887995,0.011188799,0.088957,0.052215576,-0.049316406,0,0.008895702,0.55514425,10.716282,0.17846289686501599,1.6424154
0.10992432,0.011141937,0.011141936,0.08815431,0.05722046,-0.052703857,0,0.00881543,0.6629748,10.711246,0.170530276557508,1.8465447
0.112091064,0.011128061,0.011128061,0.08848169,0.05307007,-0.059020996,0,0.008848173,1.1457834,11.022735,0.3494112544928115,1.8073072
0.10229492,0.011148683,0.011148682,0.0889029,0.05441284,-0.04788208,0,0.008890291,0.4504321,10.522601,0.142365964456869,1.6420754
0.09573364,0.011034864,0.011034861,0.088109195,0.050048828,-0.045684814,0,0.008810919,0.48995107,10.491976,0.1028588633186901,1.7876546
0.08987427,0.011139029,0.011139029,0.089717984,0.045288086,-0.04458618,2,0.008971792,0.323437,10.244584,0.06342820237619809,1.8087432
0.102630615,0.0113133835,0.011313384,0.089826785,0.049957275,-0.05267334,0,0.008982679,0.6041864,10.762046,0.18105562350239618,1.6308997
0.09637451,0.0110717425,0.011071743,0.08837781,0.05029297,-0.046081543,0,0.00883778,0.4263921,10.456968,0.12873620956469647,1.6925989
0.11669922,0.011958441,0.01195844,0.09425262,0.05340576,-0.06329346,0,0.009425264,0.43963656,10.4071,0.10067797773562301,1.8553135
0.08874512,0.011032237,0.011032233,0.08770679,0.042236328,-0.04650879,1,0.00877068,0.33340886,10.232302,0.08015300519169329,1.7838603
0.09326172,0.0101649435,0.0101649435,0.08099687,0.050201416,-0.043060303,1,0.008099686,0.5293638,10.552078,0.12031998801916934,1.723587
0.109680176,0.012137872,0.012137871,0.09584351,0.049468994,-0.06021118,1,0.009584351,0.4509119,10.427156,0.12676124450878595,1.9162909
0.090911865,0.010265242,0.010265241,0.081852965,0.047454834,-0.04345703,0,0.008185297,0.5369387,10.542102,0.12412795776757188,1.7356465
0.09140015,0.011083645,0.011083644,0.08852088,0.045654297,-0.04574585,1,0.008852091,0.46388555,10.385482,0.09387948033146964,1.928586
0.08337402,0.010181216,0.010181216,0.08144446,0.0395813,-0.043792725,0,0.008144448,0.4822557,10.586255,0.15778816393769968,1.534736
0.08395386,0.010210115,0.010210115,0.08154825,0.044036865,-0.039916992,1,0.008154823,0.52554494,10.536776,0.11627489766373802,1.7362511
0.099090576,0.01111851,0.011118508,0.08872206,0.043640137,-0.05545044,2,0.008872208,0.48623934,10.633807,0.11400197184504793,1.538548
0.1000061,0.01106589,0.011065891,0.08819203,0.05014038,-0.049865723,0,0.008819205,0.59547544,10.781536,0.18550943490415336,1.4368898
0.109436035,0.012145464,0.012145464,0.09607696,0.052001953,-0.057434082,2,0.0096077,0.2529174,9.889119,0.05281393520367412,1.932561
0.10852051,0.012169815,0.012169815,0.0960459,0.05404663,-0.054473877,4,0.009604595,0.39560616,10.418108,0.09508068340654952,1.7801651
0.10531616,0.011052609,0.011052609,0.08777084,0.053649902,-0.05166626,0,0.008777087,0.8417304,10.8513,0.22942510732827476,1.8541839
0.12420654,0.011100986,0.011100985,0.08674843,0.05596924,-0.068237305,0,0.008674843,0.71438783,10.796313,0.22326153154952078,1.6668664
0.10354614,0.011261125,0.011261122,0.08955047,0.05029297,-0.053253174,1,0.008955049,0.609379,10.761401,0.1461177740615016,1.6878582
0.1322937,0.01019532,0.01019532,0.079856806,0.072753906,-0.059539795,0,0.0079856785,0.80992526,10.82452,0.19054668779952078,1.7260134
0.11785889,0.012171309,0.012171309,0.095979266,0.058776855,-0.05908203,4,0.009597927,0.53703135,10.862746,0.21634759384984026,1.2907132
0.10058594,0.011178776,0.011178774,0.089062124,0.057495117,-0.04309082,1,0.008906211,0.35162845,10.351823,0.08685010233626198,1.7081505
0.11682129,0.011281608,0.011281609,0.08959877,0.05996704,-0.056854248,0,0.008959878,0.49299836,10.642464,0.13391854283146964,1.6816372
0.16030884,0.011121885,0.011121884,0.07977014,0.0793457,-0.080963135,0,0.007977015,0.6856925,10.640164,0.1543857952276358,2.0819967
0.108673096,0.0120385,0.0120385,0.09486162,0.05392456,-0.054748535,1,0.009486162,0.40376788,10.620309,0.1317906973841853,1.4084688
0.09698486,0.011075157,0.011075156,0.08809825,0.04852295,-0.048461914,1,0.008809826,0.5091167,10.515301,0.11422349241214058,1.8254358
0.19192505,0.011140644,0.011140643,0.08184993,0.09863281,-0.09329224,0,0.008184993,0.46843266,10.535522,0.12678620457268372,1.8260772
0.09976196,0.0111088315,0.01110883,0.088852204,0.050445557,-0.049316406,1,0.008885222,0.4643357,10.530695,0.14186832318290735,1.6612262
0.15304565,0.010210017,0.010210017,0.07861004,0.07803345,-0.07501221,0,0.007861004,0.63277936,10.633024,0.11447621305910544,1.8199602
0.106933594,0.011857816,0.011857815,0.09317379,0.05517578,-0.051757812,2,0.009317379,0.31086135,10.092986,0.08974390974440895,1.8805755
0.09567261,0.011111334,0.011111334,0.088760935,0.04522705,-0.050445557,1,0.008876095,0.46620813,10.394048,0.09495120307507987,1.9186813
0.09451294,0.010250694,0.010250694,0.08168084,0.04473877,-0.04977417,0,0.008168084,0.83892035,10.845206,0.20943833616214058,1.7534761
0.09213257,0.011199991,0.011199991,0.089142144,0.046722412,-0.045410156,0,0.008914216,0.44155034,10.319332,0.0889732677715655,1.9543966
0.111450195,0.012194216,0.012194216,0.09593656,0.05215454,-0.059295654,2,0.009593657,0.26766574,10.04116,0.06718625199680511,1.8155515
0.08496094,0.010154917,0.010154915,0.08090746,0.040771484,-0.044189453,1,0.0080907475,0.50078475,10.449856,0.10561071036341853,1.8381193
0.1043396,0.011145369,0.011145369,0.088416085,0.050567627,-0.053771973,0,0.008841609,0.8075348,10.811899,0.21738967651757188,1.975387
0.09561157,0.011252107,0.011252106,0.08979593,0.046661377,-0.048950195,0,0.008979593,0.49015263,10.593478,0.14755609774361023,1.577546
0.08477783,0.010239006,0.010239003,0.08188824,0.041381836,-0.043395996,1,0.008188827,0.51830643,10.542929,0.11562125599041534,1.7170737
0.13198853,0.011184277,0.011184276,0.088156864,0.07067871,-0.061309814,0,0.008815687,0.7747362,10.85601,0.17153179912140576,1.67027
0.1272583,0.011137192,0.011137193,0.085933305,0.06173706,-0.06552124,0,0.008593329,0.87188774,10.885793,0.18603671625399362,1.8540035
0.12734985,0.011247231,0.011247231,0.08929247,0.06326294,-0.064086914,0,0.008929247,0.7816586,10.940008,0.2569154977036741,1.467265
0.09451294,0.01105254,0.0110525405,0.088080466,0.048309326,-0.046203613,0,0.008808049,0.52590287,10.512155,0.11800494209265176,1.8419565
0.10650635,0.01199791,0.01199791,0.094538555,0.05407715,-0.0524292,5,0.009453857,0.45769876,10.488811,0.11110660443290735,1.8423228
0.1182251,0.012169388,0.012169385,0.09563999,0.053466797,-0.0647583,4,0.009564,0.25846368,9.880791,0.055356741713258786,1.9460819
0.11062622,0.011286853,0.011286846,0.08970608,0.056549072,-0.05407715,0,0.008970612,0.5686672,10.736484,0.15099278654153356,1.5854257
0.093048096,0.0111149615,0.01111496,0.08873496,0.045532227,-0.04751587,0,0.008873497,0.48564044,10.516427,0.10723155451277955,1.7407148
0.096221924,0.011024989,0.011024989,0.088028535,0.043029785,-0.05319214,1,0.008802858,0.4376023,10.388214,0.09091235273562301,1.8739518
0.0859375,0.010252797,0.010252796,0.08185491,0.0446167,-0.0413208,1,0.008185491,0.5262502,10.547625,0.11721714007587859,1.7242273
0.11175537,0.012068197,0.012068195,0.09525008,0.055786133,-0.05596924,1,0.009525009,0.42504832,10.437732,0.1003113767971246,1.8101962
0.092681885,0.010205045,0.010205045,0.08145549,0.046569824,-0.04611206,0,0.00814555,0.47284058,10.564661,0.14893670127795527,1.5653231
0.09991455,0.010156885,0.010156886,0.07871681,0.054260254,-0.045654297,1,0.007871679,0.32243496,10.008928,0.07081482128594249,1.894152
0.09051514,0.010192772,0.0101927705,0.08111312,0.04425049,-0.04626465,0,0.008111313,0.45893157,10.555864,0.1520847893370607,1.5345602
0.09423828,0.011161208,0.011161207,0.08899957,0.04421997,-0.05001831,1,0.00889996,0.48073086,10.637091,0.14470129043530353,1.4941599
0.104034424,0.0112359375,0.011235935,0.08967605,0.051696777,-0.052337646,1,0.0089676045,0.6230206,10.747562,0.14553121255990414,1.7428197
0.10626221,0.012027252,0.012027252,0.094701275,0.05316162,-0.053100586,1,0.009470132,0.5649857,10.870655,0.2059657672723642,1.3239901
0.110961914,0.0120239295,0.0120239295,0.09421752,0.055541992,-0.055419922,0,0.009421755,0.872039,10.954112,0.26494639826277955,1.8928529
0.09689331,0.011134095,0.011134095,0.08632702,0.049682617,-0.047210693,1,0.008632704,0.49684742,10.804819,0.1623371355830671,1.3448979
0.097473145,0.010952573,0.0109525705,0.08732427,0.050354004,-0.04711914,1,0.008732428,0.55904424,10.681776,0.12276919428913738,1.7803787
0.09649658,0.011250202,0.0112502035,0.0896897,0.04626465,-0.050231934,0,0.008968972,0.49468252,10.486066,0.10769331569488817,1.8379202
0.101257324,0.011125714,0.011125714,0.088630855,0.048065186,-0.05319214,0,0.008863089,0.52174836,10.621643,0.1561439197284345,1.594912
0.094573975,0.011039123,0.011039121,0.08814322,0.047058105,-0.04751587,1,0.008814328,0.40054286,10.567837,0.1034688248801917,1.5075141
0.14865112,0.011202909,0.011202905,0.089130476,0.0796814,-0.06896973,1,0.00891305,0.63523215,10.763078,0.15175562849440893,1.7098236
0.09609985,0.01111472,0.01111472,0.088501304,0.047729492,-0.04837036,0,0.008850132,0.47206435,10.602726,0.14643289486821087,1.53619
0.10211182,0.011296306,0.011296304,0.0900322,0.05053711,-0.051574707,2,0.009003225,0.4522381,10.66587,0.1254305611022364,1.6256858
0.10369873,0.011084368,0.011084368,0.08835743,0.05328369,-0.05041504,1,0.008835747,0.43401298,10.49149,0.13280001996805113,1.6691257
0.10385132,0.011073295,0.011073293,0.08823649,0.0496521,-0.05419922,1,0.00882365,0.5747068,10.701365,0.16236053564297126,1.7283646
0.107055664,0.011111429,0.011111429,0.08845646,0.060791016,-0.04626465,0,0.008845645,0.49488991,10.477643,0.10686963358626198,1.860227
0.0953064,0.011079683,0.011079682,0.0886675,0.046844482,-0.048461914,1,0.00886675,0.41070327,10.538002,0.12843980880591055,1.5468351
0.11090088,0.012091554,0.012091554,0.09522437,0.05618286,-0.054718018,1,0.00952244,0.4097043,10.39887,0.09737076926916934,1.8035876
0.08364868,0.010240863,0.010240863,0.08184684,0.04321289,-0.04043579,1,0.008184685,0.53969944,10.569638,0.12064758885782748,1.7252847
0.102386475,0.011068822,0.011068821,0.08819813,0.049865723,-0.052520752,1,0.008819814,0.590563,10.788829,0.18930336461661343,1.3988899
0.09365845,0.01017994,0.01017994,0.08102625,0.047668457,-0.04598999,0,0.008102626,0.61395866,10.570981,0.13240689896166133,1.9215647
0.08935547,0.010223845,0.010223845,0.08188404,0.042816162,-0.046539307,1,0.008188403,0.5154982,10.536403,0.11331869009584665,1.7152139
0.11947632,0.011195032,0.011195032,0.08914433,0.055541992,-0.063934326,1,0.008914434,0.58281857,10.7319355,0.13507294578674123,1.7099001
0.10934448,0.011126031,0.011126024,0.08829408,0.056152344,-0.05319214,0,0.008829409,0.5581849,10.55002,0.11298484924121406,1.911828
0.10470581,0.010251336,0.010251337,0.080516785,0.052581787,-0.052124023,0,0.00805168,1.0128182,10.974998,0.4535415210662939,1.6516819
0.08792114,0.010250857,0.010250857,0.081866555,0.046417236,-0.041503906,0,0.008186657,0.45433137,10.568054,0.1502377446086262,1.493155
0.10733032,0.01211805,0.012118051,0.09516651,0.04940796,-0.057922363,2,0.009516654,0.45785263,10.548594,0.11422505241613419,1.6726924
0.11175537,0.012119864,0.012119865,0.095352024,0.05630493,-0.05545044,1,0.009535205,0.40166342,10.358893,0.09304487819488817,1.8624994
0.14797974,0.011007038,0.011007039,0.08585326,0.07119751,-0.07678223,0,0.008585325,0.6162102,10.607095,0.12643052366214058,1.9367015
0.105773926,0.0112396395,0.011239637,0.08937609,0.055114746,-0.05065918,0,0.00893761,0.65647,10.75542,0.15975064896166133,1.7361865
0.09246826,0.011139973,0.011139972,0.08896547,0.045684814,-0.046783447,1,0.00889655,0.48834088,10.502362,0.10713951427715655,1.8093715
0.10147095,0.011044616,0.011044617,0.08805155,0.053649902,-0.047821045,1,0.008805159,0.48709232,10.441746,0.1002193365615016,1.8797755
0.096343994,0.011187228,0.011187226,0.08902882,0.05117798,-0.045166016,1,0.008902883,0.46457583,10.454875,0.10105549870207668,1.8230577
0.115234375,0.01125042,0.011250419,0.087669455,0.053649902,-0.061584473,1,0.0087669445,0.5892714,10.772368,0.1513235073881789,1.6788411
0.1116333,0.010266571,0.01026657,0.07976244,0.051635742,-0.05999756,0,0.007976247,0.5483104,10.518772,0.12535412090654952,1.7992305
0.10458374,0.01116445,0.01116445,0.088873975,0.05621338,-0.04837036,0,0.008887399,0.48833987,10.444073,0.10243766224041534,1.8792866
0.09698486,0.011122749,0.011122748,0.088821284,0.043884277,-0.053100586,2,0.008882129,0.5088599,10.696833,0.15892384684504793,1.4427321
0.11795044,0.011125118,0.011125117,0.08861934,0.054748535,-0.063201904,0,0.008861935,0.5482981,10.710324,0.1736424845247604,1.640249
0.10681152,0.011911675,0.011911676,0.09436601,0.053649902,-0.05316162,0,0.009436603,0.38383543,10.257375,0.07938860323482429,1.8913541
0.09240723,0.010263996,0.010263996,0.08168859,0.047058105,-0.04534912,1,0.008168863,0.44451502,10.403233,0.09540984424920128,1.7784007
0.11190796,0.012154559,0.012154558,0.09566821,0.053253174,-0.058654785,3,0.009566824,0.46771038,10.503718,0.11313616962859425,1.8230356
0.0953064,0.011052985,0.011052985,0.08814786,0.04916382,-0.046142578,1,0.00881479,0.4419912,10.570478,0.14147208216853036,1.5346482
0.09701538,0.010249701,0.0102497,0.08174405,0.044311523,-0.052703857,0,0.008174404,0.43665764,10.349657,0.10473710812699681,1.8008205
0.10562134,0.012140265,0.012140266,0.09628033,0.048858643,-0.056762695,3,0.009628035,0.46564585,10.683517,0.1512907473043131,1.4276665
0.10308838,0.011161435,0.011161435,0.08902433,0.048919678,-0.0541687,0,0.008902433,1.0395336,10.954963,0.30142709165335463,2.001126
0.10366821,0.011915018,0.011915017,0.093994044,0.05105591,-0.052612305,0,0.009399405,0.45074365,10.500299,0.11905794478833866,1.7463475
0.19082642,0.012094874,0.012094874,0.093886904,0.09399414,-0.096832275,2,0.00938869,0.55629337,10.6517105,0.11255116813099042,1.827084
0.094177246,0.011095798,0.011095799,0.08870205,0.045837402,-0.048339844,1,0.008870206,0.46789974,10.454577,0.09949081469648563,1.8361915
0.087249756,0.010272379,0.010272379,0.082104065,0.042633057,-0.0446167,0,0.008210406,0.5021277,10.636272,0.1547087160543131,1.477552
0.10131836,0.010283012,0.010283012,0.07772376,0.05154419,-0.04977417,0,0.0077723763,0.36335495,10.044805,0.07139046275958466,1.9712865
0.106903076,0.0110923955,0.0110923955,0.08847262,0.053375244,-0.053527832,1,0.008847264,0.58023065,10.706551,0.13319938099041534,1.7472649
0.102386475,0.010995707,0.0109957075,0.08780406,0.04989624,-0.052490234,1,0.008780406,0.5231402,10.529648,0.11678033895766773,1.8262992
0.10998535,0.011163535,0.011163534,0.08518024,0.057434082,-0.05255127,0,0.008518026,0.32683352,10.024541,0.07754623851837061,1.966877
0.119506836,0.011199523,0.011199523,0.08838984,0.0635376,-0.05596924,0,0.008838984,0.5724663,10.489693,0.11584277655750799,2.0932686
0.11526489,0.011334835,0.011334835,0.090025574,0.061462402,-0.05380249,0,0.009002558,0.9229266,10.952642,0.24405482478035143,1.7236806
0.09210205,0.011186343,0.011186343,0.08945149,0.046539307,-0.045562744,1,0.008945145,0.50701094,10.567706,0.11915778504392971,1.7079014
0.18008423,0.012190719,0.012190716,0.0883565,0.09613037,-0.08395386,1,0.008835652,0.48001033,10.463791,0.12314515525159744,1.9428629
0.10394287,0.012046845,0.012046846,0.09502099,0.050720215,-0.053222656,4,0.009502104,0.40799475,10.430204,0.09660948732028754,1.7806748
0.085876465,0.010212326,0.010212326,0.07995221,0.042236328,-0.043640137,0,0.007995223,0.32244354,10.028122,0.06829385483226837,1.8692293
0.09048462,0.010254275,0.010254275,0.08179262,0.042877197,-0.047607422,0,0.008179263,0.4398188,10.387988,0.09070799221246006,1.746511
0.110198975,0.011279549,0.011279548,0.08972832,0.05831909,-0.051879883,1,0.008972832,0.62361145,10.772922,0.15108638678115016,1.6861094
0.101135254,0.011131168,0.011131169,0.08865842,0.04977417,-0.051361084,2,0.00886584,0.28071806,10.017512,0.060991476138178916,1.8937349
0.112854004,0.012128083,0.012128083,0.0955852,0.05581665,-0.057037354,1,0.009558522,0.5696086,10.835089,0.205686526557508,1.3617463
0.12298584,0.012129706,0.012129706,0.09528587,0.05908203,-0.06390381,1,0.009528591,0.44929138,10.592822,0.14220840405351437,1.5493212
0.28378296,0.011153131,0.01115313,0.07614456,0.14389038,-0.13989258,0,0.0076144584,0.8786667,10.874562,0.23923285243610223,1.9069564
0.090667725,0.011119402,0.011119402,0.088530265,0.044433594,-0.04623413,1,0.008853029,0.4636347,10.450443,0.1006920177715655,1.8331499
0.088653564,0.010205375,0.010205373,0.08229191,0.042175293,-0.04647827,1,0.008229194,0.40160507,10.639622,0.12371299670527157,1.3530278
0.101867676,0.012050625,0.012050624,0.09499374,0.051940918,-0.049926758,0,0.009499377,0.42565566,10.367664,0.09619140625,1.9115697
0.098358154,0.011249325,0.011249323,0.08954222,0.048950195,-0.04940796,1,0.008954221,0.45047164,10.566824,0.14052671974840256,1.5693684
0.18893433,0.010259317,0.010259317,0.07898654,0.087249756,-0.10168457,0,0.007898655,0.7775418,10.788991,0.17911497853434505,1.7823248
0.09942627,0.011073783,0.011073783,0.088442214,0.049468994,-0.049957275,1,0.008844222,0.4457241,10.510749,0.1419525633985623,1.6481737
0.10281372,0.010979293,0.010979292,0.08770018,0.04824829,-0.05456543,1,0.008770018,0.5165482,10.527105,0.11385689147364217,1.8196958
0.12792969,0.0113032395,0.0113032395,0.08806468,0.063964844,-0.063964844,0,0.008806468,1.1442997,11.016836,0.37819332817492013,1.8421805
0.09957886,0.011124947,0.011124945,0.08898413,0.049346924,-0.050231934,1,0.0088984165,0.29413,9.988912,0.062456319888178916,1.9425294
0.112579346,0.011121168,0.011121169,0.08825653,0.058410645,-0.0541687,1,0.008825652,0.69440323,10.90893,0.2091216553514377,1.4167806
0.09475708,0.011197354,0.011197354,0.08926284,0.04840088,-0.0463562,1,0.008926279,0.30726954,10.057546,0.07038270017971246,1.9099306
0.092681885,0.011186734,0.011186734,0.08939904,0.04550171,-0.047180176,1,0.008939908,0.48822898,10.444005,0.10228322184504793,1.892293
0.12948608,0.012118296,0.012118295,0.09228899,0.06173706,-0.06774902,0,0.009228901,0.7769106,10.889878,0.23775708865814696,1.8761507
0.11663818,0.011876546,0.011876547,0.09312724,0.061035156,-0.055603027,1,0.009312725,0.29943168,9.966169,0.060883835862619806,1.9750457
0.09454346,0.0102461595,0.010246159,0.0816958,0.04611206,-0.048431396,0,0.008169581,0.57945436,10.760022,0.17510888827875398,1.3667212
0.11071777,0.012087139,0.012087137,0.095124446,0.053375244,-0.05734253,3,0.009512445,0.45303577,10.491161,0.10842495756789138,1.7979344
0.08557129,0.010212568,0.010212568,0.08157316,0.04083252,-0.04473877,1,0.008157318,0.51343644,10.543353,0.1145479732428115,1.7125106
0.0965271,0.010230971,0.01023097,0.08184219,0.053131104,-0.043395996,0,0.008184221,0.4871105,10.609351,0.14330040684904152,1.5068378
0.12426758,0.0120927105,0.0120927105,0.09469013,0.06295776,-0.061309814,1,0.009469014,0.8015468,10.941874,0.2378818889776358,1.7451826
0.11062622,0.012045667,0.012045666,0.09495552,0.051330566,-0.059295654,2,0.009495554,0.41701415,10.528232,0.14244864466853036,1.5865942
0.1177063,0.01214591,0.01214591,0.095163755,0.061279297,-0.056427002,1,0.009516378,0.48558888,10.512036,0.1188816643370607,1.8699923
0.10772705,0.012076157,0.012076156,0.0950797,0.05480957,-0.05291748,2,0.009507972,0.4274561,10.440227,0.1014111796126198,1.8131008
0.1133728,0.012127908,0.012127908,0.09550121,0.05203247,-0.061340332,3,0.009550121,0.9477577,11.018784,0.36095216403753994,1.925305
0.087890625,0.010263549,0.010263548,0.08191486,0.0440979,-0.043792725,1,0.008191488,0.4532313,10.404071,0.09557208466453675,1.7959875
0.088012695,0.0102437325,0.0102437325,0.08190208,0.04159546,-0.046417236,1,0.008190208,0.5310081,10.560231,0.1201639876198083,1.7236859
0.099975586,0.011058107,0.011058106,0.087867476,0.047912598,-0.05206299,1,0.008786752,0.5050885,10.569577,0.11822022264376997,1.6914351
0.09573364,0.010268759,0.010268759,0.081671864,0.047943115,-0.047790527,0,0.008167189,0.4906677,10.608587,0.1548163563298722,1.5037205
0.098724365,0.011172011,0.011172011,0.08890216,0.048431396,-0.05029297,1,0.008890217,0.5130834,10.668553,0.1189581045327476,1.7173891
0.09741211,0.011070027,0.011070028,0.088836595,0.04449463,-0.05291748,2,0.008883661,0.28885898,10.03279,0.06251404003594249,1.9008176
0.1430664,0.011107994,0.011107995,0.0878013,0.07821655,-0.06484985,0,0.008780128,0.91963834,10.906651,0.24818103534345048,1.9003226
0.093566895,0.011023925,0.011023924,0.087934226,0.047698975,-0.04586792,1,0.008793426,0.5196971,10.509804,0.11318452975239617,1.8478732
0.16073608,0.010978278,0.010978275,0.08512066,0.06640625,-0.094329834,0,0.008512068,0.8097491,10.851375,0.1769122528953674,1.8520494
0.09365845,0.0112572545,0.011257249,0.08973079,0.046691895,-0.046966553,0,0.0089730825,0.5088244,10.410257,0.10622223192891374,2.019423
0.13208008,0.010258571,0.010258571,0.07707759,0.06359863,-0.068481445,0,0.0077077593,0.9424604,10.904981,0.1906278080071885,1.7820216
0.09286499,0.0102806045,0.010280605,0.08186959,0.04272461,-0.05014038,0,0.00818696,0.46050757,10.432885,0.0994096944888179,1.7516406
0.105041504,0.011186667,0.011186665,0.08908208,0.05215454,-0.052886963,0,0.0089082075,0.7336856,10.754905,0.20543224590654952,1.8973047
0.10437012,0.011119136,0.011119135,0.08867295,0.05215454,-0.052215576,1,0.0088673,0.50017804,10.476799,0.10847019768370607,1.856471
0.11343384,0.012081324,0.012081322,0.09532123,0.051574707,-0.06185913,3,0.009532125,0.53179187,10.805421,0.16411710013977635,1.3680412
0.08648682,0.010252925,0.010252925,0.0819666,0.041656494,-0.044830322,1,0.008196661,0.4780672,10.490857,0.1045389876198083,1.7264142
0.10266113,0.011100425,0.011100425,0.08840671,0.0513916,-0.05126953,1,0.008840674,0.47165918,10.379016,0.09451440195686901,1.9558895
0.14944458,0.0121005885,0.012100588,0.09375975,0.07913208,-0.0703125,0,0.0093759755,0.63934,10.82215,0.1889164836261981,1.6861982
0.103759766,0.011175901,0.011175899,0.08961518,0.057128906,-0.04663086,0,0.008961519,0.32181624,10.026152,0.0667276108226837,1.9675244
0.11047363,0.011047874,0.011047872,0.08800206,0.052001953,-0.05847168,0,0.008800206,0.52661663,10.598473,0.11710949980031948,1.8273959
0.090148926,0.010229777,0.010229778,0.08174878,0.04321289,-0.046936035,1,0.008174878,0.6886784,10.76802,0.16727298821884984,1.6585228
0.08862305,0.0102747725,0.010274772,0.0821469,0.043304443,-0.045318604,0,0.008214691,0.46361727,10.575577,0.1525871106230032,1.5225259
0.091552734,0.010255951,0.01025595,0.08185658,0.043914795,-0.04763794,1,0.008185657,0.4788371,10.693553,0.13129461611421725,1.356977
0.09237671,0.011199262,0.01119926,0.08927776,0.045318604,-0.047058105,0,0.008927778,0.44454524,10.362315,0.09145367412140575,1.8910252
0.09710693,0.0102429325,0.010242931,0.08173812,0.048858643,-0.04824829,0,0.008173811,1.1905065,11.004465,0.33750062400159747,1.8598181
0.11230469,0.011126416,0.011126415,0.088704936,0.05709839,-0.0552063,0,0.008870497,0.6906906,10.862783,0.23859325079872204,1.4450358
0.09173584,0.011054546,0.011054545,0.08819689,0.045684814,-0.046051025,1,0.008819692,0.589931,10.700085,0.1335176218051118,1.7708282
0.0953064,0.011092883,0.011092883,0.08910669,0.04699707,-0.048309326,1,0.008910676,0.39039034,10.490018,0.11938554562699681,1.6378298
0.11730957,0.011255536,0.011255537,0.08979084,0.05432129,-0.06298828,0,0.008979087,0.59146494,10.775136,0.18992892621805113,1.5605756
0.08514404,0.010274522,0.010274522,0.082292706,0.043518066,-0.041625977,1,0.0082292715,0.5101823,10.4832325,0.10808955670926518,1.789645
0.097717285,0.011174418,0.011174416,0.08934771,0.0473938,-0.050323486,1,0.008934771,0.44600508,10.534747,0.14242056459664537,1.6378899
0.084747314,0.010250195,0.010250195,0.081762806,0.041107178,-0.043640137,0,0.00817628,0.53926265,10.749863,0.17673285243610223,1.3208966
0.09286499,0.010237159,0.010237159,0.0815778,0.046020508,-0.046844482,1,0.008157782,0.47200072,10.292463,0.09026339107428115,1.9919362
0.10021973,0.011079435,0.011079435,0.08847776,0.050689697,-0.04953003,0,0.008847779,0.49564293,10.634748,0.14898974141373802,1.5154096
0.10122681,0.011131125,0.0111311255,0.08883617,0.049926758,-0.05130005,1,0.008883618,0.45088425,10.495407,0.13303558057108625,1.7051944
0.11416626,0.012135232,0.012135229,0.095112145,0.056427002,-0.057739258,1,0.009511215,0.45721933,10.508029,0.11216116713258786,1.7899518
0.090545654,0.010200097,0.010200097,0.08139665,0.04257202,-0.047973633,1,0.008139663,0.5341458,10.553711,0.12055554862220447,1.7289634
0.082611084,0.0102703795,0.0102703795,0.082367346,0.040740967,-0.041870117,1,0.008236735,0.37747872,10.517279,0.129118410543131,1.490045
0.11227417,0.011917464,0.011917464,0.09372844,0.05517578,-0.05709839,1,0.009372844,0.4558743,10.524925,0.11719842002795527,1.7033446
0.104522705,0.011216327,0.011216327,0.08927147,0.05029297,-0.054229736,1,0.008927148,0.44460678,10.51961,0.1372959514776358,1.6420069
0.12185669,0.0120789455,0.012078946,0.095579736,0.061523438,-0.060333252,1,0.0095579745,0.40031946,10.5377655,0.13316974091453673,1.5346775
0.10620117,0.011129042,0.011129042,0.08870833,0.05178833,-0.05441284,1,0.008870834,0.5122822,10.683368,0.1662777056709265,1.6444894
0.094818115,0.011308056,0.011308056,0.09011392,0.049865723,-0.044952393,1,0.009011393,0.4554953,10.433806,0.09821317142571885,1.844446
0.09890747,0.011154285,0.011154285,0.0889286,0.055633545,-0.043273926,0,0.008892861,0.49959084,10.445947,0.10697259384984026,1.915585
0.11489868,0.011986568,0.011986568,0.09403068,0.054473877,-0.060424805,1,0.0094030695,0.43489623,10.574282,0.14958566293929712,1.5526733
0.09869385,0.011088106,0.011088104,0.088649295,0.051727295,-0.046966553,1,0.008864932,0.47808108,10.452961,0.10151413987619809,1.8594234
0.08938599,0.010207897,0.010207897,0.081772186,0.042785645,-0.04660034,1,0.008177215,0.42871195,10.553324,0.13602766823083068,1.531002
0.10128784,0.010964972,0.010964972,0.08741534,0.050933838,-0.050354004,0,0.008741533,0.5118351,10.653169,0.16439166084265175,1.6991917
0.0942688,0.011078962,0.011078962,0.088468,0.04724121,-0.047027588,0,0.008846798,0.83106536,10.852193,0.2303938698083067,1.8530616
0.09918213,0.011106235,0.011106233,0.08845354,0.04901123,-0.0501709,1,0.008845356,0.5646893,10.751652,0.18278098791932906,1.5881113
0.09082031,0.011065044,0.011065044,0.08836387,0.046325684,-0.04449463,1,0.008836388,0.4686758,10.4028015,0.09672336761182108,1.915395
0.106933594,0.012134359,0.012134359,0.095564805,0.05557251,-0.051361084,4,0.009556483,0.26527184,9.836615,0.059248951677316294,2.0114975
0.09841919,0.011168599,0.011168599,0.08932977,0.04711914,-0.05130005,1,0.008932977,0.4751965,10.642816,0.14666533546325877,1.4572617
0.117767334,0.012107186,0.012107186,0.09507747,0.061279297,-0.056488037,1,0.009507746,0.48941666,10.526893,0.11643089806309904,1.8671372
0.08633423,0.010279879,0.01027988,0.08196522,0.042144775,-0.044189453,1,0.008196523,0.52955693,10.546135,0.11795502196485623,1.7387365
0.10946655,0.012177787,0.012177785,0.09579076,0.055877686,-0.053588867,4,0.009579074,0.43918374,10.488931,0.10674639327076678,1.7845169
0.08792114,0.0102473,0.0102473,0.081868805,0.04244995,-0.04547119,0,0.008186881,0.59575856,10.785474,0.1894390849640575,1.3582201
0.09915161,0.011201353,0.011201351,0.0891968,0.04925537,-0.04989624,0,0.00891968,0.45461085,10.56738,0.14267796525559107,1.5704696
0.12130737,0.01122386,0.011223859,0.08964601,0.06817627,-0.053131104,1,0.008964603,0.57413673,10.7454815,0.13556434704472844,1.6551658
0.08605957,0.010217785,0.010217784,0.08135896,0.04055786,-0.04550171,0,0.008135896,0.4706076,10.415866,0.09759852985223642,1.7875158
0.11477661,0.011128303,0.011128303,0.08838768,0.050750732,-0.06402588,0,0.00883877,0.77397054,10.857349,0.20902649510782748,1.6950933
0.08795166,0.010186295,0.010186296,0.08127611,0.041015625,-0.046936035,0,0.008127614,0.56921536,10.669212,0.1403816393769968,1.5389942
0.09725952,0.010259309,0.010259309,0.08091899,0.046905518,-0.050354004,0,0.008091899,0.96427727,10.923909,0.39618953424520764,1.7125987
0.09408569,0.011183526,0.011183526,0.08920468,0.047668457,-0.046417236,1,0.008920465,0.49007773,10.491096,0.10918935952476039,1.8238417
0.10684204,0.011307044,0.01130704,0.08983741,0.05819702,-0.04864502,2,0.00898374,0.57530016,10.705943,0.1322758586261981,1.7733703
0.104156494,0.011182604,0.011182603,0.08815515,0.052459717,-0.051696777,0,0.008815515,0.9784581,10.936991,0.2548219723442492,1.8978901
0.11758423,0.011047899,0.011047899,0.08776883,0.050811768,-0.06677246,0,0.008776884,0.5457042,10.509303,0.11444345297523961,1.9350469
0.10360718,0.0110448785,0.0110448785,0.08807268,0.057159424,-0.046447754,0,0.008807273,0.42463678,10.297169,0.08501553763977636,1.9225447
0.10522461,0.011250775,0.011250775,0.08934126,0.05630493,-0.048919678,1,0.008934124,0.4682607,10.589315,0.1314053763977636,1.7369207
0.10836792,0.012111689,0.012111688,0.095528476,0.053375244,-0.054992676,2,0.009552851,0.4609181,10.490185,0.11377733126996806,1.8054136
0.100250244,0.010250375,0.010250374,0.08103373,0.048828125,-0.05142212,0,0.008103374,0.7039033,10.729751,0.18715679912140576,1.7560755
0.10757446,0.0110707125,0.01107071,0.08812179,0.056915283,-0.05065918,1,0.008812181,0.62548316,10.789947,0.1682136706269968,1.4739492
0.10662842,0.011271531,0.01127153,0.08968309,0.054382324,-0.052246094,0,0.00896831,0.6833643,10.874201,0.21699967551916932,1.495674
0.09439087,0.011053508,0.011053506,0.08859285,0.05026245,-0.044128418,1,0.008859283,0.42425308,10.586857,0.13535374650559107,1.5318253
0.095825195,0.011084186,0.011084183,0.08853978,0.05078125,-0.045043945,1,0.008853976,0.46492666,10.360154,0.09327107877396167,1.9733392
0.099823,0.010988522,0.01098852,0.08749306,0.0463562,-0.053466797,0,0.008749308,0.41041392,10.482842,0.10187606080271565,1.8279929
0.102630615,0.011116637,0.011116637,0.08865651,0.050872803,-0.051757812,0,0.008865652,0.44742376,10.505698,0.1368560303514377,1.6688113
0.1156311,0.0113738775,0.0113738775,0.09072384,0.055877686,-0.059753418,3,0.009072382,0.51763004,10.708602,0.12568328174920126,1.6458175
0.09527588,0.0111898575,0.0111898575,0.08928076,0.046905518,-0.04837036,0,0.008928079,0.4923299,10.5751915,0.14611153404552715,1.6325352
0.09448242,0.011180684,0.011180684,0.089325346,0.044403076,-0.050079346,0,0.008932537,0.45775536,10.413644,0.09623040634984026,1.8464562
0.09799194,0.012134369,0.012134369,0.097541705,0.044830322,-0.05316162,4,0.009754175,0.18138295,9.813203,0.044910954972044725,1.8224127
0.109191895,0.0119550405,0.0119550405,0.09465606,0.054382324,-0.05480957,2,0.009465608,0.4631082,10.49948,0.11330153005191693,1.7981272
0.108795166,0.011935982,0.01193598,0.09344016,0.052001953,-0.056793213,0,0.009344015,0.4529402,10.600224,0.1494764626597444,1.5367849
0.1161499,0.012170667,0.012170667,0.09587013,0.05508423,-0.061065674,4,0.009587016,0.41833255,10.578102,0.14081844049520767,1.5236657
0.11532593,0.0120341955,0.0120341955,0.09468198,0.062438965,-0.052886963,2,0.0094682,0.45871943,10.584251,0.11445281299920128,1.6369467
0.091796875,0.010230123,0.010230123,0.08135008,0.046569824,-0.04522705,0,0.00813501,0.34606817,10.281638,0.09168299470846646,1.6923758
0.09524536,0.011200205,0.011200205,0.08922678,0.04776001,-0.04748535,1,0.008922679,0.43363622,10.508039,0.14270448532348243,1.6448134
0.091156006,0.010261047,0.010261047,0.081870034,0.04244995,-0.048706055,0,0.008187003,0.45861363,10.538041,0.10739691493610223,1.5436139
0.11206055,0.01128262,0.01128262,0.08979462,0.056762695,-0.05529785,0,0.008979462,0.6670321,10.788754,0.16798903005191693,1.6642542
0.108673096,0.011152644,0.011152644,0.08888667,0.04788208,-0.060791016,1,0.00888867,0.4901267,10.451197,0.1032098642172524,1.8763382
0.096710205,0.011139898,0.011139899,0.088774234,0.051574707,-0.045135498,0,0.008877423,0.46889368,10.400292,0.09611652605830671,1.8909558
0.10284424,0.011129706,0.011129706,0.08854961,0.051727295,-0.051116943,1,0.008854962,0.47464386,10.54615,0.13930991663338657,1.6650071
0.11627197,0.012154841,0.012154841,0.095424846,0.060424805,-0.055847168,3,0.009542488,0.4031968,10.491279,0.1329373003194888,1.6433988
0.15646362,0.01124525,0.011245247,0.081247285,0.085632324,-0.0708313,0,0.00812473,0.57249427,10.645928,0.1379402331269968,1.8589598
0.10342407,0.011214119,0.01121412,0.08956724,0.05770874,-0.045715332,0,0.008956726,0.48174787,10.580388,0.14077320037939298,1.5919342
0.09024048,0.011085501,0.011085501,0.0883717,0.046081543,-0.044158936,1,0.008837173,0.4494338,10.389579,0.09418524111421725,1.8946549
0.0826416,0.010185969,0.010185969,0.08170493,0.041381836,-0.041259766,0,0.008170497,0.47821993,10.6391945,0.15477423622204473,1.4218723
0.11010742,0.012047573,0.012047572,0.09517887,0.05316162,-0.0569458,1,0.0095178895,0.44892278,10.487376,0.10774635583067092,1.7902192
0.11053467,0.012108126,0.012108126,0.09513243,0.050933838,-0.05960083,0,0.009513246,0.44924358,10.552675,0.1424876447683706,1.6366534
0.108062744,0.011912822,0.011912822,0.093952365,0.053649902,-0.05441284,0,0.009395236,0.45294023,10.634626,0.15381639376996806,1.4584436
0.08703613,0.01112695,0.011126949,0.08875426,0.04547119,-0.04156494,1,0.008875422,0.28445557,9.889946,0.05074068989616613,2.0161247
0.107940674,0.012055122,0.012055121,0.09493493,0.05050659,-0.057434082,1,0.009493495,0.4167584,10.324589,0.09626472643769968,1.9504237
0.096191406,0.011062361,0.011062363,0.088266306,0.0501709,-0.046020508,1,0.008826631,0.503092,10.506647,0.11074312350239617,1.8253899
0.106536865,0.012125685,0.012125684,0.096238,0.05355835,-0.052978516,2,0.009623801,0.37967265,10.477805,0.13227741863019168,1.566004
0.11413574,0.0121465465,0.0121465465,0.0956354,0.05822754,-0.055908203,0,0.00956354,0.42478004,10.519296,0.13584358775958466,1.6309118
0.10424805,0.011192666,0.011192667,0.089438155,0.0524292,-0.051818848,1,0.008943819,0.5108597,10.713487,0.14156880241613418,1.4062585
0.10839844,0.011241404,0.011241404,0.089437485,0.05532837,-0.05307007,0,0.008943747,0.49457848,10.458048,0.10426442691693291,1.8874533
0.1187439,0.011401111,0.01140111,0.09060981,0.06347656,-0.055267334,1,0.009060982,0.58657444,10.750597,0.188356442192492,1.631672
0.091674805,0.010246089,0.010246089,0.081638135,0.046051025,-0.04562378,0,0.008163815,0.48084858,10.6011505,0.16182389426916932,1.5099502
0.10040283,0.011147964,0.011147963,0.08896777,0.05303955,-0.04736328,1,0.008896778,0.4876496,10.579962,0.14178096295926518,1.6132599
0.09289551,0.011096388,0.011096386,0.08840429,0.04824829,-0.044647217,1,0.0088404305,0.5119089,10.51404,0.11243728783945688,1.8268226
0.121917725,0.012084155,0.012084154,0.095717594,0.056152344,-0.06576538,2,0.009571764,0.5243079,10.71318,0.14333004692492013,1.646738
0.10128784,0.011004591,0.011004592,0.087803796,0.05050659,-0.05078125,0,0.008780379,0.5127028,10.665915,0.1551985573083067,1.4898587
0.12332153,0.011047511,0.011047511,0.08667945,0.060333252,-0.06298828,0,0.008667946,1.2224237,11.049072,0.31653573033146964,1.7928028
0.096954346,0.01097087,0.010970866,0.08745054,0.052764893,-0.044189453,0,0.008745052,0.501097,10.462758,0.1060927515974441,1.8650646
0.09500122,0.011083378,0.0110833775,0.08807611,0.048095703,-0.046905518,2,0.0088076135,0.2944167,9.92147,0.0566718250798722,2.008965
0.121154785,0.011318225,0.0113182245,0.08990736,0.06655884,-0.054595947,0,0.008990738,0.6643715,10.817349,0.17321036341853036,1.6046976
0.0864563,0.0102381995,0.0102381995,0.08159561,0.043548584,-0.042907715,1,0.008159562,0.48963454,10.479306,0.10705371405750799,1.7538332
0.08364868,0.010234358,0.010234357,0.08219745,0.042755127,-0.040893555,1,0.008219746,0.33996972,10.337221,0.07814684005591055,1.6382331
0.10784912,0.0118976375,0.011897637,0.09406023,0.051452637,-0.056396484,1,0.009406023,0.42846248,10.360448,0.0934754392971246,1.910105
0.102752686,0.010244299,0.010244299,0.081073195,0.053344727,-0.04940796,0,0.0081073195,0.95553577,10.913025,0.25545533396565495,1.7847329
0.09579468,0.011083949,0.011083948,0.088238984,0.04559326,-0.050201416,0,0.0088239,0.45729923,10.365114,0.0951540035942492,1.9148315
0.117889404,0.01186121,0.01186121,0.093347505,0.06021118,-0.057678223,0,0.009334752,0.56523794,10.658519,0.1776454547723642,1.7817988
0.109954834,0.01193335,0.01193335,0.094347335,0.05340576,-0.056549072,0,0.0094347345,0.52204865,10.773932,0.1791851787140575,1.360301
0.13104248,0.011341101,0.011341101,0.08809443,0.0647583,-0.06628418,0,0.008809442,1.2745483,11.060004,0.3805068140974441,1.8782988
0.10916138,0.011058769,0.011058768,0.08811019,0.05987549,-0.04928589,0,0.00881102,0.55604273,10.630497,0.15897844698482427,1.6505038
0.0819397,0.0102468645,0.010246864,0.081995405,0.041412354,-0.040527344,1,0.008199542,0.2773897,9.856622,0.050653329672523964,1.9397283
0.094818115,0.011097239,0.011097239,0.08885881,0.04748535,-0.047332764,0,0.008885882,0.49634188,10.579639,0.1414330820686901,1.6222997
0.100372314,0.010955858,0.010955857,0.0873007,0.051696777,-0.048675537,1,0.008730072,0.51940995,10.679994,0.16817467052715654,1.6604679
0.09854126,0.011138375,0.011138376,0.08488273,0.04486084,-0.05368042,1,0.008488278,0.35531786,10.681922,0.1021272214456869,1.5975966
0.096710205,0.011169302,0.011169301,0.08900489,0.04675293,-0.049957275,0,0.0089004915,1.0372291,10.960867,0.3055735822683706,1.9470483
0.090911865,0.011114286,0.011114286,0.08904911,0.044952393,-0.045959473,1,0.008904912,0.4624263,10.71594,0.13962971745207667,1.5578889
0.0975647,0.011095254,0.011095251,0.088746965,0.05038452,-0.047180176,1,0.008874698,0.47550383,10.462926,0.10044241713258786,1.8449748
0.09146118,0.011181299,0.011181299,0.08944477,0.04446411,-0.04699707,1,0.008944483,0.44788724,10.565532,0.13878107527955272,1.59317
0.10095215,0.011249916,0.011249916,0.088951066,0.049804688,-0.05114746,1,0.008895106,0.6424861,10.863079,0.1923032522963259,1.4458205
0.11843872,0.012110454,0.012110454,0.09575847,0.0552063,-0.06323242,1,0.00957585,0.4210801,10.541304,0.1432208466453674,1.5751814
0.08596802,0.010227277,0.010227278,0.081811525,0.04248047,-0.04348755,1,0.008181154,0.34323707,10.211563,0.07834652056709265,1.7689699
0.10342407,0.010260204,0.010260203,0.08124988,0.052978516,-0.050445557,1,0.008124987,0.57523656,10.559571,0.12406087759584665,1.831774
0.11050415,0.012098612,0.012098612,0.09501186,0.05444336,-0.05606079,3,0.009501189,0.4122039,10.433374,0.09841129193290735,1.7854414
0.111083984,0.011979745,0.011979743,0.09438778,0.05847168,-0.052612305,1,0.009438778,0.41834974,10.375865,0.0957483651158147,1.8821148
0.09915161,0.010258688,0.010258688,0.07989272,0.04876709,-0.05038452,1,0.007989273,1.0603734,10.986971,0.28650253344648563,1.7900004
0.09265137,0.010217994,0.0102179935,0.081500694,0.051849365,-0.040802002,0,0.00815007,0.29213852,10.064046,0.07079922124600639,1.7956724
0.110687256,0.0120875,0.0120875,0.09510835,0.052368164,-0.05831909,1,0.009510836,0.6526645,10.780355,0.17683893270766773,1.8356372
0.09036255,0.010174309,0.010174309,0.08112411,0.04055786,-0.049804688,2,0.008112409,0.2944062,9.8827305,0.05191225289536741,1.9558791
0.11517334,0.01232024,0.01232024,0.096815005,0.058685303,-0.056488037,3,0.0096815,0.4459151,10.501357,0.11125480481230032,1.7922561
0.10546875,0.011083901,0.011083901,0.08830373,0.04949951,-0.05596924,1,0.008830372,0.49067688,10.448125,0.10301798372603833,1.8848101
0.11193848,0.011368599,0.011368598,0.090439305,0.05130005,-0.060638428,1,0.009043934,0.65127504,10.86409,0.21704647563897764,1.483409
0.107543945,0.01106843,0.01106843,0.08807227,0.052978516,-0.05456543,0,0.008807228,0.5459217,10.690983,0.16556634384984026,1.6734216
0.10861206,0.011126444,0.011126444,0.08834453,0.05923462,-0.04937744,0,0.008834452,0.44299898,10.545178,0.14086368061102236,1.5750625
0.11505127,0.011190952,0.011190951,0.089322954,0.055725098,-0.059326172,0,0.008932295,0.5847012,10.7331295,0.13538026657348243,1.7017645
0.096191406,0.01104926,0.01104926,0.08802383,0.046051025,-0.05014038,0,0.008802384,0.5087689,10.500235,0.11671013877795527,1.8171186
0.089263916,0.0111087905,0.011108789,0.089155234,0.04586792,-0.043395996,1,0.0089155305,0.41665894,10.520636,0.13097325529153356,1.615535
0.09188843,0.011025538,0.011025538,0.087975375,0.04534912,-0.046539307,0,0.008797538,0.52770644,10.691875,0.1691278329672524,1.6360198
0.1071167,0.012128249,0.012128249,0.09566155,0.050109863,-0.057006836,2,0.009566159,0.4127844,10.565805,0.1439197284345048,1.5337257
0.092803955,0.010277852,0.01027785,0.08205682,0.048461914,-0.04434204,0,0.008205682,0.5359334,10.501053,0.11241700778753994,1.8114297
0.1105957,0.011079405,0.011079405,0.08678235,0.054351807,-0.056243896,0,0.008678236,0.88314015,10.853267,0.22559217751597443,1.9818228
0.102264404,0.011091479,0.011091479,0.08847841,0.050842285,-0.05142212,1,0.008847843,0.5521688,10.699381,0.13039137380191693,1.7309506
0.08786011,0.010249832,0.010249831,0.08180942,0.04547119,-0.042388916,1,0.00818094,0.5061764,10.528542,0.11239204772364217,1.7114173
0.086883545,0.010244319,0.01024432,0.08187124,0.044311523,-0.04257202,1,0.0081871245,0.45383483,10.679162,0.14206332368210864,1.3529054
0.090026855,0.011129604,0.011129604,0.08972428,0.04724121,-0.042785645,1,0.0089724315,0.38010663,10.593617,0.11149972543929712,1.4347247
0.103759766,0.012066058,0.012066058,0.09517563,0.05178833,-0.051971436,1,0.0095175635,0.47818664,10.667699,0.154905276557508,1.4773319
0.08868408,0.010172134,0.010172133,0.0810783,0.04107666,-0.047607422,1,0.008107833,0.46758965,10.42666,0.09794329073482429,1.8003918
0.118499756,0.01127843,0.011278427,0.087672696,0.060455322,-0.058044434,0,0.00876727,0.48570386,10.594438,0.14026931908945686,1.7605445
0.10809326,0.011123009,0.011123008,0.088249944,0.050231934,-0.057861328,0,0.008824995,0.957432,10.934255,0.3182813748003195,1.8423176
0.1020813,0.011066416,0.011066416,0.08812384,0.049987793,-0.052093506,0,0.008812382,0.8037519,10.810336,0.21516043081070288,1.8976244
0.10913086,0.012186125,0.012186125,0.096064016,0.0546875,-0.05444336,3,0.009606405,0.39350113,10.394215,0.0933974390974441,1.7911431
0.09420776,0.011144487,0.011144487,0.08878201,0.04638672,-0.047821045,0,0.008878205,0.5228497,10.668538,0.15880996655351437,1.5131077
0.10519409,0.011147928,0.011147928,0.08849303,0.049102783,-0.05609131,0,0.008849306,0.75320977,10.919468,0.2484103559305112,1.4684743
0.09295654,0.011237343,0.01123734,0.089125946,0.045776367,-0.047180176,1,0.008912593,0.31238455,10.065472,0.08061788638178914,1.9169796
0.12124634,0.011920493,0.011920493,0.09229261,0.06518555,-0.05606079,0,0.009229263,0.31965756,10.054606,0.07723423771964856,1.9168237
0.11206055,0.012098617,0.012098617,0.094904564,0.051116943,-0.060943604,0,0.00949046,0.42629698,10.567545,0.14770117811501599,1.5362308
0.11505127,0.011033531,0.01103353,0.08747453,0.058441162,-0.056610107,0,0.008747455,1.2538317,11.055266,0.365686776158147,1.7918485
0.09664917,0.011086327,0.011086326,0.0884089,0.045928955,-0.050720215,2,0.008840891,0.45222378,10.364713,0.09386388029153354,1.9309953
0.09674072,0.011131448,0.011131448,0.088767745,0.04824829,-0.04849243,1,0.008876778,0.464632,10.441444,0.09875761281948882,1.8389965
0.10449219,0.011161163,0.011161163,0.088844426,0.05368042,-0.050811768,1,0.008884444,0.5085405,10.502916,0.11141704522763578,1.8478383
0.11315918,0.012125618,0.012125617,0.09529954,0.053955078,-0.0592041,0,0.009529955,0.47597584,10.531661,0.10431434704472843,1.8018106
0.09475708,0.010169422,0.010169422,0.08116113,0.044830322,-0.049926758,0,0.008116115,0.51218855,10.668839,0.15471963608226838,1.4329485
0.098846436,0.011113209,0.011113209,0.08851002,0.051574707,-0.04727173,0,0.008851002,0.47974283,10.574963,0.15254499051517573,1.6049144
0.10852051,0.012102155,0.012102156,0.09548585,0.051483154,-0.057037354,2,0.009548587,0.51488316,10.781713,0.1846155526158147,1.3456442
0.11114502,0.012054608,0.012054608,0.09505952,0.053619385,-0.057525635,2,0.009505956,0.4443696,10.550815,0.11700185952476039,1.6337069
0.0927124,0.011100644,0.011100644,0.08881411,0.04751587,-0.045196533,1,0.008881418,0.43094254,10.512565,0.12878768969648563,1.623719
0.10211182,0.011852504,0.011852504,0.09341761,0.0496521,-0.052459717,1,0.009341762,0.44155255,10.431195,0.10114753893769968,1.8377584
0.08963013,0.010221673,0.010221673,0.08131408,0.046661377,-0.04296875,0,0.00813141,0.6629118,10.819956,0.21352086661341854,1.3870505
0.14263916,0.011191478,0.011191477,0.08251181,0.07696533,-0.06567383,0,0.008251184,0.7303045,10.718817,0.1488945811701278,2.020054
0.08657837,0.010232867,0.010232867,0.081766985,0.04071045,-0.04586792,1,0.008176699,0.4860236,10.495767,0.10441886731230032,1.7453814
0.09988403,0.011212045,0.011212045,0.08957482,0.048614502,-0.05126953,1,0.008957485,0.4702502,10.565037,0.1430492462060703,1.6182466
0.09829712,0.011169465,0.011169464,0.08914403,0.050720215,-0.047576904,1,0.008914401,0.4828761,10.493359,0.10595547124600639,1.8074708
0.11517334,0.011255175,0.011255174,0.089417756,0.05432129,-0.06085205,1,0.008941775,0.5436006,10.718585,0.17484056759185304,1.6421795
0.081726074,0.010249185,0.010249185,0.08221543,0.039794922,-0.041931152,1,0.008221544,0.44577566,10.701815,0.14432064946086262,1.3066311
0.09875488,0.011196304,0.011196303,0.0892967,0.04727173,-0.051483154,0,0.008929666,0.5053377,10.448951,0.10303514376996806,1.9295464
0.099823,0.011022084,0.011022085,0.08805512,0.051361084,-0.048461914,0,0.008805513,0.63126844,10.855476,0.20816849291134185,1.4313606
0.093322754,0.011238611,0.01123861,0.08944714,0.04562378,-0.047698975,1,0.008944715,0.50008184,10.50881,0.11119708466453675,1.8340138
0.11376953,0.012109481,0.012109481,0.095288865,0.055541992,-0.05822754,2,0.009528888,0.5051348,10.673231,0.13927871655351437,1.5725117
0.10903931,0.012114918,0.012114916,0.0953832,0.052856445,-0.05618286,3,0.009538322,0.3868385,10.514533,0.13343026158146964,1.5480932
0.10958862,0.011120152,0.011120152,0.08831696,0.056732178,-0.052856445,0,0.008831697,1.0746899,10.976406,0.294157473043131,1.9516522
0.12484741,0.010275578,0.010275578,0.081752956,0.053771973,-0.07107544,0,0.008175296,0.9812778,10.943663,0.2694345297523962,1.7241292
0.09750366,0.010238613,0.010238613,0.0815627,0.04824829,-0.04925537,0,0.008156273,0.49132273,10.590732,0.14802721894968052,1.5201799
0.07992554,0.010263251,0.010263249,0.08280454,0.04248047,-0.03744507,1,0.008280452,0.44283715,10.69497,0.13538026657348243,1.3251963
0.109558105,0.012028392,0.012028392,0.09496414,0.05303955,-0.056518555,1,0.009496417,0.30923194,10.196983,0.09163463458466453,1.7670959
0.111083984,0.01111031,0.01111031,0.08853454,0.059906006,-0.05117798,0,0.008853453,0.478738,10.444898,0.09983557557907348,1.8461834
0.08389282,0.010234495,0.010234489,0.08154998,0.040893555,-0.042999268,0,0.008154999,0.53424394,10.531861,0.11640125798722045,1.7684519
0.102264404,0.011148023,0.011148023,0.08874043,0.054229736,-0.048034668,1,0.008874042,0.5554387,10.739784,0.17922417881389777,1.6016494
0.10147095,0.0111050615,0.011105059,0.08842167,0.05368042,-0.047790527,1,0.008842172,0.45136032,10.368689,0.0938716803115016,1.9135327
0.10494995,0.011048153,0.011048154,0.08789291,0.05847168,-0.04647827,1,0.008789295,0.47607213,10.601412,0.14838601986821087,1.5549508
0.09146118,0.011061261,0.011061261,0.08830361,0.044677734,-0.046783447,1,0.008830364,0.34028348,10.13624,0.08336661341853036,1.8987972
0.11343384,0.010938451,0.01093845,0.08305568,0.054107666,-0.059326172,0,0.008305566,0.9641585,10.936258,0.2535880091853035,1.7892575
0.09439087,0.011188411,0.011188411,0.089361936,0.04663086,-0.04776001,0,0.008936197,0.48231912,10.5661545,0.1487292207468051,1.62815
0.100250244,0.011171504,0.011171503,0.08914873,0.05117798,-0.049072266,1,0.008914874,0.6357575,10.877689,0.21236334365015974,1.3871179
0.08520508,0.011274152,0.011274152,0.09029186,0.038635254,-0.046569824,2,0.009029197,0.22468199,9.947898,0.04856292432108626,1.8521333
0.104522705,0.011881282,0.011881281,0.09351216,0.05026245,-0.054260254,0,0.009351218,0.4558671,10.5918865,0.15046238518370608,1.5412464
0.11462402,0.011893354,0.011893354,0.093895376,0.055999756,-0.058624268,0,0.009389539,0.3876649,10.338096,0.08743198382587859,1.8077475
0.12097168,0.010252235,0.010252235,0.076139934,0.058410645,-0.062561035,0,0.0076139946,1.1046886,10.975188,0.23995201427715654,1.8319215
0.13418579,0.01019479,0.01019479,0.07771347,0.06625366,-0.06793213,1,0.0077713486,0.4466874,10.305209,0.09114323332667731,1.9057008
0.10708618,0.011121084,0.011121084,0.08874196,0.055236816,-0.051849365,0,0.008874195,0.581411,10.649053,0.13663138977635783,1.719757
0.10244751,0.011157623,0.011157623,0.08873689,0.048797607,-0.053649902,0,0.00887369,0.49057287,10.585097,0.15059966553514376,1.5992106
0.10848999,0.011091608,0.011091607,0.08810422,0.054351807,-0.054138184,0,0.0088104205,0.6919507,10.737048,0.17073931709265175,1.8283979
0.10726929,0.01126078,0.01126078,0.08951448,0.05126953,-0.055999756,0,0.00895145,0.5770657,10.750906,0.18945000499201278,1.6121066
0.087402344,0.011118213,0.011118213,0.09011731,0.04119873,-0.046203613,1,0.009011734,0.32959297,10.491643,0.1132656499600639,1.5595692
0.1222229,0.011401821,0.011401821,0.09071039,0.062927246,-0.059295654,2,0.009071039,0.60026366,10.757475,0.1457667731629393,1.6883132
0.11383057,0.011240435,0.011240434,0.089694716,0.063964844,-0.049865723,0,0.008969474,0.9646127,10.947231,0.2740427815495208,1.8665534
0.08560181,0.010130673,0.010130673,0.08090391,0.03942871,-0.046173096,0,0.008090392,0.5499287,10.54172,0.11897058456469649,1.7657889
0.11956787,0.012138107,0.012138106,0.0952465,0.061065674,-0.058502197,3,0.009524651,0.7805981,10.93063,0.24364454373003194,1.7842127
0.08441162,0.0101962015,0.0101962015,0.08139076,0.042541504,-0.041870117,1,0.008139077,0.45395324,10.468758,0.09929425419329073,1.6886666
0.09146118,0.010260595,0.010260595,0.08161993,0.04434204,-0.04711914,0,0.008161995,0.43933213,10.354254,0.09143339406948882,1.7972064
0.086883545,0.0101977205,0.0101977205,0.081732914,0.041381836,-0.04550171,1,0.008173291,0.47166482,10.495109,0.10293218350638977,1.7073905
0.0953064,0.011170068,0.011170068,0.08909046,0.04434204,-0.050964355,0,0.008909047,0.5608346,10.653561,0.1222216328873802,1.83266
0.09259033,0.011108747,0.011108746,0.08866052,0.047729492,-0.04486084,1,0.008866054,0.46877894,10.513941,0.1038822259384984,1.7134076
0.08389282,0.010267409,0.010267409,0.08210602,0.04043579,-0.04345703,1,0.008210602,0.49334428,10.4464445,0.10244858226837061,1.8219745
0.113220215,0.012067739,0.01206774,0.09488184,0.054107666,-0.05911255,0,0.009488187,0.38215953,10.250808,0.08158352885383387,1.9264214
0.11254883,0.012147045,0.012147044,0.09566058,0.05126953,-0.061279297,3,0.009566058,0.45607,10.4901905,0.10872759834265176,1.8130617
0.12182617,0.012138657,0.012138657,0.09447667,0.06472778,-0.05709839,1,0.009447667,0.76080054,10.872234,0.2329397963258786,1.9505309
0.0953064,0.011123279,0.011123279,0.08842748,0.04888916,-0.046417236,1,0.008842748,0.56194323,10.67484,0.13312138079073482,1.7632812
0.0947876,0.011145255,0.011145255,0.088917404,0.046051025,-0.048736572,1,0.008891739,0.4559762,10.438277,0.09663912739616613,1.8335736
0.0987854,0.011085929,0.011085929,0.08851751,0.044525146,-0.054260254,1,0.00885175,0.46289536,10.459879,0.10056409744408945,1.8219813
0.09933472,0.0111295525,0.0111295525,0.088817626,0.046325684,-0.053009033,0,0.0088817645,0.46965826,10.549119,0.14511937150559107,1.6338831
0.115234375,0.011214132,0.011214131,0.08915101,0.05810547,-0.057128906,0,0.008915101,0.8656063,10.901525,0.2111340605031949,1.7663084
0.09713745,0.011161138,0.011161137,0.08909871,0.046661377,-0.050476074,1,0.008909874,0.4837476,10.588299,0.1469414561701278,1.5927132
0.11053467,0.01211371,0.01211371,0.09566077,0.053894043,-0.056640625,2,0.00956608,0.54438376,10.827588,0.19791770666932906,1.3558154
0.099365234,0.0111767445,0.011176745,0.089302555,0.04449463,-0.054870605,1,0.008930256,0.45436504,10.532094,0.13794803314696485,1.6525593
0.086761475,0.010246329,0.01024633,0.081809096,0.044189453,-0.04257202,1,0.008180912,0.48740852,10.641184,0.161224852735623,1.4557977
0.11734009,0.012188804,0.012188803,0.09529432,0.053222656,-0.06411743,4,0.009529432,0.32632306,10.153562,0.06944825778753994,1.8852935
0.09875488,0.011179031,0.011179031,0.08913076,0.051330566,-0.047424316,0,0.0089130765,0.5142316,10.607506,0.15255435053913738,1.6123592
0.0942688,0.011145382,0.011145382,0.08903249,0.047302246,-0.046966553,2,0.008903249,0.46195534,10.408844,0.09614304612619809,1.9211692
0.11303711,0.012194617,0.012194617,0.09631633,0.058685303,-0.054351807,5,0.009631636,0.42679083,10.612799,0.1436030476238019,1.4827977
0.087677,0.010180937,0.010180938,0.08119506,0.043395996,-0.044281006,0,0.008119505,0.5112336,10.519451,0.12291739466853036,1.711797
0.09188843,0.010142135,0.010142134,0.081079945,0.041656494,-0.050231934,0,0.008107994,0.5291257,10.547863,0.11626709764376997,1.7184465
0.12020874,0.012169353,0.012169353,0.09619815,0.057250977,-0.06295776,3,0.009619816,0.4641825,10.735415,0.16721682807507987,1.358375
0.084198,0.01018172,0.010181721,0.08149935,0.041107178,-0.04309082,2,0.008149938,0.51718605,10.739207,0.16280513678115016,1.3197442
0.10534668,0.011224422,0.011224422,0.08956754,0.053131104,-0.052215576,1,0.008956755,0.503061,10.495428,0.1105808830870607,1.8459408
0.114990234,0.011018145,0.011018146,0.08627545,0.054779053,-0.06021118,0,0.008627546,0.5692171,10.646168,0.21903392072683706,1.8562962
0.10632324,0.012085231,0.012085231,0.09665582,0.0496521,-0.056671143,2,0.009665581,0.29066643,10.491527,0.09998065595047924,1.4297321
0.10266113,0.0112098325,0.0112098325,0.08930193,0.04849243,-0.0541687,1,0.008930196,0.5024698,10.503464,0.1132344498801917,1.8323795
0.11148071,0.011262586,0.011262585,0.08961589,0.050628662,-0.06085205,0,0.008961592,0.660048,10.761135,0.16076153154952078,1.7345638
0.10223389,0.011100532,0.011100531,0.08835492,0.0501709,-0.05206299,0,0.008835493,0.47531378,10.570536,0.14401488867811502,1.6018436
0.1003418,0.011181089,0.011181087,0.08929048,0.050445557,-0.04989624,0,0.008929049,0.46560588,10.538896,0.14368104782348243,1.6410817
0.103271484,0.0110732,0.011073199,0.088243805,0.050598145,-0.05267334,1,0.008824385,0.3362217,10.246443,0.07660243610223642,1.7738553
0.10751343,0.011194684,0.011194684,0.08983368,0.055114746,-0.05239868,1,0.008983369,0.45099917,10.771894,0.14681509584664537,1.4634824
0.110961914,0.012071694,0.012071693,0.09523221,0.05331421,-0.057647705,1,0.009523221,0.7028632,10.905524,0.22629573931709265,1.6057976
0.10571289,0.012050645,0.0120506445,0.095055774,0.052215576,-0.053497314,1,0.009505579,0.2882543,10.147757,0.07307682707667731,1.7660056
0.095947266,0.011165111,0.01116511,0.08915372,0.0501709,-0.045776367,0,0.008915374,0.52978116,10.710608,0.16648362619808307,1.4326787
0.085876465,0.010195337,0.010195338,0.081696376,0.043640137,-0.042236328,1,0.008169637,0.4148984,10.570339,0.13980755790734825,1.4939017
0.09515381,0.010257137,0.010257136,0.081708215,0.050079346,-0.045074463,0,0.008170822,0.5389573,10.665719,0.1671169878194888,1.4929812
0.097351074,0.01118959,0.01118959,0.089150384,0.050048828,-0.047302246,0,0.0089150425,0.4597055,10.516674,0.10526126946884984,1.6518269
0.10696411,0.012152818,0.012152817,0.09590127,0.05105591,-0.055908203,4,0.00959013,0.44523412,10.498096,0.10917219948083066,1.7836587
0.08538818,0.010241183,0.010241184,0.081717685,0.0435791,-0.041809082,1,0.008171769,0.47698894,10.651913,0.15717040235623003,1.4161294
0.14266968,0.011237153,0.011237153,0.08739248,0.078704834,-0.063964844,0,0.008739251,0.57573247,10.575463,0.10560291034345048,1.8986133
0.09674072,0.01103549,0.011035487,0.08812737,0.04748535,-0.04925537,1,0.0088127395,0.5361072,10.705313,0.17640993160942492,1.6387309
0.088134766,0.0102007855,0.010200784,0.08139552,0.042053223,-0.046081543,0,0.008139552,0.3632368,10.320675,0.10570275059904154,1.6875844
0.11508179,0.012060068,0.012060067,0.09519906,0.059173584,-0.055908203,2,0.009519911,0.41164362,10.432507,0.09777481030351437,1.7875822
0.08746338,0.01103776,0.011037759,0.08798219,0.043670654,-0.043792725,1,0.008798221,0.3170328,9.935184,0.05554862220447284,2.0530965
0.11242676,0.011329407,0.011329406,0.091288626,0.05871582,-0.053710938,2,0.009128869,0.47420877,10.770323,0.12464119908146964,1.5197817
0.122558594,0.011309988,0.011309988,0.08978787,0.057250977,-0.06530762,1,0.008978791,0.61181223,10.731845,0.13823975389376997,1.7592877
0.09436035,0.011137673,0.011137672,0.0888874,0.04864502,-0.045715332,1,0.00888874,0.5105375,10.511284,0.11281168879792332,1.8341372
0.10684204,0.011262892,0.01126289,0.089709006,0.056396484,-0.050445557,0,0.0089709,0.63624036,10.757732,0.14976662340255592,1.7286223
0.09561157,0.011105454,0.011105453,0.08821946,0.049468994,-0.046142578,1,0.008821948,0.37708357,10.300938,0.08140256839057508,1.8202156
0.111206055,0.011199158,0.011199158,0.08926776,0.05606079,-0.055145264,0,0.008926779,0.4889355,10.601087,0.14931578224840256,1.5625802
0.11288452,0.0111826435,0.011182641,0.08863459,0.05883789,-0.05404663,0,0.008863459,0.5455868,10.729694,0.17237576128194887,1.6111431
0.09338379,0.010200717,0.010200717,0.081200406,0.045043945,-0.048339844,0,0.00812004,0.49278808,10.648271,0.15911260732827476,1.4264364
0.09259033,0.010247509,0.01024751,0.081426606,0.047424316,-0.045166016,0,0.00814266,1.2905616,11.042875,0.34359399960063897,1.8434532
0.114349365,0.012035065,0.012035065,0.09423506,0.055114746,-0.05923462,3,0.009423507,0.37922364,10.509792,0.13584514776357828,1.5389299
0.11578369,0.011143204,0.011143205,0.08873004,0.060272217,-0.055511475,1,0.008873004,0.5614536,10.70494,0.13334758136980832,1.6930097
0.10446167,0.011124065,0.011124065,0.08874947,0.052886963,-0.051574707,0,0.00887495,0.4533895,10.51351,0.13480462509984026,1.6365142
0.11160278,0.012015324,0.012015324,0.0948441,0.051605225,-0.05999756,0,0.009484411,0.46753088,10.6714735,0.15532023761980832,1.4417263
0.10003662,0.010278962,0.010278961,0.081844404,0.043151855,-0.056884766,1,0.00818444,0.5088007,10.494065,0.10376990565095846,1.7842424
0.10757446,0.012138266,0.012138265,0.095248446,0.05316162,-0.05441284,0,0.009524845,0.33782807,10.249922,0.10123177915335463,1.8128836
0.103637695,0.011098178,0.011098178,0.08797308,0.055480957,-0.04815674,0,0.008797308,0.7888475,10.796067,0.21900116064297126,1.9033282
0.10836792,0.011226413,0.011226412,0.0892975,0.057373047,-0.050994873,0,0.008929752,1.2841455,11.06119,0.40546687799520764,1.8645247
0.08666992,0.010207481,0.010207482,0.081499115,0.04623413,-0.04043579,1,0.00814991,0.5222906,10.55798,0.11901738468450479,1.7076384
0.08758545,0.010266827,0.0102668265,0.08188297,0.041259766,-0.046325684,0,0.008188296,0.4951085,10.672033,0.15871324630591055,1.4006484
0.08654785,0.010260802,0.010260802,0.08188022,0.044677734,-0.041870117,2,0.0081880195,0.60977197,10.895284,0.21555043180910544,1.1962892
0.110076904,0.012108917,0.012108917,0.09493024,0.052886963,-0.05718994,1,0.009493025,0.53226036,10.793397,0.18229426667332269,1.3814769
0.09536743,0.011057341,0.011057341,0.08821969,0.044677734,-0.050689697,2,0.008821971,0.4499996,10.524999,0.13786847294329074,1.6587619
0.10247803,0.011320749,0.011320746,0.09039197,0.050476074,-0.052001953,1,0.009039197,0.57488954,10.795896,0.14992730381389777,1.5506959
0.09295654,0.011123456,0.011123456,0.08904111,0.045135498,-0.047821045,1,0.008904112,0.54924685,10.765285,0.14130672174520767,1.5920432
0.092437744,0.011132413,0.011132413,0.088559754,0.045135498,-0.047302246,1,0.008855976,0.7006521,10.779791,0.1721199206269968,1.7749404
0.09921265,0.011011802,0.011011801,0.08767136,0.048736572,-0.050476074,0,0.008767137,0.5426889,10.634517,0.12850532897364217,1.8050799
0.33200073,0.011157538,0.011157538,0.08461248,0.15454102,-0.17745972,0,0.008461249,0.8710687,10.917834,0.1701792756589457,1.7314485
0.11645508,0.011069461,0.01106946,0.088255785,0.0496521,-0.06680298,1,0.008825579,0.48708904,10.481178,0.1064297124600639,1.8466463
0.10784912,0.011184173,0.011184172,0.08921375,0.056365967,-0.051483154,2,0.008921376,0.5192149,10.7779665,0.16101425219648563,1.4872674
0.11264038,0.011904372,0.011904371,0.09334533,0.05706787,-0.05557251,0,0.009334533,0.8254513,10.912103,0.2596845047923323,1.8509372
0.12530518,0.012139135,0.012139134,0.09524629,0.0652771,-0.060028076,1,0.00952463,0.4770055,10.63822,0.1046747079672524,1.5946842
0.15759277,0.010903019,0.010903019,0.08522635,0.08581543,-0.071777344,0,0.008522637,0.72883826,10.8183365,0.17348804412939298,1.7681613
0.09677124,0.011166755,0.011166756,0.08931486,0.051635742,-0.045135498,1,0.008931491,0.45211494,10.5625925,0.14084652056709265,1.5789073
0.11004639,0.012146252,0.012146252,0.09592924,0.056427002,-0.053619385,3,0.009592927,0.37356243,10.248251,0.07946660343450479,1.9159665
0.088378906,0.010244379,0.010244379,0.08195041,0.04434204,-0.044036865,1,0.008195041,0.5385379,10.5873995,0.12251023362619809,1.681724
0.0920105,0.010244314,0.010244312,0.082103945,0.0513916,-0.040618896,2,0.008210392,0.44749138,10.482544,0.09911173372603833,1.6872807
0.10501099,0.011156917,0.011156918,0.0883927,0.04925537,-0.055755615,1,0.008839273,0.7325536,10.904864,0.19009116663338657,1.4618306
0.0920105,0.011065024,0.011065023,0.08831364,0.045562744,-0.046447754,0,0.00883136,0.46513072,10.437456,0.1014096196086262,1.8276215
0.09310913,0.010240332,0.010240332,0.08067424,0.04373169,-0.04937744,0,0.008067425,0.9858742,10.929371,0.2557876148162939,1.7676207
0.10687256,0.012090436,0.012090436,0.09520684,0.05303955,-0.053833008,2,0.009520684,0.38192993,10.478614,0.13176573732028754,1.5734959
0.09701538,0.011092287,0.011092284,0.08812454,0.049346924,-0.047668457,2,0.0088124545,0.35726464,10.284098,0.10298366363817892,1.7811387
0.08850098,0.010226883,0.010226882,0.08174846,0.041870117,-0.04663086,1,0.008174848,0.47293338,10.615511,0.1482378194888179,1.4904509
0.100616455,0.010997708,0.010997708,0.08774229,0.048706055,-0.0519104,1,0.008774233,0.5745333,10.702881,0.13394506289936103,1.7355615
0.09265137,0.011047137,0.011047136,0.08790198,0.046539307,-0.04611206,1,0.0087902,0.3133009,9.928004,0.060000873602236424,2.04086
0.09353638,0.011102705,0.0111027,0.088703826,0.04586792,-0.047668457,1,0.00887038,0.5931698,10.732716,0.13724603134984026,1.7172785
0.09744263,0.011087942,0.011087942,0.08824867,0.047546387,-0.04989624,1,0.008824866,0.4479938,10.566074,0.13126497603833867,1.5470227
0.0791626,0.010277996,0.010277996,0.08201464,0.041290283,-0.037872314,2,0.008201464,0.30157408,10.110764,0.06696005141773163,1.7815074
0.09490967,0.011033358,0.011033358,0.087973736,0.04949951,-0.045410156,0,0.0087973755,0.5285163,10.517077,0.119140625,1.8627939
0.16049194,0.010264716,0.010264715,0.07642614,0.08773804,-0.072753906,0,0.0076426156,0.55377156,10.463932,0.11641841803115016,1.9658209
0.10900879,0.011262584,0.0112625845,0.08959357,0.05267334,-0.05633545,2,0.008959355,0.5845011,10.731621,0.13663606978833867,1.7260575
0.13183594,0.011143809,0.011143809,0.08769949,0.06845093,-0.06338501,0,0.008769948,0.70341796,10.723221,0.15983020916533547,1.9062656
0.09005737,0.010218628,0.010218626,0.08128696,0.046813965,-0.04324341,2,0.008128699,0.33046556,10.25918,0.0789346420726837,1.6927339
0.110839844,0.012092586,0.012092585,0.09545425,0.052856445,-0.0579834,2,0.009545425,0.6939268,10.791221,0.21558163188897764,1.9322008
0.08615112,0.010177083,0.010177079,0.08143501,0.040405273,-0.04574585,0,0.008143501,0.48815078,10.414855,0.10001809604632587,1.8475062
0.1038208,0.011087022,0.011087021,0.08835082,0.049072266,-0.054748535,0,0.00883508,0.6652759,10.838958,0.2124631839057508,1.4467424
0.11569214,0.0121753,0.012175299,0.096133195,0.057922363,-0.057769775,4,0.009613319,0.42544672,10.517868,0.11322196984824281,1.6792054
0.111450195,0.012130924,0.0121309245,0.09562964,0.05606079,-0.055389404,5,0.009562965,0.34857988,10.322843,0.0818175294528754,1.7639618
0.109436035,0.011163026,0.011163025,0.08902954,0.057037354,-0.05239868,0,0.008902957,0.51315,10.482626,0.1078633561301917,1.8909547
0.09613037,0.011118677,0.011118678,0.08864719,0.049194336,-0.046936035,1,0.008864719,0.44840968,10.381751,0.09131327376198083,1.9068273
0.10043335,0.01204037,0.012040371,0.09583234,0.05050659,-0.049926758,2,0.009583237,0.23650278,9.819417,0.04860660443290735,1.9324054
0.107421875,0.012073352,0.012073352,0.094995804,0.05215454,-0.055267334,2,0.0094995815,0.30026138,10.09387,0.06892721645367413,1.8436328
0.09503174,0.01104712,0.011047119,0.08813481,0.044708252,-0.050323486,0,0.008813482,0.6214202,10.795182,0.19666346345846644,1.4158098
0.101989746,0.011006727,0.011006727,0.087751396,0.04901123,-0.052978516,0,0.00877514,0.5346536,10.5286,0.11746362070686901,1.8438166
0.09817505,0.0110846255,0.011084625,0.08840355,0.047912598,-0.05026245,1,0.008840356,0.5003288,10.676086,0.15736696285942492,1.6525542
0.092285156,0.01123759,0.01123759,0.08957942,0.04776001,-0.044525146,0,0.008957942,0.34213763,10.154858,0.0832979732428115,1.883512
0.11553955,0.011171901,0.0111719,0.088482946,0.05429077,-0.06124878,0,0.0088482965,0.8923066,10.9469185,0.27295233875798725,1.6485404
0.1116333,0.012057094,0.012057094,0.09522827,0.055511475,-0.056121826,3,0.009522828,0.39429775,10.516291,0.1408855206669329,1.5626947
0.10449219,0.011229531,0.011229529,0.08948317,0.04638672,-0.05810547,0,0.00894832,0.4524234,10.553999,0.13832399410942492,1.5845749
0.104644775,0.011904836,0.011904836,0.09378754,0.04953003,-0.055114746,3,0.009378756,0.4468779,10.434813,0.10288382338258786,1.8573953
0.11264038,0.010202237,0.0102022365,0.07980819,0.055145264,-0.057495117,0,0.00798082,1.0700365,11.0098505,0.2656686801118211,1.6212753
0.085235596,0.0102494,0.010249399,0.08186375,0.041778564,-0.04345703,1,0.008186377,0.6172862,10.856476,0.17998858077076677,1.2903208
0.09750366,0.011106981,0.01110698,0.08843158,0.044525146,-0.052978516,1,0.008843157,0.33653316,10.173935,0.08301249251198083,1.8690763
0.105041504,0.011102431,0.011102431,0.08831888,0.04977417,-0.055267334,0,0.0088318875,1.1733938,11.031718,0.37428551817092653,1.8017812
0.09136963,0.01016598,0.01016598,0.0811166,0.045776367,-0.04559326,0,0.008111662,0.69848365,10.862002,0.22244876946884984,1.370584
0.09396362,0.010250554,0.010250554,0.08188727,0.046936035,-0.047027588,0,0.008188728,0.46461594,10.570531,0.15403323432507987,1.5268134
0.09161377,0.010282863,0.010282863,0.08193791,0.0463562,-0.04525757,1,0.008193795,0.470174,10.5845175,0.14991794378993611,1.5318581
0.08935547,0.010227574,0.010227573,0.081617616,0.047607422,-0.041748047,1,0.008161762,0.60773695,10.686716,0.15421887480031948,1.6795442
0.112335205,0.012063675,0.012063674,0.09513181,0.054656982,-0.057678223,1,0.009513179,0.32238796,10.315397,0.08377377446086262,1.6754283
0.10430908,0.011290722,0.011290722,0.089875534,0.050842285,-0.053466797,1,0.008987552,0.4663468,10.600144,0.12238699331070288,1.7211164
0.0953064,0.011038906,0.011038905,0.08846048,0.047424316,-0.04788208,1,0.008846046,0.46244454,10.456467,0.09710244858226837,1.8278093
0.09631348,0.01117017,0.01117017,0.089058846,0.04864502,-0.047668457,1,0.008905886,0.34815526,10.250249,0.09125867362220447,1.8067293
0.091552734,0.01116925,0.011169246,0.0890777,0.045013428,-0.046539307,1,0.0089077735,0.48519015,10.392473,0.09876385283546325,2.00577
0.10122681,0.01108641,0.011086411,0.0884688,0.049102783,-0.052124023,1,0.00884688,0.81034803,10.902682,0.2090296151158147,1.6569588
0.108306885,0.011174016,0.011174015,0.08842228,0.057739258,-0.050567627,0,0.00884223,0.8609706,10.895478,0.22492761581469647,1.79976
0.09005737,0.010242867,0.010242867,0.081682876,0.046020508,-0.044036865,1,0.008168286,0.47380581,10.411024,0.09942061451677316,1.8233649
0.091674805,0.011114411,0.011114412,0.08925215,0.0423584,-0.049316406,1,0.008925216,0.4241174,10.62862,0.13034457368210864,1.4292674
0.114746094,0.012030901,0.0120309,0.094740115,0.05682373,-0.057922363,2,0.00947401,0.39568374,10.422347,0.09788245057907348,1.7599438
0.11312866,0.011094506,0.011094507,0.08834857,0.052612305,-0.060516357,1,0.0088348575,0.5776276,10.714657,0.12791876747204473,1.7355067
0.0970459,0.011164614,0.011164613,0.08905085,0.047576904,-0.049468994,1,0.008905088,0.5235764,10.740394,0.16991719498801916,1.3785417
0.12719727,0.011100084,0.011100082,0.087801695,0.061523438,-0.06567383,0,0.008780169,0.65378183,10.645495,0.13736927166533547,1.9792887
0.09762573,0.01109354,0.011093539,0.088420965,0.048614502,-0.04901123,1,0.008842098,0.49344534,10.457132,0.10649523262779553,1.8795717
0.12411499,0.011384001,0.011383997,0.090240434,0.068878174,-0.055236816,2,0.009024045,0.4951586,10.69176,0.1345690644968051,1.619394
0.09609985,0.011069179,0.011069179,0.08812433,0.04550171,-0.050598145,0,0.008812432,0.69278526,10.865077,0.22825978434504793,1.4551021
0.096466064,0.010252037,0.010252037,0.08126134,0.049621582,-0.046844482,0,0.008126135,1.0082942,10.929798,0.2866756938897764,1.7958502
0.09512329,0.01106812,0.01106812,0.0883368,0.04800415,-0.04711914,0,0.008833685,0.4709309,10.424608,0.09959065495207668,1.8616968
0.11114502,0.012105683,0.012105684,0.09507066,0.05404663,-0.05709839,2,0.0095070675,0.42237523,10.432921,0.11294896914936102,1.8019323
0.084472656,0.01026307,0.01026307,0.0825687,0.042785645,-0.04168701,1,0.008256871,0.3859128,10.527364,0.1289546101238019,1.4727465
0.09240723,0.010165129,0.010165129,0.080941,0.044189453,-0.048217773,0,0.008094102,0.50945085,10.677066,0.15964456869009586,1.402934
0.09277344,0.010267533,0.010267533,0.081709735,0.04522705,-0.047546387,1,0.0081709735,0.4594598,10.595232,0.1469289761381789,1.4745914
0.11791992,0.011826705,0.011826704,0.09310763,0.05718994,-0.06072998,2,0.009310766,0.2931108,9.943407,0.05709614616613418,1.9740554
0.11260986,0.012087559,0.012087559,0.095335074,0.049468994,-0.06314087,0,0.009533508,0.46443474,10.493514,0.11143576527555911,1.8251289
0.09829712,0.0110842,0.0110842,0.08822238,0.049682617,-0.048614502,0,0.008822238,0.46033847,10.523743,0.1461068540335463,1.6582714
0.11605835,0.012108755,0.012108756,0.09489073,0.056671143,-0.059387207,1,0.009489074,0.5847412,10.623613,0.15320643220846644,2.024482
0.09637451,0.011128285,0.011128285,0.088794716,0.04901123,-0.04736328,0,0.008879468,0.4891697,10.620013,0.14885870107827476,1.5384953
0.09899902,0.011237204,0.011237197,0.08960684,0.04812622,-0.050872803,2,0.008960682,0.46207413,10.692954,0.1246177990215655,1.5968938
0.10430908,0.011190455,0.011190456,0.08933008,0.05328369,-0.05102539,0,0.008933013,0.4936646,10.5772915,0.15084458616214058,1.6265467
0.11001587,0.01147398,0.011473981,0.09126483,0.05239868,-0.057617188,2,0.009126482,0.58527106,10.727711,0.13493098542332269,1.7383456
0.10409546,0.011078794,0.011078793,0.08808404,0.048034668,-0.05606079,1,0.008808399,0.5026476,10.504765,0.1102454822284345,1.8446654
0.11428833,0.012104906,0.012104905,0.09636659,0.06362915,-0.05065918,2,0.009636661,0.22545026,9.82411,0.04774236222044728,1.910707
0.09384155,0.010252346,0.010252344,0.08166666,0.04663086,-0.047210693,0,0.008166668,0.7268882,10.889306,0.23567760333466453,1.385888
0.088012695,0.01028765,0.010287648,0.082110666,0.046661377,-0.04135132,0,0.008211066,0.4923348,10.373954,0.09892453324680511,1.9385656
0.10437012,0.01109433,0.01109433,0.08794023,0.05218506,-0.05218506,0,0.008794022,0.3257122,10.051246,0.07297698682108626,1.9548924
0.10147095,0.011146832,0.011146831,0.08882112,0.050689697,-0.05078125,1,0.008882113,0.5873691,10.698001,0.12967845197683706,1.7790949
0.104003906,0.012070155,0.012070154,0.09518562,0.0496521,-0.054351807,2,0.009518564,0.37377262,10.300834,0.08888902755591055,1.8403319
0.098602295,0.011088561,0.011088561,0.0881333,0.050354004,-0.04824829,0,0.008813332,0.59960824,10.765003,0.18703511880990414,1.4747669
0.106048584,0.012089841,0.012089841,0.09519348,0.052856445,-0.05319214,2,0.009519352,0.44596896,10.491805,0.1104280026956869,1.7791473
0.110198975,0.012105203,0.012105203,0.09547979,0.056610107,-0.053588867,1,0.009547981,0.4309086,10.542406,0.13445674420926518,1.5876119
0.09320068,0.011004879,0.011004876,0.087614395,0.045806885,-0.0473938,3,0.008761437,0.45227578,10.452509,0.09963901507587859,1.8031144
0.09347534,0.011232033,0.011232034,0.08964216,0.045318604,-0.04815674,0,0.008964216,0.5064711,10.640299,0.15316119209265175,1.5160761
0.088012695,0.010272388,0.010272387,0.081869245,0.045135498,-0.042877197,1,0.008186925,0.5440216,10.542469,0.12205159245207668,1.7646699
0.08694458,0.010210635,0.010210634,0.08120624,0.045166016,-0.041778564,0,0.008120621,0.5356309,10.614461,0.1266785642971246,1.5757301
0.09262085,0.011016833,0.011016832,0.087958656,0.047668457,-0.044952393,1,0.008795875,0.31106207,10.101571,0.059482952276357824,1.8915125
0.11758423,0.011956563,0.011956562,0.09319464,0.06097412,-0.056610107,0,0.009319464,0.5873303,10.723699,0.16584246455670926,1.7177471
0.1105957,0.011208505,0.011208504,0.08850338,0.061035156,-0.049560547,0,0.008850338,1.0471424,10.993536,0.4219015200678914,1.7461239
0.10498047,0.0111713065,0.011171305,0.08933924,0.055755615,-0.049224854,0,0.008933928,0.4725456,10.56886,0.15073850589057508,1.6009076
0.12335205,0.01132571,0.01132571,0.09002192,0.065093994,-0.058258057,1,0.009002195,0.5435608,10.747395,0.17693877296325877,1.6098857
0.097351074,0.011135329,0.0111353295,0.088941,0.044311523,-0.05303955,1,0.0088941,0.5098803,10.509854,0.11066668330670927,1.8370183
0.09573364,0.010247525,0.010247525,0.080832414,0.046844482,-0.04888916,0,0.008083242,1.3105024,11.04824,0.3670704997004792,1.8444332
0.102508545,0.01120928,0.011209279,0.08971335,0.052612305,-0.04989624,1,0.008971328,0.42123997,10.498997,0.12464587909345048,1.6707371
0.13128662,0.012164154,0.012164154,0.09469481,0.062194824,-0.0690918,1,0.009469482,0.89097106,10.988633,0.3519961811102236,1.8532038
0.120666504,0.011262277,0.011262275,0.08954961,0.055419922,-0.06524658,1,0.008954962,0.4469639,10.591161,0.12330115565095846,1.7102603
0.11444092,0.01117442,0.011174418,0.08857026,0.055755615,-0.058685303,0,0.008857025,0.33625653,10.186158,0.09296375798722045,1.8357682
0.1065979,0.01207439,0.01207439,0.09507237,0.053222656,-0.053375244,2,0.009507237,0.43374485,10.431862,0.10285574331070288,1.8352067
0.08279419,0.01016907,0.01016907,0.08150792,0.04067993,-0.042114258,1,0.008150791,0.44858852,10.466832,0.09334283895766773,1.7220038
0.10281372,0.012069727,0.012069725,0.09513345,0.051574707,-0.051239014,1,0.00951335,0.3885868,10.350496,0.09083435253594249,1.8426853
0.11328125,0.012053369,0.012053369,0.09463588,0.057769775,-0.055511475,1,0.009463589,0.40115878,10.355419,0.09264083716054312,1.8645409
0.09402466,0.0102281645,0.010228164,0.08180117,0.0491333,-0.044891357,0,0.008180119,0.5085774,10.487064,0.10981492112619809,1.7512301
0.10134888,0.011122503,0.011122503,0.08836172,0.049102783,-0.052246094,0,0.0088361725,0.5539661,10.729939,0.17748789436900958,1.4574476
0.11956787,0.01108007,0.0110800695,0.08608914,0.056518555,-0.06304932,0,0.008608917,0.44215903,10.434523,0.09524448382587859,1.7741454
0.089263916,0.010257099,0.010257099,0.08157331,0.046325684,-0.042938232,0,0.0081573315,0.7246095,10.683698,0.17346932408146964,1.9623973
0.10446167,0.012097053,0.012097053,0.09471984,0.04989624,-0.05456543,2,0.009471986,0.42439654,10.60586,0.14796169878194887,1.4565353
0.10702515,0.011116841,0.011116841,0.088828616,0.04989624,-0.057128906,2,0.008882858,0.2836603,10.107263,0.06422536441693291,1.8267508
0.10107422,0.011137176,0.011137176,0.0881931,0.05230713,-0.04876709,0,0.008819312,0.47494787,10.525542,0.11219548722044728,1.8990915
0.101623535,0.011217969,0.011217967,0.08944555,0.04852295,-0.053100586,1,0.008944556,0.4687019,10.584549,0.10912851936900958,1.7832427
0.10220337,0.011149255,0.011149255,0.08893104,0.050476074,-0.051727295,1,0.008893103,0.5123566,10.679931,0.16034813049121405,1.4833947
0.11190796,0.011026603,0.011026601,0.087669745,0.052642822,-0.059265137,0,0.008766975,0.69480896,10.829221,0.2004573931709265,1.5758253
0.09954834,0.011208209,0.011208208,0.08929404,0.050354004,-0.049194336,0,0.008929405,0.456958,10.388703,0.09420552116613419,1.8913966
0.093566895,0.011089273,0.011089273,0.08830145,0.046020508,-0.047546387,1,0.008830145,0.49023294,10.579254,0.14426604932108625,1.6158677
0.10958862,0.0111715365,0.011171536,0.0885291,0.057556152,-0.05203247,1,0.008852912,0.625939,10.765486,0.1499928239816294,1.6981981
0.09487915,0.010245575,0.010245575,0.08164163,0.04586792,-0.04901123,0,0.008164166,0.4283431,10.5423355,0.13713683107028754,1.4980643
0.23590088,0.010240951,0.010240951,0.056968756,0.1257019,-0.110198975,0,0.005696878,0.97196996,10.891372,0.2273393819888179,1.8771267
0.090423584,0.011032061,0.01103206,0.08787465,0.045837402,-0.04458618,0,0.008787465,0.52838,10.510332,0.11473205371405751,1.8704967
0.09786987,0.010249902,0.010249902,0.08160611,0.04284668,-0.055023193,0,0.008160611,1.007431,10.944892,0.26605712110623003,1.7633938
0.08963013,0.011032599,0.011032598,0.087894015,0.04562378,-0.044006348,1,0.008789403,0.48729932,10.408456,0.10150789986022364,1.9481797
0.15176392,0.01134985,0.01134985,0.088324204,0.07678223,-0.07498169,0,0.008832422,0.81577164,10.874997,0.17424308606230032,1.8020914
0.123168945,0.01024518,0.01024518,0.08167047,0.059295654,-0.06387329,1,0.008167045,0.8055712,10.890522,0.2199980031948882,1.6294129
0.08557129,0.010265913,0.010265914,0.08181764,0.045135498,-0.04043579,1,0.008181763,0.3162211,10.1316805,0.08225277056709265,1.7817334
0.10671997,0.012116365,0.012116365,0.095228896,0.053588867,-0.053131104,3,0.009522892,0.416597,10.365038,0.09560172474041534,1.8928556
0.079711914,0.010184513,0.0101845125,0.08124757,0.03866577,-0.041046143,1,0.008124758,0.5226726,10.536692,0.11638097793530351,1.7254652
0.14190674,0.012159706,0.012159706,0.094271,0.06964111,-0.072265625,1,0.009427103,0.5291965,10.619676,0.12002514726437699,1.8438549
0.08483887,0.010242877,0.010242876,0.08140245,0.040893555,-0.043945312,0,0.008140245,0.45847446,10.3552065,0.09421644119408945,1.8415735
0.080718994,0.010220559,0.010220559,0.08179734,0.03994751,-0.040771484,3,0.008179735,0.31733352,10.19599,0.07028441992811502,1.7371662
0.09738159,0.011215976,0.0112159755,0.08923375,0.049621582,-0.04776001,0,0.008923377,0.61234474,10.806225,0.19143277006789136,1.5223018
0.111816406,0.011057865,0.011057865,0.08691748,0.059753418,-0.05206299,1,0.0086917505,0.3464823,10.102707,0.07810159994009584,1.9612116
0.08053589,0.010252984,0.010252984,0.08203929,0.038604736,-0.041931152,1,0.00820393,0.28438824,9.889179,0.04858788438498403,1.9401981
0.08444214,0.010294046,0.010294045,0.0822792,0.044555664,-0.039886475,1,0.0082279155,0.29430932,9.921902,0.05481854033546326,1.9360323
0.093444824,0.01126864,0.011268638,0.090043046,0.04840088,-0.045043945,1,0.0090042995,0.31419736,10.126019,0.07155738318690096,1.868949
0.12225342,0.011989932,0.0119899325,0.094245024,0.055877686,-0.06637573,1,0.009424507,0.41528788,10.549882,0.13921319638578275,1.5708243
0.20779419,0.011993032,0.011993033,0.08903722,0.0949707,-0.11282349,0,0.008903722,0.58048475,10.653379,0.12342751597444089,1.9011123
0.10192871,0.011054267,0.011054266,0.087886184,0.051940918,-0.049987793,0,0.008788622,0.48024452,10.576215,0.14985554363019168,1.5986996
0.1234436,0.011330862,0.011330862,0.09018409,0.07003784,-0.05340576,2,0.009018406,0.47205243,10.639674,0.12383155700878594,1.6687125
0.10357666,0.011294874,0.011294873,0.089816146,0.055755615,-0.047821045,1,0.008981614,0.6221186,10.8623,0.20727149061501599,1.4467235
0.09274292,0.011148358,0.011148358,0.08880694,0.044281006,-0.048461914,0,0.008880696,0.497577,10.583101,0.14821441942891375,1.6213576
0.13375854,0.011225817,0.011225817,0.08948152,0.079956055,-0.05380249,2,0.008948152,0.44321162,10.626106,0.11489585413338659,1.6882113
0.09515381,0.011223366,0.011223366,0.0896079,0.044677734,-0.050476074,1,0.008960791,0.4621528,10.434726,0.09940657448083066,1.8516972
0.098480225,0.011116048,0.011116046,0.088456556,0.04724121,-0.051239014,0,0.008845659,0.59085214,10.724699,0.17917113867811502,1.5386431
0.10702515,0.011238915,0.011238917,0.08936666,0.057891846,-0.0491333,1,0.008936665,0.6405028,10.777982,0.1530285917531949,1.6963388
0.115753174,0.01201711,0.012017109,0.09485841,0.055877686,-0.05987549,1,0.009485846,0.35569,10.545526,0.11934186551517571,1.4611553
0.08956909,0.01121119,0.011211191,0.089505285,0.043762207,-0.045806885,1,0.008950528,0.3211779,10.209081,0.07267590605031948,1.7991767
0.08816528,0.010167435,0.010167435,0.08113276,0.044403076,-0.043762207,1,0.008113276,0.49526024,10.469226,0.10473554812300319,1.7688853
0.10507202,0.01210217,0.012102167,0.09487143,0.053131104,-0.051940918,2,0.009487143,0.40233287,10.518944,0.10817847693690096,1.550142
0.15029907,0.011145991,0.011145987,0.08828396,0.08029175,-0.070007324,0,0.008828395,0.46796712,10.366073,0.09091859275159744,1.9815965
0.1109314,0.012046828,0.012046827,0.09480849,0.058563232,-0.052368164,1,0.00948085,0.30057108,10.144094,0.07485055161741214,1.8108346
0.11682129,0.011947394,0.0119473925,0.093927614,0.053009033,-0.063812256,3,0.009392762,0.45495752,10.570537,0.1204369883186901,1.5645196
0.111450195,0.0119513,0.0119513,0.094336174,0.05609131,-0.055358887,0,0.009433618,0.38321945,10.288015,0.08530257837460063,1.8609577
0.08102417,0.010175176,0.010175176,0.081162825,0.04119873,-0.03982544,1,0.008116283,0.5345346,10.556238,0.11986602685702875,1.7240934
0.1116333,0.012152836,0.012152835,0.09554186,0.053131104,-0.058502197,4,0.009554188,0.43027306,10.671368,0.13153641673322683,1.3898512
0.09347534,0.0110123865,0.0110123865,0.087829955,0.046936035,-0.046539307,2,0.008782997,0.582992,10.688139,0.14968238318690097,1.7148113
0.10681152,0.011062347,0.011062348,0.088158816,0.058288574,-0.04852295,1,0.008815877,0.57895964,10.712916,0.13696055061900958,1.7317674
0.089263916,0.0102484515,0.010248451,0.08186149,0.043304443,-0.045959473,0,0.00818615,0.5218963,10.622573,0.15898780700878595,1.5447671
0.098846436,0.01109571,0.01109571,0.088560484,0.047576904,-0.05126953,0,0.008856045,0.479881,10.372822,0.0966328873801917,1.9986725
0.10891724,0.011011918,0.011011919,0.08745703,0.05090332,-0.058013916,0,0.008745702,0.8592244,10.889287,0.20572708666134185,1.8041663
0.09609985,0.011063834,0.011063834,0.08851182,0.05218506,-0.043914795,1,0.008851185,0.45785442,10.665202,0.14014295876597443,1.4265487
0.096832275,0.011168032,0.011168032,0.088942334,0.04800415,-0.048828125,2,0.00889423,0.3308108,10.222964,0.07598467452076678,1.7940909
0.10479736,0.011210283,0.011210285,0.08930215,0.05380249,-0.050994873,1,0.008930217,0.45739505,10.524088,0.1281870881589457,1.6541396
0.108184814,0.011125297,0.011125297,0.088489324,0.050628662,-0.057556152,0,0.008848931,0.44564897,10.481077,0.09328199880191693,1.8912038
0.091430664,0.010198795,0.010198793,0.08148123,0.050201416,-0.041229248,0,0.0081481235,0.46893963,10.404025,0.09833797174520767,1.8214061
0.118621826,0.012144293,0.012144292,0.09516508,0.057434082,-0.061187744,1,0.009516512,0.7406165,10.878355,0.23447016024361023,1.7983615
0.09396362,0.011203245,0.011203245,0.08937439,0.046081543,-0.04788208,0,0.008937441,0.4906846,10.625242,0.14677765575079874,1.5262867
0.08526611,0.010164409,0.010164408,0.08094697,0.043121338,-0.042144775,0,0.008094697,0.51054984,10.474766,0.10979308107028754,1.7769594
0.118896484,0.012132205,0.012132205,0.09519898,0.057037354,-0.06185913,1,0.0095199,0.4701898,10.521306,0.11551205571086262,1.8057833
0.10418701,0.011112636,0.011112635,0.08846981,0.05331421,-0.050872803,1,0.008846981,0.47473326,10.580553,0.14744065744808307,1.5838925
0.09890747,0.01111848,0.01111848,0.088598326,0.04977417,-0.0491333,1,0.008859835,0.770287,10.878024,0.21428682857428116,1.63233
0.089141846,0.01023025,0.01023025,0.08183791,0.048187256,-0.04095459,1,0.008183792,0.47658178,10.491855,0.10570743061102236,1.7186686
0.10864258,0.012160352,0.012160353,0.09609494,0.049194336,-0.059448242,2,0.009609494,0.2607843,9.876529,0.05382013777955272,1.9551101
0.116241455,0.01124483,0.01124483,0.08952141,0.05618286,-0.060058594,1,0.008952139,0.5931119,10.731721,0.1414159220247604,1.6958743
0.09713745,0.011030979,0.011030979,0.08799368,0.049926758,-0.047210693,0,0.008799369,0.5324643,10.638458,0.15395367412140576,1.5978659
0.09072876,0.01023972,0.010239719,0.081616916,0.04208374,-0.04864502,1,0.00816169,0.32516694,10.229611,0.07930904303115016,1.7164756
0.107910156,0.012079843,0.012079841,0.09570615,0.048980713,-0.058929443,1,0.009570616,0.40438673,10.365713,0.09127427366214058,1.86899
0.11483765,0.012153367,0.012153366,0.09603093,0.06271362,-0.052124023,3,0.009603095,0.24989,10.050003,0.0666355705870607,1.797292
0.13497925,0.011250769,0.011250769,0.08665922,0.07192993,-0.06304932,0,0.008665921,0.76292443,10.891612,0.34862033246805113,1.6698147
0.103271484,0.011130216,0.011130214,0.08844014,0.050994873,-0.05227661,1,0.008844008,0.34907198,10.27846,0.09767809005591055,1.7617668
0.105773926,0.011104538,0.011104538,0.0885839,0.054656982,-0.051116943,1,0.008858391,0.5207913,10.530046,0.11414549221246006,1.8341981
0.09500122,0.011164731,0.01116473,0.08905936,0.046295166,-0.048706055,2,0.008905936,0.46980974,10.655446,0.14290104582667731,1.4465383
0.12414551,0.011409003,0.011409002,0.09081297,0.06674194,-0.057403564,0,0.009081299,0.61693007,10.775087,0.1892846445686901,1.6276455
0.10128784,0.011127736,0.011127735,0.08839483,0.04776001,-0.053527832,0,0.008839485,0.433186,10.535608,0.13944095696884984,1.5705497
0.26867676,0.010256545,0.010256546,0.06348096,0.13516235,-0.1335144,0,0.0063480963,0.3855243,10.161508,0.08346801367811502,1.889915
0.10675049,0.01208334,0.0120833395,0.09503018,0.050750732,-0.055999756,4,0.009503021,0.45579398,10.497824,0.11015968200878594,1.7971338
0.09185791,0.010208419,0.0102084195,0.081520334,0.04650879,-0.04534912,0,0.008152035,0.66240215,10.8488455,0.2131511456669329,1.3228453
0.11212158,0.012121499,0.012121499,0.09545295,0.05090332,-0.06121826,3,0.009545295,0.2681439,10.153638,0.05823026906948882,1.7700771
0.09320068,0.010202223,0.0102022225,0.08139636,0.044006348,-0.049194336,0,0.008139637,0.52817273,10.692731,0.1657722643769968,1.3944296
0.104156494,0.012069311,0.012069311,0.095422804,0.049713135,-0.05444336,2,0.00954228,0.41128862,10.4296465,0.09726936900958466,1.7867693
0.091430664,0.010199874,0.010199873,0.08114371,0.04257202,-0.048858643,1,0.008114373,0.45351467,10.411033,0.09617424620607029,1.7857152
0.10366821,0.012046576,0.012046573,0.094808325,0.050720215,-0.052947998,1,0.009480832,0.4656917,10.507657,0.11160424570686901,1.8086522
0.10241699,0.011111092,0.011111091,0.08900895,0.051727295,-0.050689697,2,0.008900894,0.31327415,10.275131,0.07131558256789138,1.7293034
0.08847046,0.011061717,0.011061717,0.088505186,0.04345703,-0.045013428,1,0.00885052,0.4763555,10.457926,0.10138153953674121,1.8467914
0.10595703,0.0112747,0.0112747,0.090047,0.05731201,-0.04864502,1,0.009004699,0.46063346,10.462105,0.09952045477236422,1.824423
0.100738525,0.011152442,0.01115244,0.08910084,0.051116943,-0.049621582,1,0.008910086,0.53566056,10.707212,0.1709608376597444,1.631563
0.09945679,0.011217663,0.011217663,0.08951224,0.050201416,-0.04925537,0,0.008951222,0.779239,10.884172,0.21959084215255592,1.6470913
0.10421753,0.0110931145,0.0110931145,0.08856179,0.053527832,-0.050689697,0,0.008856179,0.5916125,10.679113,0.1337282223442492,1.8283637
0.10534668,0.01115305,0.011153048,0.08908866,0.051727295,-0.053619385,0,0.008908871,0.43261078,10.317223,0.08200784994009584,1.941835
0.13467407,0.011298322,0.011298322,0.089749515,0.078063965,-0.056610107,1,0.008974951,0.57359684,10.775497,0.18844224241214058,1.5542196
0.09674072,0.011152865,0.011152866,0.08872687,0.05218506,-0.044555664,1,0.008872684,0.29964122,9.946642,0.055707742611821084,1.9946276
0.10244751,0.011186395,0.011186394,0.08906599,0.056152344,-0.046295166,0,0.0089065945,0.41990852,10.283146,0.08226837060702875,1.9353615
0.124938965,0.0110668335,0.0110668335,0.08706894,0.06838989,-0.056549072,0,0.008706893,0.7444488,10.748273,0.1822661866014377,1.9189887
0.14328003,0.011275441,0.01127544,0.08724233,0.06188965,-0.08139038,0,0.008724237,0.530577,10.627506,0.1343225838658147,1.7872373
0.094055176,0.011112768,0.011112767,0.08850226,0.045074463,-0.048980713,0,0.00885023,0.71476376,10.774134,0.1801321011381789,1.7831107
0.113983154,0.011302348,0.011302348,0.089884564,0.055114746,-0.05886841,1,0.008988459,0.63332707,10.770214,0.1527259509784345,1.7011832
0.09555054,0.011000987,0.011000987,0.0880714,0.046661377,-0.04888916,2,0.008807142,0.38836533,10.345452,0.07983944438897764,1.7884899
0.093811035,0.010277004,0.010277004,0.082127206,0.04748535,-0.046325684,0,0.008212722,0.52022076,10.661063,0.1654165834664537,1.4719205
0.10769653,0.012108448,0.012108446,0.09523069,0.053619385,-0.05407715,3,0.009523069,0.46661606,10.513384,0.11880210413338659,1.82142
0.10934448,0.012042371,0.012042371,0.095094375,0.055755615,-0.053588867,2,0.009509439,0.6003409,10.763995,0.16599534494808307,1.7136194
0.11135864,0.010167253,0.010167254,0.07833358,0.055847168,-0.055511475,0,0.007833359,0.48496652,10.376745,0.09955945487220447,1.8859248
0.08843994,0.010244041,0.01024404,0.08164457,0.04269409,-0.04574585,1,0.008164458,0.5340396,10.52791,0.11758842102635783,1.7744495
0.14056396,0.010242363,0.010242363,0.0766304,0.07455444,-0.06600952,0,0.00766304,1.0849056,10.972769,0.21773443740015974,1.8082104
0.09085083,0.011102319,0.011102318,0.08865471,0.043670654,-0.047180176,1,0.008865473,0.41932157,10.487925,0.1291808107028754,1.6406722
0.107940674,0.012130232,0.012130232,0.09555881,0.051574707,-0.056365967,2,0.009555882,0.39823472,10.600919,0.13406986321884984,1.4140908
0.10412598,0.011117268,0.011117268,0.08840519,0.049041748,-0.05508423,0,0.008840519,0.44657576,10.561812,0.13789031299920126,1.5544297
0.096588135,0.011200726,0.011200726,0.08939825,0.049468994,-0.04711914,2,0.008939825,0.4791524,10.66276,0.14569969299121405,1.4436924
0.10644531,0.011076311,0.011076311,0.088101484,0.055786133,-0.05065918,0,0.00881015,1.2418393,11.037948,0.349029053514377,1.894473
0.0821228,0.010260408,0.010260406,0.0821176,0.041381836,-0.040740967,1,0.008211761,0.48227665,10.496243,0.10317242412140575,1.7303485
0.09667969,0.011084262,0.011084262,0.0883845,0.04815674,-0.04852295,1,0.008838452,0.46477112,10.5861635,0.14276532547923323,1.5556688
0.10348511,0.011375354,0.011375354,0.0906995,0.05218506,-0.05130005,2,0.009069953,0.5995779,10.750296,0.14383392821485624,1.7017112
0.10357666,0.011093928,0.011093926,0.088212624,0.050109863,-0.053466797,0,0.008821262,0.94290316,10.906674,0.27097113368610226,1.9265817
0.0904541,0.010251871,0.0102518685,0.08195689,0.045715332,-0.04473877,1,0.008195689,0.48310703,10.503923,0.10464818789936102,1.7239056
0.080718994,0.010210145,0.010210144,0.081655085,0.039642334,-0.04107666,1,0.0081655085,0.45780104,10.624235,0.15378363368610223,1.4402891
0.11853027,0.011091322,0.01109132,0.0874219,0.054656982,-0.06387329,0,0.008742192,0.48990828,10.445295,0.10230662190495207,1.8776578
0.10317993,0.011123826,0.011123824,0.08869354,0.054870605,-0.048309326,0,0.008869355,0.5261011,10.628346,0.15313623202875398,1.5766176
0.112579346,0.0119686145,0.0119686145,0.09446175,0.04916382,-0.06341553,3,0.00944618,0.4272192,10.564314,0.14313036641373802,1.5690019
0.104400635,0.012122324,0.012122324,0.095303096,0.053100586,-0.05130005,0,0.0095303105,0.38896388,10.32682,0.08417313548322684,1.8258115
0.0927124,0.011060244,0.011060244,0.08837941,0.046020508,-0.046691895,1,0.008837939,0.48805884,10.47803,0.1048431883985623,1.8423395
0.097076416,0.010255408,0.010255408,0.08174768,0.046051025,-0.05102539,1,0.00817477,0.46109292,10.420972,0.09730212909345048,1.769623
0.15097046,0.01209675,0.01209675,0.09244404,0.073150635,-0.077819824,2,0.009244405,0.595736,10.724591,0.1623074955071885,1.7747085
0.102264404,0.01112122,0.011121219,0.088764325,0.052093506,-0.0501709,2,0.008876433,0.47325313,10.660812,0.14415840904552715,1.4466755
0.08657837,0.01028149,0.010281489,0.08189401,0.042297363,-0.044281006,1,0.008189402,0.33114183,10.116059,0.07667419628594249,1.8271267
0.11053467,0.011226704,0.011226704,0.08955227,0.05682373,-0.053710938,0,0.008955227,0.58578885,10.717211,0.13968275758785942,1.554702
0.1161499,0.01134194,0.01134194,0.090041295,0.054656982,-0.06149292,0,0.00900413,1.1951238,11.039827,0.34729432907348246,1.8667946
0.10131836,0.01116217,0.01116217,0.088216715,0.046691895,-0.054626465,0,0.008821674,0.55040205,10.53758,0.1368575903554313,1.8457615
0.11477661,0.012140154,0.012140153,0.095947914,0.059295654,-0.055480957,1,0.009594793,0.42881143,10.460259,0.10006021615415335,1.8064202
0.08947754,0.010227715,0.010227714,0.08164812,0.045776367,-0.043701172,0,0.008164817,0.5723281,10.702379,0.13940975688897764,1.5465616
0.11242676,0.011157702,0.011157702,0.088770606,0.059570312,-0.052856445,1,0.00887706,0.5655715,10.729488,0.1776267347244409,1.6605575
0.1005249,0.011087862,0.011087862,0.088287264,0.050964355,-0.049560547,0,0.008828726,0.80518353,10.842969,0.21758467701677317,1.7786243
0.100494385,0.010878314,0.010878312,0.08643368,0.04940796,-0.051086426,1,0.008643372,0.5487155,10.729725,0.1514467477036741,1.4258958
0.10592651,0.011196937,0.011196937,0.088902004,0.050567627,-0.055358887,0,0.0088902,0.44000256,10.331591,0.08742418380591055,1.9265391
0.13192749,0.011933211,0.01193321,0.094241984,0.05569458,-0.07623291,1,0.009424199,0.390608,10.590393,0.09814453125,1.4275723
0.09210205,0.010251345,0.010251345,0.08168004,0.047088623,-0.045013428,0,0.008168003,0.531361,10.537263,0.12598748252795527,1.7312789
0.092681885,0.010258691,0.010258691,0.081860214,0.041290283,-0.0513916,0,0.008186022,0.6823147,10.859542,0.22031468400559107,1.335277
0.10986328,0.012131913,0.012131913,0.09563338,0.0546875,-0.05517578,3,0.009563338,0.4701566,10.693524,0.1581266848043131,1.4048617
0.092285156,0.011062344,0.011062343,0.08815949,0.046905518,-0.04537964,1,0.008815949,0.50577146,10.503855,0.1105184829273163,1.8336501
0.1065979,0.012171837,0.012171836,0.09566591,0.050476074,-0.056121826,4,0.009566591,0.28045547,10.04476,0.07751659844249201,1.8642496
0.11129761,0.012026833,0.012026833,0.094728254,0.052124023,-0.059173584,0,0.009472827,0.85116935,10.979,0.27323781948881787,1.7817031
0.09591675,0.01113373,0.01113373,0.08880191,0.044158936,-0.051757812,0,0.008880192,0.4667908,10.54831,0.14426292931309903,1.638752
0.09906006,0.011029594,0.011029594,0.08806444,0.052734375,-0.046325684,1,0.008806447,0.5333492,10.685971,0.1247706794129393,1.729888
0.10473633,0.011289714,0.011289714,0.08997346,0.044952393,-0.059783936,1,0.008997347,0.48897138,10.490054,0.10753419528753994,1.8365163
0.08950806,0.010202863,0.010202862,0.081549145,0.041107178,-0.04840088,1,0.008154917,0.45637283,10.686914,0.1486059804313099,1.3408332
0.101867676,0.011140172,0.011140171,0.08657806,0.04751587,-0.054351807,0,0.008657805,0.32154205,10.001599,0.06877277605830671,1.9742972
0.114105225,0.011260308,0.011260308,0.08960029,0.053619385,-0.06048584,0,0.008960027,0.8385108,10.916752,0.21929756140175719,1.6753374
0.15283203,0.011148119,0.011148119,0.077512324,0.072052,-0.08078003,0,0.0077512315,0.5609593,10.610362,0.1689312724640575,1.9214094
0.10177612,0.011064841,0.0110648405,0.08818477,0.052490234,-0.04928589,1,0.008818483,0.48257387,10.669895,0.1490942616813099,1.4469676
0.10559082,0.011067396,0.011067397,0.08818606,0.05621338,-0.04937744,0,0.008818607,0.57843685,10.745283,0.1853206744209265,1.613638
0.09921265,0.011137006,0.011137007,0.088970415,0.043762207,-0.05545044,1,0.008897041,0.45507073,10.594463,0.1423207243410543,1.5609179
0.12814331,0.011086647,0.011086647,0.0877112,0.061798096,-0.066345215,0,0.008771122,0.38087836,10.12104,0.0685418954672524,2.0383182
0.12594604,0.011005399,0.011005399,0.08752821,0.065582275,-0.06036377,1,0.008752825,0.5505263,10.688467,0.12510920027955272,1.7516629
0.09777832,0.010181366,0.010181366,0.08102316,0.044921875,-0.052856445,0,0.008102316,0.5828697,10.7579975,0.18211954622603835,1.3847501
0.10903931,0.01209048,0.012090478,0.095167816,0.057769775,-0.05126953,1,0.009516784,0.2931225,10.074239,0.07474759135383387,1.8547271
0.100860596,0.011068794,0.011068794,0.08789666,0.05368042,-0.047180176,0,0.008789666,0.34936035,10.198511,0.08542737869408945,1.8504269
0.12335205,0.0112286,0.0112286,0.08792685,0.065216064,-0.058135986,0,0.008792689,0.8110945,10.86318,0.17655501198083068,1.7898055
0.100250244,0.011868973,0.011868972,0.093913525,0.049865723,-0.05038452,3,0.009391355,0.31857148,10.171784,0.08375349440894568,1.8155826
0.092681885,0.010170883,0.010170883,0.08122032,0.047210693,-0.04547119,1,0.008122033,0.49220166,10.646268,0.1588286866014377,1.4457026
0.10916138,0.012067481,0.012067481,0.09521902,0.05215454,-0.057006836,1,0.009521904,0.4582282,10.462274,0.1053314696485623,1.8588918
0.09637451,0.012179826,0.012179826,0.09665134,0.047851562,-0.04852295,4,0.0096651325,0.3831106,10.541041,0.1332118610223642,1.5272876
0.08407593,0.010262762,0.010262762,0.0819709,0.041168213,-0.042907715,0,0.008197091,0.46904814,10.403676,0.0951992437100639,1.8028628
0.08526611,0.0102502275,0.0102502275,0.0819756,0.040649414,-0.0446167,0,0.00819756,0.60366374,10.736977,0.15441387529952078,1.5005809
0.09945679,0.0101784635,0.010178464,0.08060474,0.045440674,-0.054016113,1,0.008060473,0.4231872,10.36065,0.0894022688698083,1.7550788
0.10205078,0.010203539,0.010203539,0.08124178,0.050933838,-0.051116943,0,0.008124177,0.8455342,10.934652,0.2784981529552716,1.4483211
0.11529541,0.0120505905,0.012050589,0.094994575,0.053100586,-0.062194824,1,0.0094994595,0.34773156,10.229063,0.07509391224041534,1.8684283
0.08694458,0.010224074,0.010224075,0.08160061,0.04232788,-0.0446167,0,0.008160062,0.51393014,10.655254,0.1649017821485623,1.4509109
0.119903564,0.01208277,0.01208277,0.09534442,0.06668091,-0.053222656,3,0.009534446,0.40710324,10.573957,0.14162340255591055,1.4788738
0.12384033,0.01128866,0.01128866,0.089726835,0.07040405,-0.05343628,1,0.008972685,0.5748047,10.808235,0.1911613293730032,1.471248
0.10498047,0.011179444,0.011179444,0.0890132,0.052947998,-0.05203247,1,0.008901318,0.49920994,10.647804,0.15200522913338657,1.50357
0.110443115,0.0120741,0.0120741,0.09554714,0.0579834,-0.052459717,0,0.009554718,0.4405167,10.584099,0.14966678314696485,1.543978
0.09585571,0.011102869,0.01110287,0.08860744,0.04751587,-0.048339844,1,0.008860748,0.4528664,10.577883,0.1424392846445687,1.5418831
0.1048584,0.011094626,0.011094626,0.0883161,0.05126953,-0.053588867,1,0.008831612,0.72000986,10.887735,0.2283643046126198,1.4909629
0.111846924,0.011104659,0.011104657,0.08854853,0.06213379,-0.049713135,0,0.008854853,0.5255584,10.695627,0.17331644369009586,1.625449
0.10571289,0.011089755,0.011089752,0.08860431,0.053588867,-0.052124023,1,0.008860434,0.47287932,10.408422,0.09506508336661341,1.9142627
0.107666016,0.011284325,0.011284325,0.09024556,0.04901123,-0.058654785,1,0.009024556,0.51437086,10.752943,0.16076309155351437,1.5287523
0.0942688,0.011084126,0.011084126,0.088628784,0.04763794,-0.04663086,2,0.008862877,0.4517147,10.373669,0.09112919329073482,1.9273772
0.09207153,0.011090567,0.011090567,0.08843198,0.047973633,-0.0440979,1,0.008843192,0.29576266,9.989445,0.06425032448083066,1.9531873
0.10253906,0.011110953,0.011110952,0.08825641,0.054016113,-0.04852295,0,0.008825641,0.5666054,10.646163,0.12442747853434505,1.8492154
0.10058594,0.011052732,0.011052733,0.08778544,0.04736328,-0.053222656,1,0.008778545,0.2973853,9.911482,0.05764994758386582,2.0119784
0.102508545,0.0112752635,0.0112752635,0.08950436,0.050994873,-0.051513672,0,0.008950439,0.663961,10.768364,0.15273531100239618,1.7456104
0.09298706,0.010994903,0.010994902,0.08761999,0.04486084,-0.04812622,0,0.008762001,0.50250864,10.498554,0.10944832018769968,1.814745
0.12734985,0.012085316,0.012085317,0.09464924,0.06851196,-0.05883789,0,0.009464924,0.70406073,10.89883,0.272737058206869,1.6019814
0.13815308,0.01214209,0.012142088,0.09282284,0.065216064,-0.07293701,0,0.009282285,0.32100433,10.057799,0.0819095696884984,1.9586056
0.115875244,0.010210861,0.010210861,0.07915964,0.057739258,-0.058135986,0,0.007915965,0.84807795,10.835951,0.23765256839057508,1.7916079
0.111694336,0.012015404,0.012015402,0.09465883,0.055358887,-0.05633545,5,0.00946588,0.21692383,9.877462,0.055536142172523964,1.8531499
0.095336914,0.011115965,0.011115965,0.08879621,0.04827881,-0.047058105,0,0.008879623,0.48404276,10.575731,0.1470038563298722,1.6180968
0.08679199,0.010223755,0.010223755,0.08155754,0.043273926,-0.043518066,1,0.008155754,0.53959936,10.543955,0.11854782348242812,1.747519
0.11959839,0.012117707,0.012117707,0.09530749,0.059143066,-0.060455322,1,0.009530753,0.4237935,10.541234,0.13626478883785942,1.6043103
0.11697388,0.012106617,0.012106618,0.09488762,0.057800293,-0.059173584,3,0.00948876,0.2758481,9.830897,0.05596670327476038,2.0261087
0.09365845,0.011004534,0.01100453,0.08768003,0.04748535,-0.046173096,0,0.008768001,0.49820796,10.507371,0.11059024311102236,1.7750204
0.09643555,0.011167199,0.011167199,0.08843354,0.05029297,-0.046142578,0,0.008843353,0.33420175,10.119108,0.07852280101837061,1.8922322
0.12249756,0.011346949,0.011346949,0.09014484,0.049835205,-0.07266235,0,0.009014486,0.5924499,10.753207,0.1832115490215655,1.6203073
0.09170532,0.010257377,0.010257377,0.0817549,0.046325684,-0.04537964,0,0.0081754895,0.47295254,10.61356,0.1528757113618211,1.4602292
0.10961914,0.01116502,0.011165021,0.08883168,0.056793213,-0.052825928,0,0.00888317,0.46287572,10.535861,0.14252196485623003,1.6352732
0.10031128,0.011087935,0.011087935,0.08826397,0.048675537,-0.051635742,0,0.008826398,0.8100159,10.810923,0.2117455820686901,1.9257607
0.1546936,0.010253221,0.010253221,0.07834025,0.08010864,-0.07458496,0,0.0078340275,1.0103453,10.931476,0.2608326677316294,1.8321345
0.095214844,0.011099395,0.011099395,0.08859786,0.04824829,-0.046966553,0,0.008859784,0.6452487,10.721385,0.16196429462859424,1.7528498
0.10684204,0.011087624,0.011087624,0.08839169,0.051605225,-0.055236816,1,0.008839169,0.5379303,10.708206,0.1763802915335463,1.6447271
0.10128784,0.011252439,0.011252439,0.08973221,0.050750732,-0.05053711,1,0.008973228,0.41529346,10.403951,0.09401676068290735,1.7753844
0.086883545,0.010200068,0.010200068,0.08133367,0.04144287,-0.045440674,0,0.008133368,0.50222397,10.649925,0.16289717701677317,1.4310026
0.08270264,0.010171472,0.010171471,0.08126406,0.04232788,-0.040374756,1,0.008126409,0.48393092,10.489226,0.10470434804313099,1.7310334
0.10437012,0.012081305,0.0120813055,0.09588482,0.049713135,-0.054656982,3,0.009588487,0.22551714,9.8906555,0.05198401307907348,1.8575865
0.123168945,0.012105791,0.012105791,0.09518567,0.06362915,-0.059539795,1,0.00951857,0.39851117,10.362142,0.0921790759784345,1.8595788
0.098846436,0.011135771,0.011135771,0.08869855,0.04849243,-0.050354004,1,0.00886985,0.45862123,10.590573,0.1413706819089457,1.5412205
0.12548828,0.012088685,0.012088685,0.09185238,0.06253052,-0.06295776,2,0.009185239,0.6230682,10.662444,0.20649304862220447,2.0665135
0.10345459,0.011079201,0.0110792,0.0882473,0.05102539,-0.0524292,1,0.0088247275,0.5145333,10.497808,0.11179144618610223,1.8887125
0.105285645,0.012109703,0.012109702,0.09557595,0.05355835,-0.051727295,1,0.009557596,0.30793735,9.99183,0.06466372553913738,1.978077
0.09732056,0.0110602025,0.011060203,0.08835645,0.046081543,-0.051239014,3,0.008835651,0.4148189,10.5477085,0.12584084215255592,1.553364
0.10461426,0.012111978,0.012111978,0.09540558,0.051483154,-0.053131104,2,0.009540562,0.53729177,10.788432,0.1854095946485623,1.3780557
0.10247803,0.011147282,0.011147276,0.08875985,0.0513916,-0.051086426,1,0.008875985,0.6118078,10.730676,0.13954391723242812,1.7654963
0.10726929,0.011206183,0.011206179,0.08938031,0.044708252,-0.062561035,1,0.008938032,0.44064823,10.363669,0.09083435253594249,1.908939
0.087402344,0.010215604,0.010215601,0.08182549,0.04159546,-0.045806885,1,0.008182549,0.47935984,10.435968,0.10105081869009584,1.8084958
0.108184814,0.011118467,0.011118466,0.088752225,0.055847168,-0.052337646,0,0.008875222,0.46084544,10.554821,0.1373287115615016,1.6029403
0.11138916,0.011158458,0.011158457,0.08851054,0.056549072,-0.054840088,1,0.008851053,0.49394658,10.486792,0.1068275134784345,1.8879129
0.11941528,0.011257442,0.011257441,0.08963708,0.06591797,-0.053497314,0,0.00896371,0.5990532,10.738878,0.1734615240615016,1.675535
0.10974121,0.01114697,0.01114697,0.08475204,0.057647705,-0.052093506,0,0.008475205,0.31006622,9.999603,0.06911753694089456,1.9395492
0.103759766,0.011146639,0.0111466395,0.08898997,0.046447754,-0.05731201,0,0.0088990005,0.53057647,10.504085,0.11287876896964856,1.8987595
0.11755371,0.012125856,0.012125856,0.0954691,0.056640625,-0.060913086,2,0.009546912,0.36890295,10.484911,0.13455658446485624,1.5500487
0.10470581,0.012096411,0.012096411,0.09526877,0.049346924,-0.055358887,1,0.009526878,0.40492952,10.528919,0.14388384834265175,1.5575947
0.09954834,0.010182321,0.010182319,0.08111221,0.047088623,-0.052459717,0,0.008111222,0.6046786,10.631268,0.14011643869808307,1.7587825
0.15518188,0.01017511,0.010175109,0.07476671,0.08068848,-0.07449341,0,0.0074766707,0.35254475,10.000127,0.07337010782747604,1.9761419
0.10775757,0.012036794,0.012036792,0.09469504,0.052368164,-0.055389404,0,0.0094695045,0.42432943,10.336699,0.09581856529552715,1.9584665
0.13143921,0.011984006,0.011984005,0.09350552,0.060058594,-0.071380615,3,0.009350553,0.6212511,10.780299,0.16145885333466453,1.7041919
0.12023926,0.01214373,0.012143731,0.09576562,0.05355835,-0.06668091,1,0.009576565,0.39235786,10.348611,0.08991239017571885,1.851081
0.096466064,0.011208402,0.011208402,0.08948061,0.04888916,-0.047576904,1,0.008948063,0.42658892,10.491123,0.13394506289936103,1.6402104
0.099975586,0.011160151,0.011160148,0.08931284,0.04727173,-0.052703857,1,0.008931285,0.628199,10.81136,0.1954653803913738,1.5215292
0.10021973,0.0111138215,0.011113821,0.08816516,0.04901123,-0.051208496,0,0.008816514,0.4284423,10.281261,0.08325273312699681,1.965488
0.120513916,0.01105916,0.01105916,0.08528911,0.054473877,-0.06604004,0,0.008528916,0.37288383,10.099076,0.07027037989217252,2.0211477
0.09844971,0.011226489,0.011226489,0.08897748,0.044189453,-0.054260254,0,0.008897751,0.5512288,10.647302,0.12653660393370608,1.7785895
0.10083008,0.011160951,0.011160949,0.08828045,0.05078125,-0.050048828,0,0.00882805,0.3059251,9.886226,0.054288138977635784,2.0532007
0.111694336,0.011289572,0.011289572,0.08999875,0.057128906,-0.05456543,1,0.008999873,0.6582536,10.795357,0.15938872803514376,1.6905999
0.09579468,0.011235547,0.011235546,0.08937299,0.050048828,-0.04574585,0,0.008937298,0.51269835,10.595129,0.12231991313897764,1.6624283
0.098236084,0.011110115,0.011110113,0.08828692,0.051757812,-0.04647827,0,0.008828692,0.85651493,10.918946,0.26335831419728434,1.6902062
0.10473633,0.011119474,0.011119473,0.08866084,0.050872803,-0.053863525,1,0.008866084,0.5022736,10.750332,0.15789424420926518,1.5276127
0.089538574,0.011264328,0.011264327,0.0901985,0.04534912,-0.044189453,0,0.00901985,0.44546354,10.469193,0.13336942142571884,1.7285036
0.1481018,0.011130087,0.011130087,0.087880135,0.06903076,-0.079071045,0,0.008788015,0.8667989,10.873736,0.23775864866214058,1.8687608
0.11331177,0.011219167,0.011219167,0.08931685,0.06237793,-0.050933838,1,0.008931682,0.4020331,10.50078,0.10355774510782748,1.801023
0.109069824,0.012166328,0.012166328,0.09566691,0.051605225,-0.0574646,1,0.009566694,0.39644474,10.4934435,0.13054269418929712,1.5981673
0.09118652,0.011140958,0.011140958,0.08895532,0.04534912,-0.045837402,1,0.008895537,0.46670073,10.466403,0.10010701627396167,1.8275543
0.11065674,0.011271617,0.011271616,0.08953594,0.056152344,-0.054504395,0,0.008953593,0.91974074,10.943055,0.25411529053514376,1.7675295
0.10522461,0.011111139,0.011111138,0.08839885,0.05218506,-0.05303955,0,0.008839885,0.50977784,10.64688,0.15582879892172524,1.5209166
0.09133911,0.0102445185,0.0102445185,0.08169307,0.045684814,-0.045654297,0,0.008169309,0.5180685,10.644125,0.1630562974241214,1.4781333
0.11239624,0.012055444,0.012055444,0.094550736,0.053466797,-0.058929443,0,0.0094550755,0.6862358,10.771955,0.19970079123402557,1.9587935
0.115875244,0.012010558,0.012010558,0.09440252,0.054229736,-0.061645508,0,0.0094402535,0.46203923,10.465618,0.10755291533546325,1.8363005
0.10723877,0.012025685,0.012025684,0.094830565,0.04928589,-0.05795288,2,0.009483057,0.44251257,10.508293,0.10093225838658147,1.6960886
0.103149414,0.011214208,0.011214208,0.08860718,0.051116943,-0.05203247,0,0.0088607175,0.33562478,9.997448,0.06471052565894568,2.031037
0.1098938,0.012120771,0.012120771,0.09536792,0.051452637,-0.058441162,1,0.009536794,0.43674576,10.5910425,0.14524417182507987,1.5410187
0.09463501,0.011217913,0.011217913,0.089955665,0.046020508,-0.048614502,1,0.008995567,0.43108204,10.635213,0.12943197134584664,1.4319894
0.102264404,0.011114465,0.011114465,0.08876028,0.0524292,-0.049835205,2,0.00887603,0.45687336,10.671732,0.1439041283945687,1.4039441
0.11062622,0.012073633,0.012073633,0.09543794,0.055358887,-0.055267334,1,0.009543793,0.42734525,10.401278,0.0987685328474441,1.8440857
0.10586548,0.011131722,0.011131722,0.0891013,0.051086426,-0.054779053,1,0.008910131,0.52299863,10.700505,0.12003138728035144,1.6695856
0.09396362,0.011228319,0.011228319,0.08982565,0.047576904,-0.04638672,1,0.008982568,0.44614685,10.646456,0.13890431559504793,1.439284
0.100494385,0.011118077,0.011118077,0.08865029,0.051208496,-0.04928589,0,0.008865031,0.5342122,10.668154,0.16162109375,1.5228771
0.097595215,0.01115903,0.011159029,0.08921508,0.04699707,-0.050598145,0,0.008921513,0.5322849,10.665487,0.16233245557108625,1.5366851
0.10595703,0.0112018315,0.01120183,0.089035004,0.052093506,-0.053863525,1,0.0089035025,0.553158,10.702482,0.12922137080670926,1.7368225
0.10491943,0.011127272,0.011127271,0.08881014,0.057678223,-0.04724121,1,0.008881015,0.50881535,10.509983,0.11478353384584665,1.8343288
0.111816406,0.012186355,0.012186355,0.095763855,0.05718994,-0.054626465,3,0.009576388,0.43858036,10.576004,0.1450632113618211,1.5682756
0.088378906,0.010227047,0.010227045,0.08164892,0.043914795,-0.04446411,1,0.008164893,0.5282209,10.548333,0.11855250349440895,1.7298374
0.09466553,0.011099026,0.011099027,0.088496506,0.04650879,-0.04815674,1,0.008849652,0.5231113,10.514757,0.11390993160942492,1.855983
0.1156311,0.011963384,0.011963384,0.09430858,0.057403564,-0.05822754,1,0.009430861,0.40380535,10.318438,0.0884397464057508,1.9248785
0.11361694,0.012148133,0.012148133,0.09547612,0.05609131,-0.057525635,0,0.009547616,0.5511108,10.805949,0.2019050768769968,1.4174196
0.10064697,0.011074259,0.011074258,0.08899603,0.04611206,-0.054534912,1,0.008899606,0.51782644,10.807575,0.1672230680910543,1.296826
0.08352661,0.010230681,0.010230681,0.081596784,0.042419434,-0.041107178,1,0.008159678,0.54355615,10.561717,0.12047286841054312,1.7360436
0.09564209,0.011115193,0.011115193,0.08869012,0.046173096,-0.049468994,0,0.008869014,0.5174725,10.507135,0.11563529602635783,1.8304045
0.10708618,0.01215335,0.012153351,0.096267454,0.052215576,-0.054870605,2,0.009626747,0.4424846,10.6043625,0.15036878494408945,1.5233864
0.09719849,0.011103568,0.011103568,0.088618845,0.045410156,-0.05178833,0,0.008861888,0.4618695,10.525786,0.1487432607827476,1.6583301
0.10296631,0.011140797,0.011140796,0.088615544,0.054534912,-0.048431396,0,0.008861555,0.79810095,10.843215,0.20475676417731628,1.7406775
0.09503174,0.011226005,0.011226005,0.08984501,0.044281006,-0.050750732,1,0.0089845015,0.44733244,10.557786,0.13964219748402557,1.6069531
0.088897705,0.0102617135,0.010261713,0.081734225,0.045654297,-0.04324341,0,0.008173425,0.4693836,10.437677,0.10092913837859425,1.7491599
0.09375,0.011006951,0.01100695,0.08789361,0.0446167,-0.0491333,0,0.008789359,0.43150645,10.303011,0.08440869608626198,1.9212307
0.1010437,0.011139287,0.011139285,0.08836221,0.05328369,-0.04776001,0,0.00883622,0.6190892,10.822935,0.17707137330271566,1.4814507
0.09429932,0.011202621,0.0112026185,0.08912756,0.049987793,-0.044311523,0,0.008912756,0.3320476,10.095014,0.07842140075878594,1.9286888
0.0869751,0.010253047,0.010253046,0.081601046,0.043792725,-0.043182373,1,0.008160109,0.33324692,10.257263,0.07964600389376997,1.6968684
0.10461426,0.011097123,0.011097122,0.08833521,0.051940918,-0.05267334,0,0.008833521,1.1904879,11.035672,0.4325906674321086,1.8949807
0.09347534,0.01111363,0.011113628,0.089202255,0.044067383,-0.04940796,1,0.00892023,0.41878882,10.532144,0.12418567791533547,1.6250231
0.110809326,0.011314722,0.011314719,0.08997118,0.05328369,-0.057525635,2,0.008997114,0.4914836,10.685793,0.13379062250399362,1.6264479
0.13098145,0.011828841,0.011828839,0.09172555,0.0703125,-0.060668945,0,0.009172559,0.6214134,10.721054,0.16698438748003194,1.8675165
0.12619019,0.012172085,0.012172085,0.09346416,0.06506348,-0.06112671,2,0.009346418,0.5900956,10.844533,0.23659332567891375,1.4034768
0.10290527,0.011183188,0.011183188,0.08917823,0.054382324,-0.04852295,0,0.008917823,0.4906737,10.575305,0.15275871106230032,1.6256394
0.0821228,0.010234577,0.010234576,0.081885375,0.040039062,-0.04208374,1,0.008188538,0.45064625,10.650622,0.14467945037939298,1.355007
0.11013794,0.012085426,0.012085425,0.09537285,0.054779053,-0.055358887,2,0.009537285,0.4689411,10.49753,0.11055280301517571,1.8286005
0.11538696,0.011988286,0.011988283,0.09458394,0.05319214,-0.062194824,5,0.009458397,0.40399727,10.374563,0.09324923871805112,1.8577718
0.101867676,0.011161232,0.011161231,0.08888913,0.054229736,-0.04763794,1,0.008888913,0.44708425,10.412373,0.09225083616214058,1.8378773
0.10723877,0.011115857,0.011115857,0.08821358,0.05041504,-0.05682373,0,0.008821359,0.5677014,10.73482,0.18185902555910544,1.6109064
0.10461426,0.0120085785,0.0120085785,0.09434003,0.05130005,-0.05331421,1,0.009434004,0.4161439,10.425956,0.09909925369408945,1.7967229
0.09576416,0.011101112,0.011101109,0.08857724,0.051513672,-0.04425049,0,0.008857724,0.44067505,10.501905,0.10229882188498403,1.6340313
0.093444824,0.011048157,0.011048156,0.0878983,0.04815674,-0.045288086,1,0.008789827,0.43496326,10.423801,0.09433188148961662,1.7890921
0.09655762,0.011077909,0.011077909,0.08852126,0.045166016,-0.0513916,1,0.008852129,0.6139954,10.869644,0.20783465205670926,1.4006149
0.106414795,0.011301634,0.011301632,0.090101466,0.052734375,-0.05368042,1,0.009010146,0.61495894,10.73965,0.1406733601238019,1.7480885
0.10473633,0.011138837,0.011138836,0.088524066,0.04916382,-0.05557251,0,0.008852407,0.99938005,10.935591,0.2648340779752396,1.9620173
0.10797119,0.011074877,0.011074877,0.088385664,0.057678223,-0.05029297,0,0.008838569,0.441013,10.5500965,0.1326580596046326,1.5814204
0.116241455,0.011051712,0.011051712,0.087830655,0.061401367,-0.054840088,0,0.008783069,0.8170258,10.875395,0.20222019768370608,1.7577388
0.10089111,0.011036165,0.011036162,0.087765105,0.05206299,-0.048828125,0,0.008776513,0.55118376,10.701999,0.18048310203674123,1.6578904
0.099243164,0.011155111,0.011155111,0.088981114,0.052093506,-0.04714966,2,0.008898111,0.44947782,10.599112,0.136506589456869,1.5097852
0.10211182,0.011215865,0.011215861,0.08960128,0.04840088,-0.053710938,2,0.008960127,0.52014065,10.6373005,0.1124731679313099,1.7922604
0.09609985,0.0110055,0.011005499,0.08788385,0.0473938,-0.048706055,2,0.008788388,0.3220927,10.191444,0.07491607178514377,1.8102043
0.096191406,0.011074132,0.011074133,0.08849696,0.046539307,-0.0496521,0,0.008849699,0.44098544,10.523506,0.13856891473642172,1.599305
0.11361694,0.012098938,0.012098937,0.095398836,0.05480957,-0.058807373,1,0.0095398845,0.5124202,10.748754,0.1523297099640575,1.4084141
0.11526489,0.012097633,0.0120976325,0.09548008,0.05255127,-0.06271362,3,0.00954801,0.38299102,10.3413,0.0878438248801917,1.8400407
0.08590698,0.01027342,0.01027342,0.082218185,0.04309082,-0.042816162,0,0.008221819,0.47087118,10.57941,0.154388915235623,1.5231757
0.08502197,0.010246697,0.010246697,0.082031354,0.04168701,-0.04333496,1,0.008203136,0.45968696,10.590775,0.1419837634784345,1.48529
0.10845947,0.012112976,0.012112974,0.0953779,0.052856445,-0.055603027,3,0.00953779,0.45083618,10.492735,0.10969324081469649,1.7952164
0.15649414,0.0111087365,0.011108737,0.08767636,0.072143555,-0.084350586,0,0.0087676365,0.8461888,10.867779,0.20897657498003194,1.9095395
0.093811035,0.011124414,0.011124414,0.08933879,0.04434204,-0.049468994,1,0.00893388,0.4344233,10.64193,0.1307049346046326,1.4310387
0.11477661,0.011009777,0.011009776,0.08714409,0.056030273,-0.058746338,0,0.00871441,0.86163336,10.89713,0.22968250798722045,1.7347556
0.0965271,0.011054734,0.011054732,0.088271014,0.047668457,-0.048858643,1,0.008827103,0.45832053,10.500916,0.10278086311900958,1.7062882
0.10406494,0.011099513,0.011099512,0.08842281,0.05114746,-0.05291748,0,0.008842285,0.46156242,10.545267,0.14216316393769968,1.6239562
0.10247803,0.011027546,0.011027546,0.08809508,0.053466797,-0.04901123,1,0.008809508,0.515153,10.768829,0.16602654502795527,1.4985538
0.11703491,0.012082771,0.012082772,0.09519385,0.057678223,-0.05935669,2,0.009519389,0.3875396,10.567685,0.12275515425319489,1.4700792
0.09957886,0.011096134,0.011096132,0.08836888,0.052368164,-0.047210693,0,0.0088368915,0.5018701,10.600932,0.15267603085063897,1.590721
0.112213135,0.011325987,0.011325986,0.08988,0.055511475,-0.05670166,1,0.008988004,0.5869665,10.728695,0.13776239267172524,1.7297121
0.087677,0.010154898,0.010154898,0.08137143,0.045837402,-0.0418396,1,0.008137144,0.4757482,10.482458,0.10316618410543131,1.7267306
0.11315918,0.012101763,0.012101763,0.09525033,0.055603027,-0.057556152,4,0.0095250355,0.37101072,10.479351,0.1319295377396166,1.5855235
0.08618164,0.010189211,0.010189211,0.08122627,0.042785645,-0.043395996,1,0.008122627,0.49169722,10.506362,0.10643595247603833,1.7390618
0.11734009,0.012147316,0.012147315,0.095471375,0.05908203,-0.058258057,1,0.009547136,0.45472842,10.496022,0.11088976387779553,1.8017025
0.09326172,0.011199506,0.011199507,0.08930832,0.046539307,-0.046722412,1,0.008930835,0.43369323,10.513517,0.1397997578873802,1.6182222
0.10897827,0.01132671,0.011326709,0.09011135,0.057281494,-0.051696777,1,0.009011135,0.6474398,10.786942,0.1565386007388179,1.6928877
0.08938599,0.011101978,0.011101976,0.088548295,0.042633057,-0.04675293,0,0.0088548325,0.46432143,10.421309,0.0992880141773163,1.8466867
0.11004639,0.011285639,0.011285639,0.089915,0.057006836,-0.05303955,1,0.008991503,0.55397403,10.744836,0.17922261880990414,1.6142168
0.101257324,0.011173475,0.0111734755,0.089144714,0.0491333,-0.052124023,0,0.008914475,0.5132057,10.518767,0.1368404303115016,1.7931663
0.09603882,0.011122223,0.011122222,0.08887514,0.0496521,-0.04638672,1,0.008887512,0.41928604,10.555472,0.13234917881389777,1.5345556
0.103881836,0.011167468,0.011167467,0.08899862,0.05239868,-0.051483154,0,0.008899864,0.56823736,10.730719,0.17800269568690097,1.6413902
0.095458984,0.011067006,0.011067006,0.08859611,0.0501709,-0.045288086,1,0.008859616,0.54849994,10.743409,0.17086099740415336,1.4064761
0.11621094,0.011156988,0.011156987,0.08883367,0.05709839,-0.05911255,0,0.008883368,0.55953413,10.69709,0.16569894418929712,1.686817
0.12081909,0.011137583,0.011137582,0.08806848,0.05807495,-0.06274414,3,0.008806849,0.5003608,10.695572,0.13665010982428116,1.6132348
0.1194458,0.01109273,0.011092731,0.087298185,0.05834961,-0.06109619,0,0.008729816,0.52168715,10.387752,0.10166546026357827,2.1250744
0.10089111,0.0111580705,0.0111580705,0.08893301,0.05239868,-0.04849243,0,0.008893302,0.49949452,10.515268,0.11849478334664537,1.7903852
0.093811035,0.0102615105,0.0102615105,0.08174598,0.048065186,-0.04574585,1,0.008174599,0.51955664,10.556544,0.11839806309904154,1.7053771
0.106933594,0.011231058,0.011231057,0.089261584,0.054840088,-0.052093506,0,0.008926161,0.943214,10.940508,0.23236259484824281,1.7784531
0.10708618,0.0111316005,0.011131601,0.08806674,0.050750732,-0.05633545,0,0.008806675,0.8646738,10.88788,0.24168829872204473,1.7973527
0.088653564,0.010242221,0.01024222,0.08213396,0.042938232,-0.045715332,2,0.008213397,0.42276043,10.609853,0.13641454922124602,1.4169065
0.10821533,0.011879941,0.011879941,0.093856275,0.051727295,-0.056488037,1,0.009385628,0.38015833,10.589103,0.1231233151956869,1.416912
0.10076904,0.0110393725,0.01103937,0.08786841,0.04852295,-0.052246094,0,0.008786841,0.36751333,10.270306,0.09771397014776358,1.8197343
0.095581055,0.01024947,0.010249469,0.08184895,0.046569824,-0.04901123,2,0.008184895,0.47114316,10.695633,0.12859580920527156,1.3538847
0.08956909,0.010221952,0.010221953,0.08163703,0.040649414,-0.048919678,0,0.008163704,0.46747556,10.6051,0.14982902356230032,1.455911
0.104034424,0.011221895,0.011221893,0.08964233,0.055541992,-0.04849243,0,0.008964235,0.4484661,10.522257,0.14179188298722045,1.6385962
0.09811401,0.010224089,0.010224089,0.08115431,0.05105591,-0.047058105,0,0.008115432,0.5639521,10.507235,0.11938398562300319,1.8997495
0.10586548,0.011295348,0.0112953475,0.08983414,0.05340576,-0.052459717,0,0.008983416,0.6390682,10.76686,0.1540347943290735,1.7199266
0.12591553,0.011144336,0.011144337,0.08722106,0.062164307,-0.06375122,0,0.008722106,0.84138495,10.877509,0.21047573881789136,1.7997669
0.10119629,0.011128207,0.011128203,0.08857913,0.050598145,-0.050598145,0,0.008857914,0.43647307,10.584408,0.11919522513977636,1.7223443
0.10827637,0.011059678,0.011059678,0.088215515,0.051818848,-0.05645752,1,0.008821555,0.46051595,10.560858,0.1442722893370607,1.5942868
0.10583496,0.011886326,0.011886326,0.09375141,0.05239868,-0.05343628,1,0.009375143,0.4741032,10.483106,0.1113593250798722,1.8385297
0.11013794,0.01216429,0.012164289,0.095662184,0.052001953,-0.058135986,4,0.00956622,0.435349,10.432107,0.10312406399760383,1.8598143
0.1053772,0.011157332,0.011157332,0.08873763,0.04827881,-0.05709839,0,0.008873764,0.45474124,10.51025,0.13735523162939298,1.6767588
0.10534668,0.011077541,0.01107754,0.08832779,0.052520752,-0.052825928,0,0.00883278,1.1604413,11.01098,0.3820044179313099,1.9499676
0.097717285,0.011129235,0.011129234,0.088643536,0.049194336,-0.04852295,0,0.008864357,0.43909073,10.511637,0.13567510732827476,1.6290512
0.11743164,0.010206975,0.010206974,0.080748245,0.0675354,-0.04989624,0,0.008074822,0.8692159,10.902124,0.254642571884984,1.6232809
0.10253906,0.011122141,0.011122141,0.0885145,0.050323486,-0.052215576,0,0.00885145,0.5920792,10.752061,0.1932704547723642,1.4820793
0.09857178,0.0111783715,0.0111783715,0.088948496,0.051574707,-0.04699707,1,0.008894851,0.43702555,10.375774,0.09221651607428115,1.8888652
0.08505249,0.01023828,0.010238279,0.08225255,0.04321289,-0.0418396,1,0.008225255,0.43869236,10.665346,0.1354816668330671,1.352501
0.08609009,0.010232275,0.010232274,0.081620455,0.0418396,-0.04425049,1,0.008162048,0.49003446,10.430845,0.10280426317891374,1.8263811
0.09786987,0.011166183,0.011166181,0.088951446,0.045654297,-0.052215576,0,0.008895146,0.46836767,10.561888,0.15142178763977635,1.6071831
0.14050293,0.011107714,0.011107713,0.0867728,0.06628418,-0.07421875,0,0.008677281,0.6335652,10.641652,0.14546725239616615,1.900825
0.09851074,0.0102284,0.0102284,0.081546314,0.048828125,-0.049682617,0,0.008154631,0.6043159,10.730677,0.1541751946884984,1.5076253
0.08001709,0.010149129,0.01014913,0.08151117,0.04043579,-0.0395813,1,0.008151116,0.2732072,9.853841,0.048800044928115016,1.9349465
0.10858154,0.011187357,0.011187358,0.08896077,0.05831909,-0.05026245,0,0.008896077,0.50406355,10.60034,0.14381988817891375,1.6050605
0.11306763,0.011901294,0.011901295,0.09345592,0.05014038,-0.062927246,2,0.009345594,0.3257273,10.282249,0.08195792981230032,1.7088447
0.096343994,0.011132724,0.011132725,0.08867763,0.045898438,-0.050445557,0,0.008867763,0.48001873,10.402866,0.09769681010383387,1.9378775
0.105895996,0.011103068,0.0111030685,0.087783694,0.051513672,-0.054382324,0,0.00877837,1.1994017,11.036336,0.3122706794129393,1.8288972
0.097229004,0.011202949,0.011202948,0.08942769,0.04675293,-0.050476074,0,0.008942768,0.516447,10.509555,0.11141236521565495,1.8561571
0.10140991,0.01110343,0.011103431,0.08824975,0.05441284,-0.04699707,1,0.008824977,0.5821396,10.826218,0.16688298722044728,1.4383584
0.08898926,0.0102087995,0.010208799,0.08155347,0.04486084,-0.044128418,0,0.008155344,0.52588624,10.544377,0.11661497853434505,1.7211752
0.09237671,0.011131428,0.011131428,0.088823974,0.043548584,-0.048828125,1,0.008882398,0.33638096,10.194283,0.08728378344648563,1.8309156
0.10635376,0.011160213,0.011160212,0.08882291,0.057495117,-0.048858643,0,0.008882294,0.47618118,10.559685,0.14827525958466453,1.6210197
0.09750366,0.011208461,0.011208462,0.08914818,0.049713135,-0.047790527,0,0.008914819,0.56774336,10.756323,0.18195574580670926,1.4075313
0.08395386,0.01025683,0.010256829,0.0827813,0.04208374,-0.041870117,1,0.0082781315,0.43018633,10.697207,0.1347032248402556,1.2998984
0.09561157,0.011185022,0.011185021,0.08947684,0.04611206,-0.04949951,1,0.008947683,0.48436055,10.450237,0.1028136232028754,1.87576
0.09375,0.010255556,0.010255556,0.081654236,0.039276123,-0.054473877,0,0.008165425,0.61993796,10.81706,0.1985323482428115,1.3321029
0.10836792,0.01207837,0.012078369,0.09519995,0.05496216,-0.05340576,1,0.009519997,0.41617894,10.424822,0.0963895267571885,1.8057466
0.088897705,0.010228256,0.010228255,0.08166686,0.044189453,-0.044708252,1,0.008166687,0.4824766,10.491742,0.10319270417332269,1.7377
0.08743286,0.010256104,0.010256103,0.081863455,0.044921875,-0.042510986,1,0.008186347,0.4892993,10.497829,0.10794603634185304,1.7422966
0.10498047,0.011040232,0.011040233,0.08840489,0.056549072,-0.048431396,1,0.008840488,0.5023331,10.721317,0.16405781998801916,1.5961035
0.32260132,0.011132348,0.01113235,0.061891083,0.17349243,-0.14910889,0,0.0061891084,1.2976639,11.076446,0.12394543730031948,1.9280193
0.14324951,0.011058868,0.011058867,0.08638187,0.069488525,-0.07376099,0,0.008638189,0.74053293,10.755995,0.17493728783945686,1.9021099
0.10592651,0.011110391,0.0111103915,0.088605806,0.05621338,-0.049713135,1,0.00886058,0.31831208,10.107367,0.057025945986421724,1.9122934
0.09161377,0.010241199,0.010241199,0.081850395,0.047698975,-0.043914795,1,0.00818504,0.44788694,10.64546,0.14367168779952078,1.3866192
0.10220337,0.010988656,0.010988656,0.08760123,0.05722046,-0.04498291,0,0.008760121,0.63686687,10.725019,0.14218656399760382,1.7998313
0.12680054,0.0112032285,0.011203229,0.08863734,0.06820679,-0.05859375,1,0.008863732,0.56803894,10.593776,0.12921357078674123,1.9107709
0.11520386,0.011251827,0.011251827,0.0895397,0.05807495,-0.057128906,0,0.00895397,0.5849016,10.7521515,0.18685415834664537,1.6093789
0.11203003,0.011032869,0.011032867,0.08672798,0.05722046,-0.05480957,0,0.008672796,0.51714236,10.487436,0.10620663188897764,1.8773167
0.10787964,0.01115793,0.011157931,0.08824717,0.05331421,-0.05456543,1,0.008824718,0.65695834,10.735014,0.16820119059504793,1.8223218
0.10281372,0.011070506,0.011070504,0.08842821,0.05255127,-0.05026245,2,0.008842824,0.44707868,10.629868,0.11879118410543131,1.4576848
0.118133545,0.011100482,0.011100479,0.08699888,0.0619812,-0.056152344,0,0.0086998865,0.56710297,10.622304,0.1409884809305112,1.7330213
0.104400635,0.011104724,0.011104722,0.088507384,0.053894043,-0.05050659,0,0.00885074,0.77650934,10.9214525,0.24778167432108625,1.5057377
0.10336304,0.011177141,0.011177141,0.08919531,0.04849243,-0.054870605,1,0.008919532,0.4583327,10.58338,0.13549102685702874,1.5453149
0.099609375,0.011041951,0.011041952,0.08804784,0.047546387,-0.05206299,0,0.008804781,0.51330495,10.605318,0.11977398662140575,1.8097566
0.09033203,0.011040804,0.011040803,0.08797031,0.045166016,-0.045166016,1,0.00879703,0.4976875,10.511582,0.10928607977236422,1.8161138
0.10891724,0.0120954,0.0120954,0.09519075,0.05380249,-0.055114746,1,0.009519078,0.4511456,10.455136,0.10610523162939298,1.8565385
0.11004639,0.011894016,0.0118940165,0.09394592,0.05831909,-0.051727295,0,0.0093945945,0.48349676,10.747479,0.16259609624600638,1.3465049
0.09188843,0.010253902,0.010253902,0.08247085,0.047180176,-0.044708252,1,0.008247087,0.39345622,10.621782,0.11961018620207668,1.3826635
0.123809814,0.011954315,0.011954315,0.09373279,0.06161499,-0.062194824,3,0.009373281,0.29678023,10.121714,0.08759110423322684,1.8157176
0.09933472,0.011090762,0.01109076,0.088390015,0.0473938,-0.051940918,0,0.008839003,0.5584748,10.7379875,0.17856273712060702,1.4154822
0.1081543,0.012026645,0.012026645,0.094633296,0.05493164,-0.053222656,3,0.009463333,0.45574257,10.666808,0.15989104932108625,1.4140743
0.10101318,0.0110694375,0.0110694375,0.0883116,0.0501709,-0.050842285,1,0.00883116,0.44950625,10.529842,0.14171388278753994,1.6397849
0.1237793,0.0113419825,0.011341981,0.08963712,0.06524658,-0.058532715,0,0.008963714,0.59872454,10.740236,0.13793399311102236,1.6703945
0.11065674,0.011150987,0.011150986,0.08890785,0.05923462,-0.05142212,0,0.008890789,0.44905362,10.5112095,0.1387654752396166,1.6649147
0.110961914,0.011069006,0.011069006,0.088275075,0.0579834,-0.052978516,1,0.0088275075,0.53061545,10.706236,0.1680139901158147,1.6235288
0.101257324,0.011119102,0.011119102,0.08829061,0.05065918,-0.050598145,0,0.008829063,0.96587,10.923057,0.24764439396964857,1.9228023
0.08358765,0.010142449,0.010142449,0.08098096,0.040802002,-0.042785645,1,0.008098098,0.490626,10.439773,0.10312718400559105,1.8268048
0.09765625,0.011158048,0.011158047,0.08916849,0.04748535,-0.0501709,1,0.008916852,0.4672733,10.355356,0.08940382887380191,2.0022414
0.09527588,0.011115434,0.011115435,0.088703655,0.046691895,-0.048583984,0,0.008870363,0.79833716,10.922176,0.27454510283546324,1.5293888
0.1288147,0.010245324,0.010245324,0.078571886,0.06616211,-0.06265259,0,0.0078571895,0.750906,10.81314,0.2122806634384984,1.6782519
0.09762573,0.010260187,0.010260187,0.08161853,0.051757812,-0.04586792,1,0.008161856,0.6327053,10.841534,0.21015437799520767,1.2918761
0.09976196,0.011092113,0.011092113,0.0883885,0.049835205,-0.049926758,1,0.008838851,0.5261282,10.718931,0.16390337959265175,1.6157111
0.09616089,0.01117309,0.01117309,0.08916639,0.04611206,-0.050048828,1,0.008916644,0.46397078,10.4463215,0.09957037490015974,1.8430037
0.1144104,0.011070869,0.011070867,0.08820557,0.05380249,-0.06060791,0,0.008820557,0.773757,10.835626,0.3525936626397764,1.7359158
0.10586548,0.012056129,0.01205613,0.09522039,0.049682617,-0.05618286,1,0.009522041,0.42616075,10.568193,0.13705883087060702,1.5247726
0.11315918,0.011900653,0.011900654,0.09421983,0.059539795,-0.053619385,1,0.009421982,0.43383586,10.435312,0.09852829223242812,1.8215013
0.09136963,0.0102477865,0.010247786,0.08190182,0.04537964,-0.04598999,1,0.008190184,0.46196654,10.62685,0.14991170377396165,1.4652157
0.113861084,0.012130526,0.012130526,0.09555124,0.055664062,-0.05819702,2,0.009555127,0.45105946,10.479217,0.11382881140175719,1.799657
0.09146118,0.011078063,0.011078063,0.0884876,0.04623413,-0.04522705,0,0.008848762,0.4337963,10.519261,0.1389339556709265,1.605505
0.10418701,0.011196791,0.011196792,0.08887929,0.050720215,-0.053466797,0,0.008887928,0.8863535,10.86562,0.22475445537140576,1.9724392
0.11828613,0.011841139,0.011841139,0.09286447,0.05935669,-0.058929443,0,0.009286448,0.5143781,10.572539,0.12466927915335463,1.7945553
0.09371948,0.011139861,0.011139859,0.089000925,0.047332764,-0.04638672,1,0.008900091,0.46592647,10.44701,0.09948925469249201,1.842104
0.09436035,0.011041343,0.011041342,0.08857516,0.045684814,-0.048675537,1,0.008857518,0.46594453,10.441413,0.0977014901158147,1.8429861
0.109069824,0.011215754,0.011215752,0.088601425,0.054138184,-0.05493164,0,0.008860143,0.51025057,10.563624,0.10885083865814696,1.8657888
0.09701538,0.010299317,0.010299317,0.08178526,0.050323486,-0.046691895,0,0.0081785275,0.5625778,10.57126,0.13091085513178913,1.7487469
0.09628296,0.011051349,0.011051349,0.08783513,0.045776367,-0.05050659,1,0.00878352,0.46363994,10.386275,0.09617112619808307,1.92498
0.104888916,0.011207217,0.011207217,0.089231156,0.05429077,-0.050598145,0,0.008923115,0.571138,10.725259,0.181428464456869,1.6440874
0.101257324,0.012197448,0.012197449,0.09733842,0.04827881,-0.052978516,4,0.009733842,0.3756967,10.779321,0.14111484125399362,1.1752144
0.11550903,0.011091398,0.011091395,0.087479524,0.054840088,-0.060668945,0,0.008747954,0.81321764,10.771174,0.23552628294728434,2.0820744
0.1020813,0.011201575,0.011201574,0.08925769,0.04937744,-0.052703857,1,0.0089257695,0.49619374,10.49655,0.10871043829872204,1.8347114
0.11520386,0.011903902,0.011903902,0.09398736,0.051635742,-0.063568115,1,0.00939874,0.46048716,10.492359,0.10806615664936102,1.7985394
0.09576416,0.011080132,0.011080131,0.088256866,0.047027588,-0.048736572,1,0.0088256905,0.46616715,10.398792,0.09735360922523961,1.938207
0.10559082,0.011234217,0.011234216,0.08911775,0.051818848,-0.053771973,1,0.008911773,0.78554535,10.897866,0.2106020991413738,1.6821067
0.102874756,0.011949473,0.011949472,0.09421992,0.05090332,-0.051971436,0,0.009421993,0.40633816,10.32073,0.08959414936102236,1.916729
0.11651611,0.012225614,0.012225616,0.09622542,0.061309814,-0.0552063,4,0.009622542,0.39799955,10.530016,0.13812431359824281,1.5747076
0.1065979,0.011993269,0.011993266,0.094387054,0.051483154,-0.055114746,0,0.009438707,0.40164697,10.379272,0.094054200778754,1.8013155
0.08526611,0.010176102,0.010176101,0.08134428,0.04119873,-0.044067383,0,0.008134427,0.48877224,10.465256,0.10293686351837061,1.7542398
0.098358154,0.011006026,0.011006024,0.08782771,0.051086426,-0.04727173,2,0.008782774,0.48108602,10.617063,0.14578705321485624,1.536837
0.09793091,0.0110994065,0.011099406,0.08870377,0.05227661,-0.045654297,1,0.008870373,0.31722963,10.015449,0.058497029752396165,1.9766464
0.10372925,0.011154072,0.011154071,0.08851644,0.055664062,-0.048065186,1,0.008851645,0.44948217,10.569009,0.11865858376597443,1.7516141
0.10348511,0.012077817,0.012077817,0.09503529,0.053131104,-0.050354004,1,0.009503531,0.5748903,10.756413,0.1649766623402556,1.6356515
0.09515381,0.011258355,0.011258354,0.089844756,0.048828125,-0.046325684,0,0.008984473,0.4420121,10.335747,0.08828530601038338,1.9507964
0.17279053,0.011280953,0.011280953,0.08913107,0.08370972,-0.08908081,0,0.008913106,1.2272944,11.037449,0.31872129592651754,1.9055613
0.09857178,0.011132732,0.011132732,0.08887933,0.048797607,-0.04977417,0,0.008887937,0.4878319,10.621444,0.15166202825479233,1.5199909
0.115875244,0.011318835,0.0113188345,0.09033204,0.05609131,-0.059783936,2,0.009033205,0.6691078,10.890602,0.1943796176118211,1.4324101
0.10543823,0.011174007,0.011174005,0.08888464,0.05215454,-0.05328369,0,0.008888464,0.4179531,10.350565,0.0905909919129393,1.8353124
0.11013794,0.011299149,0.011299149,0.08989889,0.05670166,-0.05343628,1,0.008989891,0.5479697,10.726912,0.18194170577076677,1.6232864
0.10180664,0.0111309085,0.0111309085,0.08865198,0.047912598,-0.053894043,0,0.008865198,0.4670603,10.531727,0.14185272314297126,1.6581401
0.106933594,0.011116326,0.011116326,0.08832652,0.054870605,-0.05206299,0,0.008832651,0.5822014,10.695225,0.13327270117811502,1.7586677
0.13131714,0.0110342,0.0110342,0.083578706,0.06951904,-0.061798096,0,0.008357872,0.9266437,10.887816,0.23244215505191693,1.934745
0.11383057,0.012058878,0.012058877,0.09508122,0.053344727,-0.06048584,3,0.009508122,0.45581228,10.501089,0.11278048871805112,1.7915045
0.09170532,0.011159802,0.011159802,0.08986484,0.043151855,-0.048553467,1,0.008986484,0.43473157,10.608316,0.12211243260782748,1.4859327
0.111450195,0.01122312,0.011223121,0.08899821,0.05633545,-0.055114746,0,0.008899822,0.84932756,10.887074,0.2033824006589457,1.757888
0.1081543,0.012030473,0.012030473,0.095771104,0.05404663,-0.054107666,2,0.009577113,0.33405593,10.47711,0.11953062599840256,1.511074
0.092041016,0.010233044,0.010233044,0.08168839,0.04309082,-0.048950195,0,0.008168839,0.49849778,10.459663,0.10504910892571885,1.7719501
0.111694336,0.01190247,0.01190247,0.093859434,0.0569458,-0.054748535,0,0.009385946,0.48365867,10.646763,0.16089101188099042,1.4895787
0.096069336,0.010252016,0.010252015,0.08168579,0.05215454,-0.043914795,0,0.008168578,0.47714743,10.4825,0.1021865015974441,1.689299
0.113586426,0.011158585,0.011158584,0.08871959,0.06237793,-0.051208496,1,0.008871959,0.5354501,10.721416,0.16865047174520767,1.6346755
0.09378052,0.01113108,0.01113108,0.0887419,0.044403076,-0.04937744,0,0.008874194,0.49348703,10.667631,0.15192566892971246,1.4541411
0.10159302,0.010261721,0.01026172,0.08070127,0.05203247,-0.049560547,0,0.00807013,0.3632237,10.060835,0.06348436251996806,1.9411439
0.11187744,0.011276755,0.011276753,0.08926716,0.05407715,-0.057800293,1,0.0089267185,0.60678434,10.847289,0.1794300993410543,1.4469779
0.11517334,0.01117065,0.011170651,0.089153424,0.057495117,-0.057678223,0,0.008915344,0.47445253,10.501532,0.10435334714456869,1.7375045
0.09613037,0.011134843,0.011134842,0.088773206,0.045776367,-0.050354004,1,0.008877322,0.4383508,10.377328,0.09050519169329073,1.8850358
0.09713745,0.011163551,0.01116355,0.089049794,0.04425049,-0.052886963,0,0.008904981,0.58881074,10.673349,0.1294834514776358,1.8381603
0.08325195,0.010263686,0.010263686,0.08171999,0.04019165,-0.043060303,0,0.008172001,0.5498007,10.547826,0.12839456869009586,1.8106399
0.10610962,0.011104262,0.0111042615,0.08837955,0.051513672,-0.054595947,0,0.008837955,0.60953784,10.77336,0.1893283246805112,1.4732214
0.10372925,0.011115608,0.011115608,0.088631704,0.053619385,-0.050109863,1,0.008863171,0.59368,10.747878,0.1759200903554313,1.6443322
0.091156006,0.010235792,0.010235792,0.08101962,0.044647217,-0.04650879,0,0.008101963,0.5121851,10.609371,0.1470475364416933,1.5066878
0.086120605,0.010258489,0.010258489,0.08073148,0.04360962,-0.042510986,0,0.00807315,0.301478,9.81088,0.050873290235623,2.0079226
0.08880615,0.010227097,0.010227096,0.0819373,0.04269409,-0.04611206,1,0.008193731,0.43441322,10.679237,0.13971863767971246,1.3281146
0.11160278,0.012026015,0.012026014,0.09440105,0.05319214,-0.058410645,0,0.009440106,0.77458054,10.880854,0.23273855581070288,1.8962271
0.10910034,0.011139713,0.011139713,0.08646793,0.055145264,-0.053955078,0,0.00864679,0.32626423,9.964258,0.05972475289536741,2.0346725
0.10986328,0.011132523,0.0111325225,0.08888234,0.052642822,-0.05722046,1,0.008888235,0.5920025,10.747773,0.13740827176517573,1.6921862
0.112457275,0.011241333,0.011241333,0.08919188,0.057250977,-0.0552063,0,0.008919191,0.586577,10.75197,0.1892986846046326,1.6152163
0.10562134,0.011161475,0.011161475,0.089256965,0.054595947,-0.05102539,0,0.0089257,0.5467726,10.653255,0.1351322259384984,1.61649
0.099823,0.010176516,0.010176515,0.08098352,0.04800415,-0.051818848,1,0.008098354,0.5082997,10.490358,0.10994128144968052,1.7693001
0.10592651,0.011098406,0.011098405,0.08836444,0.050720215,-0.0552063,1,0.0088364445,0.52487963,10.501374,0.11264944838258786,1.8853854
0.09680176,0.011102986,0.011102982,0.088803776,0.04827881,-0.04852295,1,0.008880377,0.49277568,10.4888315,0.10778535593051118,1.8271946
0.103393555,0.011055583,0.011055583,0.08803245,0.054656982,-0.048736572,1,0.008803247,0.5718386,10.72459,0.1790619383985623,1.6477737
0.10324097,0.011268351,0.011268351,0.08979536,0.051330566,-0.0519104,1,0.008979534,0.6473489,10.774007,0.15462291583466453,1.7136766
0.092681885,0.011140001,0.01114,0.08894111,0.045440674,-0.04724121,0,0.008894114,0.48696867,10.619387,0.15186638877795527,1.5185308
0.08908081,0.010167488,0.010167487,0.08117027,0.046844482,-0.042236328,0,0.008117027,0.48317784,10.625527,0.15505503694089456,1.4604975
0.11227417,0.011301365,0.011301364,0.08971741,0.056549072,-0.055725098,1,0.008971741,0.533236,10.76129,0.1663354258186901,1.5482008
0.09436035,0.011206859,0.011206859,0.089340426,0.047027588,-0.047332764,2,0.008934044,0.47467384,10.584799,0.14591029353035143,1.6029572
0.11102295,0.011340571,0.011340569,0.09003886,0.054779053,-0.056243896,1,0.009003886,0.62221956,10.756815,0.1469430161741214,1.7109276
0.10159302,0.011215511,0.011215508,0.08942105,0.053619385,-0.047973633,1,0.008942106,0.5895145,10.693863,0.15126890724840256,1.7453426
0.13708496,0.012150723,0.012150722,0.08907082,0.06637573,-0.07070923,2,0.008907083,0.3613394,10.436663,0.1019135008985623,1.6514586
0.102142334,0.011132342,0.01113234,0.08871956,0.054840088,-0.047302246,0,0.008871955,0.59753865,10.611448,0.12974709215255592,1.8642945
0.09298706,0.010263757,0.010263756,0.08183856,0.05117798,-0.041809082,0,0.008183854,0.43621707,10.380091,0.09030395117811502,1.7516816
0.11331177,0.012108516,0.012108514,0.09556196,0.05621338,-0.05709839,2,0.009556197,0.3906256,10.608953,0.13010433306709265,1.4097075
0.11029053,0.012077607,0.012077608,0.0951537,0.052581787,-0.05770874,4,0.00951537,0.42880332,10.468313,0.10145953973642173,1.7952137
0.08956909,0.011128849,0.011128849,0.08942482,0.043701172,-0.04586792,1,0.008942485,0.43777373,10.635054,0.12857552915335463,1.4521657
0.111450195,0.011317333,0.011317334,0.09011224,0.063690186,-0.04776001,0,0.009011227,0.5757674,10.771597,0.17953929962060702,1.5803194
0.1121521,0.011134683,0.011134681,0.088886075,0.050598145,-0.061553955,1,0.008888607,0.519477,10.518631,0.11433737270367413,1.84601
0.09295654,0.010197331,0.010197331,0.0810066,0.045715332,-0.04724121,0,0.00810066,1.0353091,10.945654,0.2746355830670926,1.8034275
0.093688965,0.010263853,0.010263853,0.081955224,0.04736328,-0.046325684,0,0.008195523,0.8917309,10.945075,0.24922623801916932,1.5524987
0.11126709,0.011348596,0.011348596,0.090311944,0.054382324,-0.056884766,1,0.009031198,0.57613534,10.728338,0.1355159869209265,1.7200637
0.09475708,0.011158368,0.011158367,0.08898195,0.046783447,-0.047973633,1,0.008898198,0.51385516,10.641071,0.15502695686900958,1.5462012
0.09375,0.011178659,0.011178659,0.08952515,0.048309326,-0.045440674,0,0.008952514,0.5082919,10.498832,0.10874007837460063,1.8492087
0.10046387,0.012006379,0.012006378,0.09462923,0.048095703,-0.052368164,3,0.0094629275,0.42253947,10.327863,0.09504480331469649,1.9640639
0.0977478,0.011083463,0.01108346,0.0883983,0.04849243,-0.04925537,1,0.008839831,0.5091741,10.688585,0.16098461212060702,1.6529319
0.092285156,0.011085956,0.011085956,0.08850587,0.047912598,-0.04437256,0,0.008850589,0.46960002,10.5421505,0.14685721595447285,1.6438735
0.10241699,0.011143483,0.011143478,0.08897913,0.049560547,-0.052856445,0,0.008897913,0.7499435,10.872446,0.2051842052715655,1.59619
0.096191406,0.010214311,0.01021431,0.0811015,0.050323486,-0.04586792,0,0.00811015,0.31197625,9.9276285,0.05498702076677316,1.9462423
0.09234619,0.011099413,0.011099411,0.08870566,0.047027588,-0.045318604,0,0.008870565,0.32581893,10.16086,0.08126060802715655,1.8332361
0.08319092,0.010259239,0.010259239,0.08185819,0.038879395,-0.044311523,1,0.008185821,0.3466644,10.121366,0.057852748103035145,1.8706243
0.093688965,0.0110532595,0.01105326,0.08828191,0.046173096,-0.04751587,0,0.008828191,0.45824447,10.511335,0.14055947983226838,1.6660645
0.09048462,0.010176781,0.010176781,0.08106805,0.040252686,-0.050231934,0,0.0081068035,0.49838024,10.518919,0.11211904702476039,1.6818694
0.10681152,0.012079964,0.0120799625,0.09539278,0.05038452,-0.056427002,4,0.00953928,0.40857568,10.428569,0.0963895267571885,1.7851408
0.09555054,0.011182547,0.011182547,0.08928826,0.04663086,-0.048919678,1,0.008928826,0.46955854,10.612196,0.14415996904952078,1.5588477
0.12088013,0.012125726,0.012125726,0.09506517,0.061065674,-0.059814453,4,0.009506519,0.3161319,10.158833,0.10335962460063898,1.8377739
0.10247803,0.011119234,0.011119234,0.08867841,0.051940918,-0.05053711,1,0.008867844,0.5129013,10.701801,0.13620550868610223,1.436268
0.094573975,0.011115683,0.011115683,0.08906361,0.05001831,-0.044555664,1,0.008906351,0.33387733,10.281834,0.07529203274760383,1.7512003
0.09811401,0.0112513285,0.0112513285,0.08954638,0.05117798,-0.046936035,1,0.008954636,0.64014685,10.786156,0.15169478833865815,1.6891494
0.09194946,0.010253121,0.010253122,0.081863865,0.046875,-0.045074463,0,0.008186389,0.511508,10.644394,0.17209496056309903,1.4851986
0.109954834,0.011872784,0.011872783,0.09354437,0.052001953,-0.05795288,2,0.0093544405,0.4004273,10.37498,0.09092951277955272,1.7956055
0.1010437,0.010254473,0.010254474,0.08065982,0.04837036,-0.05267334,0,0.008065983,0.5096055,10.634512,0.15693172174520767,1.4724985
0.10070801,0.011190459,0.011190458,0.08931047,0.0463562,-0.054351807,1,0.00893105,0.42188412,10.479409,0.13415098342651757,1.6539627
0.110443115,0.011132123,0.011132123,0.088753276,0.057861328,-0.052581787,0,0.008875326,0.6985239,10.889074,0.2290475863618211,1.4481453
0.10394287,0.011271269,0.01127127,0.089279555,0.056915283,-0.047027588,0,0.008927956,0.4622512,10.379448,0.09360179962060702,1.9708476
0.091308594,0.01114847,0.01114847,0.08906657,0.04638672,-0.044921875,1,0.00890666,0.5195766,10.730247,0.14534557208466453,1.408308
0.100372314,0.011021717,0.011021716,0.087783605,0.050811768,-0.049560547,0,0.008778363,0.59881127,10.644091,0.12591260233626198,1.9430394
0.09225464,0.0102111865,0.010211186,0.081733644,0.041992188,-0.05026245,1,0.008173366,0.5449012,10.55266,0.11979426667332269,1.7464415
0.09597778,0.011092524,0.011092523,0.08852519,0.04953003,-0.046447754,0,0.008852521,0.47819388,10.571196,0.14942498252795527,1.6126344
0.09655762,0.011245707,0.011245707,0.08950512,0.050109863,-0.046447754,0,0.008950514,0.7196198,10.873649,0.23904253194888178,1.4849857
0.082855225,0.010243146,0.010243146,0.08179472,0.040496826,-0.0423584,2,0.008179474,0.48295954,10.639005,0.15880840654952078,1.4678175
0.08526611,0.010251428,0.010251428,0.081967786,0.04208374,-0.043182373,1,0.00819678,0.46295616,10.412098,0.09643944688498403,1.8068155
0.13787842,0.0120929,0.0120929,0.094529405,0.06826782,-0.069610596,0,0.00945294,0.89891154,11.0192795,0.29677203973642174,1.7767581
0.089538574,0.010275428,0.010275428,0.08180521,0.043701172,-0.045837402,0,0.008180521,0.5666337,10.57871,0.13053177416134185,1.7344558
0.118896484,0.011089897,0.011089896,0.08473529,0.0625,-0.056396484,0,0.008473531,0.5015724,10.532009,0.11067604333067092,1.9154104
0.101379395,0.011207802,0.0112078,0.089264445,0.04623413,-0.055145264,1,0.008926445,0.4647258,10.4505205,0.10096969848242812,1.8431702
0.10583496,0.011020556,0.011020555,0.087735824,0.048950195,-0.056884766,0,0.008773587,0.44698387,10.338036,0.08844598642172524,1.9535909
0.113586426,0.011114671,0.011114669,0.08802993,0.056365967,-0.05722046,0,0.008802996,0.5332163,10.489663,0.10851855780750799,1.9430989
0.112579346,0.0112975165,0.011297516,0.08986376,0.059143066,-0.05343628,1,0.008986378,0.88382417,10.954209,0.24774267422124602,1.6440648
0.09851074,0.011191958,0.011191959,0.08936349,0.051330566,-0.047180176,2,0.008936352,0.469918,10.659443,0.126188723043131,1.4519383
0.104278564,0.011070326,0.011070324,0.088333316,0.0524292,-0.051849365,0,0.008833332,0.4613394,10.537076,0.14437212959265175,1.6393467
0.11779785,0.011401269,0.011401263,0.09068603,0.052734375,-0.06506348,1,0.0090686055,0.6305746,10.773018,0.15236247004792333,1.6992991
0.09057617,0.011147065,0.011147065,0.0888583,0.043060303,-0.04751587,1,0.008885834,0.43643513,10.364151,0.0914443140974441,1.891961
0.0927124,0.011014075,0.011014075,0.08774175,0.046691895,-0.046020508,1,0.008774176,0.4577431,10.437384,0.10024429662539937,1.811174
0.09780884,0.011068642,0.011068642,0.08827249,0.04623413,-0.051574707,0,0.008827251,0.4847361,10.56207,0.14477149061501599,1.6387498
0.1027832,0.011180386,0.011180385,0.088873275,0.05206299,-0.050720215,1,0.008887331,0.5694875,10.715783,0.1312727760583067,1.7281156
0.09786987,0.011169582,0.01116958,0.08927004,0.050567627,-0.047302246,1,0.008927005,0.45674267,10.546263,0.11503157448083066,1.6106524
0.10168457,0.0111603625,0.0111603625,0.08903285,0.04925537,-0.0524292,1,0.008903284,0.47593215,10.5862465,0.15050762529952078,1.5895181
0.11090088,0.012180005,0.012180006,0.09604591,0.055633545,-0.055267334,1,0.009604593,0.30625236,10.096537,0.0830234125399361,1.8631527
0.1144104,0.0111074755,0.0111074755,0.08804748,0.05529785,-0.05911255,0,0.00880475,0.3599525,10.185149,0.07396914936102236,1.8863969
0.08856201,0.011169481,0.01116948,0.08903722,0.04446411,-0.0440979,1,0.008903718,0.50997674,10.577502,0.11752914087460063,1.6835272
0.09564209,0.010162854,0.010162854,0.08117618,0.043029785,-0.052612305,1,0.008117617,0.4379106,10.56554,0.14749681759185304,1.4947306
0.10748291,0.01214375,0.01214375,0.09537379,0.054260254,-0.053222656,2,0.009537382,0.41761813,10.443925,0.10178558057108626,1.7918037
0.107421875,0.012034536,0.0120345345,0.094689496,0.05130005,-0.056121826,1,0.009468952,0.40798235,10.362965,0.09264551717252396,1.8721178
0.09576416,0.010237083,0.010237084,0.080893636,0.047821045,-0.047943115,0,0.008089364,1.0448751,10.969661,0.3360264202276358,1.7332139
0.11425781,0.011181769,0.011181768,0.08796956,0.050323486,-0.063934326,0,0.008796955,0.33155763,9.959976,0.060720035443290736,2.0622284
0.0920105,0.0110858735,0.0110858735,0.088429175,0.04647827,-0.045532227,0,0.008842918,0.5418096,10.537283,0.11992998702076678,1.8423756
0.102752686,0.011319482,0.011319482,0.09050228,0.0524292,-0.050323486,1,0.009050228,0.44882205,10.625168,0.1123499276158147,1.6908116
0.08758545,0.010258567,0.010258567,0.08185768,0.04537964,-0.04220581,1,0.0081857685,0.4997968,10.694787,0.15694264177316294,1.3861233
0.095184326,0.0102389455,0.0102389455,0.081698224,0.04989624,-0.045288086,0,0.008169822,0.49964243,10.466267,0.10552491014376997,1.775509
0.10797119,0.012103726,0.012103726,0.09530992,0.05340576,-0.05456543,3,0.009530995,0.41256836,10.537929,0.13875923522364217,1.5684835
0.09951782,0.011104447,0.011104446,0.08875052,0.049072266,-0.050445557,1,0.008875056,0.61679476,10.83529,0.21657847444089456,1.4107833
0.10470581,0.01113438,0.01113438,0.08843912,0.05340576,-0.05130005,1,0.008843913,0.57472306,10.701487,0.13430230381389777,1.7179838
0.096221924,0.01109192,0.01109192,0.08887024,0.042633057,-0.053588867,1,0.008887024,0.48721224,10.534339,0.10882743859824281,1.7736057
0.1446228,0.011111661,0.01111166,0.087246,0.082855225,-0.061767578,0,0.008724599,0.69558865,10.728975,0.14534089207268372,1.8627713
0.10391235,0.011392358,0.011392358,0.090706855,0.055633545,-0.04827881,0,0.00907069,0.5713636,10.724149,0.13347238168929712,1.7069092
0.10140991,0.011190712,0.011190712,0.08936406,0.05331421,-0.048095703,1,0.008936407,0.44476283,10.429939,0.09876541283945688,1.8069276
0.081451416,0.010247786,0.010247786,0.08202512,0.0395813,-0.041870117,1,0.008202513,0.4064086,10.617776,0.1375580321485623,1.3911008
0.111694336,0.011151793,0.011151793,0.08838928,0.053771973,-0.057922363,0,0.008838928,1.2961231,11.07576,0.35871043829872207,1.9337292
0.117492676,0.0120803965,0.0120803965,0.09513672,0.059417725,-0.05807495,1,0.009513672,0.4180631,10.553351,0.14252196485623003,1.5508062
0.10437012,0.011069198,0.011069198,0.08802359,0.05432129,-0.050048828,0,0.008802362,0.47403666,10.427641,0.10075597793530351,1.8589234
0.08761597,0.010284043,0.010284042,0.08190356,0.043273926,-0.04434204,0,0.008190355,0.83929545,10.839968,0.22728790185702874,1.8006027
0.11343384,0.012083881,0.01208388,0.09495635,0.057495117,-0.05593872,1,0.009495635,0.4592005,10.57318,0.11752602086661341,1.6408467
0.09625244,0.011056595,0.011056594,0.08818513,0.05142212,-0.044830322,1,0.008818516,0.31766292,9.9655075,0.06218331918929713,2.0253143
0.10864258,0.012038699,0.012038699,0.09512495,0.053375244,-0.055267334,1,0.009512499,0.40718696,10.591443,0.12772064696485624,1.4712223
0.0975647,0.011135031,0.01113503,0.088776015,0.04864502,-0.048919678,1,0.008877597,0.4553415,10.417295,0.09815389127396167,1.8406789
0.107177734,0.011185367,0.011185367,0.08938143,0.054351807,-0.052825928,1,0.008938144,0.58510774,10.74071,0.13444894418929712,1.7117598
0.096221924,0.01111619,0.01111619,0.088670895,0.049102783,-0.04711914,0,0.008867093,0.48919523,10.572288,0.1543764352036741,1.6250254
0.093048096,0.0102033885,0.010203388,0.081335574,0.04611206,-0.046936035,1,0.008133558,0.53922033,10.551477,0.11918118510383387,1.7459459
0.113586426,0.012087544,0.012087543,0.09528964,0.055999756,-0.05758667,2,0.009528964,0.435673,10.485173,0.11449493310702875,1.7427108
0.10720825,0.011181434,0.011181433,0.08879541,0.055480957,-0.051727295,0,0.008879542,0.47923958,10.604653,0.12792344748402557,1.7359072
0.088775635,0.011142728,0.011142727,0.08922421,0.044128418,-0.044647217,1,0.008922426,0.40627754,10.5037775,0.1277440470247604,1.6365653
0.09921265,0.011118457,0.011118456,0.08846181,0.050109863,-0.049102783,0,0.008846185,0.4971809,10.581558,0.15772108376597443,1.6225369
0.11630249,0.012045754,0.012045754,0.09485564,0.060546875,-0.055755615,2,0.009485564,0.39000812,10.558411,0.13083129492811502,1.4789938
0.10583496,0.011384381,0.01138438,0.090874076,0.052246094,-0.053588867,1,0.009087409,0.6394993,10.75857,0.1498087435103834,1.7372695
0.09863281,0.01115474,0.01115474,0.08915404,0.05239868,-0.04623413,1,0.008915401,0.51317906,10.521217,0.11386937150559105,1.8363624
0.102996826,0.010244341,0.010244341,0.0809395,0.052612305,-0.05038452,0,0.008093949,0.99595135,10.911489,0.2476958741014377,1.8630068
0.10406494,0.011075103,0.011075102,0.08759184,0.05114746,-0.05291748,1,0.008759185,0.72286767,10.876001,0.19669310353434505,1.5971986
0.09283447,0.011092588,0.011092588,0.08847765,0.043823242,-0.04901123,0,0.008847768,0.31669816,10.155939,0.08165684904153354,1.8314264
0.10974121,0.011221946,0.011221946,0.08911652,0.055999756,-0.053741455,0,0.008911654,0.6191713,10.739887,0.14335188698083068,1.7421083
0.09741211,0.0110460045,0.0110460045,0.08816063,0.045898438,-0.051513672,1,0.008816069,0.46561295,10.59028,0.14095572084664537,1.5572413
0.09439087,0.010259814,0.010259813,0.08189581,0.047668457,-0.046722412,0,0.008189582,0.8917538,10.947913,0.253970210163738,1.5575957
0.106170654,0.011867265,0.011867264,0.09356488,0.054595947,-0.051574707,1,0.00935649,0.41280016,10.377785,0.09315095846645367,1.8201205
0.10900879,0.012007488,0.012007487,0.094306484,0.052490234,-0.056518555,3,0.009430651,0.44206414,10.640605,0.15088514626597443,1.4435843
0.09777832,0.011092627,0.0110926265,0.08856315,0.047821045,-0.049957275,2,0.008856317,0.43221813,10.369545,0.08873614716453675,1.8786951
0.10922241,0.011863244,0.011863244,0.09348841,0.055023193,-0.05419922,2,0.009348843,0.4144936,10.327196,0.09158627446086262,1.9335362
0.10296631,0.011191658,0.011191658,0.08958235,0.052001953,-0.050964355,1,0.008958236,0.44793317,10.384472,0.09161747454073482,1.8895125
0.10525513,0.011106139,0.011106138,0.088480614,0.049591064,-0.055664062,0,0.008848062,0.8166378,10.869952,0.22200884834265175,1.7621232
0.11508179,0.011268493,0.011268491,0.08969699,0.056488037,-0.05859375,1,0.008969702,0.62779593,10.770214,0.150786866014377,1.6710688
0.09185791,0.0111011565,0.011101156,0.088725954,0.048065186,-0.043792725,1,0.008872592,0.50750303,10.512401,0.10909263927715655,1.8247805
0.1394043,0.010246729,0.010246729,0.078926615,0.07485962,-0.06454468,1,0.007892661,0.5975538,10.621545,0.1270108451477636,1.7740357
0.100860596,0.011021139,0.011021139,0.087720364,0.049987793,-0.050872803,0,0.008772037,0.5282992,10.66219,0.16093157198482427,1.7065974
0.09442139,0.011051305,0.011051303,0.08800693,0.048095703,-0.046325684,1,0.008800692,0.35846162,10.320573,0.08514813797923322,1.740869
0.096588135,0.011176946,0.011176945,0.08904322,0.048095703,-0.04849243,0,0.008904323,0.4491207,10.383806,0.09504012330271565,1.8628956
0.111450195,0.011159371,0.01115937,0.08890389,0.054595947,-0.056854248,1,0.008890393,0.5535048,10.686666,0.13484830521166133,1.7220132
0.09994507,0.011171154,0.011171151,0.0891222,0.05105591,-0.04888916,1,0.008912221,0.61481875,10.745956,0.14541109225239618,1.7217581
0.09259033,0.011134441,0.011134441,0.08951104,0.04321289,-0.04937744,1,0.008951105,0.4178078,10.619509,0.1243120382388179,1.4612687
0.102386475,0.0112325195,0.0112325195,0.0895741,0.052337646,-0.050048828,1,0.008957414,0.48106405,10.708014,0.13536778654153356,1.378619
0.10900879,0.011229291,0.011229291,0.08941586,0.055541992,-0.053466797,1,0.008941587,0.58607143,10.717939,0.13283590005990414,1.7575845
0.10839844,0.012149142,0.012149142,0.096092425,0.052001953,-0.056396484,3,0.009609245,0.42676967,10.5939865,0.1418730031948882,1.5138907
0.11160278,0.011015891,0.01101589,0.08771961,0.060760498,-0.050842285,0,0.008771962,1.2290306,11.054346,0.3980084989017572,1.8908832
0.096343994,0.01107353,0.01107353,0.08838292,0.04812622,-0.048217773,1,0.008838297,0.36200413,10.427367,0.0760205546126198,1.8964766
0.09487915,0.010226284,0.010226284,0.08153849,0.045532227,-0.049346924,2,0.00815385,0.5095013,10.597209,0.12885632987220447,1.6049805
0.128479,0.012039963,0.012039963,0.09449609,0.062805176,-0.06567383,0,0.009449611,0.5371989,10.615211,0.1291683306709265,1.845507
0.08151245,0.0101962,0.0101962,0.081484094,0.042510986,-0.039001465,1,0.008148415,0.33168927,10.2404785,0.07690351687300319,1.7097068
0.08255005,0.010265352,0.01026535,0.08192394,0.04196167,-0.04058838,0,0.008192394,0.53754765,10.534713,0.11831070287539937,1.7674509
0.087677,0.010255378,0.010255378,0.08181026,0.042144775,-0.045532227,0,0.008181026,0.5589489,10.758916,0.17992306060303515,1.3311932
0.107177734,0.011885656,0.011885656,0.09325295,0.053222656,-0.053955078,0,0.009325295,0.5131527,10.748383,0.18103378344648563,1.3704911
0.11242676,0.01216967,0.01216967,0.095975965,0.053741455,-0.058685303,3,0.009597599,0.4834132,10.764118,0.17225408097044728,1.3386356
0.089019775,0.010252438,0.010252438,0.08203091,0.041870117,-0.04714966,1,0.008203091,0.5827882,10.824202,0.19743566543530353,1.2846543
0.1003418,0.011087529,0.011087529,0.08847604,0.052825928,-0.04751587,1,0.0088476045,0.56954235,10.775455,0.14818945936501599,1.5605273
0.09423828,0.011152331,0.01115233,0.08911447,0.048095703,-0.046142578,1,0.008911448,0.50915116,10.517183,0.11177428614217252,1.8320646
0.087127686,0.010263371,0.010263372,0.081908084,0.041229248,-0.045898438,1,0.008190808,0.60253,10.852684,0.2091809355031949,1.2693726
0.10913086,0.01124749,0.011247488,0.08986677,0.055114746,-0.054016113,1,0.008986681,0.49421906,10.7318125,0.16080989167332269,1.5850306
0.0993042,0.011066361,0.0110663595,0.08819372,0.05001831,-0.04928589,1,0.008819376,0.49585262,10.459684,0.10363106529552715,1.8847524
0.09597778,0.011143045,0.011143045,0.08875926,0.048461914,-0.04751587,0,0.008875928,0.4864875,10.5794325,0.1431600064896166,1.5983802
0.120666504,0.011170915,0.011170914,0.08874208,0.053833008,-0.066833496,0,0.008874209,0.5887967,10.692719,0.1351930660942492,1.7830094
0.112579346,0.011158956,0.011158954,0.08901219,0.049102783,-0.06347656,0,0.008901223,0.47491434,10.559461,0.14603665385383385,1.630938
0.09967041,0.01117566,0.011175661,0.088946916,0.050567627,-0.049102783,0,0.008894691,0.5207687,10.636537,0.12497971994808307,1.737964
0.11230469,0.0111051835,0.011105183,0.08838565,0.0552063,-0.05709839,0,0.008838566,0.866351,10.957477,0.2965395991413738,1.5497853
0.086761475,0.010950222,0.010950222,0.08836878,0.037719727,-0.049041748,3,0.0088368915,0.24048522,9.954153,0.049848367611821084,1.8689163
0.09906006,0.011002058,0.011002059,0.08826181,0.04824829,-0.050811768,1,0.00882618,0.4800727,10.728353,0.15644188049121405,1.5741837
0.10308838,0.011160257,0.011160257,0.089073844,0.045684814,-0.057403564,1,0.008907384,0.3047311,9.916912,0.05867643021166134,2.0382602
0.09313965,0.01026438,0.01026438,0.081743434,0.049713135,-0.043426514,0,0.008174344,1.2181395,11.034353,0.36032660243610226,1.7702626
0.099823,0.011139484,0.011139484,0.088161744,0.044677734,-0.055145264,0,0.00881618,0.42438236,10.321887,0.08752090405351437,1.8911616
0.120025635,0.011401265,0.011401266,0.08985203,0.061767578,-0.058258057,0,0.008985202,0.64709496,10.732186,0.15282891124201278,1.7955352
0.107177734,0.0111533,0.0111533,0.08863634,0.054382324,-0.05279541,0,0.008863638,0.44154027,10.355234,0.09032579123402557,1.905736
0.11129761,0.012176589,0.012176591,0.095955394,0.05645752,-0.054840088,4,0.009595541,0.4089441,10.575283,0.14681353584265175,1.5129297
0.11129761,0.012123558,0.012123558,0.095185004,0.054870605,-0.056427002,2,0.009518501,0.39980504,10.42948,0.09591996555511183,1.7476033
0.09011841,0.010276625,0.010276623,0.08218738,0.046295166,-0.043823242,2,0.008218736,0.35346904,10.359971,0.08328705321485623,1.6373496
0.09124756,0.010234719,0.01023472,0.08147727,0.04473877,-0.04650879,0,0.008147727,1.1746988,11.016752,0.31507088658146964,1.7993633
0.098602295,0.011176809,0.011176807,0.08894046,0.048950195,-0.0496521,0,0.008894047,0.5361215,10.63491,0.13181565744808307,1.6332159
0.10671997,0.011268528,0.011268526,0.08975121,0.052856445,-0.053863525,1,0.00897512,0.60765654,10.738012,0.139924558206869,1.7321317
0.1081543,0.0120468065,0.012046807,0.09488107,0.05206299,-0.05609131,1,0.009488111,0.45353276,10.527969,0.10615827176517571,1.7410452
0.099243164,0.011122535,0.011122536,0.088675626,0.054595947,-0.044647217,0,0.008867565,0.40599585,10.248359,0.07778335912539937,1.9428278
0.10800171,0.011223685,0.011223684,0.089282356,0.057250977,-0.050750732,2,0.008928234,0.5872635,10.730767,0.13619614866214058,1.7353516
0.09088135,0.011086229,0.011086229,0.08836634,0.045074463,-0.045806885,1,0.008836633,0.34365124,10.256741,0.09114323332667731,1.776235
0.11602783,0.011199838,0.011199838,0.0889642,0.056488037,-0.059539795,1,0.008896421,0.5234447,10.70798,0.16664430660942492,1.6120758
0.12362671,0.012126899,0.012126898,0.09532219,0.06265259,-0.06097412,0,0.009532221,0.41811293,10.531852,0.13918511631389777,1.5932043
0.102142334,0.011170496,0.011170496,0.08900284,0.053527832,-0.048614502,1,0.008900289,0.42190742,10.473593,0.1301854532747604,1.6562957
0.11376953,0.011330502,0.011330503,0.09029825,0.054229736,-0.059539795,1,0.009029825,0.6863695,10.788669,0.15753076327875398,1.7440751
0.10385132,0.011835887,0.011835887,0.09357915,0.052001953,-0.051849365,0,0.009357917,0.46805543,10.641687,0.15574299870207667,1.4627302
0.09152222,0.011258842,0.011258841,0.08987965,0.045013428,-0.04650879,0,0.008987967,0.70894396,10.761365,0.20313280001996806,1.9017016
0.09963989,0.011156466,0.011156463,0.08913612,0.046203613,-0.05343628,2,0.008913611,0.4583652,10.39776,0.09505728334664537,1.9123133
0.10925293,0.012142515,0.012142514,0.09578986,0.05606079,-0.05319214,3,0.009578984,0.40247053,10.46431,0.10764027555910544,1.7707423
0.105773926,0.01101057,0.01101057,0.0883183,0.05529785,-0.050476074,1,0.008831831,0.59768516,10.838681,0.22304625099840256,1.340199
0.1133728,0.011263545,0.011263543,0.08962601,0.054260254,-0.05911255,1,0.0089626,0.639806,10.781372,0.15416115465255592,1.6870754
0.09866333,0.011219757,0.011219756,0.08946721,0.050720215,-0.047943115,1,0.00894672,0.49549782,10.500956,0.10841871755191693,1.8348414
0.09008789,0.010186228,0.010186229,0.08147485,0.042510986,-0.047576904,1,0.0081474865,0.45122492,10.41309,0.09454872204472843,1.7794602
0.106658936,0.012016796,0.0120167965,0.09478527,0.052947998,-0.053710938,1,0.009478529,0.42318788,10.562942,0.1421194838258786,1.5532422
0.10787964,0.012064843,0.012064843,0.09533333,0.05065918,-0.05722046,1,0.009533335,0.38862476,10.338364,0.08867842701677316,1.8520019
0.10571289,0.012146574,0.012146574,0.09503375,0.05142212,-0.05429077,2,0.009503376,0.29410574,10.068254,0.07613131489616613,1.8675042
0.10897827,0.011169385,0.011169385,0.08836449,0.05407715,-0.054901123,0,0.008836449,0.84779733,10.880272,0.2946551143170926,1.7640854
0.09100342,0.011111905,0.011111904,0.0887717,0.047973633,-0.043029785,3,0.008877169,0.28614882,10.136343,0.06598660892571885,1.8132027
0.116485596,0.011935204,0.011935202,0.09372649,0.05291748,-0.063568115,1,0.009372651,0.445976,10.659452,0.14938598242811502,1.400061
0.09439087,0.011078578,0.0110785775,0.08848351,0.045928955,-0.048461914,1,0.0088483505,0.5293494,10.518327,0.11458541333865814,1.8619299
0.112091064,0.011099625,0.0110996235,0.08738138,0.05444336,-0.057647705,0,0.008738138,0.93692005,10.918391,0.23880229133386582,1.8359452
0.100097656,0.011261777,0.011261772,0.08997118,0.050842285,-0.04925537,2,0.008997119,0.41935965,10.325132,0.08449917631789138,1.9073181
0.09777832,0.011050094,0.011050093,0.08815276,0.05050659,-0.04727173,0,0.008815274,0.5905664,10.805928,0.1666567866413738,1.4796715
0.100616455,0.011171042,0.011171041,0.089041926,0.051971436,-0.04864502,1,0.008904192,0.44766223,10.347529,0.09008399061501597,1.9515702
0.0859375,0.010252094,0.010252094,0.08235182,0.043029785,-0.042907715,1,0.008235183,0.46355203,10.600871,0.13861259484824281,1.5250916
0.099731445,0.011093959,0.011093959,0.08857191,0.04901123,-0.050720215,1,0.008857193,0.44268134,10.55115,0.1345690644968051,1.6240922
0.0970459,0.011176961,0.011176961,0.089188,0.046539307,-0.05050659,1,0.008918801,0.5054728,10.514685,0.11308000948482429,1.8256979
0.099121094,0.010232168,0.010232166,0.08158251,0.048339844,-0.05078125,1,0.008158253,0.55412954,10.572091,0.1231529552715655,1.7479168
0.11383057,0.012126409,0.012126409,0.0956916,0.051574707,-0.06225586,0,0.009569161,0.4875924,10.632791,0.13128837609824281,1.5999163
0.1048584,0.01127789,0.01127789,0.08972027,0.053009033,-0.051849365,1,0.00897203,0.6133289,10.781973,0.19179313099041534,1.6068012
0.09207153,0.011059858,0.011059859,0.08841397,0.043945312,-0.04812622,1,0.008841398,0.4564535,10.647824,0.1409276407747604,1.4437913
0.106170654,0.012109206,0.012109206,0.09513834,0.050964355,-0.0552063,0,0.009513837,0.41368344,10.338955,0.09221807607827476,1.9230342
0.11465454,0.012047002,0.012047002,0.094609804,0.05847168,-0.05618286,3,0.009460983,0.40325326,10.37354,0.0915831544528754,1.8248049
0.10107422,0.010247901,0.010247901,0.07888577,0.051330566,-0.049743652,0,0.007888577,0.34446412,10.073562,0.07886912190495207,1.8965533
0.11767578,0.012056291,0.012056291,0.09509207,0.057617188,-0.060058594,1,0.009509207,0.44377282,10.491516,0.10721127446086262,1.772539
0.105163574,0.011202645,0.011202644,0.08935744,0.055664062,-0.04949951,1,0.008935746,0.5077443,10.516053,0.1129458491413738,1.8338524
0.09094238,0.010224949,0.010224949,0.08166096,0.042907715,-0.048034668,1,0.008166094,0.47229147,10.486252,0.10381826577476039,1.7200897
0.10601807,0.011186233,0.011186233,0.089180924,0.046905518,-0.05911255,0,0.008918091,0.4922358,10.445536,0.10507874900159744,1.9044217
0.08898926,0.011001712,0.01100171,0.08752053,0.04510498,-0.043884277,0,0.008752057,0.4718445,10.570291,0.14266548522364217,1.5859087
0.099609375,0.011161083,0.011161083,0.088733055,0.052368164,-0.04724121,1,0.008873306,0.4745946,10.5835705,0.14798353883785942,1.5807403
0.10525513,0.011054944,0.011054944,0.08707873,0.053497314,-0.051757812,1,0.008707875,0.3477328,10.111621,0.07814684005591055,1.9533634
0.11935425,0.011256251,0.01125625,0.08885439,0.0602417,-0.05911255,0,0.008885438,0.53516704,10.636074,0.11632793779952076,1.8011956
0.10192871,0.0112531,0.0112531,0.08968939,0.04928589,-0.052642822,0,0.00896894,0.45055392,10.415868,0.09523824380990416,1.8386086
0.1043396,0.011140163,0.011140163,0.08900597,0.053497314,-0.050842285,1,0.008900597,0.45356053,10.629093,0.11716877995207668,1.6771189
0.10055542,0.0112317465,0.011231745,0.08948777,0.04888916,-0.05166626,0,0.00894878,0.42040542,10.245015,0.07851656100239617,1.9869952
0.11264038,0.011327268,0.011327267,0.09011788,0.05480957,-0.05783081,0,0.00901179,0.5991079,10.760548,0.19198189147364217,1.6293639
0.096954346,0.011140261,0.011140261,0.089109346,0.050445557,-0.04650879,1,0.008910935,0.43230885,10.497884,0.13421026357827476,1.6435072
0.09967041,0.011088697,0.011088698,0.088554166,0.05239868,-0.04727173,1,0.008855416,0.46244976,10.586095,0.14131920177715654,1.5501106
0.08703613,0.011141386,0.011141386,0.08918653,0.04095459,-0.046081543,3,0.008918654,0.28853524,10.113825,0.06255304013578275,1.8306049
0.118774414,0.011863167,0.011863166,0.093315616,0.061279297,-0.057495117,0,0.009331563,0.4707214,10.456335,0.10627215205670927,1.8701134
0.10189819,0.011166932,0.011166932,0.08909729,0.04812622,-0.053771973,1,0.008909731,0.55467623,10.674105,0.13037889376996806,1.7329792
0.09182739,0.011197401,0.011197399,0.089197576,0.0446167,-0.047210693,1,0.008919759,0.4509946,10.440065,0.09862813248801917,1.825824
0.11172485,0.0109885335,0.010988532,0.08736743,0.062194824,-0.04953003,0,0.008736746,0.5659876,10.656156,0.1292416508586262,1.7852918
0.091156006,0.011004373,0.0110043725,0.08781781,0.04336548,-0.047790527,0,0.008781785,0.4781762,10.548168,0.14507413138977635,1.6435795
0.104034424,0.011094522,0.011094522,0.08780533,0.050964355,-0.05307007,0,0.008780533,0.8993554,10.91782,0.254430411341853,1.8197478
0.09881592,0.010226147,0.010226146,0.08096683,0.050323486,-0.04849243,1,0.008096686,0.6449238,10.850429,0.16082549171325877,1.3295456
0.10189819,0.011136546,0.011136546,0.08867843,0.048309326,-0.053588867,0,0.008867845,0.47224373,10.527209,0.13801199331070288,1.6830372
0.115875244,0.012077892,0.012077892,0.09541955,0.054138184,-0.06173706,3,0.009541955,0.4175049,10.434404,0.09911017372204473,1.7958064
0.11856079,0.012139138,0.012139138,0.095327824,0.05581665,-0.06274414,3,0.009532786,0.4344646,10.5852585,0.14795701876996806,1.5320145
0.12435913,0.012181212,0.012181211,0.09499239,0.062469482,-0.06188965,0,0.009499242,0.43485126,10.3979,0.09650340704872204,1.9342643
0.084228516,0.010254064,0.010254063,0.08180043,0.043914795,-0.04031372,0,0.008180046,0.5404597,10.54876,0.12047754842252396,1.7248175
0.09463501,0.011130968,0.011130967,0.088771455,0.046539307,-0.048095703,1,0.008877149,0.48540166,10.580529,0.1433238069089457,1.6040084
0.10583496,0.012183012,0.012183013,0.096046075,0.058013916,-0.047821045,4,0.0096046105,0.3034484,10.170851,0.08537433855830671,1.7981212
0.09753418,0.011165199,0.011165199,0.08916056,0.04949951,-0.048034668,0,0.008916055,0.4551338,10.410911,0.09909145367412141,1.8405192
0.09954834,0.01094817,0.01094817,0.08750222,0.0519104,-0.04763794,0,0.008750222,0.6087571,10.711785,0.13877171525559107,1.7750598
0.11532593,0.01106828,0.01106828,0.08821539,0.0546875,-0.060638428,1,0.008821539,0.49145854,10.554023,0.13833959414936103,1.6736113
0.1048584,0.011250224,0.011250223,0.08940638,0.05255127,-0.05230713,0,0.008940639,1.128158,11.018447,0.29772208216853036,1.8210245
0.09753418,0.010276378,0.010276378,0.08181433,0.04827881,-0.04925537,0,0.008181431,0.2996764,10.04896,0.07502371206070288,1.8196026
0.093322754,0.011175974,0.011175971,0.089087375,0.046844482,-0.04647827,1,0.008908736,0.31220162,10.019021,0.05759534744408946,1.960714
0.091918945,0.011047436,0.011047436,0.0881931,0.04446411,-0.047454834,0,0.00881931,0.5187269,10.505884,0.11235772763578275,1.8537407
0.09817505,0.011268102,0.011268102,0.0904112,0.048675537,-0.04949951,1,0.009041122,0.451646,10.657925,0.14121000149760382,1.4188201
0.094573975,0.010249244,0.010249244,0.08133817,0.047302246,-0.04727173,0,0.0081338165,1.2829025,11.05057,0.36321416982827476,1.8030955
0.093322754,0.011158239,0.011158239,0.08902863,0.04763794,-0.045684814,0,0.0089028645,0.50407296,10.662288,0.15094754642571884,1.4810218
0.09591675,0.011237067,0.011237069,0.08961299,0.04522705,-0.050689697,0,0.008961299,0.46312186,10.556526,0.1412380815694888,1.5897822
0.110961914,0.012081482,0.012081482,0.09337574,0.05593872,-0.055023193,3,0.009337577,0.38880047,10.556227,0.1272152056709265,1.482564
0.0920105,0.01019272,0.01019272,0.080682285,0.04525757,-0.04675293,0,0.008068229,0.94393224,10.906134,0.30218057358226835,1.7463186
0.12625122,0.011111883,0.011111883,0.087917335,0.058654785,-0.067596436,0,0.008791732,0.5547227,10.584337,0.1005094973043131,1.8446776
0.092285156,0.01118093,0.01118093,0.08919263,0.0463562,-0.045928955,1,0.008919266,0.5032041,10.5370865,0.135133785942492,1.7823786
0.09118652,0.010220601,0.0102206,0.08030594,0.040100098,-0.051086426,0,0.008030595,0.3301444,10.042807,0.06324412190495207,1.8849723
0.09094238,0.010228169,0.010228166,0.0816265,0.044067383,-0.046875,1,0.008162649,0.47031933,10.417477,0.09740664936102236,1.8123274
0.09475708,0.011080657,0.011080655,0.0884607,0.04537964,-0.04937744,1,0.00884607,0.46232638,10.576135,0.14442984974041534,1.5896281
0.10635376,0.01195549,0.011955489,0.09370473,0.051940918,-0.05441284,0,0.009370474,0.4521639,10.433774,0.10678539337060702,1.846528
0.10531616,0.011093015,0.01109301,0.08836193,0.052001953,-0.05331421,0,0.008836191,0.67670035,10.78788,0.16648050619009586,1.7208797
0.10256958,0.011057489,0.011057488,0.08794373,0.048675537,-0.053894043,0,0.008794377,0.3862982,10.300762,0.08041196585463259,1.8323116
0.11834717,0.011056503,0.011056503,0.088058,0.055389404,-0.06295776,0,0.008805804,0.5944349,10.684209,0.12958641174121405,1.8217062
0.10180664,0.011060106,0.011060106,0.08729608,0.051330566,-0.050476074,0,0.00872961,0.411519,10.416123,0.0946813223841853,1.6841723
0.08477783,0.01021186,0.01021186,0.08166888,0.04425049,-0.040527344,1,0.008166889,0.44867074,10.481495,0.118956544528754,1.6585366
0.108795166,0.012190241,0.012190241,0.096309245,0.050445557,-0.05834961,4,0.009630927,0.41045535,10.513709,0.13332106130191693,1.6315792
0.091278076,0.011169611,0.011169611,0.09004344,0.04748535,-0.043792725,1,0.009004338,0.41337588,10.635427,0.1261902830471246,1.432324
0.10583496,0.011076872,0.011076871,0.08629701,0.05026245,-0.05557251,0,0.008629697,0.7314979,10.754736,0.20203923722044728,1.883672
0.10256958,0.01118747,0.01118747,0.089466,0.050231934,-0.052337646,1,0.008946601,0.50845826,10.662153,0.13335070137779553,1.5372667
0.10681152,0.011146546,0.011146545,0.08892004,0.051513672,-0.05529785,1,0.008892005,0.6426025,10.7829485,0.1558849590654952,1.6767361
0.09906006,0.011102702,0.011102698,0.088393115,0.047607422,-0.051452637,1,0.008839307,0.5061101,10.513742,0.11266816843051118,1.8273004
0.112091064,0.010273279,0.010273271,0.08081381,0.04748535,-0.06460571,1,0.008081379,0.5809487,10.589687,0.11499413438498403,1.8208979
0.10443115,0.01126674,0.01126674,0.09003843,0.05218506,-0.052246094,1,0.009003849,0.42057753,10.618583,0.10302266373801917,1.6965138
0.097595215,0.011164586,0.011164584,0.089186065,0.04977417,-0.047821045,1,0.008918607,0.4641714,10.45937,0.10010545626996806,1.8365417
0.11367798,0.012215995,0.012215995,0.095845245,0.052703857,-0.06097412,2,0.009584524,0.30498594,10.152929,0.08095640724840256,1.8203478
0.12295532,0.01209268,0.01209268,0.09484478,0.06329346,-0.059661865,2,0.009484479,0.4668179,10.625442,0.12330271565495207,1.5898664
0.09338379,0.011030285,0.011030283,0.0878809,0.045562744,-0.047821045,1,0.008788094,0.441736,10.383248,0.09249419678514377,1.8853263
0.099090576,0.010174825,0.010174824,0.081263915,0.05053711,-0.048553467,0,0.008126391,0.4799629,10.59005,0.1529568315694888,1.5142261
0.13015747,0.012030274,0.012030273,0.09328908,0.06390381,-0.06625366,0,0.009328908,0.71180373,10.857252,0.21487963009185304,1.772414
0.09237671,0.01131716,0.01131716,0.09011659,0.04660034,-0.045776367,1,0.009011662,0.33133602,10.107618,0.07631383536341853,1.919849
0.10031128,0.011108068,0.011108066,0.08845521,0.045806885,-0.054504395,1,0.008845517,0.40682912,10.483673,0.10319738418530351,1.8317515
0.10430908,0.011180035,0.011180031,0.08888114,0.049072266,-0.055236816,1,0.008888117,0.6595539,10.767704,0.14998034394968052,1.7387145
0.10180664,0.011046581,0.011046582,0.08807118,0.0501709,-0.051635742,0,0.008807119,0.6191502,10.653323,0.1995557108626198,1.8001841
0.10317993,0.0111544365,0.011154433,0.088823944,0.051696777,-0.051483154,1,0.008882395,0.59472847,10.6749325,0.1263572034744409,1.8598734
0.10650635,0.011077109,0.011077109,0.08776381,0.047698975,-0.058807373,0,0.008776381,0.52668196,10.632899,0.15764932358226838,1.5606928
0.10165405,0.01104545,0.011045449,0.08816438,0.050811768,-0.050842285,0,0.008816441,0.5070458,10.480309,0.10920183955670927,1.8742121
0.10406494,0.011089545,0.011089544,0.089217,0.054595947,-0.049468994,1,0.008921702,0.4714656,10.747879,0.14720977685702874,1.4931594
0.09640503,0.011104963,0.011104963,0.088719375,0.048095703,-0.048309326,0,0.008871937,0.75347024,10.873771,0.2059002471046326,1.594669
0.1394043,0.011273224,0.011273224,0.08748595,0.0640564,-0.0753479,0,0.0087485965,1.0737088,10.98366,0.2832904852236422,1.8584315
0.09677124,0.011122024,0.011122024,0.08882852,0.044799805,-0.051971436,1,0.008882854,0.45659548,10.593353,0.1445016099241214,1.5419004
0.09991455,0.01111833,0.01111833,0.08912236,0.05041504,-0.04949951,1,0.008912236,0.5095417,10.775655,0.16657098642172524,1.5170994
0.09020996,0.010221673,0.010221673,0.08162444,0.046783447,-0.043426514,2,0.0081624435,0.4686182,10.486639,0.10487906849041534,1.7150414
0.09353638,0.0111861685,0.0111861685,0.089198664,0.046295166,-0.04724121,0,0.00891987,0.44808453,10.517432,0.14289168580271566,1.6497005
0.23883057,0.011016971,0.0110169705,0.08010366,0.1232605,-0.11557007,0,0.008010363,0.7770761,10.90635,0.1304646939896166,1.5430188
0.09283447,0.010245489,0.010245489,0.081765465,0.0423584,-0.050476074,0,0.008176549,0.48007098,10.5995035,0.15976312899361023,1.4886577
0.11251831,0.012158786,0.012158784,0.09553084,0.056884766,-0.055633545,4,0.009553087,0.3883017,10.43219,0.09478272264376997,1.6979913
0.09802246,0.010160282,0.010160281,0.08059448,0.052459717,-0.045562744,0,0.008059446,0.4674059,10.566137,0.11353241064297125,1.5146666
0.08602905,0.010241238,0.010241238,0.08194805,0.04196167,-0.044067383,1,0.008194808,0.4492619,10.703995,0.14259060503194887,1.3166398
0.08816528,0.0102370875,0.0102370875,0.08160665,0.045013428,-0.043151855,1,0.008160665,0.6569249,10.767441,0.16083953174920126,1.5965786
0.13519287,0.012153677,0.012153676,0.092182286,0.06765747,-0.0675354,2,0.009218228,0.7490538,10.87202,0.2209605256589457,1.8538603
0.12145996,0.012175079,0.012175079,0.09573522,0.06121826,-0.0602417,2,0.009573524,0.41715267,10.504441,0.13582486771166133,1.6585602
0.086517334,0.01026882,0.010268821,0.0819196,0.043670654,-0.04284668,1,0.008191961,0.4918757,10.4819,0.10616919179313099,1.7568556
0.11117554,0.011885567,0.011885568,0.09356806,0.05065918,-0.060516357,1,0.009356803,0.4460184,10.487805,0.10883367861421725,1.7686322
0.1081543,0.011063809,0.011063808,0.08785759,0.054107666,-0.05404663,1,0.008785757,0.64419013,10.764298,0.1497494633586262,1.7239468
0.099121094,0.01120336,0.011203358,0.08940964,0.046661377,-0.052459717,0,0.008940966,0.40968618,10.336456,0.08475813698083066,1.8412566
0.09677124,0.010897532,0.010897533,0.08680369,0.0463562,-0.05041504,0,0.008680371,0.6424747,10.6999235,0.1683057108626198,1.8348839
0.096221924,0.011042476,0.011042477,0.0882115,0.04916382,-0.047058105,1,0.008821157,0.45056847,10.375872,0.09221027605830671,1.9059424
0.09811401,0.011280515,0.011280513,0.08998237,0.050598145,-0.04751587,1,0.008998237,0.53898233,10.798444,0.17600589057507987,1.479665
0.090423584,0.011074081,0.011074078,0.087878756,0.046783447,-0.043640137,1,0.008787871,0.28850222,9.915936,0.05214469349041533,2.0057123
0.08895874,0.011075778,0.011075778,0.08846629,0.044921875,-0.044036865,1,0.008846627,0.48949108,10.476276,0.10463102785543131,1.8510714
0.0953064,0.010996781,0.010996781,0.08779861,0.0473938,-0.047912598,1,0.008779864,0.41956198,10.480757,0.08815114566693291,1.8704741
0.101989746,0.011184633,0.011184633,0.08844203,0.049713135,-0.05227661,0,0.008844204,0.4267061,10.463087,0.09475308256789138,1.8881096
0.10324097,0.011037305,0.011037304,0.087841295,0.047302246,-0.05593872,0,0.008784128,0.3104141,9.904842,0.058010308506389774,2.060635
0.104644775,0.011278747,0.011278747,0.090054266,0.055847168,-0.048797607,2,0.009005426,0.5489354,10.75819,0.1712931185103834,1.5465767
0.08950806,0.011191496,0.011191496,0.08930177,0.043792725,-0.045715332,0,0.008930179,0.50371116,10.6009035,0.14837041982827476,1.5960859
0.104278564,0.011190094,0.011190093,0.08919331,0.051635742,-0.052642822,0,0.008919332,0.4971041,10.4601345,0.10816599690495207,1.8913252
0.10534668,0.011008602,0.011008601,0.087573804,0.04751587,-0.05783081,1,0.008757382,0.5378253,10.697668,0.16968007438099042,1.6526774
0.13140869,0.012037772,0.012037772,0.09377883,0.06930542,-0.06210327,2,0.009377883,0.67710555,10.82832,0.1805392621805112,1.7476736
0.096343994,0.010266214,0.010266214,0.08162854,0.04864502,-0.047698975,0,0.008162855,0.5989411,10.787529,0.18044254193290735,1.3501344
0.11306763,0.010184122,0.010184122,0.080927454,0.065460205,-0.047607422,0,0.008092746,0.7292176,10.80148,0.2513837235423323,1.5761601
0.11325073,0.011217468,0.011217465,0.08896756,0.060943604,-0.05230713,1,0.008896756,0.3565806,10.129126,0.0620881589456869,1.9784677
0.09869385,0.010178432,0.010178433,0.08101826,0.048614502,-0.050079346,0,0.008101827,0.47039688,10.5766535,0.15122522713658146,1.5208933
0.10333252,0.011191068,0.011191068,0.089251354,0.054718018,-0.048614502,1,0.00892514,0.49033052,10.452064,0.10346414486821086,1.8867971
0.110687256,0.011418542,0.011418543,0.09085005,0.059020996,-0.05166626,1,0.009085002,0.5603137,10.759597,0.18480899311102236,1.5729512
0.10769653,0.01212373,0.012123731,0.095488615,0.050567627,-0.057128906,4,0.009548863,0.5137117,10.774415,0.17638497154552715,1.4017117
0.10397339,0.011225704,0.011225706,0.089611106,0.05517578,-0.048797607,1,0.008961114,0.43103734,10.423205,0.12450859874201278,1.7418177
0.10888672,0.011273911,0.011273908,0.08944133,0.055786133,-0.053100586,1,0.008944134,0.5867251,10.801327,0.1881848417531949,1.5157347
0.106903076,0.011133707,0.011133707,0.088374265,0.054260254,-0.052642822,0,0.008837427,0.7668052,10.8112545,0.186127196485623,1.8208917
0.1098938,0.011083776,0.011083775,0.08829682,0.051757812,-0.058135986,1,0.008829684,0.42436534,10.484511,0.13430542382188498,1.6441424
0.11279297,0.0121066375,0.012106638,0.09548829,0.05178833,-0.06100464,1,0.00954883,0.4414155,10.437362,0.10284170327476039,1.8479058
0.11981201,0.011250843,0.011250842,0.088183485,0.06362915,-0.05618286,0,0.008818351,0.4137412,10.254291,0.08274417182507987,1.9659555
0.12313843,0.011172576,0.011172576,0.088497244,0.06768799,-0.05545044,0,0.008849728,0.41717723,10.454073,0.08780326477635783,1.8874165
0.115722656,0.011135749,0.011135748,0.08739224,0.061401367,-0.05432129,0,0.008739224,0.31813374,9.97166,0.0714247828474441,2.0015852
0.09490967,0.010250932,0.010250933,0.081791416,0.048736572,-0.046173096,1,0.008179143,0.55848837,10.552048,0.12073806908945688,1.7885876
0.08950806,0.011168099,0.011168097,0.08929592,0.04336548,-0.046142578,3,0.008929594,0.33149105,10.306541,0.07611727486022364,1.7164719
0.1083374,0.011213209,0.011213207,0.08931677,0.051727295,-0.056610107,0,0.008931677,0.5814717,10.672358,0.1435234874201278,1.6666265
0.1060791,0.011097146,0.011097146,0.088432476,0.05606079,-0.05001831,1,0.008843246,0.6114908,10.737045,0.1386141548522364,1.7479768
0.11126709,0.012090952,0.012090952,0.094966434,0.053863525,-0.057403564,0,0.009496647,0.46628115,10.477227,0.11206288688099042,1.8340194
0.097961426,0.0121484585,0.012148459,0.0957404,0.046569824,-0.0513916,3,0.009574041,0.29821143,10.184574,0.07716559754392971,1.7526871
0.0954895,0.0111364545,0.0111364545,0.08868502,0.044921875,-0.050567627,0,0.008868501,0.81510067,10.917618,0.3000636481629393,1.5725449
0.0942688,0.010242858,0.010242858,0.08153372,0.04901123,-0.04525757,0,0.008153373,0.46466994,10.5791855,0.15390687400159744,1.5102475
0.08660889,0.0102716265,0.010271625,0.08196866,0.044128418,-0.04248047,1,0.008196867,0.46378037,10.403493,0.09727872903354633,1.8112104
0.10632324,0.011020169,0.011020168,0.08796506,0.052093506,-0.054229736,1,0.008796506,0.590501,10.766403,0.1827061077276358,1.4445634
0.09817505,0.0102404645,0.010240463,0.081484936,0.052093506,-0.046081543,0,0.008148493,0.53648764,10.523333,0.11861334365015974,1.7607366
0.106048584,0.011145514,0.011145514,0.08866507,0.04812622,-0.057922363,0,0.00886651,0.47046188,10.56143,0.14584945337460065,1.6113635
0.105651855,0.011920471,0.011920471,0.09412066,0.050933838,-0.054718018,0,0.009412069,0.4646144,10.610555,0.14705533646166133,1.5390806
0.088256836,0.011169439,0.011169438,0.08927439,0.045959473,-0.042297363,2,0.008927434,0.29919812,10.107167,0.0691674570686901,1.8540807
0.09866333,0.011263006,0.011263006,0.08987628,0.0501709,-0.04849243,1,0.008987628,0.50423634,10.494452,0.10674171325878594,1.8900129
0.10998535,0.01115659,0.011156589,0.08861293,0.05166626,-0.05831909,0,0.008861294,0.4387358,10.541568,0.13846439446884984,1.571979
0.11166382,0.0120371925,0.0120371925,0.09523768,0.053497314,-0.058166504,3,0.009523769,0.42762652,10.4546585,0.10018033646166134,1.7995007
0.10797119,0.011145232,0.011145232,0.0887943,0.05819702,-0.04977417,0,0.0088794315,0.5516216,10.703824,0.17144287889376997,1.6647274
0.093688965,0.011195615,0.011195615,0.08937555,0.04525757,-0.048431396,3,0.008937553,0.2954233,10.09654,0.0675356928913738,1.8524511
0.09136963,0.011183444,0.011183444,0.08930635,0.04284668,-0.04852295,0,0.00893064,0.48264945,10.568752,0.14198064347044728,1.619594
0.09439087,0.011085712,0.011085711,0.08850346,0.046539307,-0.047851562,0,0.008850347,0.46695444,10.549003,0.15119246705271566,1.6262739
0.093933105,0.011051656,0.011051655,0.08818657,0.04647827,-0.047454834,0,0.008818656,0.5594632,10.726684,0.17735997404153356,1.6121898
0.10211182,0.0111116115,0.0111116115,0.08866745,0.052581787,-0.04953003,1,0.008866749,0.45022598,10.386659,0.09229139626597443,1.8990575
0.09265137,0.010275104,0.010275103,0.08227005,0.04989624,-0.042755127,1,0.008227005,0.48838574,10.487771,0.10471214806309904,1.7608196
0.13571167,0.012153258,0.012153259,0.09510448,0.05935669,-0.07635498,3,0.009510451,0.5811889,10.82033,0.20439640325479233,1.4489828
0.0881958,0.0101702195,0.010170219,0.08132875,0.04562378,-0.04257202,1,0.008132878,0.45475692,10.681493,0.14271384534744408,1.3494351
0.08679199,0.010233188,0.010233188,0.08155263,0.040496826,-0.046295166,0,0.008155266,0.6120174,10.783927,0.18930804462859424,1.3816411
0.091278076,0.010225743,0.010225743,0.08146119,0.05029297,-0.040985107,0,0.008146118,0.3250231,9.931228,0.05779346795127795,1.9767864
0.09515381,0.011100908,0.011100907,0.088883,0.048065186,-0.047088623,1,0.008888298,0.47746146,10.703875,0.1465951352835463,1.3897611
0.10107422,0.010162244,0.010162244,0.0798331,0.052825928,-0.04824829,1,0.007983311,0.42451414,10.348802,0.08857546675319489,1.7835369
0.1081543,0.011132454,0.011132454,0.08839509,0.057678223,-0.050476074,0,0.0088395085,1.4106277,11.09622,0.3978275384384984,2.0072293
0.099823,0.011251354,0.011251346,0.08970842,0.048950195,-0.050872803,0,0.008970842,0.4598928,10.353509,0.09244583666134186,1.9552474
0.11816406,0.011286215,0.011286214,0.08990729,0.060272217,-0.057891846,1,0.008990729,0.637174,10.78104,0.15268539087460065,1.6796362
0.09857178,0.011120626,0.011120625,0.088892564,0.04345703,-0.055114746,1,0.008889261,0.4900959,10.45425,0.10163114017571885,1.8831571
0.10131836,0.011178279,0.011178278,0.08904686,0.049957275,-0.051361084,1,0.008904687,0.46758014,10.362828,0.09408228085063898,1.9838287
0.10769653,0.011244535,0.011244535,0.09014406,0.051849365,-0.055847168,1,0.009014407,0.4715623,10.798689,0.16211249500798722,1.430939
0.10675049,0.012000763,0.012000763,0.0943372,0.05178833,-0.05496216,1,0.009433725,0.44740385,10.4467125,0.1037886256988818,1.84442
0.10232544,0.011081828,0.011081828,0.08823764,0.052246094,-0.050079346,1,0.008823764,0.48689014,10.607049,0.15139994758386582,1.5613909
0.10644531,0.011271019,0.011271019,0.08882278,0.055511475,-0.050933838,0,0.008882283,0.50367063,10.575344,0.11140144518769968,1.8384978
0.09396362,0.011085602,0.011085602,0.08850635,0.047332764,-0.04663086,0,0.008850637,0.50728285,10.61703,0.15241707018769968,1.5712087
0.10043335,0.011165793,0.011165792,0.08884388,0.051086426,-0.049346924,0,0.00888439,0.49366102,10.572172,0.15104270666932906,1.651782
0.10562134,0.011016003,0.011016002,0.087261006,0.052764893,-0.052856445,0,0.008726105,0.3420287,10.1243305,0.08046968600239617,1.902739
0.104278564,0.011098471,0.011098469,0.08850254,0.057434082,-0.046844482,1,0.008850253,0.55697584,10.656441,0.12261787390175719,1.8232216
0.11022949,0.011237047,0.011237046,0.0892149,0.056396484,-0.053833008,0,0.00892149,0.5358142,10.528003,0.11077432358226837,1.9374533
0.08770752,0.0102554625,0.0102554625,0.081721365,0.042755127,-0.044952393,0,0.008172139,0.447825,10.554781,0.10878219848242812,1.498773
0.10122681,0.011132759,0.011132759,0.08862654,0.049713135,-0.051513672,0,0.0088626575,0.5485825,10.695266,0.16394393969648563,1.5008236
0.092041016,0.011018379,0.011018378,0.088041365,0.047821045,-0.04421997,1,0.008804137,0.5084652,10.508729,0.11108632438099042,1.823001
0.1055603,0.011434221,0.011434221,0.090736665,0.050689697,-0.054870605,0,0.009073663,0.49560308,10.602058,0.1172483401557508,1.786386
0.11663818,0.012143644,0.012143644,0.09606677,0.051696777,-0.064941406,1,0.00960668,0.42111477,10.563814,0.13486078524361023,1.5330491
0.08178711,0.010162142,0.01016214,0.08132172,0.041870117,-0.039916992,1,0.008132173,0.5356096,10.553195,0.11934498552316294,1.7251774
0.11605835,0.011847986,0.011847985,0.093573004,0.050445557,-0.06561279,1,0.009357301,0.42022163,10.327886,0.09038039137380191,1.9403689
0.089782715,0.010237534,0.010237533,0.08080691,0.044403076,-0.04537964,0,0.008080691,1.0194355,10.927561,0.24981591952875398,1.8299812
0.104766846,0.011135899,0.011135898,0.088640325,0.047912598,-0.056854248,0,0.008864034,1.1012925,11.004851,0.3414614741413738,1.8847187
0.1020813,0.011006284,0.011006283,0.087260984,0.0519104,-0.0501709,3,0.008726097,0.5014846,10.752429,0.24834795577076677,1.5397779
0.105773926,0.012100779,0.012100779,0.09536712,0.05319214,-0.052581787,2,0.009536714,0.41123083,10.469333,0.10161866014376997,1.7331742
0.089416504,0.011058754,0.011058752,0.08837692,0.044830322,-0.04458618,1,0.008837691,0.49398297,10.507723,0.10796163638178914,1.8067931
0.10775757,0.011050468,0.011050469,0.08787595,0.05166626,-0.05609131,0,0.008787596,0.5820465,10.782829,0.18018046126198084,1.5303408
0.108428955,0.011217623,0.011217623,0.08929773,0.05227661,-0.056152344,0,0.008929775,0.61295235,10.710284,0.17057707667731628,1.7581229
0.11062622,0.01111266,0.01111266,0.08811396,0.058441162,-0.05218506,0,0.008811396,1.1382556,11.0137415,0.3447858426517572,1.9458447
0.113861084,0.01199341,0.011993409,0.09454737,0.055877686,-0.0579834,1,0.009454738,0.41786826,10.652515,0.13784195287539935,1.3796695
0.10424805,0.011102267,0.011102266,0.08840018,0.05065918,-0.053588867,0,0.008840018,0.42946598,10.494914,0.13299970047923323,1.6298897
0.1361084,0.011173563,0.011173562,0.08827913,0.065460205,-0.07064819,0,0.008827916,1.0284169,10.944468,0.30095285043929715,2.0184686
0.10006714,0.011049787,0.011049786,0.08854335,0.052886963,-0.047180176,1,0.008854336,0.36697686,10.4707575,0.0793308830870607,1.853634
0.09249878,0.011056595,0.0110565955,0.088677526,0.045410156,-0.047088623,1,0.008867751,0.40036154,10.594682,0.12461935902555911,1.452131
0.086120605,0.01026856,0.01026856,0.0817522,0.042419434,-0.043701172,0,0.008175219,0.48753184,10.627209,0.1576836436701278,1.4636853
0.10449219,0.012121008,0.012121008,0.096106246,0.050567627,-0.05392456,2,0.009610626,0.38351455,10.513507,0.1243588383586262,1.5412194
0.104400635,0.011250729,0.011250728,0.0895802,0.05105591,-0.053344727,1,0.008958022,0.54834694,10.737182,0.17041951627396165,1.6054686
0.09893799,0.011066646,0.011066642,0.08821768,0.049835205,-0.049102783,1,0.008821768,0.5059332,10.502892,0.10988044129392971,1.8370467
0.11685181,0.011261721,0.01126172,0.08902156,0.06277466,-0.05407715,0,0.008902157,0.49112052,10.511411,0.12376135682907348,1.7478938
0.09298706,0.010234685,0.010234684,0.08149498,0.04815674,-0.044830322,1,0.008149499,0.50389856,10.577108,0.1152031749201278,1.6135308
0.09729004,0.011040662,0.011040661,0.08806176,0.046569824,-0.050720215,0,0.0088061765,0.66277635,10.748085,0.17138671875,1.7564946
0.08804321,0.010210357,0.010210356,0.08144224,0.042633057,-0.045410156,0,0.008144225,0.54991835,10.537598,0.11893002446086262,1.7870036
0.089263916,0.010260513,0.010260513,0.08239009,0.042633057,-0.04663086,1,0.008239012,0.4782817,10.720718,0.15059654552715654,1.3064597
0.0892334,0.011210832,0.011210829,0.08912132,0.042633057,-0.04660034,0,0.008912128,0.35065827,10.148978,0.0885770267571885,1.9414427
0.1505127,0.01186073,0.011860731,0.09261307,0.08087158,-0.06964111,1,0.009261307,0.5099789,10.809672,0.0953677241413738,1.3493592
0.11541748,0.011177122,0.011177122,0.0886234,0.059631348,-0.055786133,1,0.008862342,0.60845023,10.76394,0.15968668879792333,1.6535195
0.098602295,0.011131993,0.011131993,0.08903357,0.052581787,-0.046020508,0,0.008903358,0.460596,10.426347,0.10049857727635783,1.832829
0.09725952,0.011056825,0.011056825,0.08820521,0.050354004,-0.046905518,2,0.008820523,0.42246166,10.543076,0.11775378144968052,1.7649987
0.103515625,0.011290628,0.011290628,0.09030293,0.050842285,-0.05267334,1,0.009030295,0.64202243,10.836574,0.22226624900159744,1.4208899
0.09036255,0.010256185,0.010256185,0.08183572,0.04321289,-0.04714966,0,0.0081835715,0.4542375,10.393481,0.0967249276158147,1.7788911
0.11419678,0.012110456,0.012110456,0.09533961,0.05718994,-0.057006836,4,0.009533961,0.24509108,10.092796,0.06459508536341853,1.7567513
0.10272217,0.011174156,0.011174155,0.0892486,0.047790527,-0.05493164,1,0.0089248605,0.4664163,10.404629,0.09577176517571885,1.9149107
0.09875488,0.01120403,0.01120403,0.08945394,0.0491333,-0.049621582,1,0.008945395,0.6151618,10.781257,0.1432645267571885,1.6866535
0.10092163,0.01115511,0.011155109,0.08871562,0.047943115,-0.052978516,1,0.008871562,0.45245385,10.55779,0.13849247454073482,1.596633
0.098083496,0.011126779,0.011126779,0.08875725,0.05496216,-0.043121338,1,0.008875719,0.50702244,10.512518,0.11029852236421725,1.8403262
0.102142334,0.011101477,0.011101476,0.08830583,0.05227661,-0.049865723,0,0.008830584,0.9743872,10.982023,0.2777259509784345,1.651012
0.10623169,0.012100257,0.012100256,0.09541571,0.052612305,-0.053619385,2,0.009541569,0.49621475,10.511613,0.12041826827076678,1.9220014
0.11526489,0.012202082,0.012202082,0.09613003,0.060394287,-0.054870605,3,0.0096130045,0.43612316,10.48549,0.1064905526158147,1.7758602
0.08792114,0.010205397,0.010205398,0.08141081,0.044952393,-0.04296875,1,0.008141083,0.48350674,10.428747,0.1000664561701278,1.8287388
0.097717285,0.011176199,0.011176199,0.088968895,0.04977417,-0.047943115,1,0.0088968845,0.4669611,10.457676,0.1022021016373802,1.8355653
0.10140991,0.011346935,0.011346934,0.090273544,0.051818848,-0.049591064,1,0.009027353,0.57819986,10.713171,0.14258124500798722,1.7209053
0.11657715,0.011170972,0.011170972,0.08824004,0.05883789,-0.057739258,0,0.008824006,0.9302807,10.897853,0.23311295676916932,1.9232466
0.08340454,0.010218497,0.010218496,0.081538595,0.04269409,-0.04071045,1,0.008153859,0.5094334,10.484494,0.10806927665734824,1.7803289
0.10128784,0.011173244,0.011173244,0.08913569,0.050750732,-0.05053711,0,0.008913575,0.4433001,10.503309,0.14401644868210864,1.6675526
0.08648682,0.010238364,0.010238363,0.081505895,0.043548584,-0.042938232,1,0.00815059,0.44374976,10.342126,0.08849902655750799,1.8403984
0.0887146,0.010178228,0.010178224,0.08116693,0.044525146,-0.044189453,1,0.008116694,0.4777646,10.405696,0.09787621056309904,1.8327212
0.09451294,0.011188045,0.011188045,0.089446716,0.04714966,-0.04736328,1,0.0089446725,0.44260988,10.500112,0.13788875299520767,1.6757271
0.11218262,0.012081826,0.012081827,0.09476624,0.056396484,-0.055786133,2,0.009476624,0.70731485,10.81321,0.2396883736022364,1.8959717
0.10458374,0.011089124,0.011089124,0.088365704,0.050811768,-0.053771973,1,0.008836568,0.46513382,10.56752,0.1336205820686901,1.584018
0.08584595,0.010262737,0.010262736,0.0819402,0.043548584,-0.042297363,1,0.008194021,0.48289764,10.491875,0.1055451901956869,1.7365564
0.112335205,0.012082674,0.012082674,0.095257126,0.052825928,-0.059509277,1,0.009525715,0.44846758,10.485468,0.11213152705670927,1.7818732
0.112213135,0.012036094,0.0120360935,0.094543494,0.05883789,-0.053375244,1,0.009454354,0.29416838,10.071139,0.07735435802715655,1.8510777
0.11541748,0.011115837,0.011115837,0.08699519,0.055664062,-0.059753418,0,0.008699519,0.9879238,10.93058,0.2544288513378594,1.935861
0.09863281,0.0111079095,0.011107908,0.08873975,0.049438477,-0.049194336,1,0.008873977,0.46131074,10.442557,0.09807589107428115,1.8415977
0.10458374,0.0111536905,0.011153689,0.08907028,0.056518555,-0.048065186,1,0.008907031,0.56063104,10.778504,0.1754302491014377,1.5378147
0.098083496,0.011110323,0.011110322,0.088477805,0.047821045,-0.05026245,1,0.008847781,0.5025342,10.508906,0.11062300319488817,1.8220351
0.097717285,0.011108213,0.011108211,0.08866831,0.04977417,-0.047943115,1,0.008866833,0.4797581,10.582215,0.1513188273761981,1.6059186
0.10360718,0.011115864,0.011115864,0.08854773,0.049621582,-0.053985596,1,0.008854776,0.64930576,10.835805,0.20173347643769968,1.4393879
0.1166687,0.011270374,0.011270371,0.08955069,0.05908203,-0.05758667,1,0.00895507,0.51924473,10.736746,0.1627037365215655,1.5700573
0.09472656,0.011151743,0.011151743,0.08873324,0.04537964,-0.049346924,1,0.008873326,0.56376565,10.582818,0.12544928115015974,1.8377913
0.15396118,0.011989243,0.011989244,0.092531584,0.08178711,-0.07217407,0,0.00925316,0.5646776,10.659707,0.11514389476837061,1.8039225
0.11959839,0.012071858,0.012071858,0.09509221,0.058135986,-0.061462402,3,0.0095092235,0.6035847,10.864036,0.21599659295127796,1.4353786
0.099487305,0.010267775,0.010267775,0.08154285,0.046447754,-0.05303955,1,0.0081542805,0.3386756,10.240894,0.08986559005591055,1.7209216
0.0874939,0.010280038,0.010280038,0.082106225,0.046325684,-0.041168213,1,0.008210623,0.4581528,10.396074,0.09507132338258786,1.8143058
0.1055603,0.011175173,0.011175173,0.088656254,0.05227661,-0.05328369,0,0.008865626,1.0155944,10.96812,0.3590723592252396,1.8474132
0.099121094,0.011145734,0.0111457305,0.08915125,0.05331421,-0.045806885,1,0.008915126,0.5052629,10.512981,0.11084764376996806,1.8305705
0.089660645,0.010252129,0.010252129,0.08206063,0.040618896,-0.049041748,1,0.008206064,0.47997937,10.618558,0.15423759484824281,1.4735485
0.09750366,0.011084204,0.011084204,0.08828018,0.045196533,-0.05230713,1,0.00882802,0.4894688,10.503615,0.11130784494808307,1.8036064
0.10571289,0.011941101,0.011941101,0.0942514,0.049468994,-0.056243896,3,0.00942514,0.41080278,10.390891,0.09924589406948882,1.8243432
0.096221924,0.011096798,0.011096798,0.08842005,0.05050659,-0.045715332,0,0.008842006,0.78250384,10.909115,0.2585925019968051,1.5153551
0.11526489,0.012119438,0.012119438,0.095364474,0.051574707,-0.063690186,1,0.009536449,0.43725395,10.423002,0.10538606978833866,1.8450973
0.08807373,0.0102668805,0.01026688,0.08217633,0.045288086,-0.042785645,1,0.008217634,0.48854202,10.497633,0.10503194888178914,1.7365466
0.091430664,0.010184303,0.010184302,0.08096037,0.046539307,-0.044891357,1,0.0080960365,0.32144368,10.162134,0.08923534844249201,1.7696068
0.12463379,0.012191453,0.012191453,0.09606422,0.061767578,-0.06286621,3,0.009606424,0.40770632,10.571384,0.1370681908945687,1.4906125
0.09182739,0.011048013,0.011048013,0.08816097,0.043121338,-0.048706055,2,0.008816097,0.3110572,10.140418,0.07324530750798722,1.8500504
0.104034424,0.011149603,0.011149603,0.08901098,0.051757812,-0.05227661,0,0.0089011025,0.48906538,10.565659,0.15125174720447285,1.6445634
0.10562134,0.01111874,0.011118738,0.08852893,0.05215454,-0.053466797,1,0.0088528935,0.5702984,10.733706,0.17540684904153356,1.6351732
0.094451904,0.01110326,0.011103261,0.08846118,0.046173096,-0.04827881,0,0.008846119,0.5662184,10.751702,0.16519818290734825,1.4415382
0.1020813,0.011166137,0.011166137,0.08892113,0.04748535,-0.054595947,0,0.008892115,0.5672917,10.703545,0.1694632338258786,1.6940203
0.09564209,0.011131341,0.01113134,0.088633865,0.047821045,-0.047821045,1,0.008863389,0.4559261,10.3795395,0.09530376397763578,1.9379858
0.10940552,0.0111353025,0.011135302,0.08859266,0.053649902,-0.055755615,0,0.0088592665,0.48643097,10.647319,0.15028766473642172,1.4901214
0.085235596,0.010226149,0.010226147,0.08162036,0.041870117,-0.04336548,1,0.008162038,0.4783425,10.488831,0.10502102885383387,1.7272288
0.100128174,0.011053659,0.011053658,0.088229604,0.049957275,-0.0501709,1,0.0088229645,0.436356,10.370514,0.08997167032747604,1.8833487
0.1288147,0.0120833935,0.0120833935,0.09485559,0.061645508,-0.06716919,1,0.0094855605,0.7145257,10.861661,0.28792213708067094,1.7510916
0.09503174,0.0111416755,0.0111416755,0.088668115,0.04714966,-0.04788208,2,0.00886681,0.4783912,10.675188,0.13037577376198084,1.4367608
0.08529663,0.010243016,0.010243016,0.08182171,0.041809082,-0.04348755,1,0.008182174,0.44628042,10.591135,0.1448806908945687,1.4865488
0.09237671,0.011031306,0.011031306,0.08759772,0.046142578,-0.04623413,0,0.008759769,0.3506981,10.129154,0.08612626048322684,1.9304858
0.08679199,0.01027033,0.01027033,0.08213241,0.045410156,-0.041381836,3,0.008213242,0.31812745,10.2915125,0.07372422873402557,1.6620898
0.08312988,0.010239627,0.010239625,0.0816533,0.04107666,-0.042053223,1,0.008165328,0.44887438,10.462802,0.10034413688099042,1.7007533
0.083496094,0.010261851,0.010261851,0.08202919,0.041168213,-0.04232788,1,0.00820292,0.5372476,10.538436,0.11754318091054312,1.7572494
0.090423584,0.010257033,0.010257031,0.081737086,0.04449463,-0.045928955,0,0.008173711,0.47694904,10.577283,0.15057938548322683,1.531664
0.089538574,0.011130927,0.011130927,0.08882395,0.047058105,-0.04248047,1,0.008882398,0.36400342,10.376402,0.08831494608626198,1.6668055
0.1055603,0.01124574,0.011245737,0.08951765,0.0546875,-0.050872803,1,0.008951764,0.48557073,10.634016,0.12965037190495207,1.6963205
0.0925293,0.011116274,0.011116272,0.08849676,0.04547119,-0.047058105,1,0.008849677,0.44395474,10.403471,0.09546288438498403,1.8297346
0.08956909,0.010249436,0.010249435,0.08208059,0.047027588,-0.042541504,1,0.008208058,0.4569212,10.705211,0.1485482602835463,1.3123037
0.11117554,0.012099336,0.012099337,0.09535064,0.051605225,-0.059570312,1,0.009535065,0.39738846,10.520561,0.1406109599640575,1.5646513
0.09277344,0.011050732,0.01105073,0.08805426,0.04449463,-0.04827881,0,0.008805426,0.34850797,10.228636,0.08998727036741214,1.8231525
0.13858032,0.011212823,0.011212823,0.08880864,0.05960083,-0.07897949,0,0.008880866,0.72322804,10.782826,0.18297442841453673,1.8334794
0.10614014,0.012109719,0.012109718,0.095661454,0.051208496,-0.05493164,2,0.009566146,0.418984,10.582903,0.14144088208865815,1.4918708
0.10144043,0.011142906,0.011142905,0.08885079,0.052947998,-0.04849243,1,0.008885082,0.5242111,10.702533,0.16637286591453673,1.638591
0.094573975,0.011023562,0.011023562,0.08796454,0.044708252,-0.049865723,0,0.008796458,0.47498512,10.5015335,0.13658614966054314,1.7225609
0.10714722,0.011317634,0.011317634,0.09006079,0.054473877,-0.05267334,0,0.009006082,0.583137,10.746683,0.1868135982428115,1.6300439
0.10675049,0.01113057,0.011130569,0.08895342,0.053894043,-0.052856445,1,0.008895344,0.45782155,10.381282,0.09245831669329073,1.924922
0.090789795,0.010244413,0.010244413,0.08184047,0.04522705,-0.045562744,0,0.0081840465,0.5345998,10.530261,0.12190963208865814,1.7414736
0.09164429,0.01117148,0.01117148,0.088961884,0.046539307,-0.04510498,1,0.008896189,0.30657968,10.082311,0.07862264127396167,1.8728063
0.10406494,0.011020607,0.011020606,0.08773322,0.053710938,-0.050354004,0,0.008773321,0.52667403,10.625112,0.12654596395766773,1.7887952
0.105285645,0.012117868,0.012117868,0.09535936,0.050201416,-0.05508423,1,0.009535936,0.67857605,10.791282,0.21194058256789136,1.9468852
0.09631348,0.011121838,0.011121838,0.088782474,0.04638672,-0.049926758,1,0.008878246,0.46974906,10.449338,0.10103989866214058,1.846808
0.10247803,0.011216214,0.011216214,0.089348115,0.049957275,-0.052520752,2,0.0089348145,0.5651956,10.789161,0.17940513927715654,1.500512
0.097076416,0.01101988,0.011019879,0.08788445,0.049804688,-0.04727173,1,0.008788446,0.7716093,10.880496,0.21695287539936103,1.6094465
0.088012695,0.010187678,0.01018768,0.08126149,0.04360962,-0.044403076,1,0.008126151,0.47997606,10.487194,0.10593675119808307,1.7325729
0.10751343,0.01208677,0.01208677,0.09538342,0.05340576,-0.054107666,3,0.009538343,0.39222214,10.471173,0.10076377795527157,1.6111791
0.1133728,0.012071974,0.012071973,0.09467431,0.056030273,-0.05734253,1,0.00946743,0.4232854,10.583275,0.1433721670327476,1.504847
0.10513306,0.012216996,0.0122169955,0.096136354,0.05218506,-0.052947998,3,0.009613637,0.29938632,10.146927,0.08175512929313099,1.8105083
0.10324097,0.011130009,0.011130006,0.088802084,0.05340576,-0.049835205,1,0.00888021,0.5184746,10.517442,0.11437169279153354,1.8464949
0.10043335,0.011141211,0.011141211,0.08887359,0.04916382,-0.05126953,0,0.008887361,0.47978455,10.580584,0.149017821485623,1.5913371
0.11630249,0.011280385,0.011280384,0.089775704,0.06085205,-0.05545044,1,0.0089775715,0.63881683,10.78363,0.15589743909744408,1.6724639
0.11294556,0.012080901,0.012080901,0.09507627,0.056152344,-0.056793213,3,0.009507628,0.52943796,10.713735,0.15081494608626198,1.5637864
0.10354614,0.011174067,0.011174067,0.08919857,0.046203613,-0.05734253,1,0.008919863,0.34076566,10.235921,0.0758349141373802,1.8016104
0.096221924,0.011095943,0.01109594,0.08864947,0.0440979,-0.052124023,2,0.008864949,0.29185688,10.11487,0.06667457068690096,1.8434395
0.09146118,0.010233176,0.010233177,0.081458025,0.03942871,-0.05203247,1,0.008145804,0.4252451,10.411332,0.09120719349041534,1.7150639
0.13076782,0.011173464,0.011173464,0.08879509,0.060516357,-0.070251465,0,0.008879511,0.4768592,10.352301,0.09320711861022364,2.0333998
0.107177734,0.0112187015,0.0112187015,0.08916316,0.054595947,-0.052581787,0,0.0089163175,0.61086774,10.715742,0.14400240864616615,1.7496756
0.09515381,0.011075874,0.011075874,0.0883838,0.05126953,-0.043884277,1,0.008838384,0.4897236,10.504882,0.10975096096246006,1.7956557
0.117248535,0.012074767,0.012074766,0.09501446,0.062347412,-0.054901123,1,0.009501447,0.5318786,10.707188,0.14974322334265175,1.5722084
0.09640503,0.011043114,0.011043114,0.08786995,0.048706055,-0.047698975,0,0.008786999,0.43824053,10.356191,0.09124151357827476,1.8895353
0.10647583,0.011215793,0.011215792,0.08891715,0.055633545,-0.050842285,0,0.008891715,0.4685408,10.58196,0.12346651607428115,1.7597569
0.1078186,0.011278254,0.011278254,0.08965272,0.0519104,-0.055908203,0,0.008965272,0.59901106,10.768223,0.17897769818290735,1.6033313
0.09408569,0.011079533,0.011079533,0.088610746,0.046417236,-0.047668457,2,0.008861079,0.5316021,10.701585,0.15241551018370608,1.4709641
0.11340332,0.012128606,0.012128604,0.09564869,0.051330566,-0.062072754,1,0.009564868,0.3764492,10.293669,0.08429793580271565,1.8617247
0.104400635,0.011274766,0.011274764,0.0897675,0.05355835,-0.050842285,0,0.00897675,0.5853206,10.741181,0.181032223442492,1.640898
0.10418701,0.0111151505,0.01111515,0.088516004,0.054382324,-0.049804688,1,0.008851598,0.33271337,10.081315,0.057606267472044725,1.9546158
0.092163086,0.01024946,0.010249458,0.081918925,0.046936035,-0.04522705,1,0.008191893,0.5178935,10.494525,0.1100005616014377,1.7900808
0.11514282,0.012036625,0.012036624,0.0946254,0.05822754,-0.056915283,2,0.009462542,0.28964087,10.082088,0.07691443690095846,1.8309642
0.078826904,0.010209017,0.0102090165,0.08241377,0.040039062,-0.03878784,1,0.008241377,0.3798221,10.454492,0.08084564696485623,1.622367
0.101623535,0.012083435,0.012083435,0.09550222,0.04977417,-0.051849365,2,0.009550223,0.35696065,10.339106,0.08429481579472843,1.7591959
0.10122681,0.011114564,0.011114563,0.08846644,0.04925537,-0.051971436,1,0.008846644,0.5091297,10.504786,0.11190532647763578,1.8366321
0.0848999,0.010196187,0.010196186,0.08137313,0.041625977,-0.043273926,1,0.008137314,0.54200226,10.557734,0.1203761481629393,1.7360367
0.12460327,0.011298106,0.011298106,0.09004387,0.070007324,-0.054595947,1,0.009004388,0.6517564,10.764693,0.1487573008186901,1.7437954
0.10461426,0.011073191,0.01107319,0.088291556,0.0513916,-0.053222656,0,0.008829158,0.73297507,10.787453,0.18305086861022365,1.7825502
0.11230469,0.011155003,0.011155001,0.088717945,0.056152344,-0.056152344,0,0.008871795,0.51155746,10.665653,0.1658331045327476,1.6731957
0.09375,0.011131762,0.011131762,0.08889586,0.04244995,-0.05130005,1,0.008889586,0.45563576,10.391027,0.09453624201277955,1.9072104
0.10623169,0.011133235,0.011133235,0.08866365,0.047912598,-0.05831909,1,0.008866367,0.5066531,10.644801,0.15719224241214058,1.5304924
0.10992432,0.011188569,0.011188568,0.08929098,0.05731201,-0.052612305,1,0.008929098,0.4519548,10.437753,0.09582792531948882,1.823062
0.10095215,0.011121675,0.011121673,0.08871413,0.05429077,-0.046661377,2,0.008871414,0.48785883,10.506281,0.10892571884984026,1.8005726
0.11135864,0.011273087,0.011273086,0.08988492,0.057800293,-0.05355835,1,0.008988493,0.42927334,10.60383,0.11182732627795527,1.7023727
0.09786987,0.0111317,0.011131699,0.08881096,0.047668457,-0.050201416,1,0.008881096,0.47696853,10.408927,0.09781849041533547,1.9385821
0.09396362,0.011034633,0.011034628,0.0878802,0.0473938,-0.046569824,1,0.00878802,0.5664561,10.681588,0.12886724990015974,1.7852439
0.10787964,0.011029941,0.011029939,0.08805626,0.047973633,-0.059906006,0,0.008805627,0.46130046,10.5270195,0.14507413138977635,1.6632265
0.10070801,0.01108895,0.011088948,0.08851405,0.048339844,-0.052368164,1,0.008851407,0.4692765,10.448599,0.09999313598242812,1.8431672
0.10803223,0.011108768,0.011108768,0.08754477,0.048309326,-0.0597229,0,0.008754479,0.4382618,10.368754,0.09541140425319489,1.8490055
0.10006714,0.01108671,0.011086709,0.08841931,0.050109863,-0.049957275,1,0.00884193,0.60956484,10.731133,0.14208984375,1.7410474
0.08602905,0.010280588,0.010280588,0.08218733,0.04171753,-0.044311523,1,0.008218737,0.48103875,10.470985,0.10161086012380191,1.7560155
0.114471436,0.0121487,0.012148699,0.0954182,0.060791016,-0.05368042,1,0.009541822,0.40197542,10.355196,0.09188579522763578,1.8735045
0.102752686,0.010249331,0.010249331,0.08183108,0.05340576,-0.049346924,1,0.0081831105,0.32510173,10.267486,0.07504867212460063,1.6873182
0.08944702,0.010233682,0.010233682,0.08163177,0.04699707,-0.04244995,0,0.008163177,0.6381509,10.730304,0.20351812100638977,1.5878803
0.09597778,0.011124539,0.011124537,0.0886514,0.04727173,-0.048706055,0,0.008865143,0.4770704,10.557714,0.14786497853434505,1.6229032
0.10296631,0.011112742,0.01111274,0.08815036,0.053619385,-0.049346924,1,0.008815037,0.5364389,10.63759,0.12120763029153354,1.7974104
0.087402344,0.010226349,0.010226346,0.0818094,0.046722412,-0.04067993,0,0.008180941,0.46464375,10.383913,0.09350195936501597,1.8510734
0.10946655,0.011086941,0.011086939,0.08664453,0.059570312,-0.04989624,1,0.008664454,0.3416037,10.007045,0.06582748851837061,2.0368776
0.12155151,0.011262363,0.011262363,0.08922478,0.066833496,-0.054718018,1,0.008922478,0.5036376,10.695291,0.1330090605031949,1.6208109
0.10256958,0.0111245075,0.011124506,0.08881028,0.05307007,-0.04949951,1,0.008881031,0.47228384,10.491492,0.10399142621805112,1.7876767
0.11630249,0.011226388,0.011226387,0.08886444,0.05621338,-0.06008911,0,0.008886449,0.5129839,10.425528,0.10010077625798722,2.0418594
0.12258911,0.011988855,0.011988854,0.09425023,0.06359863,-0.05899048,1,0.009425022,0.43399495,10.467453,0.1053314696485623,1.7722123
0.11187744,0.012088391,0.012088391,0.09524769,0.05895996,-0.05291748,1,0.009524769,0.29062894,10.047315,0.07535131289936102,1.8707561
0.11090088,0.011156727,0.011156725,0.08879022,0.053588867,-0.05731201,0,0.008879023,0.5219701,10.630907,0.16253213608226838,1.7693511
0.10031128,0.011223206,0.011223206,0.08959588,0.05014038,-0.0501709,0,0.008959589,0.4688673,10.564382,0.13759703224840256,1.5914074
0.09963989,0.011375996,0.011375996,0.09079069,0.050689697,-0.048950195,1,0.009079069,0.6256335,10.791285,0.1532766323881789,1.6654147
0.09576416,0.011091026,0.01109102,0.08840984,0.04486084,-0.05090332,1,0.008840989,0.51821333,10.519078,0.11276800868610223,1.8598123
0.089019775,0.010215309,0.0102153085,0.08144525,0.043273926,-0.04574585,0,0.008144525,0.49961635,10.633596,0.1641529802316294,1.4738579
0.09655762,0.01112397,0.011123968,0.08884342,0.049957275,-0.04660034,0,0.008884342,0.46956554,10.509962,0.14047835962460065,1.7081327
0.09310913,0.01017974,0.01017974,0.081505045,0.043914795,-0.049194336,1,0.008150504,0.4390273,10.60834,0.14735641723242812,1.4656874
0.11419678,0.0118147535,0.011814753,0.09295921,0.055419922,-0.058776855,1,0.009295923,0.4281907,10.423124,0.11606741713258786,1.8062973
0.0947876,0.011103825,0.011103822,0.08857307,0.047210693,-0.047576904,1,0.008857308,0.4372792,10.506816,0.13773431259984026,1.6439035
0.10269165,0.011182375,0.011182372,0.089186996,0.051483154,-0.051208496,1,0.008918698,0.45339754,10.617315,0.13859387480031948,1.4691185
0.1060791,0.012077191,0.012077191,0.09499868,0.050476074,-0.055603027,2,0.00949987,0.29513842,10.163313,0.07566175369408945,1.7685283
0.11117554,0.012143537,0.0121435365,0.095592365,0.053375244,-0.057800293,4,0.0095592365,0.40163255,10.539876,0.1368435503194888,1.5493325
0.112976074,0.011089479,0.011089477,0.08820079,0.048614502,-0.06436157,0,0.008820081,0.55561244,10.710749,0.17584989017571884,1.6516271
0.10028076,0.01112842,0.01112842,0.088857315,0.0473938,-0.052886963,0,0.008885732,0.4597398,10.437168,0.10030201677316294,1.8324747
0.106933594,0.012103945,0.012103945,0.09520029,0.049835205,-0.05709839,3,0.009520032,0.4394649,10.4869,0.10920183955670927,1.7726642
0.10974121,0.011233855,0.011233854,0.08944474,0.057861328,-0.051879883,0,0.008944476,0.579743,10.734347,0.18094954323083068,1.655294
0.11343384,0.011116445,0.011116445,0.08699134,0.05505371,-0.058380127,0,0.008699136,0.69615895,10.715174,0.17236796126198084,1.909176
0.09039307,0.010996124,0.010996123,0.0874956,0.045654297,-0.04473877,1,0.008749556,0.46202788,10.440241,0.10168574031549521,1.8328941
0.11166382,0.011220002,0.011220001,0.089485064,0.05633545,-0.05532837,0,0.008948505,0.61799365,10.651213,0.1580065644968051,1.9318112
0.20791626,0.011075639,0.011075635,0.08530082,0.09805298,-0.10986328,0,0.008530078,0.6550534,10.676916,0.1468821760183706,1.8802824
0.097473145,0.010282603,0.010282603,0.08210912,0.04663086,-0.050842285,1,0.008210914,0.48325205,10.517634,0.10958716054313099,1.6967264
0.15908813,0.011192371,0.011192371,0.08743268,0.082977295,-0.07611084,1,0.008743281,0.57004005,10.806789,0.09813673123003194,1.4049947
0.104278564,0.0112214545,0.0112214545,0.08944618,0.054229736,-0.050048828,1,0.008944616,0.5551248,10.785767,0.1830477486022364,1.54272
0.098236084,0.011151176,0.011151175,0.0884751,0.047973633,-0.05026245,0,0.008847509,0.31866515,10.104377,0.07175706369808307,1.8736382
0.10977173,0.0111299455,0.0111299455,0.08865398,0.051330566,-0.058441162,1,0.0088654,0.5741691,10.729862,0.17972338009185304,1.6430511
0.09915161,0.010236113,0.010236113,0.07525258,0.05014038,-0.04901123,1,0.0075252564,0.32384738,10.329775,0.08412633536341853,1.6848727
0.09741211,0.011162896,0.011162894,0.08922845,0.044525146,-0.052886963,1,0.008922844,0.30859378,9.998594,0.06738437250399361,1.9727427
0.109436035,0.012048259,0.0120482575,0.09479808,0.053253174,-0.05618286,1,0.0094798105,0.4443796,10.438985,0.10215998152955272,1.8486685
0.10513306,0.012051366,0.012051367,0.09485414,0.050964355,-0.0541687,1,0.009485413,0.30806887,10.081259,0.08527761831070288,1.888037
0.09265137,0.011214077,0.011214077,0.08948835,0.048706055,-0.043945312,1,0.008948837,0.46135718,10.450197,0.09930985423322684,1.8350624
0.12487793,0.011145403,0.011145403,0.0865477,0.06253052,-0.062347412,0,0.008654771,0.7727584,10.785233,0.22019612370207667,1.9165483
0.0874939,0.010239504,0.010239502,0.081468835,0.044647217,-0.04284668,1,0.008146884,0.5544727,10.552102,0.12215143270766773,1.7702025
0.091918945,0.010174852,0.010174852,0.08155537,0.04498291,-0.046936035,2,0.008155537,0.43091714,10.653142,0.14571841303913738,1.3946506
0.09182739,0.011103363,0.011103363,0.088689744,0.047698975,-0.044128418,1,0.008868976,0.30576313,9.98878,0.05868735023961661,1.9775698
0.1031189,0.011115817,0.0111158155,0.08862616,0.050323486,-0.05279541,0,0.008862621,0.555589,10.71274,0.1726659220247604,1.473754
0.10720825,0.0120806545,0.012080654,0.0951454,0.05508423,-0.052124023,0,0.00951454,0.4409642,10.595228,0.15059498552316294,1.5245003
0.107421875,0.012090829,0.012090828,0.095165834,0.056121826,-0.05130005,1,0.009516583,0.38882023,10.3545885,0.08951770916533547,1.8125625
0.08456421,0.010255144,0.010255145,0.08171704,0.042388916,-0.042175293,1,0.008171704,0.4580241,10.650455,0.12077082917332269,1.3874495
0.09939575,0.011123475,0.011123475,0.08815276,0.049346924,-0.050048828,0,0.008815274,0.9174828,10.880259,0.24218593999600638,1.9674039
0.098358154,0.0110594835,0.0110594835,0.08873268,0.045684814,-0.05267334,1,0.008873268,0.516085,10.776571,0.16617162539936103,1.4804535
0.10635376,0.011170777,0.011170776,0.0891225,0.053833008,-0.052520752,1,0.008912247,0.52772015,10.516497,0.11434517272364217,1.8679954
0.10983276,0.011290091,0.011290091,0.09000796,0.050231934,-0.05960083,1,0.009000796,0.63045794,10.7748575,0.14996942392172524,1.7041867
0.098724365,0.011089621,0.011089621,0.08859939,0.04849243,-0.050231934,2,0.008859938,0.6066093,10.814747,0.17120887829472844,1.4097676
0.12332153,0.011863111,0.011863111,0.09361694,0.06542969,-0.057891846,0,0.009361697,0.43656912,10.388687,0.09717732877396167,1.8931307
0.09567261,0.011197752,0.011197751,0.08917764,0.048950195,-0.046722412,1,0.008917764,0.4856938,10.537557,0.12012030750798722,1.7202133
0.09643555,0.011081779,0.011081779,0.08810238,0.04510498,-0.051330566,0,0.008810239,0.42181104,10.246413,0.07742611821086262,1.9808948
0.119262695,0.011347436,0.011347436,0.08986766,0.056640625,-0.06262207,1,0.008986763,0.5052497,10.718352,0.1277315669928115,1.6134939
0.09799194,0.011044949,0.011044949,0.088085376,0.05130005,-0.046691895,0,0.008808534,0.508046,10.468195,0.10666215305511183,1.884131
0.11364746,0.012124764,0.012124763,0.09553865,0.05609131,-0.057556152,1,0.009553867,0.3991698,10.355254,0.08916046825079872,1.8589451
0.08508301,0.010289872,0.01028987,0.08201012,0.04107666,-0.044006348,1,0.008201011,0.46687302,10.482039,0.10437986721246006,1.722054
0.112854004,0.010280716,0.010280716,0.0811163,0.053527832,-0.059326172,0,0.008111632,0.4597637,10.471261,0.0988153329672524,1.6418588
0.08822632,0.010198517,0.010198516,0.08155296,0.043945312,-0.044281006,1,0.008155297,0.48816052,10.433567,0.1004486571485623,1.8225439
0.09768677,0.011112283,0.011112281,0.08914786,0.048034668,-0.0496521,1,0.008914785,0.37929875,10.622788,0.1210625499201278,1.4090095
0.106414795,0.012037192,0.012037192,0.0949759,0.05291748,-0.053497314,4,0.009497591,0.4377034,10.435613,0.10205702126597443,1.8424641
0.09768677,0.011125609,0.011125609,0.08899109,0.048187256,-0.04949951,3,0.008899109,0.42950645,10.5582,0.12720740565095848,1.5610819
0.12701416,0.011068526,0.011068525,0.08753934,0.061279297,-0.06573486,0,0.008753935,0.7416276,10.833462,0.19385545626996806,1.7137107
0.08584595,0.0102561535,0.0102561535,0.08163445,0.04244995,-0.043395996,1,0.008163446,0.4858455,10.369502,0.09540984424920128,1.923268
0.097839355,0.011063057,0.011063057,0.08853959,0.048614502,-0.049224854,1,0.008853961,0.50472957,10.512146,0.10844211761182108,1.8280529
0.11468506,0.012097778,0.012097777,0.09501985,0.05593872,-0.058746338,2,0.009501987,0.393527,10.336694,0.09018539087460063,1.8635179
0.108062744,0.011902447,0.011902445,0.093642205,0.053833008,-0.054229736,2,0.009364223,0.4176995,10.398539,0.09573276507587859,1.8196472
0.08526611,0.01028149,0.01028149,0.08204432,0.043701172,-0.04156494,1,0.008204434,0.46243253,10.422674,0.09704316843051118,1.79985
0.12661743,0.012083006,0.012083006,0.09381307,0.06692505,-0.059692383,1,0.009381308,0.48572847,10.52131,0.10794759634584665,1.9044633
0.09555054,0.011047256,0.011047255,0.08823739,0.04727173,-0.04827881,1,0.008823739,0.2860227,9.85575,0.050637729632587856,2.0378876
0.10772705,0.011113195,0.011113195,0.08846215,0.050567627,-0.057159424,1,0.008846217,0.45391664,10.548049,0.14143464207268372,1.6080369
0.11630249,0.011219651,0.0112196505,0.089370415,0.060638428,-0.055664062,1,0.00893704,0.6524717,10.791564,0.15581475888578275,1.6913038
0.091796875,0.010233167,0.010233167,0.081716016,0.04647827,-0.045318604,0,0.008171603,0.5242724,10.572561,0.1192170651956869,1.6434199
0.10498047,0.011146293,0.011146293,0.08898569,0.055236816,-0.049743652,1,0.008898568,0.49213362,10.499323,0.10727211461661341,1.8175191
0.11105347,0.011252351,0.011252351,0.089612074,0.055786133,-0.055267334,1,0.008961207,0.5794693,10.768252,0.18877296325878595,1.5804709
0.09512329,0.011209637,0.011209636,0.0892618,0.043945312,-0.05117798,1,0.008926184,0.48575947,10.422306,0.1019743410543131,1.9357809
0.09121704,0.010976114,0.010976114,0.08768389,0.04675293,-0.04446411,1,0.008768387,0.51904124,10.526782,0.11504249450878594,1.8260926
0.10916138,0.011309468,0.011309468,0.089853324,0.04949951,-0.059661865,0,0.008985335,0.6099854,10.77099,0.19668998352635783,1.6154135
0.10769653,0.012136786,0.012136786,0.09584214,0.052703857,-0.054992676,3,0.009584214,0.4548907,10.5092325,0.11043268270766773,1.7919251
0.1020813,0.011210168,0.011210168,0.08927928,0.051116943,-0.050964355,0,0.00892793,0.45267865,10.505318,0.1410243610223642,1.6810634
0.093444824,0.0112417955,0.011241789,0.089333974,0.04953003,-0.043914795,2,0.008933399,0.31098735,10.107409,0.06837029502795527,1.8739616
0.090026855,0.010236771,0.010236769,0.08171173,0.045440674,-0.04458618,0,0.008171175,0.48892888,10.625254,0.1529833516373802,1.4655647
0.10775757,0.012096642,0.012096642,0.095549084,0.052124023,-0.055633545,1,0.009554911,0.42310148,10.546635,0.13583890774760382,1.5682619
0.09320068,0.011124045,0.011124044,0.08851079,0.045928955,-0.04727173,1,0.008851078,0.33154175,10.161551,0.08363805411341853,1.8584449
0.11236572,0.012061657,0.012061656,0.095138066,0.054718018,-0.057647705,4,0.009513807,0.4440083,10.496481,0.10865427815495207,1.7754447
0.10473633,0.011150717,0.011150717,0.08862967,0.055389404,-0.049346924,2,0.008862971,0.29968628,9.958869,0.05774822783546326,1.9906524
0.1156311,0.0120252855,0.0120252855,0.09485094,0.06201172,-0.053619385,0,0.009485096,0.593565,10.822728,0.2039798821884984,1.4518193
0.11218262,0.011960951,0.011960949,0.094104,0.05734253,-0.054840088,1,0.009410403,0.5217778,10.774423,0.1609050519169329,1.3810773
0.09463501,0.011106781,0.01110678,0.088842586,0.045013428,-0.049621582,1,0.0088842595,0.41892308,10.554143,0.13530694638578275,1.5451131
0.11480713,0.01019322,0.01019322,0.078586586,0.054718018,-0.06008911,0,0.007858659,0.8416087,10.78826,0.20941649610623003,1.9262002
0.112457275,0.012114957,0.012114957,0.09565351,0.055877686,-0.05657959,4,0.009565353,0.4071637,10.628735,0.14018819888178913,1.4180238
0.106903076,0.011367086,0.011367086,0.090411745,0.05316162,-0.053741455,0,0.009041176,0.4951955,10.579399,0.11234212759584665,1.811459
0.09173584,0.011095578,0.011095577,0.0884697,0.046966553,-0.044769287,1,0.008846973,0.4670824,10.587466,0.14682445587060702,1.5816705
0.10449219,0.011137763,0.011137762,0.088350765,0.052459717,-0.05203247,0,0.008835077,0.9865917,10.963077,0.29930860623003197,1.8245357
0.09362793,0.011124538,0.011124538,0.0888765,0.047729492,-0.045898438,0,0.0088876495,0.51478964,10.492263,0.10867455820686901,1.8743777
0.10043335,0.011168164,0.011168164,0.088831134,0.04928589,-0.05114746,0,0.008883115,0.55283207,10.717499,0.1789106180111821,1.6238012
0.098083496,0.0111623285,0.011162327,0.088916585,0.049591064,-0.04849243,1,0.008891664,0.44869953,10.567684,0.13486858526357828,1.5699235
0.10775757,0.012082782,0.012082782,0.09592368,0.05441284,-0.053344727,1,0.009592367,0.3927233,10.670041,0.13165497703674123,1.3236183
0.098358154,0.01102113,0.01102113,0.08792892,0.047576904,-0.05078125,0,0.008792892,0.53950953,10.536356,0.12276451427715655,1.8345416
0.096832275,0.011136331,0.011136331,0.08863776,0.049041748,-0.047790527,1,0.00886378,0.54697543,10.737591,0.19577582118610223,1.4252272
0.09161377,0.011075515,0.011075515,0.0884183,0.04647827,-0.045135498,2,0.008841833,0.33242282,10.20507,0.07507987220447285,1.813659
0.107055664,0.01133958,0.011339579,0.090119645,0.055145264,-0.0519104,2,0.009011967,0.6076224,10.739021,0.14151732228434505,1.7393148
0.110809326,0.011954565,0.011954564,0.09404131,0.051757812,-0.059051514,0,0.009404134,0.42874563,10.540396,0.1484858601238019,1.5811603
0.100738525,0.0111054685,0.011105469,0.08860142,0.046081543,-0.054656982,0,0.008860143,0.6010652,10.706705,0.1506199455870607,1.630782
0.10195923,0.01102235,0.01102235,0.087970555,0.051971436,-0.049987793,1,0.008797059,0.5829291,10.707834,0.13048653404552715,1.7526566
0.12509155,0.012032099,0.012032099,0.09491086,0.06677246,-0.05831909,3,0.009491087,0.44041154,10.560864,0.14319900658945686,1.6053098
0.09628296,0.011175374,0.011175373,0.089105844,0.046142578,-0.05014038,1,0.008910585,0.5103748,10.5122385,0.1120160867611821,1.8308173
0.11300659,0.01212677,0.012126771,0.09547171,0.058135986,-0.054870605,1,0.009547171,0.42151403,10.496077,0.14015699880191693,1.6608425
0.105651855,0.012155441,0.012155441,0.09579849,0.050201416,-0.05545044,4,0.009579852,0.42183456,10.659109,0.14729557707667731,1.3719428
0.1005249,0.011117691,0.011117691,0.08859821,0.050872803,-0.0496521,0,0.008859821,0.47825536,10.564121,0.15429531499600638,1.6277044
0.1043396,0.012087374,0.012087374,0.09510209,0.050476074,-0.053863525,2,0.009510212,0.4023658,10.382845,0.09299651807108626,1.8043694
0.10449219,0.012070105,0.012070106,0.09523537,0.050109863,-0.054382324,4,0.009523536,0.4059842,10.562362,0.10938904003594249,1.5113246
0.093444824,0.011153827,0.011153828,0.088876545,0.048919678,-0.044525146,1,0.008887655,0.42955124,10.494468,0.13812431359824281,1.6433128
0.11413574,0.011299573,0.011299573,0.08984191,0.05670166,-0.057434082,0,0.00898419,0.86616635,10.918456,0.22540653704073482,1.7389373
0.09893799,0.011018838,0.011018837,0.08819586,0.04574585,-0.05319214,1,0.008819586,0.44811857,10.484344,0.0995625748801917,1.7519177
0.10397339,0.011860378,0.011860377,0.09342001,0.050750732,-0.053222656,1,0.009342002,0.44848076,10.443716,0.10471682807507987,1.8360053
0.09753418,0.011048172,0.011048172,0.08804835,0.05230713,-0.04522705,1,0.008804834,0.45937988,10.454573,0.09990265575079872,1.8201536
0.10147095,0.011182759,0.01118276,0.089163095,0.047058105,-0.05441284,0,0.008916313,0.61019385,10.739594,0.17368148462460065,1.5327804
0.113464355,0.01121415,0.011214151,0.08900686,0.054718018,-0.058746338,0,0.008900689,1.0333501,10.979631,0.28022351737220447,1.8123183
0.09341431,0.010270999,0.010270997,0.082087375,0.04562378,-0.047790527,2,0.008208739,0.4852458,10.6945095,0.11805954223242812,1.3426569
0.10028076,0.011096158,0.011096157,0.088495,0.05316162,-0.04711914,0,0.008849504,0.47260982,10.542332,0.1444064496805112,1.6408149
0.09979248,0.011161969,0.011161968,0.0889199,0.04663086,-0.05316162,0,0.00889199,0.56610954,10.704621,0.17503712809504793,1.6924995
0.12011719,0.011072715,0.011072715,0.08832729,0.055664062,-0.064453125,1,0.0088327285,0.5293745,10.739579,0.1660296650359425,1.4134747
0.11325073,0.011235809,0.011235809,0.088649035,0.060546875,-0.052703857,0,0.008864904,1.1079873,11.007426,0.4323317067691693,1.8136277
0.103027344,0.011080353,0.011080352,0.08841271,0.04827881,-0.054748535,1,0.0088412715,0.46105438,10.568798,0.1385486346845048,1.5780119
0.10910034,0.012107852,0.012107852,0.09537251,0.053649902,-0.05545044,1,0.009537251,0.4384308,10.484833,0.10751703524361023,1.7746902
0.11160278,0.01200067,0.012000667,0.09426585,0.058166504,-0.05343628,2,0.009426586,0.29494488,9.914206,0.059239591653354635,2.0179617
0.08834839,0.010247082,0.010247082,0.08200069,0.045196533,-0.043151855,1,0.00820007,0.48694137,10.667394,0.154693116014377,1.438507
0.108673096,0.011903401,0.0119034005,0.093298316,0.05050659,-0.058166504,0,0.009329832,0.39276326,10.330538,0.0913397938298722,1.8270651
0.0887146,0.010211881,0.010211881,0.08137778,0.043701172,-0.045013428,0,0.00813778,0.48345625,10.452776,0.10395554612619809,1.7583761
0.105407715,0.011046419,0.011046418,0.087522075,0.052490234,-0.05291748,0,0.008752207,0.89198774,10.851536,0.23337035742811502,1.9997815
0.093444824,0.011112599,0.011112599,0.088653654,0.048187256,-0.04525757,2,0.008865365,0.5457645,10.695482,0.12502652006789136,1.7310233
0.09371948,0.0111428825,0.0111428825,0.08873363,0.04473877,-0.048980713,0,0.008873367,0.5045,10.662228,0.15185702875399362,1.4859526
0.1003418,0.011238387,0.011238383,0.08942191,0.05355835,-0.046783447,1,0.008942192,0.60457903,10.744616,0.14295252595846644,1.72123
0.1083374,0.011219,0.011219,0.08887129,0.057281494,-0.05105591,0,0.00888713,0.5609817,10.533958,0.12934149111421725,1.9408603
0.093444824,0.0112630045,0.011263001,0.08971564,0.045928955,-0.04751587,1,0.008971566,0.28473106,9.971305,0.05184361271964856,1.9685777
0.09802246,0.011066404,0.011066404,0.08841288,0.05117798,-0.046844482,1,0.008841291,0.4201235,10.475056,0.08806222543929712,1.8599627
0.18258667,0.011144971,0.011144971,0.083359756,0.107940674,-0.074645996,0,0.008335977,0.8499868,10.850166,0.16495482228434505,1.8933262
0.08615112,0.011048539,0.011048539,0.08838624,0.0446167,-0.041534424,1,0.008838627,0.30054888,9.885968,0.053891897963258786,2.0329416
0.10675049,0.011234724,0.011234724,0.08935776,0.055145264,-0.051605225,0,0.008935777,0.6635202,10.826021,0.17661117212460065,1.584702
0.10656738,0.011186701,0.011186702,0.089107,0.05960083,-0.046966553,0,0.008910701,0.47624663,10.436847,0.1004486571485623,1.8588754
0.15338135,0.011332328,0.011332328,0.08897528,0.081970215,-0.07141113,1,0.008897533,0.6654335,10.79719,0.14546569239217252,1.7413598
0.09350586,0.011113612,0.01111361,0.088486716,0.045654297,-0.047851562,0,0.008848669,0.33395305,10.2490635,0.0928046375798722,1.7620649
0.10354614,0.011105893,0.011105893,0.0883382,0.05429077,-0.04925537,0,0.00883382,0.5744287,10.618338,0.13293106030351437,1.8019546
0.11340332,0.01130864,0.011308641,0.09009362,0.061340332,-0.05206299,0,0.009009362,0.76058483,10.87315,0.2639292756589457,1.6009171
0.08581543,0.011120487,0.011120487,0.090011425,0.041290283,-0.044525146,2,0.0090011405,0.30242872,10.2888775,0.060239554213258786,1.7339283
0.10601807,0.011115245,0.011115243,0.08880107,0.048675537,-0.05734253,1,0.0088801095,0.5486938,10.783644,0.17349584414936103,1.4948487
0.098480225,0.0110554565,0.011055455,0.088773705,0.0513916,-0.047088623,1,0.0088773705,0.46768433,10.660805,0.13862039486821087,1.4486387
0.14349365,0.011198752,0.011198752,0.08723588,0.068237305,-0.07525635,0,0.00872359,0.7395097,10.811454,0.16961767422124602,1.8467861
0.09262085,0.011096374,0.011096374,0.088622995,0.04336548,-0.04925537,1,0.008862299,0.46195588,10.462438,0.0985719723442492,1.8246055
0.09246826,0.010267911,0.010267911,0.08183157,0.045654297,-0.046813965,0,0.008183158,0.52216685,10.695693,0.1664898662140575,1.3913685
0.095458984,0.0102548795,0.010254876,0.08181082,0.04437256,-0.051086426,0,0.008181082,0.6072075,10.736293,0.15628588009185304,1.506263
0.08328247,0.010246673,0.010246673,0.08165377,0.04385376,-0.03942871,1,0.008165376,0.4738291,10.484835,0.10372622553913738,1.7223911
0.09109497,0.010248318,0.010248316,0.081833206,0.044555664,-0.046539307,0,0.00818332,1.0012882,10.997305,0.30817098891773165,1.6516327
0.12683105,0.01206313,0.01206313,0.094722256,0.057281494,-0.06954956,2,0.009472227,0.36834112,10.46757,0.13237725888578275,1.5530313
0.10900879,0.012059191,0.012059191,0.09506972,0.054504395,-0.054504395,3,0.009506971,0.42275456,10.634041,0.12212803264776358,1.4209517
0.093170166,0.0109973885,0.010997384,0.08760911,0.047912598,-0.04525757,0,0.0087609105,0.47740567,10.443571,0.10419266673322684,1.8344642
0.12234497,0.011300564,0.011300564,0.09002276,0.055603027,-0.06674194,1,0.009002277,0.60892797,10.7603855,0.14452968999600638,1.6951302
0.09524536,0.0111301495,0.01113015,0.088602565,0.051818848,-0.043426514,1,0.008860254,0.44411466,10.340544,0.09095135283546325,1.9390459
0.10827637,0.012090294,0.012090293,0.095526055,0.053344727,-0.05493164,2,0.009552607,0.4325499,10.464491,0.10316774410942492,1.772882
0.09698486,0.011132178,0.011132175,0.088886656,0.04937744,-0.047607422,1,0.008888665,0.44254136,10.627746,0.13136949630591055,1.4662011
0.094177246,0.011098704,0.011098703,0.0885961,0.043670654,-0.05050659,2,0.008859612,0.45766464,10.579337,0.1394191169129393,1.5595756
0.1098938,0.011034738,0.011034737,0.08793831,0.0552063,-0.0546875,2,0.008793832,0.5557343,10.672234,0.12263035393370607,1.7908812
0.109802246,0.011869432,0.011869433,0.09372284,0.05218506,-0.057617188,0,0.0093722865,0.5824115,10.7342615,0.15819220497204473,1.6983602
0.09661865,0.011195387,0.011195387,0.089298464,0.046325684,-0.05029297,1,0.0089298505,0.478096,10.458828,0.10155313997603833,1.8529167
0.10598755,0.011078768,0.011078769,0.08833097,0.048736572,-0.057250977,1,0.008833096,0.7296164,10.880174,0.27734999001597443,1.4866275
0.10482788,0.011022771,0.011022771,0.08760854,0.05456543,-0.05026245,0,0.008760854,0.703747,10.762775,0.15835132537939298,1.8638964
0.095458984,0.01121253,0.011212527,0.08933376,0.048614502,-0.046844482,1,0.008933373,0.32552323,10.103021,0.07808911990814696,1.8944199
0.08917236,0.01025656,0.0102565605,0.08165488,0.041809082,-0.04736328,2,0.008165489,0.44194427,10.584156,0.14004155850638977,1.4762814
0.121154785,0.011133069,0.011133067,0.088496014,0.060058594,-0.06109619,1,0.008849598,0.4754477,10.471365,0.10354526507587859,1.8401586
0.10244751,0.011011928,0.011011928,0.087653615,0.050689697,-0.051757812,0,0.008765364,0.5524486,10.713985,0.18100882338258786,1.6319151
0.112976074,0.01210793,0.012107929,0.09561078,0.053710938,-0.059265137,2,0.009561079,0.4763513,10.693749,0.15477267621805113,1.4161484
0.09576416,0.011015989,0.011015989,0.08816795,0.04559326,-0.0501709,1,0.0088168,0.41724047,10.520369,0.1294428913738019,1.6030213
0.086242676,0.010203439,0.010203437,0.08178026,0.04397583,-0.042266846,1,0.008178027,0.3724708,10.535449,0.12813560802715654,1.4785522
0.081329346,0.01019194,0.010191939,0.08173775,0.041381836,-0.03994751,1,0.008173776,0.48642924,10.485212,0.10338146465654952,1.7472199
0.09603882,0.010958714,0.010958714,0.08725499,0.048309326,-0.047729492,1,0.008725501,0.43461898,10.360771,0.09093263278753994,1.8825792
0.11428833,0.01192221,0.0119222095,0.093761,0.050567627,-0.0637207,1,0.0093761,0.4181832,10.346796,0.09208391573482429,1.9220494
0.115600586,0.012139987,0.012139987,0.09551369,0.05960083,-0.055999756,3,0.009551371,0.41159502,10.393083,0.09695580820686901,1.8621674
0.109680176,0.011145774,0.011145773,0.088451944,0.04949951,-0.060180664,2,0.008845194,0.44909877,10.56842,0.1246177990215655,1.7581226
0.10479736,0.011151832,0.011151832,0.08920163,0.046203613,-0.05859375,1,0.008920165,0.41835696,10.494857,0.13542394668530353,1.6317058
0.08959961,0.011059579,0.01105958,0.088618785,0.044281006,-0.045318604,0,0.00886188,0.40524963,10.323599,0.08162876896964856,1.8386253
0.093170166,0.011168908,0.011168908,0.08910025,0.049346924,-0.043823242,0,0.008910026,0.45411423,10.35249,0.09073295227635783,1.952376
0.10726929,0.0113454545,0.011345454,0.090199165,0.052001953,-0.055267334,1,0.009019916,0.5509098,10.722261,0.1765004118410543,1.628552
0.097717285,0.010997374,0.010997372,0.087777816,0.049072266,-0.04864502,1,0.00877778,0.44953626,10.418228,0.09643008686102236,1.8295624
0.09185791,0.010187626,0.010187625,0.08129816,0.046417236,-0.045440674,1,0.0081298165,0.5114714,10.546915,0.12471919928115016,1.6831082
0.09326172,0.011169623,0.011169623,0.08907672,0.04534912,-0.047912598,0,0.008907675,0.45967123,10.560109,0.14084340055910544,1.5852382
0.08905029,0.010255994,0.010255993,0.08185038,0.041412354,-0.04763794,1,0.00818504,0.5428434,10.737256,0.14597581369808307,1.3605964
0.101989746,0.011136763,0.011136762,0.08836383,0.046661377,-0.05532837,0,0.008836384,0.45531502,10.3825,0.0955814446884984,1.8871121
0.10165405,0.011230944,0.01123094,0.0909214,0.04736328,-0.05429077,1,0.009092145,0.31573153,10.525759,0.07199730431309904,1.5018728
0.11218262,0.011887587,0.011887587,0.093672894,0.052520752,-0.059661865,2,0.009367293,0.40856022,10.612029,0.11720622004792332,1.4281619
0.1279602,0.012082351,0.012082351,0.09516757,0.07022095,-0.057739258,2,0.009516756,0.5509224,10.62998,0.13849403454472844,1.8777572
0.099243164,0.011062209,0.011062209,0.088216424,0.055236816,-0.044006348,0,0.008821643,0.51070875,10.492981,0.11566805611022364,1.8410411
0.118255615,0.012063496,0.012063496,0.09519134,0.062042236,-0.05621338,1,0.0095191365,0.42363495,10.558705,0.13939727685702874,1.5453038
0.090789795,0.011096127,0.011096127,0.0886002,0.045318604,-0.04547119,1,0.008860023,0.4248672,10.518209,0.13406674321086262,1.6299068
0.08703613,0.010228032,0.010228031,0.081222475,0.043701172,-0.04333496,2,0.008122248,0.30073404,10.069361,0.0726322259384984,1.8140903
0.09301758,0.010262714,0.010262713,0.08181999,0.0435791,-0.049438477,1,0.0081819985,0.45308185,10.447764,0.0991522938298722,1.7255845
0.10040283,0.011195031,0.01119503,0.08944686,0.055633545,-0.044769287,0,0.008944687,0.48143077,10.559457,0.15379923372603835,1.633119
0.114746094,0.012127561,0.0121275615,0.095676795,0.05392456,-0.060821533,4,0.009567681,0.3571395,10.49468,0.12431671825079872,1.5407457
0.09918213,0.011074955,0.011074954,0.088359654,0.050323486,-0.048858643,0,0.008835966,0.5018777,10.568261,0.14598517372204473,1.6573379
0.09197998,0.011100657,0.011100653,0.089023456,0.050628662,-0.04135132,3,0.008902343,0.30040598,10.172348,0.07148094299121406,1.8039429
0.102142334,0.011003949,0.011003948,0.08754432,0.05029297,-0.051849365,2,0.008754433,0.42808837,10.592591,0.10918311950878594,1.7089527
0.10922241,0.012107426,0.012107426,0.09567015,0.056915283,-0.05230713,1,0.009567018,0.4050004,10.614337,0.1324786591453674,1.4131008
0.10202026,0.011170021,0.011170021,0.088869356,0.053497314,-0.04852295,1,0.008886935,0.4778687,10.44603,0.10391030601038338,1.8650112
0.11367798,0.011427831,0.011427832,0.09071089,0.054504395,-0.059173584,0,0.009071089,0.5902478,10.720537,0.14617081419728434,1.7168489
0.092681885,0.011024306,0.011024306,0.087789945,0.050598145,-0.04208374,2,0.008778993,0.32594702,10.194257,0.07642615565095846,1.8132551
0.1479187,0.01110556,0.011105559,0.08634225,0.07293701,-0.07498169,0,0.008634227,0.5797171,10.520425,0.11963826627396167,2.048271
0.12133789,0.011244473,0.011244473,0.08926955,0.06314087,-0.05819702,0,0.008926956,1.0234903,10.977692,0.2933244309105431,1.7879167
0.08950806,0.011169108,0.011169106,0.08924715,0.045715332,-0.043792725,1,0.008924714,0.32914102,10.036203,0.06584776857028754,2.003099
0.092285156,0.010260917,0.010260917,0.08177167,0.04348755,-0.048797607,0,0.008177168,0.53224105,10.538689,0.12592664237220447,1.7315971
0.11248779,0.011132403,0.011132404,0.088434845,0.05407715,-0.058410645,0,0.008843485,0.79395044,10.794856,0.1837762704672524,1.9377545
0.08782959,0.010268106,0.010268106,0.081987046,0.04562378,-0.04220581,1,0.008198706,0.44979408,10.561539,0.14612401407747605,1.536693
0.11514282,0.011944672,0.011944672,0.0940803,0.053527832,-0.06161499,3,0.009408031,0.2696002,10.091326,0.06706925169728435,1.7852405
0.11514282,0.012089684,0.012089684,0.09501898,0.0552063,-0.059936523,0,0.0095019005,0.81726474,10.901017,0.27785387130591055,1.9935032
0.08526611,0.010265054,0.010265054,0.08212216,0.044555664,-0.04071045,1,0.008212215,0.52226496,10.546531,0.11565713608226837,1.7182422
0.08413696,0.010166493,0.010166493,0.081235446,0.042053223,-0.04208374,1,0.008123546,0.47211182,10.4240885,0.09749712959265176,1.8038034
0.09039307,0.010252278,0.010252277,0.08178081,0.046295166,-0.0440979,1,0.008178083,0.55151665,10.745854,0.17735997404153356,1.3524451
0.09524536,0.010230649,0.010230648,0.08102959,0.04776001,-0.04748535,0,0.008102961,0.4404157,10.355274,0.09932233426517571,1.7912639
0.1418457,0.010197242,0.010197241,0.07922173,0.07122803,-0.070617676,0,0.007922174,0.6982348,10.710405,0.16352741863019168,1.7691529
0.09866333,0.01112146,0.01112146,0.08878902,0.047302246,-0.051361084,2,0.008878908,0.2915415,10.02379,0.07009253943690096,1.8951638
0.09158325,0.010245815,0.010245815,0.08139302,0.045135498,-0.046447754,0,0.008139303,1.1364416,11.00642,0.4749634959065495,1.7431569
0.0932312,0.011155943,0.0111559415,0.0888914,0.045318604,-0.047912598,0,0.008889139,0.53117305,10.541831,0.11374457118610223,1.8476591
0.15652466,0.011352118,0.011352116,0.08983083,0.07992554,-0.07659912,0,0.008983086,0.5662936,10.733812,0.15185234874201278,1.6579857
0.10232544,0.011043713,0.0110437125,0.08810866,0.054473877,-0.047851562,0,0.008810866,0.5616091,10.709182,0.16819183057108625,1.4854982
0.10229492,0.011277762,0.011277761,0.08949707,0.051818848,-0.050476074,1,0.008949706,0.6208879,10.753249,0.15131726737220447,1.7130649
0.106536865,0.011163506,0.011163506,0.08906072,0.048065186,-0.05847168,0,0.008906072,0.55017924,10.641733,0.13001073282747605,1.6456769
0.10656738,0.012098755,0.012098754,0.095102124,0.05126953,-0.05529785,2,0.009510213,0.39622217,10.549734,0.13692311052316294,1.5015734
0.10153198,0.011061463,0.011061462,0.08850728,0.052642822,-0.04888916,1,0.008850726,0.49191025,10.505713,0.1090863992611821,1.8020691
0.095947266,0.0110388445,0.0110388445,0.088040836,0.050476074,-0.04547119,1,0.0088040875,0.4751062,10.595074,0.14461861022364217,1.5618619
0.10290527,0.011233265,0.011233264,0.08970178,0.04812622,-0.054779053,2,0.0089701805,0.5402284,10.7471485,0.17511200828674123,1.6007766
0.10714722,0.0111310445,0.011131044,0.08871016,0.05227661,-0.054870605,0,0.008871017,0.9021213,10.967533,0.31072003544329074,1.6142637
0.087524414,0.010237091,0.01023709,0.08143807,0.041778564,-0.04574585,0,0.008143807,1.0336618,10.944667,0.27731254992012777,1.7837126
0.10153198,0.011869862,0.011869862,0.093879715,0.04949951,-0.05203247,0,0.009387972,0.415241,10.380897,0.09302771815095846,1.820262
0.09609985,0.011233313,0.011233313,0.08956314,0.048553467,-0.047546387,1,0.008956317,0.445877,10.377138,0.09271727735623003,1.9136738
0.09063721,0.011023482,0.011023482,0.087757386,0.043060303,-0.047576904,0,0.008775739,0.48722434,10.609501,0.1534451128194888,1.5326697
0.092041016,0.010184608,0.010184608,0.081422225,0.043670654,-0.04837036,0,0.0081422245,0.4895347,10.612166,0.16057433107028754,1.4931998
0.09384155,0.01025062,0.01025062,0.08196091,0.049926758,-0.043914795,1,0.008196091,0.5350924,10.568587,0.12010626747204473,1.7187799
0.10809326,0.011095661,0.011095658,0.08849505,0.05996704,-0.04812622,0,0.008849505,0.46665385,10.42354,0.09848305211661341,1.8477092
0.12716675,0.011108997,0.011108997,0.08721079,0.06295776,-0.064208984,0,0.00872108,0.8783765,10.836983,0.2354748028154952,2.0657594
0.10256958,0.010237604,0.0102376025,0.07971804,0.04916382,-0.05340576,0,0.007971807,0.3520979,10.087103,0.07657747603833866,1.8929083
0.102386475,0.012181762,0.012181762,0.096691474,0.05105591,-0.051330566,2,0.00966915,0.39956063,10.586081,0.13332574131389777,1.4550612
0.11657715,0.012077467,0.012077464,0.09510833,0.05886841,-0.05770874,2,0.009510834,0.4029607,10.322552,0.0911713133985623,1.9167433
0.10473633,0.011190553,0.011190554,0.08915491,0.045288086,-0.059448242,1,0.00891549,0.56503636,10.74536,0.17546612919329074,1.4577984
0.10296631,0.011075418,0.0110754175,0.08829799,0.05380249,-0.04916382,2,0.008829803,0.29601198,10.052768,0.0656278080071885,1.8946954
0.09472656,0.011293662,0.011293658,0.0887558,0.045166016,-0.049560547,1,0.008875579,0.28556624,9.952643,0.06299920127795527,1.9399341
0.10726929,0.012064638,0.012064638,0.09500695,0.051605225,-0.055664062,4,0.009500695,0.5407222,10.807469,0.1685943116014377,1.3925486
0.097717285,0.011158303,0.011158303,0.08882699,0.04815674,-0.049560547,0,0.008882702,0.47832772,10.577229,0.14876198083067094,1.5926939
0.10684204,0.011205253,0.011205252,0.08913218,0.05126953,-0.05557251,1,0.008913221,0.558213,10.735281,0.17724453374600638,1.6241015
0.100738525,0.011141463,0.011141462,0.08880889,0.049041748,-0.051696777,0,0.008880889,0.5273545,10.510707,0.1136478509384984,1.8728268
0.11325073,0.011123434,0.011123433,0.08792668,0.05645752,-0.056793213,0,0.008792668,0.8903716,10.915439,0.21082829972044728,1.7738464
0.11065674,0.012107021,0.012107021,0.09530589,0.05517578,-0.055480957,1,0.00953059,0.42923072,10.4144535,0.102354982028754,1.8423268
0.10482788,0.011144303,0.011144302,0.088831864,0.05444336,-0.05038452,0,0.0088831885,0.5062666,10.605424,0.14959190295527156,1.5895475
0.115356445,0.012097624,0.012097624,0.09505944,0.055023193,-0.060333252,0,0.009505945,0.4521933,10.482619,0.11606585712859425,1.7880069
0.13500977,0.010254455,0.010254453,0.08019382,0.06637573,-0.06863403,1,0.008019381,0.6177793,10.662265,0.14370132787539935,1.7698878
0.13092041,0.011180689,0.011180689,0.08922496,0.06402588,-0.06689453,1,0.008922496,0.39501888,10.309019,0.0846083765974441,1.8565651
0.1081543,0.011128958,0.011128958,0.088149875,0.05041504,-0.057739258,0,0.008814987,1.0486022,10.971713,0.27009441144169327,1.9319664
0.08761597,0.01024478,0.01024478,0.08206458,0.040283203,-0.047332764,2,0.008206458,0.3984592,10.514972,0.13029777356230032,1.5152628
0.11166382,0.012074991,0.01207499,0.09519478,0.054992676,-0.056671143,0,0.009519479,0.41229737,10.517255,0.14414436900958466,1.5943549
0.09188843,0.010975918,0.010975917,0.08769121,0.046966553,-0.044921875,2,0.008769117,0.42662418,10.565098,0.10524878943690096,1.7363691
0.09893799,0.011075449,0.011075448,0.08801465,0.050720215,-0.048217773,1,0.008801462,0.49627906,10.502363,0.11086948382587859,1.8195341
0.08337402,0.010248896,0.010248895,0.08201407,0.040924072,-0.04244995,1,0.008201408,0.48635897,10.633362,0.12029658795926518,1.4979047
0.103515625,0.011096114,0.011096113,0.08864947,0.053863525,-0.0496521,0,0.008864948,0.4754654,10.437723,0.1172483401557508,1.8581023
0.10757446,0.011240065,0.011240064,0.08958853,0.05050659,-0.05706787,0,0.008958856,0.5735212,10.75605,0.18521771415734825,1.5888971
0.09851074,0.011029733,0.011029733,0.08800354,0.04623413,-0.05227661,1,0.008800356,0.72398734,10.901829,0.26305567342252395,1.4332433
0.1298523,0.011073612,0.011073611,0.08623504,0.06515503,-0.064697266,0,0.008623505,0.80301034,10.821001,0.19335313498402557,1.885133
0.16790771,0.011111538,0.011111537,0.08241214,0.08364868,-0.08425903,0,0.008241215,0.96935666,10.9327965,0.1919522513977636,1.8982956
0.11340332,0.011925061,0.011925061,0.09408738,0.05706787,-0.05633545,0,0.009408738,0.40869135,10.352479,0.0918124750399361,1.8765613
0.13677979,0.012164989,0.012164987,0.09499286,0.07461548,-0.062164307,2,0.009499289,0.2730913,9.845892,0.06530332717651757,1.9834377
0.10610962,0.010985435,0.010985435,0.087471575,0.04949951,-0.056610107,0,0.0087471595,0.59570843,10.702134,0.13791059305111822,1.768533
0.18502808,0.01112565,0.01112565,0.08502952,0.09185791,-0.093170166,0,0.008502952,0.5528264,10.4983225,0.09971233526357827,2.064196
0.097473145,0.010828187,0.010828186,0.08564764,0.047027588,-0.050445557,0,0.008564768,0.51829296,10.604169,0.12641492362220447,1.7771821
0.1015625,0.011124209,0.011124208,0.0886438,0.051940918,-0.049621582,0,0.008864379,0.6103648,10.749498,0.1813816643370607,1.5418103
0.116485596,0.011810794,0.011810794,0.093226716,0.06604004,-0.050445557,1,0.009322669,0.29772782,10.12319,0.07851500099840256,1.8238231
0.0970459,0.011172457,0.011172456,0.08929015,0.048706055,-0.048339844,1,0.008929015,0.4356237,10.561014,0.1363365490215655,1.5791279
0.09719849,0.0120755145,0.012075515,0.09553252,0.048828125,-0.04837036,2,0.009553255,0.28136876,9.879046,0.06319888178913738,1.9807972
0.08389282,0.010258344,0.010258344,0.08181231,0.04156494,-0.04232788,0,0.008181231,0.49474642,10.601701,0.1569067616813099,1.5268877
0.11053467,0.012111206,0.012111206,0.09593984,0.0524292,-0.05810547,0,0.009593987,0.40272745,10.501633,0.14063748003194887,1.5997696
0.12542725,0.0120468475,0.0120468475,0.09200786,0.060546875,-0.06488037,0,0.009200785,0.3602699,10.155711,0.07235922523961662,1.9646233
0.120269775,0.011151756,0.011151756,0.08733907,0.0592041,-0.061065674,1,0.008733911,0.34924498,10.137325,0.07436695037939298,1.9434648
0.119384766,0.011373858,0.011373857,0.0899972,0.05718994,-0.062194824,0,0.008999721,0.8326887,10.944103,0.2389083716054313,1.5533227
0.08425903,0.010176788,0.010176787,0.081482254,0.03970337,-0.044555664,0,0.008148228,0.52471673,10.707674,0.16462254143370608,1.3752995
0.10598755,0.011127036,0.011127036,0.08865153,0.056671143,-0.049316406,0,0.008865152,0.5316892,10.529573,0.1210329098442492,1.8380631
0.11444092,0.011343655,0.011343654,0.09025186,0.05419922,-0.0602417,1,0.009025187,0.60152376,10.768331,0.1487573008186901,1.6626985
0.09301758,0.0112830885,0.0112830885,0.090237856,0.046844482,-0.046173096,1,0.009023785,0.4470817,10.436602,0.09553776457667731,1.8308727
0.10824585,0.011017981,0.011017981,0.08771282,0.051513672,-0.056732178,1,0.008771282,0.6216613,10.732315,0.14252352486022365,1.747558
0.0970459,0.011134543,0.011134544,0.088948764,0.04837036,-0.048675537,0,0.0088948775,0.46596074,10.5785675,0.14616301417731628,1.5790277
0.09713745,0.011071024,0.011071023,0.088276364,0.05050659,-0.04663086,0,0.008827638,0.56637913,10.713599,0.18015706120207667,1.6586559
0.101257324,0.011172899,0.011172898,0.089617714,0.05432129,-0.046936035,1,0.008961774,0.43392763,10.633361,0.13145997653753994,1.43734
0.09164429,0.011214306,0.011214305,0.08963665,0.04660034,-0.045043945,0,0.008963663,0.42539647,10.335877,0.08718550319488817,1.8982222
0.09970093,0.01112368,0.011123679,0.08836253,0.047576904,-0.052124023,0,0.008836254,0.42723995,10.332085,0.08785006489616613,1.8778734
0.10644531,0.011285376,0.011285376,0.08990848,0.054718018,-0.051727295,0,0.0089908475,0.56315273,10.717668,0.1792428988618211,1.6557951
0.09542847,0.011003072,0.0110030705,0.087657794,0.046142578,-0.04928589,0,0.0087657785,0.33228493,10.107466,0.07810315994408945,1.8970611
0.08526611,0.010255422,0.0102554215,0.082022406,0.041625977,-0.043640137,0,0.008202243,0.45559853,10.571085,0.1519459489816294,1.5117846
0.10018921,0.011122783,0.011122783,0.088557936,0.0496521,-0.05053711,1,0.0088557955,0.56563914,10.709847,0.1287986097244409,1.7334988
0.082611084,0.011016251,0.011016251,0.08924073,0.04559326,-0.037017822,1,0.00892406,0.25119716,9.978503,0.04882032498003195,1.8849548
0.10321045,0.011262061,0.011262059,0.08969427,0.053619385,-0.049591064,1,0.008969427,0.53975606,10.728379,0.13034457368210864,1.6382558
0.10244751,0.011293872,0.01129387,0.09004942,0.04876709,-0.05368042,1,0.009004944,0.42572907,10.3819895,0.08904034794329073,1.8289713
0.086242676,0.011160515,0.011160514,0.08885429,0.041931152,-0.044311523,2,0.008885425,0.33073163,10.22725,0.07527799271166134,1.7909565
0.09857178,0.011150611,0.01115061,0.089067474,0.051116943,-0.047454834,0,0.008906746,0.32941708,10.115319,0.07616719498801917,1.9020834
0.09832764,0.011038272,0.011038272,0.08852308,0.050628662,-0.047698975,1,0.008852307,0.53209054,10.745793,0.16584090455271566,1.5881948
0.09814453,0.011142119,0.011142118,0.089061245,0.052459717,-0.045684814,1,0.008906125,0.5252782,10.520492,0.11450897314297125,1.8593802
0.08905029,0.0102234855,0.0102234855,0.08134506,0.046142578,-0.042907715,1,0.008134508,0.5334083,10.528279,0.11624369758386581,1.8057805
0.09939575,0.011094853,0.011094853,0.08833255,0.047973633,-0.05142212,0,0.008833256,0.5615495,10.702169,0.15184454872204473,1.6844611
0.09750366,0.011140598,0.011140599,0.088940084,0.05166626,-0.045837402,0,0.0088940095,0.5110355,10.617962,0.15737164287140576,1.5923424
0.07611084,0.010264996,0.010264995,0.08261225,0.038909912,-0.037200928,1,0.008261218,0.28484437,10.030105,0.05292313548322684,1.8390387
0.11468506,0.0121329175,0.0121329175,0.09489399,0.056610107,-0.05807495,3,0.009489408,0.2171501,9.857897,0.05399173821884984,1.857294
0.114349365,0.012116195,0.012116195,0.09564151,0.05731201,-0.057037354,2,0.009564148,0.40937534,10.434925,0.09755796974840256,1.7814388
0.10510254,0.010277368,0.010277368,0.08183913,0.048034668,-0.05706787,0,0.008183912,0.5330969,10.533963,0.12036522813498403,1.7343844
0.14273071,0.011059467,0.011059467,0.08412604,0.070373535,-0.07235718,0,0.008412604,1.0846034,10.996331,0.2495553988618211,1.9036865
0.11465454,0.011358314,0.011358313,0.09009613,0.052947998,-0.061706543,0,0.009009613,0.5955985,10.712757,0.14344236721246006,1.7310618
0.08773804,0.010254273,0.010254272,0.081727356,0.043762207,-0.04397583,0,0.008172734,0.52185947,10.574767,0.11594105680910544,1.636256
0.09140015,0.011133069,0.011133068,0.08899291,0.04736328,-0.044036865,0,0.008899293,0.5231873,10.643135,0.16087853184904152,1.5611323
0.096710205,0.011129318,0.011129318,0.08864218,0.0496521,-0.047058105,3,0.008864218,0.32432663,10.287425,0.07786447933306709,1.7201353
0.11035156,0.011921969,0.011921968,0.09396614,0.05596924,-0.054382324,2,0.009396615,0.3950703,10.367667,0.0909560328474441,1.8303174
0.09057617,0.011239354,0.011239353,0.09007814,0.047058105,-0.043518066,1,0.009007814,0.35195887,10.331143,0.07642459564696485,1.7576997
0.09777832,0.011099435,0.0110994335,0.08842741,0.04837036,-0.04940796,0,0.008842741,0.46671015,10.58003,0.14107896116214058,1.5714645
0.0942688,0.0110724885,0.011072487,0.08879522,0.048217773,-0.046051025,1,0.008879519,0.38338313,10.672207,0.18717551916932906,1.5448195
0.0843811,0.010274527,0.010274526,0.08198205,0.040924072,-0.04345703,4,0.008198206,0.28118402,10.003086,0.05225077376198083,1.8363672
0.10473633,0.011076341,0.011076341,0.08764838,0.046569824,-0.058166504,0,0.008764837,0.35615283,10.118231,0.07565083366613419,1.9723694
0.09805298,0.0112244915,0.011224491,0.08937495,0.05026245,-0.047790527,0,0.008937496,0.6433732,10.7438965,0.14400552865415336,1.7734923
0.09625244,0.011169361,0.011169359,0.08919588,0.05029297,-0.045959473,1,0.008919587,0.49504718,10.504319,0.10854663787939298,1.8197333
0.11126709,0.011232029,0.011232026,0.08942383,0.056671143,-0.054595947,1,0.008942381,0.470288,10.614807,0.1324474590654952,1.6964132
0.11035156,0.012180337,0.012180336,0.09611518,0.056427002,-0.05392456,1,0.00961152,0.41568336,10.551525,0.14042999950079874,1.5451326
0.09597778,0.011157635,0.011157634,0.08936645,0.047943115,-0.048034668,1,0.008936642,0.3086285,10.11372,0.06500068640175719,1.8711848
0.11074829,0.011179553,0.011179552,0.08913307,0.06225586,-0.04849243,1,0.008913307,0.65978926,10.780958,0.15728272264376997,1.7017831
0.10147095,0.0111448765,0.011144875,0.08878629,0.051574707,-0.04989624,1,0.008878629,0.4673379,10.449613,0.10000093600239617,1.843492
0.08703613,0.010220784,0.010220785,0.081600875,0.04547119,-0.04156494,0,0.00816009,0.47638586,10.415791,0.09719136880990416,1.8302553
0.0904541,0.010249906,0.010249905,0.08174519,0.045654297,-0.044799805,0,0.008174519,0.512831,10.521504,0.1150518545327476,1.7229781
0.0809021,0.010179672,0.010179672,0.08111937,0.038909912,-0.041992188,0,0.008111937,0.44201848,10.38389,0.0952460438298722,1.7630969
0.08392334,0.010233006,0.010233007,0.08170024,0.04244995,-0.04147339,0,0.008170026,0.4788654,10.624648,0.15515799720447285,1.4585083
0.105651855,0.011108421,0.011108421,0.08839345,0.055419922,-0.050231934,1,0.008839344,0.32659996,10.094039,0.07380066892971246,1.9142853
0.1335144,0.011094795,0.011094793,0.08755132,0.06945801,-0.0640564,0,0.008755131,0.54251975,10.698338,0.16697034744408945,1.6503046
0.100128174,0.011161411,0.011161411,0.08886507,0.04812622,-0.052001953,0,0.008886507,0.40796515,10.293459,0.08571441942891374,1.8903242
0.108947754,0.01206616,0.01206616,0.09542266,0.04916382,-0.059783936,2,0.00954227,0.28163457,10.272236,0.07662115615015974,1.6582723
0.08810425,0.010271926,0.010271925,0.0821553,0.047180176,-0.040924072,1,0.008215528,0.5221494,10.550885,0.11435921275958466,1.7194805
0.09552002,0.011147851,0.011147849,0.0889266,0.049865723,-0.045654297,0,0.008892661,0.49476424,10.598557,0.15868516623402557,1.5907303
0.10757446,0.011094433,0.011094433,0.08844211,0.055023193,-0.05255127,2,0.008844211,0.46123564,10.565325,0.14498053115015974,1.6079513
0.19451904,0.012163666,0.012163667,0.083213285,0.099365234,-0.09515381,3,0.008321332,0.68771714,10.784138,0.16551174371006389,1.9727402
0.1616211,0.01123761,0.011237609,0.08541413,0.07571411,-0.08590698,0,0.008541411,0.9081621,10.915901,0.19232353234824281,1.8054137
0.10140991,0.011170045,0.011170045,0.08878795,0.04840088,-0.053009033,1,0.0088787945,0.40966886,10.288957,0.08146028853833866,1.9067426
0.105407715,0.011266062,0.011266062,0.08971737,0.054718018,-0.050689697,1,0.008971735,0.6399795,10.7783375,0.15334371255990414,1.6926372
0.093444824,0.01112429,0.01112429,0.08876969,0.047302246,-0.046142578,0,0.008876974,0.47045627,10.434424,0.10028953674121406,1.8487531
0.081604004,0.010237147,0.010237147,0.08148847,0.03967285,-0.041931152,0,0.008148846,0.334656,10.227762,0.08849278654153354,1.7257823
0.08117676,0.010211322,0.010211322,0.08141575,0.040130615,-0.041046143,0,0.008141574,0.46891627,10.415481,0.09684972793530351,1.7826486
0.10269165,0.011146801,0.0111468,0.089219674,0.052978516,-0.049713135,1,0.008921963,0.31687516,10.0826,0.07251990565095846,1.8996589
0.08581543,0.010172199,0.010172199,0.08129264,0.04257202,-0.04324341,0,0.008129265,0.4228372,10.448058,0.09504480331469649,1.6093807
0.089904785,0.011085161,0.011085161,0.088339694,0.045837402,-0.044067383,1,0.008833967,0.29475313,9.89077,0.052792095147763576,2.0262125
0.10699463,0.01188484,0.011884838,0.0937444,0.05050659,-0.056488037,0,0.009374442,0.469893,10.494564,0.11033284245207668,1.810834
0.15390015,0.011055537,0.011055536,0.085904285,0.07058716,-0.08331299,0,0.008590429,0.70248836,10.696216,0.15350439297124602,1.9709644
0.08798218,0.010218327,0.010218327,0.08154067,0.04321289,-0.044769287,1,0.008154069,0.47670078,10.492507,0.10251878244808307,1.7240636
0.10748291,0.011924177,0.011924177,0.09381552,0.050842285,-0.056640625,4,0.009381554,0.41374487,10.367186,0.0934910393370607,1.8726767
0.119903564,0.012210378,0.012210379,0.09611337,0.053710938,-0.06619263,2,0.009611339,0.45947117,10.497324,0.10954972044728435,1.8233157
0.11315918,0.012058343,0.012058343,0.09496649,0.05215454,-0.06100464,1,0.009496651,0.4313059,10.555449,0.14146584215255592,1.5892495
0.0970459,0.011160773,0.011160772,0.08889024,0.049438477,-0.047607422,0,0.008889026,0.49016938,10.595527,0.15805336461661343,1.5858542
0.09411621,0.011237757,0.011237757,0.08970295,0.04800415,-0.04611206,2,0.008970297,0.41056684,10.374219,0.08593125998402557,1.8150452
0.09152222,0.011070719,0.011070718,0.08883001,0.045318604,-0.046203613,1,0.008883002,0.4525743,10.672264,0.13740047174520767,1.4163635
0.09674072,0.011108247,0.011108246,0.088164344,0.045806885,-0.050933838,2,0.00881644,0.38447848,10.423305,0.08507013777955272,1.9165032
0.099121094,0.011166146,0.011166145,0.089109406,0.05078125,-0.048339844,1,0.008910938,0.50489086,10.515109,0.11114716453674121,1.8298336
0.10293579,0.011025672,0.011025673,0.087885514,0.05319214,-0.049743652,1,0.008788549,0.5102213,10.717263,0.16872379193290735,1.5892057
0.09829712,0.011281098,0.011281097,0.090000324,0.04876709,-0.04953003,1,0.009000032,0.45566714,10.453174,0.09858133236821086,1.8228762
0.092163086,0.011114357,0.011114357,0.08874679,0.047302246,-0.04486084,1,0.008874678,0.43866915,10.534396,0.1394799570686901,1.6234895
0.15185547,0.011122905,0.011122905,0.07950647,0.078552246,-0.07330322,0,0.007950648,0.6898147,10.730134,0.17828661641373802,1.8797175
0.09182739,0.010267349,0.010267349,0.08194864,0.04248047,-0.049346924,1,0.008194865,0.5203722,10.486222,0.11117056459664537,1.8110383
0.10580444,0.011114982,0.011114981,0.088595375,0.053894043,-0.0519104,0,0.008859539,0.4728673,10.568405,0.15384759384984026,1.6141255
0.091796875,0.0102840895,0.010284089,0.082181066,0.042938232,-0.048858643,1,0.008218107,0.5224263,10.551115,0.11678189896166134,1.7225918
0.11355591,0.012069958,0.012069958,0.09433584,0.06060791,-0.052947998,2,0.009433583,0.27237692,9.861262,0.05597606329872205,2.006572
0.087005615,0.010218361,0.01021836,0.081472486,0.04159546,-0.045410156,1,0.008147248,0.49037042,10.498428,0.10557171026357827,1.7404382
0.10583496,0.01022924,0.01022924,0.07994765,0.049957275,-0.055877686,0,0.0079947645,0.8913407,10.86065,0.2344998003194888,1.84748
0.10922241,0.011968569,0.011968569,0.09445557,0.048217773,-0.06100464,1,0.0094455555,0.44520396,10.603277,0.14582449331070288,1.5177144
0.11343384,0.01204229,0.01204229,0.09480033,0.05496216,-0.05847168,1,0.009480036,0.46181783,10.710767,0.1410992412140575,1.3707427
0.115356445,0.0121048335,0.0121048335,0.09529918,0.05065918,-0.064697266,1,0.009529919,0.7284325,10.835854,0.20500012480031948,1.9155282
0.09301758,0.01024683,0.010246828,0.0817261,0.04675293,-0.04626465,0,0.008172611,0.51277137,10.4815855,0.10817223692092652,1.7727462
0.09893799,0.011208996,0.011208996,0.089129314,0.04638672,-0.05255127,0,0.008912932,0.478453,10.58586,0.1492284220247604,1.5745205
0.1055603,0.011119435,0.011119435,0.08832247,0.053833008,-0.051727295,1,0.008832243,0.469893,10.437713,0.10202738119009584,1.8538786
0.08532715,0.010194921,0.010194921,0.081186555,0.047058105,-0.038269043,1,0.008118657,0.4914609,10.42406,0.10246418230830671,1.8453066
0.10128784,0.011144595,0.011144595,0.08905248,0.049743652,-0.05154419,0,0.008905249,0.49540734,10.603497,0.15209258935702874,1.5786527
0.12411499,0.011464146,0.01146414,0.09065516,0.062316895,-0.061798096,1,0.009065516,0.42814887,10.548113,0.09663132737619809,1.7844759
0.09817505,0.011100704,0.011100702,0.08840182,0.04937744,-0.048797607,1,0.008840178,0.527667,10.718651,0.1461786142172524,1.4303609
0.10006714,0.011080777,0.011080777,0.08832518,0.051574707,-0.04849243,0,0.008832517,0.4960188,10.584466,0.1576087634784345,1.6136485
0.09210205,0.0111666005,0.011166599,0.08974797,0.045715332,-0.04638672,1,0.008974797,0.41813192,10.63979,0.12678620457268372,1.4159825
0.116760254,0.011106017,0.011106016,0.08831063,0.060943604,-0.05581665,1,0.0088310605,0.6173208,10.727686,0.13930523662140576,1.7482071
0.21481323,0.0111915115,0.011191511,0.08653114,0.112854004,-0.10195923,0,0.008653113,0.6213276,10.646341,0.1096807607827476,1.8607018
0.08477783,0.01024877,0.01024877,0.08185745,0.04144287,-0.04333496,1,0.008185743,0.49094635,10.500217,0.10691331369808307,1.7414583
0.09429932,0.011032001,0.011031997,0.08815775,0.050933838,-0.04336548,1,0.008815778,0.47448975,10.39813,0.09643008686102236,1.9275966
0.103302,0.012041898,0.012041898,0.09499489,0.050323486,-0.052978516,2,0.00949949,0.3988064,10.541717,0.13103721545527156,1.5224235
0.109802246,0.012158026,0.012158025,0.09579839,0.05960083,-0.050201416,5,0.009579838,0.40727326,10.438174,0.09655644718450479,1.7871242
0.098236084,0.0111805,0.0111805,0.089158915,0.047668457,-0.050567627,0,0.008915891,0.5092469,10.6019125,0.15641068041134185,1.6153915
0.08731079,0.010269983,0.010269983,0.08218441,0.042144775,-0.045166016,1,0.008218441,0.48706275,10.425424,0.09881221295926518,1.8402407
0.103302,0.011288387,0.011288386,0.089923,0.0501709,-0.053131104,1,0.008992299,0.45248258,10.427446,0.0989541733226837,1.8377165
0.10681152,0.012070381,0.012070379,0.09515663,0.05432129,-0.052490234,0,0.009515664,0.43947265,10.483159,0.10661067292332269,1.7721952
0.09378052,0.010246181,0.010246181,0.0816631,0.047851562,-0.045928955,0,0.008166311,0.501896,10.604946,0.1640328599241214,1.5335164
0.1098938,0.012073091,0.012073092,0.09525826,0.05496216,-0.05493164,1,0.009525827,0.43766293,10.584533,0.14637985473242812,1.5321671
0.09680176,0.011088706,0.011088707,0.0883436,0.04434204,-0.052459717,2,0.008834358,0.51579285,10.742584,0.14671837559904152,1.3858904
0.09423828,0.010233443,0.010233443,0.08188568,0.043945312,-0.05029297,0,0.00818857,0.4646983,10.572121,0.15095222643769968,1.526329
0.13265991,0.011147186,0.011147186,0.08516686,0.060333252,-0.07232666,0,0.008516685,1.0974748,10.996249,0.24056665585063897,1.9326782
0.11413574,0.0111942785,0.011194278,0.08904866,0.054595947,-0.059539795,0,0.008904868,0.57115847,10.742845,0.1780229757388179,1.612588
0.090667725,0.010989905,0.010989905,0.08782128,0.044799805,-0.04586792,1,0.008782123,0.31170186,10.138371,0.07177734375,1.8529497
0.09716797,0.010953015,0.010953014,0.087782085,0.048034668,-0.0491333,0,0.008778207,0.4239889,10.475664,0.09147239416932908,1.6722314
0.098846436,0.010985158,0.010985159,0.08778632,0.044952393,-0.053894043,1,0.0087786345,0.52726185,10.7215605,0.1650219024560703,1.6180342
0.112335205,0.011864892,0.011864891,0.093648195,0.058166504,-0.0541687,0,0.009364821,0.4289379,10.369674,0.09913045377396167,1.8986028
0.09082031,0.010237047,0.010237047,0.08154686,0.047790527,-0.043029785,0,0.008154685,0.7218265,10.767854,0.18124906399760382,1.7010506
0.11416626,0.01201151,0.01201151,0.09460611,0.057403564,-0.056762695,0,0.009460614,0.44787753,10.597286,0.14498677116613418,1.5196126
0.09829712,0.011164937,0.011164937,0.0889894,0.047729492,-0.050567627,0,0.008898944,0.47057274,10.520951,0.14414280900559107,1.6868945
0.10903931,0.01103809,0.011038089,0.087671734,0.05593872,-0.053100586,1,0.008767174,0.539086,10.7149105,0.17705733326677317,1.6202286
0.09902954,0.011130593,0.011130592,0.0886107,0.048583984,-0.050445557,1,0.008861075,0.46754146,10.384057,0.09511188348642173,1.9422336
0.08648682,0.01028331,0.010283309,0.08226024,0.043945312,-0.042541504,1,0.008226025,0.45876932,10.399279,0.0944379617611821,1.8136029
0.094329834,0.011168366,0.011168366,0.08921422,0.046569824,-0.04776001,1,0.00892142,0.3674046,10.387493,0.08345397364217252,1.700751
0.08352661,0.0102571305,0.010257131,0.08200825,0.03967285,-0.04385376,1,0.008200829,0.4783745,10.428026,0.09789337060702875,1.8226415
0.11685181,0.011987317,0.011987318,0.09418183,0.061157227,-0.05569458,4,0.009418186,0.46639025,10.488734,0.11023924221246006,1.8580319
0.09365845,0.011178405,0.011178403,0.08879463,0.04800415,-0.045654297,0,0.00887946,0.41286755,10.279901,0.09803689097444089,1.9260318
0.08770752,0.010183049,0.010183049,0.08144706,0.0418396,-0.04586792,1,0.008144706,0.4644775,10.4221525,0.09743316942891374,1.7906976
0.09564209,0.011189743,0.011189739,0.08901859,0.048065186,-0.047576904,0,0.00890186,0.51201016,10.6135845,0.12015150758785942,1.7878729
0.10040283,0.0111643,0.011164299,0.08907127,0.04763794,-0.052764893,1,0.008907128,0.41848484,10.382189,0.08927278853833866,1.8135335
0.10336304,0.010978182,0.010978182,0.087495685,0.053375244,-0.049987793,1,0.008749571,0.55308425,10.681065,0.12512636032348243,1.7678685
0.1015625,0.011125312,0.011125312,0.08884759,0.051971436,-0.049591064,0,0.008884758,0.42973325,10.335558,0.08924782847444089,1.9093931
0.09265137,0.0102177,0.010217699,0.08177488,0.046081543,-0.046569824,0,0.008177489,0.5062442,10.409698,0.10649679263178914,1.8959736
0.10348511,0.011107629,0.011107629,0.08852579,0.054656982,-0.048828125,1,0.008852578,0.6363102,10.769546,0.1484952201477636,1.6932011
0.1758728,0.011058061,0.011058061,0.08494968,0.09637451,-0.07949829,0,0.00849497,0.54026777,10.468338,0.11006920177715655,2.027593
0.10211182,0.010238109,0.01023811,0.08204775,0.046813965,-0.05529785,1,0.008204776,0.6173724,10.916914,0.17579685003993611,1.1859701
0.09277344,0.011079288,0.011079288,0.0885852,0.045440674,-0.047332764,1,0.008858522,0.54741067,10.733395,0.15970852885383385,1.4436885
0.11395264,0.011507844,0.011507844,0.091482304,0.05795288,-0.055999756,1,0.009148229,0.6341563,10.769885,0.15202706918929712,1.7057699
0.10122681,0.01116446,0.011164459,0.0889325,0.047027588,-0.05419922,1,0.008893253,0.3136625,9.926031,0.05359549720447284,2.0414844
0.09591675,0.011104629,0.011104628,0.08861054,0.044799805,-0.051116943,1,0.008861054,0.61539805,10.814933,0.2154427915335463,1.4348079
0.09780884,0.010255034,0.010255035,0.08119868,0.049621582,-0.048187256,0,0.008119868,0.95480007,10.912794,0.2553882537939297,1.786844
0.090545654,0.010247389,0.010247384,0.08147439,0.045684814,-0.04486084,0,0.00814744,0.67004997,10.750918,0.1659532248402556,1.5867258
0.102264404,0.0113176415,0.011317641,0.090149716,0.051635742,-0.050628662,0,0.009014972,0.4425335,10.578009,0.12628856329872204,1.7195562
0.09841919,0.011140969,0.0111409575,0.08882287,0.04937744,-0.049041748,0,0.008882284,0.45002916,10.39417,0.09688248801916934,1.8565294
0.10122681,0.011084781,0.011084778,0.08840443,0.049194336,-0.05203247,0,0.008840444,0.49443728,10.578444,0.15205046924920126,1.6283134
0.110839844,0.012184924,0.012184924,0.096329466,0.057922363,-0.05291748,3,0.009632946,0.44080973,10.485409,0.10736259484824281,1.785555
0.1312561,0.01203708,0.012037079,0.09383009,0.07296753,-0.058288574,2,0.00938301,0.51612467,10.625832,0.12766136681309903,1.7787333
0.1020813,0.012006725,0.012006724,0.09425565,0.05227661,-0.049804688,3,0.0094255665,0.44806406,10.534789,0.11367905101837061,1.6791767
0.11413574,0.011863444,0.011863444,0.09341023,0.0524292,-0.061706543,1,0.009341024,0.42061457,10.522029,0.1425921650359425,1.5902724
0.093048096,0.011134191,0.0111341905,0.08905,0.04623413,-0.046813965,1,0.008905004,0.47329548,10.462152,0.10112725888578275,1.8373075
0.10406494,0.011264578,0.011264578,0.08960243,0.054260254,-0.049804688,1,0.008960244,0.5273551,10.71314,0.16581126447683706,1.6272895
0.09121704,0.010223091,0.010223092,0.081510745,0.0440979,-0.04711914,1,0.008151074,0.45903277,10.555131,0.1466356953873802,1.5365356
0.09490967,0.011041734,0.011041734,0.0881138,0.0463562,-0.048553467,1,0.008811381,0.4822676,10.469,0.10439858726038338,1.8468988
0.10192871,0.011273696,0.011273697,0.08975328,0.05291748,-0.04901123,1,0.008975329,0.56484884,10.751899,0.18257662739616615,1.6076232
0.09265137,0.011143151,0.011143151,0.088998735,0.04574585,-0.046905518,1,0.008899877,0.48513207,10.46663,0.10264982278354633,1.8618754
0.09561157,0.011154186,0.011154185,0.08865792,0.045318604,-0.05029297,0,0.00886579,0.47485635,10.546596,0.11261668829872204,1.6189919
0.10308838,0.011158502,0.011158502,0.08910625,0.050628662,-0.052459717,1,0.008910624,0.5362532,10.714758,0.17468612719648563,1.6244229
0.09439087,0.011181451,0.01118145,0.089136034,0.047576904,-0.046813965,1,0.008913601,0.44380248,10.417118,0.09558768470447285,1.8282106
0.08404541,0.010254651,0.01025465,0.081812076,0.042877197,-0.041168213,1,0.008181208,0.47814968,10.477145,0.10419266673322684,1.7250694
0.10119629,0.011162299,0.011162299,0.08894807,0.050689697,-0.05050659,1,0.00889481,0.4610798,10.548719,0.14665597543929712,1.6100587
0.09118652,0.011096597,0.011096595,0.08859308,0.04626465,-0.044921875,1,0.0088593075,0.46767935,10.458516,0.10099153853833866,1.8282908
0.09536743,0.010955881,0.010955882,0.087449424,0.04776001,-0.047607422,1,0.008744943,0.61143756,10.7237015,0.14081220047923323,1.7613028
