Peak-to-Peak Amplitude,RMS,Standard Deviation,Area Under Signal,Peak Positive,Peak Negative,Number of Peaks,Distance from Mean,SNR,Spectral Entropy,Spectral Centroid,Spectral Bandwidth,Spectral Contrast,Zero Crossing Rate,Distance from Mean ftt,distance_from_mean_mfcc
0.34031124285582476,-1.2141995765159181,-1.214200760040961,-1.016284542488346,1.09521512610052,0.4175082631303361,0.2725909621141842,-1.01629125698948,-0.1879105791239265,-0.5124946566849095,-0.9702015799319725,-1.3532904231428033,-0.9694545871970949,-0.6388039953051922,0.7371392141866512,-1.150029721840385
0.07714839006369208,-0.7017306744269809,-0.7017296590051475,-0.6227377584286606,-0.08037643983693234,-0.22265180820080535,-1.0220795393098967,-0.6227418949344709,-0.5696919196104229,-1.1207693041821323,-1.2790294904598205,-1.5939628761403912,-0.9075467914977794,-0.993654085735853,1.0110602286640455,-1.150029721840385
-0.10424069491167622,-0.7402801112831909,-0.7402769075395216,-0.6613614299892852,-0.07458534837911238,0.12398508631911405,-1.0220795393098967,-0.6613621146591997,3.9487114553922185,1.9308786723851816,2.3824563883593077,0.0622159671323264,-0.8794671520952235,3.6336301646656968,1.2502729400422137,-1.150029721840385
-0.724234534540599,-0.709565338510364,-0.7095643232396028,-0.5029218786598698,-0.7897851434198778,0.5992130868706165,0.2725909621141842,-0.5029244994114613,-0.6059051320318608,-0.014146679414993282,0.4061370284617052,0.9247057934769908,1.7922234405819806,-0.08304428623431721,-1.3607688188148637,-1.150029721840385
-0.9725294295478655,-1.356786522516264,-1.3567877087907476,-1.0605940426647178,-0.9287713384075569,0.9318726872566682,-1.0220795393098967,-1.0605943392952057,-0.036748529926506894,-0.28073473156436246,-0.7189189050995248,-0.9141828944554472,-1.3404990803645696,-0.49954312615466157,0.45377820859995394,-1.150029721840385
-0.8699405208322883,-1.2867583291585039,-1.2867595140826649,-1.0253909687647151,-1.0069510730881264,0.663508639886408,0.2725909621141842,-1.0253966965122085,-0.19699113851369385,-0.427714390455348,-0.8016561324230232,-1.0364875939821336,-0.9927075691247216,-0.5963559428045996,0.42615406966824654,-1.150029721840385
-0.7524836543318449,-0.7479615408078042,-0.7479605262774199,-0.5481671467329878,-0.5118127534445196,0.9206908519495739,0.2725909621141842,-0.5481722525204684,-0.29878323204607404,-0.524190951971367,-0.8524962141837603,-1.0069253433529373,-0.9858781676298877,-0.7218860809687453,0.46827742322129706,-1.150029721840385
-0.533924674894311,-0.842157013148674,-0.8421581894997864,-0.6501678258459663,-0.5842013966672691,0.43987193374452443,0.2725909621141842,-0.650169496712467,-0.2799545733887615,-0.46167612524072893,-0.8368596400122857,-0.995175038166833,-1.0807579144286816,-0.6539580337718732,0.4475386386296224,-1.150029721840385
0.6332100112176899,-0.8705623222143287,-0.8705634991131681,-1.0128896636071274,0.35685096522847487,-0.8460391265713055,-1.0220795393098967,-1.0128859907692744,-0.31745435198776617,-0.6210586517332114,-0.7408057059829051,-0.5077120769708711,-1.4038222004607783,-0.7758601332607545,0.6379046095615752,-1.150029721840385
2.79649786891573,-0.6084152062664744,-0.6084185671756155,-1.0536064481376408,2.386628521194372,-2.9538150819585574,-1.0220795393098967,-1.0536032807588793,1.853812389139256,1.297705762357995,1.3149829742443533,0.6182361164394031,-1.177500290013409,1.677949870759367,0.21193161457722406,-1.150029721840385
-0.31685249123526366,-1.191652205725517,-1.1916511997506216,-0.977379942721933,-0.17592944889096174,0.42589463961065677,0.2725909621141842,-0.9773767549988075,-0.2236044006584349,-0.4393518047155522,-0.8234253856092947,-1.0336608656372186,-1.0353879215211386,-0.6176218310396104,0.39628532607586614,-1.150029721840385
-0.533924674894311,-1.1947037625101598,-1.1947071347244411,-0.9744480018699714,-0.44231965595068,0.576849416256428,0.2725909621141842,-0.9744487701006785,-0.4169000576298795,-0.7016289245856625,-1.105807385570995,-1.3963605191928414,-0.9546777011026517,-0.81395453935103,0.6076917720370074,-1.150029721840385
-0.33618083635558976,-1.3200824675606666,-1.320083653127402,-1.0830346668778081,-0.3380800097099207,0.3056899100593944,-1.0220795393098967,-1.0830364532736851,-0.15589335648906272,0.3001013576988263,0.7596623278596705,1.0825004465091543,1.1893236729218692,0.4537658977557543,-1.3762940589794566,-1.150029721840385
-0.15330495560173485,-0.749172093822085,-0.7491754574453783,-0.577872336943651,-0.5233949363601595,-0.21706089054725825,0.2725909621141842,-0.5778700317786019,-0.3988719599512826,0.326358089620205,0.8342760684526284,1.6272933755966137,0.9634927891191466,0.09394818513896261,-1.7776062936844537,-1.150029721840385
-0.3138788996782904,-1.2816972105888527,-1.281696206350255,-1.1195929226155934,-0.43942411022177,0.1659169687207172,-1.0220795393098967,-1.1195917512163722,0.36249248212229146,0.36924871145813876,-0.1561126148833702,-0.2187630273655481,-1.2636851958682596,-0.0457033958689043,-0.30848439013408635,-1.150029721840385
-0.40606023794446117,-0.795291317881519,-0.7952924933289411,-0.6580239237698121,0.006489932030367102,0.7697360753038026,-1.0220795393098967,-0.6580236183648804,-0.4437962287043274,-0.23000452165956187,0.30040297715755493,0.9830001791950973,1.7943450662558118,-0.06599250446057472,-0.6531434705373843,-1.150029721840385
-0.7911403445724972,-0.6993008121379183,-0.6992976076040633,-0.5388589269566861,-0.7202920459260382,0.7920997459179909,-1.0220795393098967,-0.5388516654587726,-0.5498679501272701,-0.08692362786406224,0.48499891857525984,0.985152327135114,1.6683566173364393,0.14102896394796977,-1.1652337923682734,-1.150029721840385
-0.6811174569644869,-0.8140494169400575,-0.8140484036840162,-0.6200926808854268,-0.3959909242881203,0.8983271813353856,0.2725909621141842,-0.6200908815807595,-0.5429324211965463,-0.8164216910540448,-1.1718426195016736,-1.4827161908053528,-0.8259169591051397,-0.8880502522958514,0.6062681268387856,-1.150029721840385
-0.44471692818511344,-0.7095325025334848,-0.7095314872620905,-0.5432805786463852,-0.6276345826009189,0.2302125217365087,0.2725909621141842,-0.5432807372092362,-0.46065095855399874,-0.03684531503563736,0.3987168340936441,0.9488022312226885,1.537878071950279,0.05320252001676309,-0.9865183553827062,-1.150029721840385
-0.8074950981358501,-0.7817738407329047,-0.7817706377893404,-0.5059369109529801,-0.598679125311819,0.9402590637369888,0.2725909621141842,-0.5059390379172207,-0.6225529401689622,0.3403002754794667,0.668439781184702,1.4171307362172405,0.7491659608967839,-0.16621009586729915,-1.991031424047761,-1.150029721840385
-0.9755030211048387,-1.3244562196809793,-1.324457405332052,-1.168785034143275,-1.0388020761061363,0.8312361694928205,0.2725909621141842,-1.168788821793548,-1.2962218738499256,-2.1336617467292096,-1.3385729702462252,-0.7883190054544804,-0.4522570861422559,-1.1948427842741647,0.6033673107195573,-1.150029721840385
-0.45215090707754657,-0.8125783651758682,-0.8125773518914613,-0.5732706537981297,-0.43652856449286004,0.4286900984374303,0.2725909621141842,-0.5732727987333133,-0.44233004056954667,-0.5579592205276299,-0.9359026710145534,-1.0967864625584505,-0.7578541206137436,-0.7530034896065894,0.27748324650706657,-1.150029721840385
-0.5309510833373378,-1.291188996972074,-1.2911923710468372,-1.0162034294148437,-0.15855617451750184,0.8452134636266883,2.861931964962346,-1.0162096493022856,-1.552506934500724,-1.8675657717278142,-1.4806554883644956,-0.8503256694161705,0.0429819421703953,-1.418441598629686,0.05380064126828984,-1.150029721840385
-0.7286949218760589,-1.403354504926381,-1.403355692098814,-1.1794088684044315,-0.6826499514502085,0.7110314399415582,-1.0220795393098967,-1.1794151318503554,-0.3124470204273677,0.0681732010746985,0.4964531326191496,1.1510200195435782,1.5751620440800385,0.05543515920154139,-1.1259973521493123,-1.150029721840385
-0.3242864701276968,-1.2146286332804732,-1.214627627748622,-1.0221741429716722,-0.598679125311819,0.03173494503558711,-1.0220795393098967,-1.022174429348136,-0.12874418449714492,0.3177656655748139,0.7941359152833735,1.0247150305030626,0.904596590238,0.5364851795517811,-1.3797843531885736,-1.150029721840385
-0.0328744975443182,-1.2610740280435742,-1.2610730234073089,-1.0166920862235038,-0.08616753129475231,-0.021378772673110214,0.2725909621141842,-1.0166943495050162,-0.2771115733883269,0.19105369707772946,0.7635243379449618,1.2972817328967807,1.9169608086524768,0.27339655961549786,-1.335727122222704,-1.150029721840385
-0.4967547804321453,-0.6498345075019286,-0.6498378692097396,-0.4970342565441899,-0.4104686529326702,0.5377129926815984,1.567261463538265,-0.49703638113236936,-0.30950125510581644,0.4240333005992375,0.2898785149261869,0.8087026462127982,-1.4462609524184828,-0.22822164922450977,-1.837945076326471,-1.150029721840385
-0.9383331266426731,-1.3429560090547346,-1.3429659513232004,-0.27576570550047275,-1.383372017846424,0.4286900984374303,0.2725909621141842,-0.27576826562554235,-0.9660137705578575,0.5661174227360207,0.09247116252675075,0.2638311892239911,0.20799128311583726,-0.8949993417584732,-2.1280892507824305,-1.150029721840385
-0.5636605904640435,-1.1765629798169506,-1.1765597844859288,-0.9831607329847073,-0.2251537262824314,0.8424180047999147,-1.0220795393098967,-0.9831659548691789,0.09206736538370468,-0.07757416205255736,-0.3189322475688237,-0.4005097575613118,-0.25648143878104834,-0.2207981239351227,0.1961450020520202,-1.150029721840385
-0.8639933377183419,-1.3343092018098721,-1.3343081985857679,-1.1374259285802233,-0.7753074147753279,0.8759635107211973,-1.0220795393098967,-1.1374366321495633,-0.4354738026480093,-0.522365640157515,-0.9192934401418408,-1.0863467339925454,-0.9023140059518048,-0.7041086914599501,0.12707040436798428,-1.150029721840385
0.09945032674099147,-1.2956459335671475,-1.2956449295975168,-1.6207945605216623,0.12520730691567633,-0.06610611390148691,-1.0220795393098967,-1.6207964904421968,2.2533486558669984,1.2808405541240164,0.9179915907639463,-0.11289395174901506,-1.1213238200538176,1.5751368363003377,0.7702542581089612,-1.150029721840385
-0.0849123497913501,-0.6874579698101445,-0.6874569541130968,-0.5862764427055489,0.15416276420477615,0.3084853688861679,-1.0220795393098967,-0.5862756235596324,-0.3808389935265076,-0.6442619818645979,-0.7722908200881043,-0.6368465600487249,-0.689176692326344,-0.7397192864571601,0.45730534518968907,-1.150029721840385
-0.17263330072206098,-0.6542717425108746,-0.6542751043042467,-0.541852197205686,-0.09774971421039223,0.2302125217365087,0.2725909621141842,-0.541848893243006,1.4511837730532424,1.1720242118203432,0.6514632144279224,0.13761615058670787,-1.258532763364926,0.9442488186616813,0.029556964543102283,-1.150029721840385
-1.057276788921603,-0.7163448732033613,-0.7163460471284944,-0.3039337040498848,-1.082235262039786,0.9430545225637623,0.2725909621141842,-0.3039352825087249,-0.7044690729643591,0.49655369600534566,0.8389334840122341,1.5335483039168847,0.8122123598951582,-0.15180957312548066,-2.3959048571660833,-1.150029721840385
-0.31239210389980376,-1.2450281806752597,-1.2450293647947568,-1.0485754592128511,0.10493848681330648,0.6886677693273698,0.2725909621141842,-1.0485757526356563,-0.12275249678980697,0.07774557362844797,-0.1653911665042533,-0.007208571810563928,-0.2776013404142189,-0.2345846709011268,-0.5331019576734531,-1.150029721840385
-0.652868337173241,-1.2972023588712227,-1.2972013549316037,-1.0986301390343622,-0.6652766770767486,0.5852357927367488,-1.0220795393098967,-1.0986334133687012,-0.35213947364444453,-0.5840393093702488,-0.7374030928275281,-0.6473363237782566,-0.46090697802302044,-0.6485717917385961,0.3099226150716268,-1.150029721840385
-0.31239210389980376,-0.6988586209826114,-0.6988576055053974,-0.5191326231544535,-0.15276508305968187,0.43987193374452443,-1.0220795393098967,-0.5191347536405448,2.2900920399704745,1.3889292951747025,1.1643798239527114,0.2115881560063327,-1.3221135104272161,1.706025308507951,0.7616859716278664,-1.150029721840385
-0.08639914556983672,-0.6446858263272662,-0.6446869988706299,-0.49636754664735383,-0.3380800097099207,-0.16394717283856095,-1.0220795393098967,-0.4963662089132875,0.6821211477369014,0.9475823571055626,1.5086711348785293,1.694810306360835,0.2874007232885305,0.9907156216948746,-1.555468287874607,-1.150029721840385
-0.8000611192434169,-1.3120683001370104,-1.3120694855492123,-1.0810068400402504,-0.8563826951848074,0.6774859340202757,-1.0220795393098967,-1.0810036799744775,-0.5233040709794785,-0.05583024021473452,0.4805358338162789,0.9867497404936348,1.3677488440305312,0.1779791424560464,-1.2248704843607774,-1.150029721840385
-0.3763243223747287,-0.7475872106713811,-0.7475840070686113,-0.5447129168223772,-0.5320815735468895,0.19387155698845263,0.2725909621141842,-0.5447125811754665,-0.21920896616235014,0.18925361998941453,0.479966842138209,0.927438961594992,1.1516011290108665,0.18057458550835054,-1.064671471762434,-1.150029721840385
-0.6588155202871875,-0.6983835938504253,-0.6983825783640515,-0.5259639266374652,-0.5581414851070793,0.699849604634464,-1.0220795393098967,-0.5259601238422643,-0.4740226221646055,-0.0450592181979716,0.3099522029393631,0.8440658227754692,1.6198802505153684,-0.07687662048636779,-1.107662359108151,-1.150029721840385
-0.3287468574631567,-0.799006161399122,-0.7990073369181757,-0.6311280156170338,-0.4162597443904902,0.216235227602641,-1.0220795393098967,-0.6311252300735392,1.6900385485025995,1.2343792186225795,1.2319543666163362,0.33463182195931196,0.043347042329071515,1.5288374812060033,-0.0753430250260693,-1.150029721840385
-0.3807847097101885,-0.6242268236663838,-0.6242236176849107,-0.4658195718193252,0.04413202650619686,0.7585542399967085,-1.0220795393098967,-0.46582267726059323,-0.3749229452687225,-0.5506411501218637,-0.718377497598539,-0.5498862751385147,-0.9109800549393995,-0.7543709811072659,0.3351638166305293,-1.150029721840385
-0.5235171044449046,-0.7315895227358227,-0.7315906969549116,-0.5608484833463978,-0.7434564117573181,0.2665534864845648,1.567261463538265,-0.5608511195582276,-0.3751223899782331,0.10113395841377348,0.46490774045929,1.0381069316302856,1.2369356150791166,0.12101893525439632,-1.1411242775196762,-1.150029721840385
-0.3287468574631567,-0.6624807367306808,-0.6624819096171758,-0.5222208550504805,0.10493848681330648,0.7194178164218789,0.2725909621141842,-0.5222210079926267,0.5969973806290876,1.1499564443381274,1.5448311126421428,1.0657442098358274,0.4902600787720263,1.157856572665321,-2.014399225309199,-1.150029721840385
-0.5919097102552894,-1.2803903387090596,-1.2803871453800946,-1.069939851426301,-0.6623811313478386,0.47341743966580696,-1.0220795393098967,-1.0699371829988635,-0.14967874976028397,-0.2839815995834726,-0.4884872545678079,-0.4717776725255094,-0.44116515482991714,-0.4060792682818907,0.11343107700748123,-1.150029721840385
-0.3064449207858573,-0.7619759357398574,-0.7619727324145389,-0.5532436381136446,-0.5436637564625294,0.05130315682300192,-1.0220795393098967,-0.5532418209673977,-0.049532466319898445,-0.24014467553789667,-0.4763906739858148,-0.4917406272396406,-0.3386827501278518,-0.45963470072675394,0.3593108689990016,-1.150029721840385
-0.5651473862425301,-0.7368783040785032,-0.7368772893344058,-0.5829982875154678,-0.4944394790710597,0.5852357927367488,-1.0220795393098967,-0.5830063701514175,-0.19632551135762877,-0.2051062591295984,-0.4177987068833725,-0.4609223954780376,-0.08176554048551726,-0.3237227903533905,-0.011458337034379117,-1.150029721840385
-0.4239017872863007,-0.8113678121615875,-0.811366798853838,-0.6164327007395908,-0.34387110116774067,0.46503106318548637,-1.0220795393098967,-0.6164309004580983,-0.3521466028799196,0.04652601235143464,0.4864294768922018,0.9276209212188212,1.3880682962820672,0.21247341786086718,-1.0643489271472117,-1.150029721840385
-0.5948833018122626,-1.374614268896558,-1.3746132664496384,-1.13786710456537,-0.760829686130778,0.3839627572090536,0.2725909621141842,-1.1378644542672796,-0.4273332590382022,0.3418143590116942,0.7752651164093827,1.3250715845943628,1.3997005438009766,0.13092627163684872,-1.8966683553353503,-1.150029721840385
-0.4878340057612256,-1.279663569087466,-1.279664753874822,-1.0697261877204902,-0.4046775614748503,0.5265311573745043,-1.0220795393098967,-1.0697319273007684,-0.36165248202510364,0.20248502774604715,0.7436167722806378,1.122389366351088,1.4508735320663129,0.24995384817532834,-1.564756738625896,-1.150029721840385
-0.29455055455796425,-0.7435658980362386,-0.7435648834210952,-0.5537560353340617,0.14547612701804621,0.694258686980917,-1.0220795393098967,-0.5537512507723087,-0.32218903376219027,-0.49360225883278175,-0.6657794609279601,-0.4980210926964411,-0.5628921637774941,-0.6520323824750022,0.25542369732719783,-1.150029721840385
-0.29901094189342414,-1.3092115701485179,-1.3092127555056348,-1.135330837242688,-0.19909381472224158,0.36998546307518587,0.2725909621141842,-1.135334615964251,0.383557112461903,0.1897709318629256,-0.3628925376386851,-0.6590238895507109,-1.0795937146468628,-0.1619122654366017,0.3314260528459401,-1.150029721840385
-0.8015479150219036,-0.7739917142125284,-0.7739928892492398,-0.6305641808378104,-0.48864838761323975,1.0353046638472891,0.2725909621141842,-0.630566341064268,-1.493097624216413,-3.3174058985253927,-2.191547602023922,-2.100427522186578,-0.2606643680544455,-1.691409646958612,1.5645780696517841,-1.150029721840385
-0.5145963297739848,-0.7646859983649561,-0.764689362287397,-0.6401473937169614,-0.6623811313478386,0.3280535806735827,0.2725909621141842,-0.6401490619090733,-0.26364201320278163,0.5944349905762646,0.38412910698552966,0.8472225941284333,-1.2684384027478217,-0.03791706671199091,-2.0889417883883583,-1.150029721840385
2.8812452282894676,-1.3099843101377424,-1.309983306444592,-2.567997422264008,3.596966635878744,-1.9446544454933081,-1.0220795393098967,-2.568003314427222,-0.7452634277718185,-1.1684923759604255,-1.0233084535794752,-1.1675208857751755,-0.8586723117969496,-0.8541141366872251,0.34714315144544955,-1.150029721840385
-0.11762185691805585,-0.7320754951936352,-0.7320766694220949,-0.4695250544210283,-0.12091408004167209,0.10441687453169925,0.2725909621141842,-0.46952469870696056,0.05078283216638446,1.0282703920105203,1.5611277948442719,1.3504702145224903,1.1083314782769418,0.8237421186632865,-2.532125736235392,-1.150029721840385
-0.533924674894311,-1.3881208007195458,-1.3881197985330667,-1.1464314581066262,-0.3815131956435704,0.6355540516186725,-1.0220795393098967,-1.146428315502263,-0.23460185497204267,0.23601356640970744,0.7381628488562927,1.0341920656621808,1.1418438744725559,0.47137583932569127,-1.3731151871574505,-1.150029721840385
-0.21723717407665974,-0.7202545435171143,-0.7202535284524684,-0.549615311850151,-0.613156853956369,-0.18351538462597575,-1.0220795393098967,-0.5496115153673528,-0.2192590446944679,0.1577732998818509,0.6289906517498267,1.2361304667681583,1.0245308320747821,0.19477975232150088,-1.15405595311661,-1.150029721840385
-0.5651473862425301,-1.334720746053425,-1.334721931902424,-1.1595994731610502,-0.3236022810653708,0.7501678635163878,1.567261463538265,-1.1596017745836251,-0.5529505619931847,0.3914258294176822,0.9948684524890234,1.782645875153797,1.1194245902401267,0.12258178268374088,-2.1206533461508976,-1.150029721840385
0.11877867186131759,-0.6636825334844604,-0.6636793282637942,-0.6235073434431094,-0.031152162445462657,-0.25340185529531434,-1.0220795393098967,-0.6235085126020552,-1.0849516754078434,-1.7600910756651982,-1.2840564911825185,-0.9914077134701932,0.4426494205380229,-1.0118780030816037,0.6906594229103311,-1.150029721840385
-0.2261579487475795,-0.7791119375405622,-0.7791131126760046,-0.5651356060361419,-0.016674433800912748,0.4091218866500155,-1.0220795393098967,-0.5651342866558283,0.5107868398208018,0.75510869385873,0.5019421474586553,0.4780343750059545,-0.9912906177831798,0.3300776869190505,-1.0321737115002905,-1.150029721840385
-0.7911403445724972,-0.7602728430723883,-0.7602740178445648,-0.5170889693757246,-0.8708604238293572,0.6467358869257667,0.2725909621141842,-0.5170871425800291,-1.3418886263951328,-2.059581004127389,-1.9314499463623316,-1.6776119345861844,-0.6699398390618966,-1.5947363702577226,0.7176801809670109,-1.150029721840385
-0.9294123519717533,-1.3557467165817554,-1.3557457137710212,-1.0611242451939524,-0.8998158811184571,0.8787589695479708,-1.0220795393098967,-1.0611284987022969,-0.6122931009013388,-1.150344402511643,-1.3014285138227348,-1.5396290962061898,-0.8060875834343079,-1.0476281380278623,0.8318401205779368,-1.150029721840385
-0.8639933377183419,-1.3371768771239911,-1.3371780630203505,-1.0713622977640611,-0.8824426067449972,0.7725315341305762,0.2725909621141842,-1.0713640810446579,-0.5399402289025109,0.07170606264989603,0.4993678331275351,0.9190989260876317,1.7492854716061361,-0.007553173799009394,-1.4741029329885398,-1.150029721840385
-0.5279774917803645,-1.2989207749945688,-1.2989197710880853,-1.2466852385878355,-0.39019983283030035,0.6159858398312577,-1.0220795393098967,-1.2466920145814337,2.794226015215736,1.4573027840175432,1.206841238365312,-0.5263625871635782,-0.8741344664854548,2.1478925111653364,1.20805018157542,-1.150029721840385
-0.40606023794446117,-0.7651369457807641,-0.7651359315815655,-0.5466932628364215,-0.5755147594805392,0.20784885112232035,-1.0220795393098967,-0.5466934223100959,-0.026268553778115863,-0.30760971426140077,-0.718845067163099,-1.070560806762989,-0.7200662781350325,-0.44316898673901584,0.7581331148856244,-1.150029721840385
0.645104377445583,-0.7496317974983941,-0.7496351611305516,-0.7484610439895953,0.6319278094749231,-0.6028342086420072,-1.0220795393098967,-0.7484573005774443,0.7643553139880044,0.646115708476297,0.2558984268881618,0.03144139027439745,-0.3410908662296083,0.5148843954390536,-0.04218696788759955,-1.150029721840385
-0.7807327741230908,-1.3572943856253294,-1.3572955719096058,-1.1288220076860394,-0.9432490670521069,0.5572812044690133,-1.0220795393098967,-1.1288183657897835,0.5653178403184344,0.8576163547781219,1.4439316220770093,1.3280135890623985,0.9584700859832401,0.8244677263983391,-1.6779872770502875,-1.150029721840385
-0.4893208015397122,-1.2233783265862241,-1.2233795102882568,-1.004374769257031,-0.31491564387864085,0.6159858398312577,1.567261463538265,-1.0043765346590872,-0.2041151574750275,0.6759095077604628,0.3591684504617753,0.7151194030267071,-1.0539375963005204,-0.07966741946734006,-2.0927448952631003,-1.150029721840385
-0.5666341820210167,-1.3821577873182787,-1.3821545959516497,-1.1635087276303322,-0.49733502479996966,0.5852357927367488,0.2725909621141842,-1.1635139976485236,-0.206904949035087,-0.5976029743464536,-0.9900019347195064,-1.3046085734531752,-0.9580979519739379,-0.6954293066291254,0.8156885599428372,-1.150029721840385
0.16784293255137622,-0.7184923460912626,-0.718491330992637,-0.6672094847520371,0.8201382818540719,0.4762128984925805,-1.0220795393098967,-0.6672032466941494,-0.09092898069931529,-0.7084549178434548,-1.1982986982252115,-1.7535874855018692,-1.0495581707060442,-0.7277746668185975,1.7410315234952547,-1.150029721840385
2.951124629878339,-1.1639649100209546,-1.1639639035121774,-2.721862987594952,2.2476423262066927,-3.378724823628136,-1.0220795393098967,-2.7218647167915253,1.893903731775354,1.0517849504235315,0.8298688800206158,-0.39615859631296046,-0.6687926338845913,1.5392750693948407,1.1572007449299484,-1.150029721840385
-0.3079317165643439,-0.7106423585520025,-0.7106413433020091,-0.576673446149934,-0.31491564387864085,0.2749398629648854,0.2725909621141842,-0.576675591993301,-0.3130429201828105,-0.31205523174352434,-0.562458162556465,-0.49152978089176985,-0.5714273910993867,-0.609751777913268,0.08031672822442813,-1.150029721840385
-0.4134942168368943,-1.2063123748695284,-1.2063266926334908,-0.9610722582126757,-0.12670517149949204,0.6551222634060873,0.2725909621141842,-0.9610725282814394,-0.13978163208293004,-0.41322965799703815,-0.8065122993112493,-1.018980253297512,-0.9984471644964521,-0.6077982186265871,0.5292696367648422,-1.150029721840385
-0.5874493229198294,-1.164326105766626,-1.1643250992648138,-0.9716347630767936,-0.5118127534445196,0.6103949221777106,-1.0220795393098967,-0.9716320684123603,0.23789500760783178,0.9203919403393103,1.1610600525179295,1.3915298631329596,0.48736994822082985,0.6307025531494148,-2.162641842688101,-1.150029721840385
1.0837091320991374,-0.7072427404124402,-0.7072395360317258,-1.5169520211298873,1.13864831203417,-0.9382892678548325,-1.0220795393098967,-1.5169494720071235,-0.1138632095713227,-0.824618771066021,-0.8517926922825884,-2.104326985915883,0.282725043088336,0.08708281964577,1.8185875152532676,-1.150029721840385
-0.819389464363743,-0.7523090241466136,-0.7523101987652274,-0.5444873829106879,-0.752143048944048,0.8144634165321792,-1.0220795393098967,-0.5444825958751912,-0.6230490306277537,-1.0173531931434039,-0.9971357541498496,-0.7618448999656976,-0.718936951557671,-1.0076080806407157,0.5893477421855057,-1.150029721840385
-0.31685249123526366,-0.746786012835528,-0.746787187347644,-0.5953789122466253,-0.4741706589686898,0.13796238045298176,0.2725909621141842,-0.5953785901221429,-0.15731816028132944,-0.2777065644999075,-0.6724953562024077,-0.8297540153790467,-1.1633440922171765,-0.48131920880891077,0.291404105266632,-1.150029721840385
-0.92643876041478,-1.2721879116846293,-1.272186907262668,-1.0254325144852894,-0.9664134328833867,0.8088724988786322,-1.0220795393098967,-1.0254263720348247,-0.32023214556617247,0.18151076503710661,0.6202153066888718,1.2671463004156698,1.6725340455397608,0.0999763109378633,-1.423379316548575,-1.150029721840385
0.1366202212031571,-0.8005538304426961,-0.8005506278612579,-0.676175446925512,0.15995385566259612,-0.10244707864954297,-1.0220795393098967,-0.6761652545242332,-0.4318276334119779,-0.9682001535846736,-1.2340381172401822,-1.6076435952867667,-0.4208365781465543,-0.8301132654508612,1.1945964563965212,-1.150029721840385
-0.5666341820210167,-1.1522665459914494,-1.1522677283222655,-0.8992858582480256,-0.7347697745705881,0.35600816894131815,-1.0220795393098967,-0.8992880901945708,-0.2111737961305408,-0.476913693677563,-0.8292074737748278,-0.9996289969694553,-1.1106147654035314,-0.6452507409512389,0.4963985867217196,-1.150029721840385
-0.4893208015397122,-1.3382363846446275,-1.3382353814962493,-1.123260816232015,-0.48864838761323975,0.4482583102248451,-1.0220795393098967,-1.1232616241799054,1.837280909259053,1.1478829910564936,0.80204455313304,0.11610926976477924,-1.1783487830243404,1.2323429974674787,0.30799985988691897,-1.150029721840385
-0.45661129441300646,-0.7180304533498282,-0.7180316273074635,-0.5248778027995927,-0.3670354669990205,0.504167486760316,0.2725909621141842,-0.524876967266774,-0.0807519101167198,0.23895341193478253,0.7013403577942197,1.2363234574011754,0.915185470798614,0.23577658935198795,-1.018264670108093,-1.150029721840385
-0.18304087117146736,-1.316479266364453,-1.3164782627965421,-1.1197274516155484,0.40028415116212457,0.730599651728973,-1.0220795393098967,-1.119730236988581,0.07000394654241142,-0.11870676467807137,-0.35155362045755234,-0.43508830251699965,-0.32420146420117046,-0.29254956573592705,0.19355282776287513,-1.150029721840385
-0.6186720342680486,-0.6986112566234546,-0.6986102411414707,-0.5400202287651217,-0.7087098630103983,0.4790083573193541,1.567261463538265,-0.5400238486021114,-0.4433380449122084,0.010309975418070516,0.3992452939806545,1.0220838518526771,1.5356797716743171,0.09905534727414253,-1.0213351002060158,-1.150029721840385
-0.6469211540592945,-0.7490889093473243,-0.7490878948386785,-0.5867374023671597,-0.28016909513172106,0.9458499813905358,-1.0220795393098967,-0.586738067120401,-0.5405858594224873,-0.6526062644422074,-0.7698212416593262,-0.5365859509318431,-0.7987918819089211,-0.8600585385166967,0.1426915737500354,-1.150029721840385
-0.7049061894202728,-1.361869531737168,-1.3618685290444974,-1.1329607528023036,-0.6913365886369385,0.6579177222328608,-1.0220795393098967,-1.1329605741549573,2.864182942443555,1.7197271064532869,2.869718927741851,0.133498037850443,1.2452929705242648,3.9847684924516638,-0.023133200854757743,-1.150029721840385
-0.7584308374457914,-1.3590193689440515,-1.3590183661964224,-1.1159428343079896,-0.755038594672958,0.6970541458076904,-1.0220795393098967,-1.115946607855019,-0.192245502060369,-0.4734649478541559,-0.9155149309128221,-1.152422284256492,-1.2026459319145604,-0.6843498346746645,0.46228254226940985,-1.150029721840385
-0.6231324216035085,-0.9249781030985802,-0.9249770919815272,-0.7221447975572116,-0.5291860278179795,0.6607131810596344,-1.0220795393098967,-0.7221450038577725,-0.2719837403600201,-0.5415187968401929,-0.8719660228143686,-0.993968053407379,-1.2503845169959873,-0.7153835193430792,0.5178596210013593,-1.150029721840385
-0.8476385841549889,-1.3845482464350862,-1.3845494332448864,-1.2137394821723726,-0.5233949363601595,1.0884183815559865,-1.0220795393098967,-1.2137348737559575,-1.2644738233251946,-2.0734054279341443,-1.3096920701545907,-0.7723865805260793,-0.23365305736868155,-1.1558553225099781,0.5995690698196139,-1.150029721840385
-0.3792979139317019,-0.6418137728828966,-0.6418149453708798,-0.44994514982462913,-0.1180185343127621,0.5992130868706165,0.2725909621141842,-0.4499413267405056,-0.2876301517385587,0.6168981020918956,1.203884278320354,1.7891609072807075,0.8999774083475351,0.3220122778640401,-2.267552259346127,-1.150029721840385
-0.5993436891477225,-1.2371300337032434,-1.2371268395401092,-1.1009824181659291,-0.4133641986615802,0.7278041929021994,-1.0220795393098967,-1.100982725575815,-1.3388042756912975,-1.7529286194002442,-1.1913298376152355,-0.72147635866102,0.42105797994455774,-1.0339532230210966,0.12933725348487948,-1.150029721840385
-0.7628912247812513,-1.383685754775725,-1.3836869415688944,-1.0829278350249028,-0.8476960579980775,0.6159858398312577,0.2725909621141842,-1.0829251700638747,-0.481206109382829,-0.7419371928436305,-1.1267895462598492,-1.439235580746866,-0.8144861690542976,-0.8392949940982609,0.4972765476032402,-1.150029721840385
-0.4417433366281402,-1.237826156413083,-1.2378251513285392,-1.0302003805131081,-0.7347697745705881,0.12118962749234051,-1.0220795393098967,-1.0301991852555923,-0.10486576663416748,0.5439739510771934,0.9218101578946946,1.0036960825189896,1.597369508219674,0.4797482362686091,-1.8647218405039636,-1.150029721840385
-0.5235171044449046,-1.3695575284571573,-1.369556525912731,-1.1940290053113112,-0.2599002750293512,0.7333951105557466,-1.0220795393098967,-1.1940327996990379,-1.2545734018557915,-2.0256739445806717,-1.305348185153001,-0.7607168714457789,-0.20103346456324309,-1.1765351429589848,0.5648176680864571,-1.150029721840385
-0.6275928089389684,-1.3540589473701632,-1.354060133592052,-1.2895821842646793,-0.4625884760530499,0.7333951105557466,-1.0220795393098967,-1.2895855095628912,-1.223683293961161,-1.9984751162392405,-1.269746434910343,-0.8096264338569255,-0.11171804413331718,-1.0764849994911185,0.5858143493424581,-1.150029721840385
-0.9978049577821381,-0.7908475156771972,-0.7908465019737639,-0.5809249582220428,-0.7724118690464179,1.1303502639575898,2.861931964962346,-0.5809241376478494,-1.5415352149883434,-2.3391943804415045,-1.7112290556804512,-1.1931153314995515,-0.01787707048500656,-1.498063093556833,0.52447248075267,-1.150029721840385
-0.7762723867876309,-1.341101870893621,-1.3411008678004968,-1.2153439383336013,-0.7753074147753279,0.7110314399415582,-1.0220795393098967,-1.2153546626987568,-1.3885466904389627,-3.0238671595023736,-2.0318865493989975,-1.8367122615630183,-0.27435399915249487,-1.6151092028188223,1.3886195549592577,-1.150029721840385
-0.7495100627748716,-0.8300427267453653,-0.8300417137977159,-0.6175940025480263,-0.8534871494558974,0.5852357927367488,0.2725909621141842,-0.6175956647207831,-1.4552869413971772,-3.0993147830707883,-2.041865262968294,-1.8099555996870524,-0.06888236296294363,-1.6700600347541719,1.4263051394959763,-1.150029721840385
-0.6692230907365939,-1.2539486210607824,-1.253947616287121,-1.0574622866804702,-0.6768588599923885,0.6048040045241635,0.2725909621141842,-1.0574610986989816,-0.2393154968076256,0.2255621842497481,0.6391700406491408,1.1249131950388302,1.6439030597073983,0.2788386176283946,-1.264349528180412,-1.150029721840385
-0.5473058369006906,-1.168413090355527,-1.168416462062857,-1.0010095658905085,-0.42205083584831016,0.6215767574848048,0.2725909621141842,-1.0010083628421518,0.002518255767569093,-0.21938911378361123,-0.6782061821817197,-0.8746810029311749,-1.422797683226054,-0.42701026063918496,0.46508186805712437,-1.150029721840385
-0.2781958009946114,-1.2456236063893362,-1.2456226014551472,-1.0245758812943992,-0.5060216619866996,0.034530403862360656,0.2725909621141842,-1.0245682548391737,-0.2310045470815845,0.265458285323943,0.6565833719751268,1.2692864115260862,1.5550318083966355,0.13957774847786397,-1.362088888263801,-1.150029721840385
-0.3376676321340764,-0.7198802133806912,-0.7198791983088272,-0.5411083309706405,-0.5262904820890695,0.1267805451458876,-1.0220795393098967,-0.5411070051776017,-0.5189361101225416,-1.039866774110109,-1.298398699952017,-1.593627993751883,-0.8914537865354359,-0.9844165411088338,0.9312596322453599,-1.150029721840385
-0.7286949218760589,-1.348562204840581,-1.348561201891311,-1.0532463852259963,-0.7376653202994982,0.6579177222328608,-1.0220795393098967,-1.0532496474477033,-0.22917007307518786,-0.45636842130275357,-0.6441409641648269,-0.5321602950883008,-0.7154877348698073,-0.6458647167270527,0.28873685593773696,-1.150029721840385
-0.553253020014637,-0.7361055640892787,-0.7361133055909509,-0.5569471423477014,-0.6942321343658484,0.36998546307518587,0.2725909621141842,-0.556931477612675,-0.5653742111693958,-0.7631175391444575,-1.172104270058544,-1.4626517954967,-0.8484402124797834,-0.8835570659364856,0.5278306985029676,-1.150029721840385
-0.605290872261669,-1.2457790300132312,-1.2457824032123743,-0.9484285105845474,-0.3959909242881203,0.7557587811699349,0.2725909621141842,-0.9484258097265144,-0.004250344722762239,-0.1419016832342789,-0.5867949378765196,-0.8060719761509306,-1.0861042931843845,-0.4327593065399884,0.2529364890658513,-1.150029721840385
-0.6870646400784334,-1.259401582287859,-1.2594005776193447,-0.8705441330811582,-0.5784103052094491,0.7333951105557466,0.2725909621141842,-0.8705325087795008,-0.7912699492467413,0.03875792267358961,0.40384123036289393,0.8047290594370258,1.7670752073619727,-0.13855327796586103,-1.4501567758653244,-1.150029721840385
-0.3138788996782904,-1.287123903034426,-1.2871250879656362,-1.0899846724196038,-0.16434726597532182,0.43148555726420385,-1.0220795393098967,-1.0899854714863053,2.4878970253218133,1.3839622600314785,1.2613461754323811,-0.4839807834958802,-0.8281753103454818,2.1955035417807283,0.999535514923167,-1.150029721840385
-0.9071104152944539,-0.7277696040922063,-0.7277664001073023,-0.5867176186906956,-0.7810985062331479,0.9514408990440829,0.2725909621141842,-0.5867158104784389,-0.5378652736116738,-0.4986155576394906,-0.7425850413460581,-0.5211627899307097,-0.6337553290953865,-0.7829208546826152,-0.16409423451716906,-1.150029721840385
-0.38673189282413506,-0.7258454158470836,-0.7258465899554115,-0.5129779214065099,-0.5523503936492593,0.19387155698845263,0.2725909621141842,-0.5129770826976894,-0.6128377049381193,0.08618658932061635,0.3633299267997808,0.9333518327929832,1.5382296190961395,-0.044670800245944234,-1.2766388951039294,-1.150029721840385
-0.5012151677676052,-0.776436899957468,-0.7764358859761614,-0.5749166556799327,-0.5204993906312495,0.43987193374452443,0.2725909621141842,-0.5749123713578568,-0.44730137818498555,-0.6292599375327771,-1.0963062387407738,-1.4233663953774873,-0.8430704149444144,-0.792911915034497,0.5166945676067208,-1.150029721840385
-0.8149290770282832,-0.8000963158315122,-0.8000996804367545,-0.5828419964714023,-0.7173965001971283,0.8396225459731412,-1.0220795393098967,-0.5828431547770285,-0.49418740388022625,-0.8537859079993482,-1.1673222959022143,-1.4508825356469528,-0.9228747402584421,-0.8941341940743716,0.6979646413615581,-1.150029721840385
-0.42241499150781403,-1.353971384765152,-1.3539703819201847,-1.093874143212422,-0.11222744285494214,0.6858723105005963,0.2725909621141842,-1.0938704919888058,-0.3085431554114804,-0.6724786108026934,-1.0158560890522705,-1.3487750140152321,-1.0212699893480977,-0.7351423761283649,0.7058468253960489,-1.150029721840385
-0.22318435719060625,-1.251295474128941,-1.2512966583692877,-1.0482430934482563,-0.13828735441513196,0.2861216982719796,0.2725909621141842,-1.0482493218868785,-0.08142588369480448,-0.2385128299531626,-0.6589845327543663,-0.8263091444660374,-1.1522745273552812,-0.476519034561638,0.2669859485879515,-1.150029721840385
0.5083191658248134,-1.374739045608699,-1.3747380431641854,-1.7478908332291971,0.2757756848189954,-0.6894934322719871,-1.0220795393098967,-1.7478918078868222,-1.168580389671392,-2.186814490285574,-1.3901869191799936,-1.0439533141850172,0.5166198209064434,-1.1589531093788574,0.9006915785604936,-1.150029721840385
-0.6380003793883747,-1.2408054740485914,-1.2408044690214965,-0.9316104072225195,-0.7753074147753279,0.45105376905161865,0.2725909621141842,-0.9316072072837993,-0.5874882301941831,0.4205509084751142,0.9115525985722515,1.6374872672715428,1.1850561984362735,0.06068186128576955,-2.192714957222023,-1.150029721840385
-0.4239017872863007,-0.7487890074251607,-0.7487858038455646,-0.4630676624231858,-0.6392167655165588,0.17989426285458493,0.2725909621141842,-0.46307274549816135,-0.6289344753381335,0.2857848567440973,0.7136952581448025,1.5184381437207273,0.8521262402546703,-0.15719581515875805,-1.9487537495796687,-1.150029721840385
-0.7019325978632996,-1.2894968496302313,-1.2895002236723654,-1.0269143118524415,-0.45969293032413994,0.8759635107211973,0.2725909621141842,-1.0269175670462873,-0.1313155780143576,-0.1264538254179688,-0.3792043374757419,-0.4336500572925156,-0.5078095378001163,-0.3048848972318259,-0.11102035224947582,-1.150029721840385
-0.3525355899189427,-1.1773422870015509,-1.1773412807507238,-0.9574201915374254,-0.3380800097099207,0.33643995715390335,-1.0220795393098967,-0.9574125471587782,-0.3849299575026681,0.10360275572882223,0.6611015832057989,0.9678492533863693,1.5545364175512644,0.34232929444551996,-1.3114674572946068,-1.150029721840385
-0.3599695688113758,-1.3935715728814972,-1.3935749489304576,-1.1453750097834499,0.02096766067491701,0.6970541458076904,-1.0220795393098967,-1.145377307409607,0.01616604683999178,-0.17481617690986917,-0.5893227398424434,-0.7855379173762026,-1.1836905098338513,-0.42377293382125675,0.27814918991521914,-1.150029721840385
-0.12356904003200235,-0.8211354207505942,-0.8211365966963566,-0.6361055886153707,0.10493848681330648,0.33364449832712983,0.2725909621141842,-0.6361008260321839,-0.552122353491529,-0.6787073822227738,-0.8118514982183748,-0.6026131883379728,-0.7554454519011984,-0.8705240346953438,0.1735752206575544,-1.150029721840385
-0.510135942438525,-0.677661903374509,-0.6776630765537358,-0.47712000781554953,-0.3728265584568405,0.5992130868706165,0.2725909621141842,-0.4771191595364824,-0.1888791118457871,-0.21154952571674435,-0.619679172955153,-0.8029552120178992,-1.0147311371456462,-0.5045386563306025,0.1605225908299123,-1.150029721840385
0.7268781452623474,-0.8311569608941336,-0.8311559479679694,-0.906847179392558,0.6724654496796628,-0.7174480205397226,-1.0220795393098967,-0.9068479295810404,1.2309425620104004,0.9876761301964649,0.321816410934777,-0.1851467840352706,-0.6698804177604062,0.6617920537974489,0.17298782798543652,-1.150029721840385
-0.6424607667238346,-1.192545344296632,-1.1925443383389585,-0.9286013100323484,-0.48575284188432977,0.7389860282092936,0.2725909621141842,-0.928600087658694,-0.40522271768925644,-0.40409468735259885,-0.845758918557081,-1.0160031072548137,-0.8636908371053013,-0.7063692386345379,0.0785156224096856,-1.150029721840385
-0.4878340057612256,-0.7416833020284964,-0.7416844764422191,-0.5596199170379847,-0.5204993906312495,0.41471280430356255,0.2725909621141842,-0.5596146394492205,-0.19238878230503922,0.6600873348486852,0.9677346265514597,1.1082244058132706,1.626843724553763,0.37009774430619735,-2.1132209172156498,-1.150029721840385
0.1485145874310501,-1.2868874840008955,-1.2868864798623796,-1.132400874758373,-0.13828735441513196,-0.4127430084214063,-1.0220795393098967,-1.132406631066122,2.0888698903372678,1.2078406989327028,1.0535803470539733,-0.7703184765941092,0.13787352138101963,2.07429914203709,1.0493617065824166,-1.150029721840385
-0.7911403445724972,-1.327273546497217,-1.3272725431374472,-1.0557786958133855,-0.908502518305187,0.6103949221777106,-1.0220795393098967,-1.05578195871095,-0.41367138337862136,0.12959452303206115,0.6375140166144009,1.2762950840571665,1.4915083814793797,0.0641145440323661,-1.4403094331514523,-1.150029721840385
-0.3897054843811083,-1.37404730102911,-1.3740484876364254,-1.1665732191146023,-0.37572210418575047,0.36998546307518587,-1.0220795393098967,-1.1665681035177713,-0.6330480442072639,-1.2532516132520395,-1.1270222357069235,-1.0141462458428185,-0.3179077568115551,-1.1113978947430854,0.8516807852496395,-1.150029721840385
-0.42836217462176057,-0.8501273992698245,-0.8501263867094588,-0.6530028266832545,-0.031152162445462657,0.7753269929573496,0.2725909621141842,-0.6530035091223114,-0.34656615034084026,-0.5107660779856164,-0.9042062200788517,-1.089671180803927,-1.0402221117984132,-0.6921640718213876,0.3792884761043223,-1.150029721840385
-0.5145963297739848,-1.3501624114471618,-1.3501635975939155,-1.7572089448437307,-0.7376653202994982,0.25537165117747057,-1.0220795393098967,-1.7572049760678639,-1.249248558491063,-2.58071173276974,-1.7540922365188683,-1.579677181977138,0.18065448201833628,-1.4035945480509122,1.1885918434950369,-1.150029721840385
-0.5710945693564766,-1.2437388213164688,-1.2437509507369413,-1.127462869112964,-0.5523503936492593,0.540508451508372,0.2725909621141842,-1.1274607106300936,-0.22704799527669833,0.634844197736381,0.42202681717319185,0.8472764139355338,-1.3713942287876342,0.02283862710378157,-2.1551781324862906,-1.150029721840385
-0.5041887593245784,-0.6986681723167119,-0.698669345900993,-0.5540389419074966,-0.5899924881250891,0.3783718395555065,-1.0220795393098967,-0.5540381141575983,-0.02212351194261984,-0.24929646933269406,-0.7047729267411426,-0.9140169828850234,-1.1974686013877116,-0.4893008938944923,0.5868681804559855,-1.150029721840385
-0.6082644638186422,-0.8550571739319588,-0.8550561614666518,-0.6655516126643558,-0.3004379152340909,0.8535998401070088,-1.0220795393098967,-0.6655562551889519,0.30527984578327033,0.4174007735705631,0.19071763494419192,0.3341697655130465,-0.8859528983152827,0.020047828122809305,-0.6586726081871188,-1.150029721840385
-0.6156984427110753,-1.4173929795748121,-1.4173919779527753,-1.125448890848931,-0.5726192137516292,0.6048040045241635,0.2725909621141842,-1.12544772101263,-0.12951309862570282,-0.16484004874752567,-0.6340602435349638,-0.7860838097698799,-1.1369527548208425,-0.5062410437089957,0.08889683207289098,-1.150029721840385
-0.3287468574631567,-1.228413176374372,-1.2284121711083218,-1.177323668905128,-0.24831809211371128,0.3783718395555065,-1.0220795393098967,-1.1773230075059153,-0.48803487366521847,-0.8622521584170537,-0.7759343571999457,-0.5307824403153744,-0.17484361043878732,-0.9211212202203761,0.5135421110764786,-1.150029721840385
-0.557713407350097,-1.3118450154942318,-1.3118462009021281,-1.108759381383919,-0.4046775614748503,0.6579177222328608,-1.0220795393098967,-1.1087601854614697,-0.35964534141317606,-0.5948650066256755,-0.7314267475966202,-0.5961375491384833,-0.49544031824740414,-0.6789077766617679,0.3020313942267957,-1.150029721840385
-0.5235171044449046,-0.6311114334853947,-0.6311104167018419,-0.524292205976259,-0.6160523996852789,0.3895536748626007,-1.0220795393098967,-0.5242859297746686,-0.13616658804568016,0.12121238836614606,0.624678236862007,1.0521505765962686,1.2591434552227683,0.29245771665554054,-0.8044342735579871,-1.150029721840385
-0.33469404057710317,-1.24662400915159,-1.2466317604973614,-1.032894917247502,-0.19330272326442163,0.442667392571298,0.2725909621141842,-1.0328971848534458,-0.06333918717827815,-0.23027789785288075,-0.6470490166309328,-0.8261113316244106,-1.2889210039995471,-0.45932771283884705,0.2672806876328958,-1.150029721840385
-0.33469404057710317,-1.3180707167105328,-1.318069713173309,-1.0764249405711932,0.012281023488187066,0.6411449692722196,0.2725909621141842,-1.0764262306109331,0.08454202263026073,0.615173729180192,1.4163891618680684,2.022486823983323,0.8377466526234394,0.6309258170678923,-1.7971702929318925,-1.150029721840385
-0.20831639940574,-1.33405964838559,-1.3340608342218412,-1.2720835224322906,0.07598302952420666,0.46503106318548637,-1.0220795393098967,-1.2720868430602223,3.7541048885123165,1.8857463657620332,3.8546028206324108,0.5544397373350883,0.32670010779375125,5.864427422116301,0.4883871067854372,-1.150029721840385
-0.4417433366281402,-0.7223319663210066,-0.7223287622312512,-0.5252655628582867,-0.5494548479203494,0.3000989924058473,0.2725909621141842,-0.5252751138618743,-0.4798312102388879,-0.4133221853240076,-0.6197662040584084,-0.5501377103715311,-0.13078598610925338,-0.5596848441946202,-0.081668097125005,-1.150029721840385
-0.33618083635558976,-1.413995550500375,-1.4139967378779945,-1.2155338616276554,-0.18172054034878168,0.4566446867051657,0.2725909621141842,-1.215547553595762,-0.4651575047932197,-0.8308853945744071,-1.0697558545602177,-1.1826386492631364,-0.9915646160651002,-0.8791196955567392,0.6286773310648973,-1.150029721840385
0.621315644989797,-0.752506040007889,-0.7525072146303017,-1.1092005573690658,0.3192088707526451,-0.8600164207051733,-1.0220795393098967,-1.1092003723802761,-0.2148013598008201,-0.6016489420075727,-0.7543251042744573,-0.7086276618157257,-0.5453260906472472,-0.592979076037623,0.7713532732741901,-1.150029721840385
-0.3837583012671618,-1.3410033629629834,-1.3410023598679597,-1.080636885290374,-0.19330272326442163,0.534917533854825,0.2725909621141842,-1.0806376818622114,-0.5314385286565629,0.016534541050561388,0.4985862013123464,0.8511935249654815,1.7651488819445658,0.22006439108911244,-1.257154141731782,-1.150029721840385
-0.9115708026299139,-0.7123914215871026,-0.7124013516966731,-0.6400583671728736,-0.9403535213231968,0.8060770400518587,-1.0220795393098967,-0.6400575623810068,-1.3548201901279966,-2.196988290464625,-1.387439669051033,-0.7907465862663361,-0.37065206226117264,-1.2001732103278222,0.651771942598356,-1.150029721840385
-0.5116227382170115,-1.2167607827124975,-1.2167641553520947,-1.090578182713523,-0.6479034027032887,0.33643995715390335,1.567261463538265,-1.0905839278590648,-0.49179876222848495,-0.5796442613391996,-0.798115942137349,-0.7122336772886882,-0.04889675661727426,-0.6968805220992312,0.015812671154800634,-1.150029721840385
-0.6692230907365939,-0.7298426487658479,-0.7298482010815877,-0.529703041489157,-0.6652766770767486,0.6159858398312577,0.2725909621141842,-0.5297041856123379,-0.45584724491412065,-0.886414408118851,-1.2036594036453552,-1.5362574453698252,-1.0926052566395312,-0.8498163062565275,0.9071730569922417,-1.150029721840385
-0.43430935773570706,-0.7052944724509395,-0.7052956461629926,-0.5661425951681583,-0.604470216769639,0.23300798056328223,0.2725909621141842,-0.5661506733054322,-0.3154256497856212,0.09016526438030308,0.5592358584034499,1.0877020230124752,1.458900360326716,0.2262041488472519,-1.0338976568575122,-1.150029721840385
-0.5666341820210167,-0.7063386565156988,-0.7063398302478865,-0.548097903865364,-0.4741706589686898,0.6075994633509371,-1.0220795393098967,-0.548093117793492,-0.4929747383142916,-0.15138573424864846,0.33467998192302095,0.8356422553142254,1.6210771787769178,0.1305634677693224,-0.8406100156286227,-1.150029721840385
-0.018006539759451944,-0.7522849444302355,-0.7522861190483849,-0.6285719646178878,0.36553760241520483,0.3867582160358271,-1.0220795393098967,-0.6285706621683305,2.1918626514539294,1.2614771080618625,0.9536806243591551,-0.5676652742575928,-0.5940425154600535,1.7710788327544211,1.2578409211325656,-1.150029721840385
-0.5755549566919365,-1.3663067667461142,-1.366303575073837,-1.1635027925273929,-0.24831809211371128,0.8424180047999147,-1.0220795393098967,-1.1635090517280877,-1.1552294182320424,-2.0013644923132414,-1.3556955458346605,-0.8816882453033433,-0.5903118298676855,-1.1229797105141213,0.7308662775319863,-1.150029721840385
-0.8744009081677482,-0.708873593930775,-0.7088747677118428,-0.5367064629574053,-0.8100539635222477,0.8619862165873295,-1.0220795393098967,-0.5367125548701903,-0.03022336674508128,-0.20832368663558185,-0.44396835404139856,-0.45199078859165986,-0.5912519781057417,-0.42307523407601355,0.2999341590885949,-1.150029721840385
-0.19344844162087374,-1.2826603992439767,-1.2826593950239515,-1.138175729918208,-0.28596018658954103,0.08764412157105798,-1.0220795393098967,-1.1381760472547495,4.33544709288253,1.964625912003497,2.4470557038190397,0.0062729352594680125,-1.0180717936143953,3.741996889096861,1.161769895265843,-1.150029721840385
-0.16371252605114123,-0.7634863906763018,-0.7634853764452761,-0.7317062483922523,-0.12670517149949204,0.185485180508132,-1.0220795393098967,-0.7317054680606156,3.208916602190443,1.8408285543059504,2.1391447942298507,0.7752680280286789,-1.3183453352882173,2.8474899997155365,0.417308422623631,-1.150029721840385
-0.3138788996782904,-0.7177217951671634,-0.7177207800536796,-0.5150809262146308,-0.3409755554388307,0.2609625688310177,1.567261463538265,-0.5150815718432195,-0.4558926285838524,0.32624453335528797,0.7874786760927455,1.3938293251843876,1.458847296724236,0.1544806150362575,-1.8544949517557998,-1.150029721840385
-0.8074950981358501,-0.6217860160516948,-0.6217871881534917,-0.40257313653163346,-0.9606223414255667,0.5908267103902958,1.567261463538265,-0.4025742467246602,-0.7159740940670353,-0.14073247428439212,0.20630646800020855,0.8621597593524448,1.7227727531886432,-0.19364364985025964,-0.9631964333122267,-1.150029721840385
-0.7435628796609252,-0.7956590808225663,-0.7956624453422473,-0.5954085877613212,-0.6942321343658484,0.7278041929021994,0.2725909621141842,-0.5954132115651951,-0.10220464908024386,-0.1461327055493369,-0.6028360021328748,-0.7721436007087832,-1.1364778602603136,-0.4893846178639216,0.2452399072129646,-1.150029721840385
-0.5889361186983161,-0.7706336883103464,-0.7706304851519714,-0.5693534858582621,-0.5291860278179795,0.5964176280438429,0.2725909621141842,-0.5693482108673247,-0.5221021862086526,-0.05206185453452383,0.4914632311672629,1.0997057262153616,1.6187153647723553,0.08378967684822268,-1.088436892678844,-1.150029721840385
-0.6558419287302143,-1.3689839933943335,-1.3689829908388478,-1.0763913083212044,-0.2627958207582612,0.9793954873118184,0.2725909621141842,-1.076389136207663,-0.42806078882424614,0.002806850358365303,0.4974274134723624,0.9597653739158339,1.5650630550414533,0.18370028036704017,-1.1215060574101956,-1.150029721840385
-0.5755549566919365,-0.7163229825521085,-0.716321967411652,-0.6453999598181477,-0.3380800097099207,0.7557587811699349,0.2725909621141842,-0.6454065753325716,0.2329657498700752,0.9357893287045461,0.8279750168943482,0.9734100170688815,-1.4349262988131841,0.41938325431017237,-2.1061895836316586,-1.150029721840385
-0.4833736184257657,-0.7217299734115541,-0.7217311474405257,-0.5671990434913348,-0.607365762498549,0.3224626630200356,0.2725909621141842,-0.5671992084378703,-0.26454134017539616,-0.4965631332958044,-0.8597371082586626,-1.0411526458916067,-0.9861519805577958,-0.6938385512099712,0.5195946885866922,-1.150029721840385
-0.9294123519717533,-0.6465618551396326,-0.6465652167843384,-0.40939454817641313,-0.9432490670521069,0.8368270871463677,2.861931964962346,-0.40939714396616156,-1.464382107025479,-2.0530620333636316,-1.501876227923102,-0.9111030055208539,-0.04684869188990292,-1.4088133421453306,0.31531202973071554,-1.150029721840385
-0.39713946327354144,-0.625378271922282,-0.6253750659630117,-0.4802319801233333,-0.5320815735468895,0.23300798056328223,-1.0220795393098967,-0.48023508941118037,0.7059536602787709,0.4101878478545348,-0.11450821948413763,-0.6453874932899514,-0.7141334093152716,0.29471826383012834,0.9130163975861151,-1.150029721840385
-0.48040002686879246,-1.3278930519276715,-1.3278920485798476,-1.0533215631965593,-0.5813058509383592,0.3420308748074504,-1.0220795393098967,-1.0533213632940257,-0.1916539493997281,0.2614249350255925,0.8206569504498583,1.332459261083258,1.3934052014935223,0.36295329891490724,-1.4464308294481032,-1.150029721840385
-0.4045734421659746,-1.3648028790050455,-1.3647996873037698,-1.0817150956576609,0.009385477759277084,0.7697360753038026,0.2725909621141842,-1.0817183654774836,-0.5261731535487244,0.14361661885552368,0.57491624231494,1.0249446835982274,1.629109913984807,0.1516619080654753,-1.4438894003247151,-1.150029721840385
0.017676558924227065,-0.7524140992726271,-0.752415273893267,-0.8860723407377346,0.3452687823128349,0.3000989924058473,0.2725909621141842,-0.8860701178292845,-0.7219186592667208,-0.5265672219594463,-0.2696353316668393,0.6034244395098909,-0.24395352203736467,-0.8777522040560628,-0.6135643266647497,-1.150029721840385
-0.883321682838668,-1.1441079002695247,-1.1441068933778538,-0.7699243545853652,-0.8274272378957076,0.8619862165873295,0.2725909621141842,-0.7699201223095902,-1.2233136170192085,-1.4565635911170673,-1.457392730305518,-1.0080104786663853,-0.23560871663536767,-1.4428889977030057,0.09814357446876334,-1.150029721840385
-0.6855778442999467,-1.3701792229527374,-1.3701825985506337,-1.128681543583145,-0.8708604238293572,0.4482583102248451,0.2725909621141842,-1.1286798800175746,-0.32478981364026366,-0.7508282278078775,-1.0820743140640867,-1.4002448966959404,-0.9159467820132268,-0.7638596976425726,0.784521296218485,-1.150029721840385
-0.5071623508815517,-0.6979195120438656,-0.6979184965485431,-0.5461670170424796,-0.8998158811184571,0.08484866274428444,-1.0220795393098967,-0.5461642088234409,-0.36102058832470124,-0.025355103341066373,0.4491378978981839,0.9406954999063112,1.2951469937830011,0.18356074041799145,-0.9149913064001709,-1.150029721840385
-0.5592002031285835,-1.145889799281504,-1.14589098148936,-0.9038895197611934,-0.8071584177933377,0.27214440413811186,0.2725909621141842,-0.9038877962000773,-0.4337834783052433,0.14477741623023144,0.6549940970238963,1.2292405009060394,1.6050485914471622,0.15889007742619374,-1.4191153323464791,-1.150029721840385
-0.3302336532416433,-0.7182493598623563,-0.7182483447590453,-0.6390790751879066,-0.31491564387864085,0.31687174536648854,-1.0220795393098967,-0.6390708512540191,0.8910724319278646,0.6168308094904632,0.23129754112805,-0.4024834463666348,-0.46595580346117993,0.5489042350171088,0.6974655313750722,-1.150029721840385
-0.5235171044449046,-0.6619947642728683,-0.66199812621516,-0.45489304730827007,-0.20488490618006155,0.7865088282644439,-1.0220795393098967,-0.4548897201367521,-0.28734254794646585,-0.3784772351448273,-0.6019259445854134,-0.5216275722170186,-0.5537910158292038,-0.63294331744515,0.2119038090069463,-1.150029721840385
-0.1785804838360075,-1.2318937899235698,-1.2318927847246348,-1.4742726958941472,-0.19040717753551165,0.15193967458684948,-1.0220795393098967,-1.4742711245646332,0.3841747476913552,0.2865671332357482,0.2931231446593358,-0.5705854701076895,0.2512715338245985,0.5069864343229009,0.022478361489639016,-1.150029721840385
-0.6246192173819951,-1.222288172153834,-1.2222871667696782,-0.9393755002346309,-0.752143048944048,0.4482583102248451,0.2725909621141842,-0.9393772482888001,-0.18350714597340628,0.5002043196330498,1.0536121132961207,1.584233081088546,0.55913514976778,0.3915589884698761,-1.8736919174755722,-1.150029721840385
-0.7926271403509838,-0.7604479682824108,-0.7604469539927967,-0.5832673455153778,-0.9519357042388368,0.571258498602881,0.2725909621141842,-0.5832586120936549,-0.026004250414161087,-0.1869793146187635,-0.6452346778663528,-0.8357066318840031,-1.273307421440343,-0.46211851181981956,0.46525495773210346,-1.150029721840385
0.03254451670909332,-1.2955627490923867,-1.2955617451211519,-1.1902067990184706,-0.15276508305968187,-0.20867451406693763,-1.0220795393098967,-1.1902046572815517,-0.2551253589507152,-0.013608338603534612,0.6847788738913757,1.318267833404505,1.297335215935368,-0.0409590376012507,-0.9306653063657498,-1.150029721840385
-0.23359192764001263,-0.7753336111343261,-0.7753325971317452,-0.7605765674561357,-0.28306464086063104,0.1659169687207172,-1.0220795393098967,-0.7605723326854963,2.2752500150140773,1.3408319083009421,1.1486200121955907,-0.13650672372160705,-0.7128444853325162,1.8690079689967483,0.8612146201586298,-1.150029721840385
1.6739670561583277,-0.7667502867780968,-0.7667492726100074,-1.3074310171704804,2.0102075764360743,-1.2066533152250927,-1.0220795393098967,-1.3074303904960822,-0.5266379449249422,-0.9014458929637985,-1.2472477061689298,-1.6571808262433079,-0.8878108950239009,-0.8621237297626163,0.9317629130673876,-1.150029721840385
-1.0275408733518705,-1.361370424888604,-1.3613716112514767,-1.1704864303191773,-0.8071584177933377,1.152713934571778,1.567261463538265,-1.170482799542888,-1.460762368125843,-2.2478614971474693,-1.677629678461209,-1.219015087145759,-0.37431864820051675,-1.4278744991853733,0.5233936246258925,-1.150029721840385
-0.5740681609134498,-0.6846778571010368,-0.6846768413503815,-0.5369695858543762,-0.4133641986615802,0.6802813928470492,0.2725909621141842,-0.5369722156930818,-0.11331095464769089,-0.18385020865215998,-0.6150488782770404,-0.7883297206668455,-1.0602732371003625,-0.45692762571521056,0.24900964740337325,-1.150029721840385
-0.664762703401134,-0.7565842683362887,-0.7565876321025076,-0.6168897036659087,-0.6334256740587388,0.6383495104454461,-1.0220795393098967,-0.616895816979085,-0.5478901958762032,-0.717459509072619,-0.8484028812467476,-0.6906225514357407,-0.710157102284101,-0.8358064953720452,0.2677241864788263,-1.150029721840385
0.5603570180718453,-1.3573644357093386,-1.357363432929798,-1.3055080438181816,0.7535407300891424,-0.32608378479142647,-1.0220795393098967,-1.3055113733669033,2.713680260585686,1.639426004006565,1.4396422286358348,0.4708679016305156,-1.4867146101441393,2.043628261236201,0.19338529920195155,-1.150029721840385
0.36409997531161076,-1.2667699754995572,-1.266768970973124,-1.5790351762414971,-0.12960071722840202,-0.8096981618232495,-1.0220795393098967,-1.5790331382803717,2.681305185106731,1.579018276858277,3.0542557981434775,-0.41268646718119717,0.31109941550662423,4.351814374429175,0.11576952546784167,-1.150029721840385
-0.038821680658264704,-0.7196591178030377,-0.7196581027269104,-0.6387447310556654,0.7332719099867725,0.7809179106108968,0.2725909621141842,-0.6387493664256771,0.0919543409188556,0.8840287008403129,0.7341577927031251,0.9637938892862113,-1.1789378381690228,0.3395664034543572,-2.1843093333270533,-1.150029721840385
-0.6350267878314015,-0.729555881234436,-0.7295548663491437,-0.5679191693146236,-0.757934140401868,0.4622356043587128,-1.0220795393098967,-0.5679213128215305,-0.34093283712896993,-0.7815346829989693,-1.128698872187863,-1.523869885422408,-1.0281372559103856,-0.7829208546826152,0.9600272752547406,-1.150029721840385
-0.6513815413947543,-0.7472741743584658,-0.7472731598148273,-0.5942275022764217,-0.38730428710139037,0.8508043812802354,0.2725909621141842,-0.5942237177003302,-0.20803901912700348,-0.2728110277457052,-0.6950114759420636,-0.8246060589732296,-1.1395512315332126,-0.5554707377333516,0.19719049149446435,-1.150029721840385
0.09350314362704495,-0.7751759984453058,-0.7751749844396857,-0.5822306808686654,0.09914739535548651,-0.08008340803535463,-1.0220795393098967,-0.582232333603179,-0.5979647286667326,-0.2139804709434874,0.3328119464431921,0.8638973091990431,1.6358562213581207,0.057165454569744145,-0.9372920689021993,-1.150029721840385
-0.8580461546043953,-1.3583276243644624,-1.3583288106686622,-1.071878651719771,-0.9432490670521069,0.7026450634612376,1.567261463538265,-1.0718809297302228,-1.3940403749657964,-1.6061971019770405,-1.293970922956801,-0.6857105550734884,-0.4239041549985303,-1.2771992622026649,-0.05276281654274932,-1.150029721840385
0.27489222860241325,-1.33071913500441,-1.3307159426459128,-1.1992855281477903,0.11941621545785638,-0.4015611731143121,-1.0220795393098967,-1.1992878401623182,2.3403924478069102,1.3615033543034372,1.0042249829738612,0.22233489910663165,-1.60096158518597,1.4860266248378842,0.5020834355650097,-1.150029721840385
-0.46701886486241284,-1.3520318730641525,-1.3520286811166191,-1.1042665084589496,-0.5552459393781694,0.3420308748074504,0.2725909621141842,-1.1042717626657739,-0.11905781397578652,-0.22403650907003178,-0.6287400467955585,-0.7922576438517068,-1.0021202775310527,-0.4982593586234142,0.18508881217032197,-1.150029721840385
-0.25143347698185214,-1.3182545981810565,-1.3182535946473783,-1.0870151425823606,-0.1006452599393022,0.37557638072873295,-1.0220795393098967,-1.08701544626447,-0.4887964846745092,-0.6724239355640297,-0.7685837542828007,-0.5961498815546846,-0.5605470444642292,-0.7910141717274356,0.1655783386456678,-1.150029721840385
-0.39267907593808155,-1.3813872363941795,-1.3813840450126924,-1.1974317976631155,-0.6652766770767486,0.09603049805137862,-1.0220795393098967,-1.1974306470385894,0.24454884479539327,0.3388114266727763,0.10637931186974552,0.2677284358227651,-0.9930331581102333,-0.006018234359474277,-0.6602568305536948,-1.150029721840385
-0.6127248511541021,-0.6929240654279728,-0.6929230498363255,-0.5156882850820749,-0.763725231859688,0.41471280430356255,-1.0220795393098967,-0.515697338937505,-0.2780667170581977,-0.43406092392793494,-0.7173830611670142,-0.8343445545068517,-0.9588129751386419,-0.6138542524152976,0.2843873696070368,-1.150029721840385
-0.5666341820210167,-1.2737771729655838,-1.2737739795090999,-1.013439649812826,-0.7260831373838582,0.3643945454216388,0.2725909621141842,-1.0134374608978916,-0.3296051774942108,0.4152011466612437,0.8782721605739499,1.5116198477056242,0.6688310307713483,0.16126225656002077,-1.952552685618869,-1.150029721840385
0.3090885315076056,-0.7209878803340837,-0.7209868652835782,-0.8324961665056354,0.6029723521858232,0.000984897941078134,-1.0220795393098967,-0.8324959076662233,1.4072878530465323,0.8121686140857596,0.06919990043139944,-0.9153062219600827,-1.0746051144499302,0.7457392871451034,1.31615128742282,-1.150029721840385
-0.7272081260975722,-0.6503533159366204,-0.6503501104589328,-0.4949826892948754,-0.45969293032413994,0.9234863107763475,-1.0220795393098967,-0.4949862971116355,-0.5254442326923439,-0.5752660364585083,-0.8105021229336874,-0.8225775591738421,-0.8298230119015798,-0.7700273633905219,0.021978556363896104,-1.150029721840385
-0.6394871751668614,-1.362357693260106,-1.3623588796420159,-1.1089077589573988,-0.46837956751086984,0.7501678635163878,0.2725909621141842,-1.1089159819552046,-0.31062176226195104,-0.6820720122943905,-1.0326618515986934,-1.3479367400026778,-1.044008902637058,-0.7496824388192319,0.7023252499203694,-1.150029721840385
-0.3569959772544025,-0.7538194790830579,-0.7538206537307971,-0.7207480699988548,-0.22225818055352142,0.4566446867051657,-1.0220795393098967,-0.7207477813345944,-0.1532179804641889,0.48616960644681867,0.8441976549977597,1.6016156546791673,-0.8017124692639994,0.15520622277131016,-2.158380639043033,-1.150029721840385
-0.7168005556481659,-1.2372526213502593,-1.2372538053198239,-1.0432022126852347,-0.763725231859688,0.6103949221777106,0.2725909621141842,-1.0432193208034375,-1.133154870828056,-1.4942180074060476,-1.6910879924205595,-1.3359637107850402,-0.653483986219595,-1.4408796224367055,0.37963257003650974,-1.150029721840385
-0.5725813651349633,-1.3702711636879992,-1.3702701611573334,-1.1621733294690135,-0.5204993906312495,0.5740539574296546,-1.0220795393098967,-1.16217365321036,-0.25137120787980494,0.22705944463161754,0.7285080787093754,1.2260782035515294,1.261950915137073,0.3537157542878881,-1.3209470713415556,-1.150029721840385
-0.5681209777995033,-1.2539639445166595,-1.2539629397432934,-0.9793721589418556,-0.42494638157722014,0.6579177222328608,0.2725909621141842,-0.979379852775399,-0.45335322968438163,-0.4771996872336504,-0.8763189087836987,-1.051030410225778,-0.7736609110682994,-0.7355889039653206,0.07836130149464397,-1.150029721840385
1.0123429347317794,-1.3572374699320722,-1.3572364671500834,-2.157654296886405,0.9041091079924614,-1.0305394091383595,-1.0220795393098967,-2.157655133611242,3.0891357087164755,1.6465758429087505,1.6889288365802302,-0.19131393701627236,-0.792420758937912,2.4487964572937977,0.8809232083715132,-1.150029721840385
-0.4714792521978727,-0.7031054073256578,-0.7031065809955002,-0.5557344029804595,-0.45390183886631996,0.4482583102248451,-1.0220795393098967,-0.5557320919069381,-0.33933884440701373,0.03937196766165966,0.5290170563185622,0.9505470154214137,1.2552146985826302,0.3044860602635325,-1.0049013130325968,-1.150029721840385
2.56307093169333,-0.7268042263719571,-0.7268032114336057,-4.192712068191749,2.63564545388063,-2.274518587052586,-1.0220795393098967,-4.192707265659873,0.8439787889848857,0.4427490553726053,-0.21638911922268086,-0.6489071041112553,-0.30790216078677235,-0.1275017140012098,1.0217201891692855,-1.150029721840385
-0.243999498089419,-0.6622224270458975,-0.6622214108622442,-0.47506646219858856,-0.3699310127279305,0.1016214157049257,-1.0220795393098967,-0.47506907551574856,0.9873807523095594,0.48659439099336027,-0.06445864313147998,-1.3500979317236272,-0.46121026646899455,0.7299154569229891,1.5638356609253676,-1.150029721840385
1.4896043796259861,-1.2534976736449743,-1.2534966688626175,-1.324729863870583,2.655914273983,-0.23662910233467307,-1.0220795393098967,-1.3247336931415281,2.8290820646400245,1.5030575472039407,1.1388421770652497,-0.2345653673827842,-1.7397668743686079,2.0363721838856725,1.028197496765492,-1.150029721840385
-0.14884456826627498,-1.281217805326416,-1.2812189901437416,-1.0498317226683138,0.6261367180171031,0.8843498872015179,0.2725909621141842,-1.0498320164264077,-0.5002635991105129,-0.5943687236901121,-0.9467606144876436,-1.1015914104010214,-0.8807080825739152,-0.7806044915284078,0.15266404153015758,-1.150029721840385
-0.6201588300465353,-1.23753063262117,-1.2375296275309278,-0.994716378407317,-0.5147082991734295,0.669099557539955,-1.0220795393098967,-0.9947171520475235,-0.4088315019099916,0.13336290871227183,0.5899500246700354,1.2861512173527103,1.6154942008262987,0.05498863136458573,-1.4513607570583518,-1.150029721840385
-0.7851931614585507,-1.3412441601267644,-1.3412431570363839,-1.1395704791089185,-0.8419049665402575,0.663508639886408,0.2725909621141842,-1.1395757427381454,-1.2800774592908828,-2.0561869335426457,-1.2938108234880452,-0.7669723104698473,-0.3620860354275574,-1.1367662574801256,0.5388715953210131,-1.150029721840385
-0.4699924564193861,-0.6514806844761405,-0.6514796680853588,-0.5071793258349179,-0.6913365886369385,0.216235227602641,-1.0220795393098967,-0.507187882827318,-0.6210062438384506,-0.9994996248258878,-1.2398948353878423,-1.5414427515595215,-0.9146120710085597,-0.9234654913643933,0.705409582803431,-1.150029721840385
-0.4432301324066268,-1.2927322878853975,-1.2927312838595844,-1.061326038693885,-0.5378726650047094,0.314076286539715,0.2725909621141842,-1.061318916639084,-0.4228927886399699,-0.7462355077601207,-1.1043126072024696,-1.4521934615059136,-0.8059288269577902,-0.7913769755949621,0.6595700147827566,-1.150029721840385
-0.4848604142042523,-1.2902389427077017,-1.2902379386338103,-1.0985114369755784,-0.4625884760530499,0.46503106318548637,0.2725909621141842,-1.0985048194373646,-0.34855225101392673,0.2098956254787829,0.823910639388999,1.3464808661509817,1.5559318477754958,0.2964206512085216,-1.52747781055449,-1.150029721840385
-0.736128900768492,-1.3001006810970956,-1.3001040553436987,-1.0324042820711954,-0.8737559695582673,0.540508451508372,0.2725909621141842,-1.032405065770061,-0.4396423187954355,0.239045939261752,0.20733222721749653,0.8215737558766145,-1.4171537176611464,-0.4310569191615951,-1.7088090565639384,-1.150029721840385
-0.5740681609134498,-1.3874421905307086,-1.387441188331144,-1.0948118894768144,-0.3380800097099207,0.7529633223431613,0.2725909621141842,-1.094812689831869,-0.1296901123260357,-0.2017584522083398,-0.6271067841435296,-0.7905177235820232,-1.0931743019873228,-0.5113482058441756,0.1012849087708944,-1.150029721840385
-0.6915250274138932,-0.7314538006980552,-0.731454974914527,-0.497845387279213,-0.46837956751086984,0.8480089224534618,0.2725909621141842,-0.49785245800431405,-0.4792473084650984,-0.02470741205228016,0.30041062110928307,0.8530898391130445,1.3889345865083818,-0.07386255758691745,-0.9521930740140562,-1.150029721840385
-0.3480752025834828,-0.7540668434422148,-0.7540658290295563,-0.6520888208306187,-0.43652856449286004,0.23300798056328223,-1.0220795393098967,-0.6520860408814282,2.606450299223728,1.568852888254405,1.4121168183168775,0.40914111286150323,-0.7951355131109036,1.8698173007012302,0.3874737408548408,-1.150029721840385
-0.5027019635460919,-0.7633025092057781,-0.7633014949712068,-0.6000795137744664,-0.34966219262556064,0.6075994633509371,0.2725909621141842,-0.600074741576152,-0.5042074573985775,-0.013347579772984319,0.4438875768934987,0.9087258786940234,1.5302230658435798,0.09972513902957578,-1.2120048469932532,-1.150029721840385
-0.5606869989070702,-0.7822554350604667,-0.7822544211913562,-0.5955253114524587,-0.6768588599923885,0.40073551016969483,-1.0220795393098967,-0.5955220218147877,-0.4229089598326329,-0.5583083008975602,-0.7194155304603522,-0.5068739820310731,-0.7925883443124071,-0.7692738476656593,0.15388053522981002,-1.150029721840385
-0.7614044290027646,-0.7086196623762423,-0.7086208361524136,-0.5018377331896439,-0.8563826951848074,0.6048040045241635,-1.0220795393098967,-0.5018388698757531,-0.4548380233849144,-0.9713460827016352,-1.1811260499628202,-1.4803405682648414,-0.7250499434522247,-0.8690170032456187,1.0177717981898422,-1.150029721840385
0.4785832502550809,-0.5618143878794785,-0.5618133697597018,-2.0739238429879103,0.5421658918787137,-0.37640204367335023,-1.0220795393098967,-2.0739231735894967,-1.0266832166833397,-1.9011489856301382,-1.4221880675219654,-1.6561206686518029,-0.04708556774389223,-1.1074070522002946,1.0860442051713646,-1.150029721840385
-0.8981896406235342,-0.7377386066727389,-0.7377375919452304,-0.5295942312686052,-0.917189155491917,0.8032815812250851,0.2725909621141842,-0.5295978483229633,-0.4708821069959297,-0.939546122737268,-1.2550374317743578,-1.6667355475835783,-1.140212146165714,-0.8694077151029547,0.9787084476458603,-1.150029721840385
-0.771811999452171,-1.3469904560806287,-1.346991642166219,-1.0694274542058841,-0.6479034027032887,0.8256452518392735,1.567261463538265,-1.0694203343132986,-0.20488302830083296,-0.2393035180199925,-0.6657968325147468,-0.8388980934052045,-0.8982303454586285,-0.526753416219144,0.04056171411978666,-1.150029721840385
-0.6261060131604818,-0.8355504146005739,-0.8355559689546292,-0.6180549622096371,-0.6710677685345686,0.5293266162012779,-1.0220795393098967,-0.6180482164406798,0.11990268281915244,-0.09830448908130568,-0.5381651414389146,-0.9184629009450485,-0.5841269887390871,-0.24161748433317762,0.6626084684748599,-1.150029721840385
-0.6290796047174549,-0.7555926218345361,-0.755602552777136,-0.5482640867476614,-0.19909381472224158,0.9905773226189125,0.2725909621141842,-0.548258806128099,-0.40216949218420256,-0.780167802032375,-1.1295475300879936,-1.451535539458744,-0.9344363352144716,-0.8540025047279861,0.8418077223832603,-1.150029721840385
-0.783706365680064,-1.2075032262976815,-1.2075022206284343,-0.9318933137959544,-0.6652766770767486,0.8312361694928205,0.2725909621141842,-0.931891597708871,0.35696332530187436,1.0928712893855608,1.4203111866042883,1.0791270152990164,0.8491107090860248,0.92608071729555,-2.308607183861254,-1.150029721840385
-0.617185238489562,-0.6940164089254883,-0.6940175824200716,-0.5237560683440852,-0.5639325765648993,0.6159858398312577,0.2725909621141842,-0.5237641351686676,0.2708153826587358,0.8382991723794526,1.3234439374407643,1.4228943801544616,1.4023393705652838,0.9119034584722095,-1.8119301847745897,-1.150029721840385
-0.5592002031285835,-0.7131729178368281,-0.7131719026356304,-0.509596891098816,-0.26858691221608116,0.7920997459179909,-1.0220795393098967,-0.5095940731194458,-0.33831188673101575,0.17476047595592564,0.6589252107429716,1.2045368474458822,1.515304066553275,0.2459350976427279,-1.330230656118046,-1.150029721840385
-0.12356904003200235,-1.225024503560436,-1.2250234982290436,-1.0746562798953134,0.20049149586733586,0.42589463961065677,-1.0220795393098967,-1.0746605370152709,0.11288681957648973,0.06772318180261977,-0.42785104410818803,-0.7100492882968807,-0.8598073965741446,-0.21903992057711,0.09048939611055025,-1.150029721840385
-0.3242864701276968,-0.7597934378099516,-0.759790234442549,-0.6336900017191189,-0.1961982689933316,0.42030372195710963,-1.0220795393098967,-0.6336971087002741,1.7463918511411836,1.1011314562113796,0.8540796442854063,-0.2936632717173536,-0.319232208996458,1.3936790865575024,0.7680833382095243,-1.150029721840385
0.9885542022759934,-1.2843197106089401,-1.2843208954860783,-2.074268078958384,1.2573656869194791,-0.6447660910436104,-1.0220795393098967,-2.0742656785796916,-1.0424995125267362,-2.1089106867648795,-1.61028793008275,-1.4054809151822736,0.6358236988117902,-1.2038849729725156,1.1440612226951883,-1.150029721840385
-0.6677362949581073,-1.1729948036627416,-1.1729916082629162,-0.9190972318590533,-0.7202920459260382,0.5600766632957869,0.2725909621141842,-0.9190915556204291,-0.40022390643466965,0.1676358717792773,0.6501847889856758,1.1221427261586983,1.6257267724326654,0.24230705896746368,-1.2900022521794254,-1.150029721840385
-0.8862952743956412,-1.2315873208060304,-1.2315928827966884,-1.0287067129400778,-1.067757533395236,0.6355540516186725,0.2725909621141842,-1.0287005713634756,-1.172308458173491,-1.3812505527515173,-1.165962891984907,-0.6563864304669605,-0.9739284366435339,-1.135538305928498,-0.07226564353557711,-1.150029721840385
0.5365682856160593,-0.6411307845638088,-0.6411363351689572,-1.0420428892444455,0.4176574255355845,-0.6056296674687808,-1.0220795393098967,-1.0420421917396627,-0.22622204726433964,-0.6104642727952083,-0.7544367133555562,-0.7083419282812707,-0.507970797715239,-0.5868393182794832,0.7838136444549157,-1.150029721840385
-0.7465364712178983,-1.3416513262400669,-1.34165689035304,-1.125419215334235,-0.7058143172814884,0.7222132752486523,1.567261463538265,-1.1254180454900138,-1.4098698859773904,-1.6698012276933645,-1.340956098281076,-0.8374470277042638,-0.0387513405361252,-1.299246574152348,-0.03757610919628836,-1.150029721840385
-0.19344844162087374,-0.5557200305706943,-0.5557190123334028,-0.33973820171439245,0.40607524261994454,0.7557587811699349,0.2725909621141842,-0.3397412735053536,-0.5064780319554996,-0.8520363003621075,-1.1530214583017433,-1.441618614971817,-0.722377832532844,-0.8970924409942025,0.7544384497349658,-1.150029721840385
-0.5517662242361505,-0.6927292386318228,-0.6927260339712511,-0.5525947335256262,-0.4828572961554198,0.571258498602881,0.2725909621141842,-0.552596378350496,-0.7306707521732575,-0.1371407316829413,0.3483774187350616,1.2288463559988883,1.0642320257004994,-0.3842273122608755,-1.3643640790517793,-1.150029721840385
-0.018006539759451944,-0.703363717010441,-0.7033605125549293,-0.6747886112053871,-0.15855617451750184,-0.11921983161018423,-1.0220795393098967,-0.6747902886430172,1.2526822092308492,0.8744016530478996,0.7390433978240005,0.08449580760494223,0.16053144386377327,1.0130978295222746,0.27350287912180377,-1.150029721840385
-0.6826042527429735,-0.7480666159338177,-0.7480677904706271,-0.6846646224962051,-0.6855454971791185,0.6215767574848048,0.2725909621141842,-0.6846722376742023,-1.4919246041550716,-3.304603481102891,-2.121667548853928,-1.972211228062157,-0.04091531469612372,-1.6088857210912533,1.5641846208323538,-1.150029721840385
-0.8967028448450476,-1.3506067916675941,-1.3506035996925814,-1.0820019589663885,-1.0272198931904963,0.694258686980917,0.2725909621141842,-1.0819953370219013,-0.6576668592568988,0.2620810378895577,0.8496862324046273,1.6737188001381098,1.4008200092481056,0.002605334491730542,-1.9844401136134155,-1.150029721840385
-0.7197741472051391,-0.7729847442548988,-0.7729815411418584,-0.5529429262313922,-0.5726192137516292,0.8004861223983115,0.2725909621141842,-0.552942592781018,-0.10457468516623308,0.30805450203061024,0.7524475366792582,1.3167887922595718,1.4779461582810325,0.3136956969007417,-1.214139619651329,-1.150029721840385
-0.6543551329517276,-0.6966389089455758,-0.6966357043603926,-0.5502048654087776,-0.6971276800947585,0.5572812044690133,0.2725909621141842,-0.5502000798992401,-0.3147645436081501,-0.45937976521685053,-0.8613824173514144,-1.0386218758066856,-0.9799956878064338,-0.6891500089219372,0.38851227890471557,-1.150029721840385
5.749274284990168,-0.7792082564060746,-0.7792072424782068,-2.2094519186043926,5.548564457164072,-5.452955273094105,-1.0220795393098967,-2.209456231297987,0.5075230410435444,0.12359706992940439,-0.7354822914228899,-1.2762395463321958,-0.4517360488150771,-0.2826422293534746,1.3761160851446015,-1.150029721840385
-0.8119554854713099,-1.222570561554995,-1.2225695561762846,-0.9333256519719464,-0.5957835795829091,0.9514408990440829,0.2725909621141842,-0.9333259146353192,-0.07317231562014828,-0.16171514856851169,-0.6032656465541478,-0.7963062186582075,-1.1316724506833142,-0.46253713166696553,0.19313365879093775,-1.150029721840385
-0.23507872341849925,-0.7183785147047479,-0.7183774996039274,-0.5706572301372382,-0.3091245524208209,0.14355329810652886,0.2725909621141842,-0.5706564068226542,-0.20588425117560377,-0.4315080108610958,-0.8345572588607081,-1.1012079031379882,-1.07430210246241,-0.5933976958847687,0.566601395419776,-1.150029721840385
-0.8595329503828819,-1.3361108024079789,-1.3361119882837815,-1.0711644609994213,-0.920084701220827,0.7278041929021994,-1.0220795393098967,-1.0711612983067806,-0.1964176697674288,-0.14973706551355628,-0.3919434417773213,-0.4340659612844837,-0.30037410208000237,-0.3053035170789716,-0.21991530712830598,-1.150029721840385
0.23474874258327438,-1.1867749686263895,-1.1867783406877834,-1.2554276452172675,0.5334792546919838,0.07366682743719026,-1.0220795393098967,-1.255421564151024,-0.7938839442930125,-1.2740197923690935,-1.4512472632810114,-1.2285046141947251,0.3289967896618243,-1.0631170723722598,0.4822226118548556,-1.150029721840385
-0.3659167519253223,-1.3804262368041809,-1.3804252344693306,-1.1771634211257698,-0.3959909242881203,0.3056899100593944,-1.0220795393098967,-1.1771746298928345,0.6538483386805917,0.5978332669485975,0.059314089171029497,-0.22558220701986603,-0.7491593409157093,0.33342664569621766,-0.19709040962654165,-1.150029721840385
-0.5294642875588511,-0.7034140655083225,-0.7034152391841166,-0.5761847893412737,-0.613156853956369,0.4035309689964684,-1.0220795393098967,-0.576173581069044,0.3035677859664948,0.720541325660458,1.072628479268656,1.2040793894757895,1.0309987210171931,0.722491931633602,-1.4762682917739212,-1.150029721840385
0.2064996227920285,-0.6064778836306002,-0.6064768663720497,-0.6707072387508685,0.5711213491678135,0.16312150989394367,-1.0220795393098967,-0.6707074313230756,0.7363099449317294,0.566500149406667,0.036748489951759625,-0.15108347026208252,-1.159086102891191,0.199245030691057,0.21937725115835388,-1.150029721840385
-0.27522220943763814,-1.3534766560468383,-1.3534800313226665,-1.1841826695351894,-0.3062290066919109,0.22182614525618807,0.2725909621141842,-1.184187945071123,-1.3117319603354771,-2.0808454661800067,-1.9208916069571704,-1.6894837658828037,-0.09733860713028368,-1.6087461811422048,0.6641516776252762,-1.150029721840385
-0.5919097102552894,-1.330990579079945,-1.3309895757918493,-1.0913972269191319,-0.6334256740587388,0.5013720279335424,-1.0220795393098967,-1.0913950588105734,-0.29194333920099175,0.05892467416534213,0.5429658131386838,1.0827522924933406,1.3354243616044235,0.17730935070061268,-1.0912091080355375,-1.150029721840385
-0.9368463308641864,-0.7713714032575663,-0.7713703891785839,-0.5744200854006868,-0.9953688901724865,0.8004861223983115,0.2725909621141842,-0.57442272523469,-0.6729910639687215,-0.1695589424229681,0.2897158909133476,1.0190954526011655,1.9285528609232354,-0.20388588211042893,-1.1231632693987508,-1.150029721840385
-0.7182873514266526,-0.7503892140317416,-0.7503903886133365,-0.5334144591937994,-0.6710677685345686,0.7026450634612376,0.2725909621141842,-0.5334160988995773,-0.5413928541015097,0.09937593920135376,0.558460714950221,1.0687742649857632,1.7939959557812928,0.07868251471304276,-1.3787673644556642,-1.150029721840385
-0.5755549566919365,-0.6734063607709615,-0.673405344802963,-0.477962792432915,-0.45969293032413994,0.6383495104454461,0.2725909621141842,-0.47796243897082524,-0.4504599772680372,-0.5167256789999675,-0.9082509261437531,-1.0865086803054562,-0.8383883124793671,-0.7607060947940737,0.2651737205450978,-1.150029721840385
-0.8535857672689354,-0.750174685649464,-0.7501736711617548,-0.5457891488220177,-0.7666207775885979,0.8647816754141031,0.2725909621141842,-0.5457957377509567,-0.5324194071276609,-0.5507042369357065,-0.9612346555963641,-1.1455882825835115,-0.6185039018155793,-0.7658969808986824,0.15090464407083168,-1.150029721840385
0.4770964544765943,-1.3695903644340366,-1.3695893618902433,-1.6547947868926551,0.3887019682464847,-0.5217659026655745,-1.0220795393098967,-1.654802166400111,2.6949049842525405,1.5887042056769434,2.8814977093142957,0.3465795019842398,0.6272308782553637,4.34006511071928,0.1428876030204937,-1.150029721840385
-0.9056236195159673,-0.7373183061686849,-0.7373151023679043,-0.5000453321020074,-0.9895777987146666,0.7473724046896142,0.2725909621141842,-0.5000435007574747,-0.6539996500820263,0.004085409785579645,0.5100581724751404,1.1344693192943565,2.059012766876915,-0.031861032923280276,-1.348721360352763,-1.150029721840385
-0.4030866463874879,-0.7652485881021535,-0.7652475739051076,-0.570069654946258,-0.3351844639810107,0.43428101609097736,-1.0220795393098967,-0.5700653693305489,-0.34432670098269974,0.07408233263797531,0.5163711846743003,0.9590517076647611,1.4539585088985063,0.21897597948653297,-1.0615843583223445,-1.150029721840385
-0.2633278432097451,-0.7789061654187858,-0.7789095296154278,-0.6045862352729607,-0.5349771192757994,-0.021378772673110214,0.2725909621141842,-0.604587893974028,-0.5404750954469352,-0.657472360683283,-0.7915895551206359,-0.5860372315186924,-0.7453335266649178,-0.8442626162843919,0.1539667324976711,-1.150029721840385
-0.831283830591636,-1.3115648151581958,-1.311566000560689,-1.0745355994688832,-0.760829686130778,0.828440710666047,0.2725909621141842,-1.0745319430839342,-0.37285859688920203,-0.3858668039396154,-0.8344288576605247,-1.0554014212312528,-0.8828154310443265,-0.6436878935218943,0.0975506206825899,-1.150029721840385
-0.6915250274138932,-1.3414762010300443,-1.341475197944138,-1.1116754952947094,-0.601574671040729,0.7194178164218789,0.2725909621141842,-1.1116758055585085,-0.3090437668488658,-0.5569540372937345,-0.8995922554294357,-1.0748391313204007,-1.0915109717651004,-0.7144346476895486,0.4126864417042087,-1.150029721840385
-0.5250039002233912,-0.7764084421108394,-0.776407428128984,-0.5727266026953703,-0.42784192730613013,0.5740539574296546,0.2725909621141842,-0.5727238015649141,-0.6688404578518791,-0.1772849742249179,0.3726408643612668,0.9473623327987255,2.0131221420024277,-0.056447971945648635,-1.1216541220719247,-1.150029721840385
-0.7807327741230908,-0.8138239432321535,-0.813825119036932,-0.6186267104594461,-1.0445931675639561,0.4594401455319393,0.2725909621141842,-0.6186268891316951,-0.299255152657767,-0.38703601288950223,-0.8115615019247081,-1.0060816187277897,-0.9768850239989886,-0.6404784746937758,0.30394094176562153,-1.150029721840385
-0.7450496754394118,-1.2922025341250793,-1.292201530089051,-1.04556636202268,-0.7347697745705881,0.6914632281541434,0.2725909621141842,-1.045566160050333,-0.34348353847492563,-0.8647630136079976,-1.246823997792046,-1.6986972652947496,-1.0237123185949082,-0.8201222050989794,1.1085604608430457,-1.150029721840385
-0.7316685134330322,-0.7630354432604938,-0.7630366180859403,-0.5804402581486754,-0.7434564117573181,0.6579177222328608,0.2725909621141842,-0.5804468563257728,-1.5434413291170752,-3.2400236126657984,-2.1040703070591387,-1.7884415610584887,-0.4779403400298489,-1.6839023976997958,1.4138239141375422,-1.150029721840385
-0.664762703401134,-0.7343105306865478,-0.7343117049581047,-0.5523810698198152,-0.6479034027032887,0.6243722163115784,0.2725909621141842,-0.5523762848910927,0.39121078145389865,0.651566409192316,0.4034756750603671,0.4099508344575595,-0.7746261974869646,0.23546960146408102,-0.9684509909554683,-1.150029721840385
-0.9368463308641864,-1.3694021048332623,-1.369405480416174,-1.0784646376146292,-0.6276345826009189,1.1555093933985516,0.2725909621141842,-1.078468895751013,-0.07488785311276527,-0.18594889665933087,-0.6024262796208599,-0.7599877159418184,-1.1540819104578772,-0.4892171699250632,0.16696514146327157,-1.150029721840385
-0.7762723867876309,-0.7601042850577416,-0.7601032707615004,-0.5363206812663577,-0.6305301283298288,0.8508043812802354,0.2725909621141842,-0.5363243001159621,-0.6126490410237174,0.030796366766626625,0.4743620065399732,1.0264220959902137,1.6316440782685107,0.03486697071177349,-1.2789516234117828,-1.150029721840385
-0.3183392870137503,-0.6071674391450639,-0.6071686109649773,-0.45932854757149394,0.1628494013915061,0.7557587811699349,0.2725909621141842,-0.4593262107678697,-0.44207686576828475,-0.46013260119537475,-0.874567271914811,-1.0304632795772593,-0.983629589726632,-0.7345004923627414,0.22570301839654655,-1.150029721840385
-0.8639933377183419,-1.430146472994703,-1.4301454716185862,-1.1562540534709913,-0.8853381524739072,0.7697360753038026,0.2725909621141842,-1.1562459675677796,-0.308088623178995,-0.39315963961984457,-0.8187399531793337,-1.0267120221032242,-0.817430561044994,-0.6730750067915354,0.17386370344918628,-1.150029721840385
-0.7941139361294705,-0.7420313633834162,-0.742030348738683,-0.5012026771751501,-0.7173965001971283,0.8004861223983115,-1.0220795393098967,-0.5011983731792874,-0.43683287836687146,0.27733122368916036,0.845961361538006,1.4595896012812202,1.4234729602441427,0.17086260505456627,-1.8228202363738781,-1.150029721840385
-0.49229439309668543,-1.3432121296743926,-1.343213315687127,-1.0802234064522769,-0.45100629313741,0.49019019262644825,-1.0220795393098967,-1.080224697505803,0.17912750240007141,0.7980666082980961,1.1684096771682133,1.1249077764442286,1.2183597787885156,0.6759693126207893,-2.1149212278381353,-1.150029721840385
-0.7747855910091442,-0.7234286879487727,-0.7234320510756673,-0.513187628377028,-0.757934140401868,0.7250087340754259,-1.0220795393098967,-0.5131823383957845,-0.1717515583263493,-0.23951380739946854,-0.6577009322267684,-0.8096330066436181,-1.0073413071242163,-0.5062410437089957,0.19412492737134024,-1.150029721840385
-0.6944986189708665,-0.7200334479394609,-0.7200324328705516,-0.5398639377210562,-0.4133641986615802,0.9067135578157062,-1.0220795393098967,-0.5398606332277225,3.1549848052403027,1.8846738899267053,2.324549665764343,0.9155808620391688,-1.311700684843918,3.0314036525616284,0.18590977163277314,-1.150029721840385
-0.5621737946855568,-0.8516444214016446,-0.8516455979356985,-0.45989436071836376,-0.7173965001971283,0.3643945454216388,0.2725909621141842,-0.45989251865779496,-0.6056656940501728,0.4562370161721987,0.8061426594988383,1.4673097138381783,0.5299627108548474,-0.14332554422332408,-2.2768247218945064,-1.150029721840385
-0.7643780205597379,-0.8155204687042468,-0.8155260226720735,-0.6097477964624126,-0.3670354669990205,1.0828274639024396,0.2725909621141842,-0.6097514349092419,-0.584505949276296,-0.9471207461859951,-1.279629133638571,-1.63996211260217,-0.9839090505351966,-0.9266749101925117,0.7228506267601622,-1.150029721840385
-0.5948833018122626,-1.2875879848409857,-1.287586980715977,-1.087286178949917,-0.6421123112454687,0.4985765691067689,0.2725909621141842,-1.0872825259680157,-0.12740006278440122,0.3239902312073048,0.7399783690271752,1.291408757115024,1.1616374219958112,0.26789868562298214,-1.375626030153533,-1.150029721840385
-0.7792459783446042,-1.3312861028718581,-1.3312850995894607,-1.1176996247779907,-0.7000232258236684,0.7893042870912174,0.2725909621141842,-1.1176974636893733,0.005022530141040599,0.28640310751975684,0.10131220236053799,0.3771976103968089,-0.996998545928483,-0.22517967833524946,-0.9379281213223033,-1.150029721840385
-0.8402046052625558,-1.3705075827215296,-1.37050876926059,-1.0157958856796856,-0.6102613082274589,0.9905773226189125,0.2725909621141842,-1.015799137906095,-0.6172360954586694,0.40719753287838545,0.8004801622305503,1.5165379822436613,0.8520417760244201,-0.08767701254273153,-2.17246485552798,-1.150029721840385
-0.44025654084965354,-1.395403820391358,-1.3954050074104813,-1.1017757435921347,-0.14118290014404195,0.6914632281541434,0.2725909621141842,-1.1017740728455794,-0.7516672200663754,-0.2729077608602642,0.3117113725236379,0.7603585038579452,1.80119877811362,-0.0006040843363879345,-1.0157399243268714,-1.150029721840385
-0.6632759076226473,-1.2716362672730583,-1.2716374519056273,-1.0986420092402407,-0.6276345826009189,0.6411449692722196,0.2725909621141842,-1.0986433052095732,-0.2644340538756856,-0.6769409514351751,-1.0741732509377169,-1.426035643086344,-0.8538726027727928,-0.701373708458597,0.836736681503852,-1.150029721840385
-0.7197741472051391,-1.3419468500319798,-1.3419502250854838,-1.1544952846333436,-0.6189479454141888,0.7557587811699349,0.2725909621141842,-1.1545025306140797,0.1093155942548429,0.6998109986317098,0.5870692377718705,0.9258618444407055,-1.5940675248461345,0.14203365158111986,-1.9166612555043239,-1.150029721840385
-0.5725813651349633,-1.267523013902654,-1.2675220093907416,-0.9624590939328006,-0.5204993906312495,0.5740539574296546,1.567261463538265,-0.9624549130433093,-0.2797066151012618,0.52495537959738,1.0350133800521226,1.585770296663981,0.7928553476211258,0.2659172183464914,-2.0777048622998544,-1.150029721840385
0.06525402383579908,-0.7516238467624005,-0.7516228323026347,-0.7018388320345845,0.26129795617444546,0.12957600397266114,-1.0220795393098967,-0.7018395275076573,1.7017179750487275,0.9733386003037884,0.6753893425034108,-0.6982559530108419,-0.6399461532756012,1.4305455410961496,1.299604192550519,-1.150029721840385
-0.7896535487940105,-0.6978166259829773,-0.697815610485671,-0.489908176281865,-0.9606223414255667,0.5572812044690133,0.2725909621141842,-0.4899043638636162,-0.6484268484297983,0.11558925035895667,0.5716903725681375,1.110648814258822,1.9795369113233379,-0.0007715322752461214,-1.6972766962912333,-1.150029721840385
-0.07301798356345708,-0.6684722079785766,-0.6684690028502676,-0.605791061169617,0.08756521243984658,0.22182614525618807,0.2725909621141842,-0.605794698560419,1.4919574356894447,1.281151782405641,0.9619023697130636,0.24556895041981683,-0.8259407904171756,1.3475750873918353,-0.23172919880007345,-1.150029721840385
-0.5547398157931237,-0.8059673884975176,-0.8059685641508016,-0.6234499707813639,-0.7955762348776978,0.2749398629648854,0.2725909621141842,-0.6234442156363869,-0.37592051658385967,-0.7790238278080254,-1.1263608693795435,-1.4575313271174988,-1.1318151273867925,-0.820875720823842,0.8546601521049025,-1.150029721840385
-0.10424069491167622,-0.8049166372373824,-0.8049178128704053,-0.6549337135061387,-0.17882499461987172,0.023348568555266482,-1.0220795393098967,-0.6549324180923626,-0.4653670347626707,-0.8205097165910591,-1.1600782166091619,-1.4697452362759795,-0.7166955741009783,-0.8205408249461251,0.7573357901579093,-1.150029721840385
-0.34510161102650955,-1.353365013725449,-1.3533661999339568,-1.1472425888416493,-0.2743780036739011,0.3839627572090536,1.567261463538265,-1.1472419194139898,-0.41684910967880134,-0.09712686855623984,-0.282760079686937,0.12396905809193443,-0.8429353060958512,-0.5732760352319567,-0.8101698675670341,-1.150029721840385
-0.4476905197420867,-0.7722689199589318,-0.7722700949624233,-0.518319514051784,-0.5031261162577897,0.35600816894131815,0.2725909621141842,-0.5183211497288182,-0.2291464248794656,0.5950658587146928,0.957487982133874,1.0466355523620208,1.7122436069029225,0.37400486287955853,-2.111947422096928,-1.150029721840385
0.13959381276013036,-1.3577781690180168,-1.3577771662464542,-1.1022426383566846,0.21207367878297578,-0.057719737421166276,-1.0220795393098967,-1.102238989366566,-0.4120728696780712,-0.16752754701722952,0.511400769674725,0.988990693229612,1.6404889356916241,0.08557578819604483,-0.8062006224098824,-1.150029721840385
-0.3525355899189427,-1.3029771126717158,-1.3029782979086162,-1.103447464253341,-0.27727354940281107,0.39514459251614775,-1.0220795393098967,-1.103445793952957,-0.14057941092097248,0.18196078430918536,0.6069428681914502,1.2511740869880534,1.5979838052133157,0.16274138001993602,-1.0928906498980857,-1.150029721840385
0.9513843078138278,-1.3691722529951078,-1.3691712504432523,-2.810220843418371,0.5508525290654436,-1.2569715741070164,-1.0220795393098967,-2.810216166500521,0.684621248899363,0.41667317231757595,0.05713837129946509,-1.1288330653726948,0.22194290710998654,0.5624954260544452,0.49309319955494973,-1.150029721840385
-0.4714792521978727,-0.6956450733786979,-0.695646246904686,-0.5175677343461529,-0.39019983283030035,0.509758404413863,0.2725909621141842,-0.5175693698225419,-0.4769645620427311,0.13776216253091064,0.5653883774323141,1.1820660653897028,1.5470251987951495,0.0518071205262767,-1.4860064976244531,-1.150029721840385
-0.16817291338660112,-0.6815562502323852,-0.6815596125518723,-0.5461689954101261,0.1309983983734963,0.442667392571298,0.2725909621141842,-0.5461642088234409,-0.4051359496770108,0.04657227601491937,0.5300053904087101,1.1739341895679312,1.3384829343227311,0.15132701218775843,-1.0753953850793128,-1.150029721840385
-0.7093665767557328,-1.3318902848464358,-1.3318914706408562,-1.0784191351587622,-0.42205083584831016,0.926281769603121,0.2725909621141842,-1.0784144906262165,-0.2971490721681484,-0.6371752297762553,-1.039631159911075,-1.3561441677866082,-1.2745029332129612,-0.749375450931325,0.7112682164609572,-1.150029721840385
-0.8654801334968284,-1.3662739307692349,-1.3662729281614923,-1.0973224380200932,-0.769516323317508,0.8843498872015179,0.2725909621141842,-1.0973177985327176,-0.4831730828387872,0.03623865590746662,0.4237448575079589,0.8077621957279639,1.401427972679952,0.11303725016881479,-1.2649654215620645,-1.150029721840385
-0.4655320690839262,-0.7653098819256614,-0.7653154349252999,-0.4910101270609086,-0.6450078569743787,0.25257619235069706,0.2725909621141842,-0.4910097770810686,-0.15368190242144636,-0.24940161402243208,-0.6776986298301366,-0.8287618403414647,-1.1461252347678554,-0.5494426119344509,0.26153605681350856,-1.150029721840385
-0.3376676321340764,-1.2603363130963543,-1.260335308445864,-1.0714770430875522,-0.42784192730613013,0.22182614525618807,-1.0220795393098967,-1.0714803101749046,3.0267768076671873,1.8543964250697447,2.291016108401788,0.3768480592336827,-0.4978976811874019,3.254472215110765,0.05818071372629554,-1.150029721840385
-0.15925213871568136,-0.7182252801459782,-0.7182264541073704,-0.5546641060837583,-0.07458534837911238,0.22741706290973515,-1.0220795393098967,-0.5546613001325379,-0.3111441091733459,0.033551157637762785,0.5562304444384881,0.9526919969475378,1.1379106370809045,0.28464347950881724,-1.0059794740201173,-1.150029721840385
-0.9963181620036514,-1.3628458547830438,-1.3628470411743665,-0.9191743881972628,-0.31781118960755084,1.5664418409342624,0.2725909621141842,-0.9191929469893677,-1.620346652676232,-3.0352522265072066,-2.125515268798934,-1.9277174037994327,-0.5653222511740724,-1.7799337906350616,1.108767612341615,-1.150029721840385
0.02511053781666019,-0.6945855658580616,-0.6945845502984522,-0.5714742959752005,0.21496922451188577,0.1603260510671701,0.2725909621141842,-0.5714724836945989,-0.12129465507704588,0.6663161062687656,0.6185702013089339,0.971583948550688,-1.5297690470900034,-0.004064675072793443,-2.063881323036261,-1.150029721840385
-0.8030347108003901,-1.3876370173268586,-1.3876360151310507,-1.0444861732877468,-0.5581414851070793,0.9710091108314978,0.2725909621141842,-1.0444830034748427,-0.6857106633590452,0.012454927088726154,0.4896957872829219,1.0244946407536806,1.9002769331661726,-0.05887596705909458,-1.3289272700112755,-1.150029721840385
-0.243999498089419,-0.7357005870411016,-0.7357017613394624,-0.6302080746614588,-0.2251537262824314,0.24139435704360288,-1.0220795393098967,-0.6302077618326559,1.4801093418650035,0.9742849025114306,0.7076933399290326,-0.2475909815982924,-0.836891481359931,1.1863785382508605,0.7288733132823272,-1.150029721840385
-0.5235171044449046,-0.6740937272203,-0.6740949003307231,-0.49510534808895207,-0.2599002750293512,0.7333951105557466,0.2725909621141842,-0.49510994512253625,-0.21148365704801936,-0.3002495859797393,-0.6991225226378883,-0.8264518711799539,-1.1632313866810355,-0.5751458705492082,0.2319738696334406,-1.150029721840385
-0.8074950981358501,-1.40754437557617,-1.407543373764227,-1.1558564015740653,-0.9808911615279365,0.571258498602881,-1.0220795393098967,-1.1558552398533335,-0.2945086467854818,0.023949344570886665,0.48198624837904963,0.8503793416036602,1.3486793124658076,0.27230814801291886,-0.994177399715718,-1.150029721840385
-0.7153137598696793,-1.2144031595725693,-1.2144087212318728,-0.9721570521354427,-0.7347697745705881,0.6355540516186725,0.2725909621141842,-0.9721563359785793,-0.21966071625416234,-0.46736235006176113,-0.8442123383748114,-1.0407146874291295,-1.09395050893881,-0.6678562126971167,0.48325767420844556,-1.150029721840385
-0.553253020014637,-0.8147433505847718,-0.8147379592117763,-0.5649120504920989,-0.5060216619866996,0.5516902868154662,0.2725909621141842,-0.5649067743157711,-0.43425905047656976,-0.49196200167286863,-0.8939070681573082,-1.0755717148028725,-0.931394057332175,-0.7403890782125934,0.23957591254738286,-1.150029721840385
-0.45809809019149306,-1.3490022069307626,-1.3490033930551444,-1.1682785720257973,-0.25121363784262124,0.6187812986580312,-1.0220795393098967,-1.1682793919886372,0.07798243045800415,0.6458086859822619,1.0126367776035863,1.222951540414407,1.1631949189064736,0.5992223406440443,-1.7803882409907446,-1.150029721840385
0.11283148874737109,-0.7503038404918556,-0.7503028260066368,-0.7729176248343652,0.09335630389766655,-0.12201529043695777,0.2725909621141842,-0.7729124041733875,0.049041559872540295,0.1920504687364459,1.0015704991953374,1.8134819633786847,0.9160870651112183,0.21995275912987364,-0.5531358710585863,-1.150029721840385
-0.6930118231923799,-1.254885540934403,-1.2548845361788077,-1.0509237816091253,-0.9316668841364669,0.4035309689964684,-1.0220795393098967,-1.050922591882552,-0.38406923273189436,0.03673493884303008,0.5881811978090129,0.9564481446728068,1.4545589166765471,0.32773341577503384,-1.1765464886357841,-1.150029721840385
-0.23656551919698587,-0.6985587190604478,-0.6985598926426184,-0.6795149315126315,-0.09774971421039223,0.35041725128777107,-1.0220795393098967,-0.6795111696992064,-1.2934204320757972,-2.4331937330672955,-1.6120639103498475,-1.1960764282463612,0.16992235701780622,-1.3366432804973802,1.058096826485178,-1.150029721840385
-0.9903709788897049,-1.1281036451385904,-1.128117961394489,-0.9115042568321785,-1.1343550851601656,0.766940616477029,0.2725909621141842,-0.9114995677511253,-1.3291662448641361,-1.7018367117627449,-1.3205107821548105,-0.8196065692622592,-0.07373244247768734,-1.2691338531476541,0.08918044888972423,-1.150029721840385
2.0917566699130696,-0.6974422958465541,-0.6974456584723648,-1.6252538011966429,1.9725654819602445,-2.0285182102965145,-1.0220795393098967,-1.6252502917948404,1.5085581213188939,1.031942044576172,1.2291852831954382,-0.08758432975746301,0.20464586643304733,2.1088771414113396,0.5965681536473856,-1.150029721840385
-1.2475866485678913,-0.7096726027015028,-0.70967158743281,-0.04780235834134533,-1.0040555273592164,1.3763506407136614,1.567261463538265,-0.04780584680855078,-1.2439200635667012,-0.0829239238664279,0.4082867873789893,1.241559273159882,2.0951927566263864,-0.7105833450958065,-1.8024672540698077,-1.150029721840385
-0.13546340625989536,-0.7589944290392238,-0.7589934147215818,-0.6218514497230745,-0.6768588599923885,-0.3987657142875386,-1.0220795393098967,-0.6218541022162036,-1.1854627670440034,-2.1068834971467303,-1.4931919841140724,-1.1830035969939359,-0.11751182442955048,-1.2227786820737,0.8884244560931985,-1.150029721840385
-0.7703252036736844,-0.6875105073731512,-0.6875094916771167,-0.48642624922420485,-0.6507989484321987,0.8200543341857264,-1.0220795393098967,-0.4864249088368701,0.1946184616684945,0.7729033811499928,1.1165587926435352,1.245816722000292,1.2642323385560337,0.6486473905970681,-1.8152515601442694,-1.150029721840385
-0.8506121757119621,-0.7335947063905808,-0.7335915025179996,-0.5611927193168711,-1.0069510730881264,0.6271676751383519,-1.0220795393098967,-0.5611874421478775,-0.7163067337612757,-1.4375492254248434,-1.239583028561918,-1.1565743873644592,0.059662707853896,-1.1214447710745865,1.057585203992067,-1.150029721840385
-0.45809809019149306,-1.2233082765022152,-1.2233050820725622,-0.9899564258500838,-0.045629891090012566,0.8172588753589528,-1.0220795393098967,-0.989954230667628,-0.4424856665634543,-0.027180415154918425,0.4432267126147385,1.082815283268558,1.473977745650755,-0.028567890125732954,-1.1679747264584046,-1.150029721840385
0.10391071407645133,-1.2304074147035036,-1.23040422041074,-1.1573124801618142,0.2410291360720756,0.0373258626891342,-1.0220795393098967,-1.1573142863819619,1.9256496956945799,1.186475297977937,0.7435010374087705,-0.6369142774984818,-0.25382403232262,1.639827556679282,0.7989058128624322,-1.150029721840385
-0.8684537250538017,-0.8030493646855171,-0.8030483512173667,-0.4315700711248862,-0.7955762348776978,0.8647816754141031,0.2725909621141842,-0.4315598134400055,0.115904051136584,1.1545912222617793,2.2168129448761427,2.4353619933357673,-0.4314831981879552,1.1949183831326369,-2.635645874379529,-1.150029721840385
-0.783706365680064,-1.3188390785695066,-1.3188402641122663,-1.0106936755196256,-0.8448005122691674,0.6579177222328608,0.2725909621141842,-1.0106974209763318,-0.3981628618471986,-0.4219440498825254,-0.8431750773748953,-1.0059543903529171,-0.9302097277422946,-0.7466125599401622,0.10195224245756088,-1.150029721840385
-0.605290872261669,-0.8139793668560484,-0.813976164533489,-0.5984829710838234,-0.5262904820890695,0.6299631339651254,-1.0220795393098967,-0.5984821551957508,0.417414721152094,1.159974630376366,1.7481085496024074,1.3183391979957755,0.9578050689869841,1.2696838878328915,-2.2537064756263114,-1.150029721840385
-0.6513815413947543,-1.2543798668904629,-1.254378862125117,-1.0545145188873373,-0.6971276800947585,0.5516902868154662,-1.0220795393098967,-1.0545133301191085,-0.48562275770154695,-0.18062436957099748,0.31716216858787194,0.7213938523888358,1.367010916128655,0.10385552152141503,-0.8785514114118966,-1.150029721840385
-1.0349748522443036,-1.2865985274043583,-1.286595334195103,-1.0448462361993913,-0.8592782409137174,1.116372969823722,0.2725909621141842,-1.0448465286268909,-0.47129490711831695,-0.7914182838343433,-1.1353637924952868,-1.4242705674143243,-0.7730121184850968,-0.8316202969005864,0.5876891399184367,-1.150029721840385
-0.8520989714904488,-0.7035213296994614,-0.7035203143121562,-0.45199078197100445,-0.7782029605042379,0.8508043812802354,0.2725909621141842,-0.4519889378010214,-0.45059560662585607,-0.954266379300591,-1.2271951531181897,-1.5599026310945834,-1.0308205191214728,-0.8955854095444773,1.0026038596033189,-1.150029721840385
-0.6855778442999467,-0.7822007084323347,-0.7821996945621689,-0.6030846542293448,-0.43652856449286004,0.8675771342408766,0.2725909621141842,-0.6030892800819114,-0.6908268461732828,-0.10866754970188508,1.5636974999985298,0.1861087634144459,4.261058379460771,1.5813324100380972,-1.0804135953751934,-1.150029721840385
-0.6796306611860002,-0.7597168205305668,-0.7597158062268542,-0.60265337008243,-0.5899924881250891,0.7082359811147846,-1.0220795393098967,-0.6026540390835409,-0.3692139926072993,0.01140348019134594,0.4504177765793298,1.0645133640091577,1.4525472069726226,0.12018169556010438,-0.9499880922910291,-1.150029721840385
-0.5131095339954982,-1.2973928075371222,-1.2973918036011756,-1.160299815307875,-0.5262904820890695,0.4566446867051657,-1.0220795393098967,-1.1602966764048872,-0.8678621080963702,-0.41822192786579937,-0.5125903469516582,0.1664332429730134,-0.2864232887122353,-0.8281597061641803,-1.1560843694683733,-1.150029721840385
-0.819389464363743,-1.383521574891329,-1.3835183835509974,-1.1607310994547897,-0.9635178871544767,0.6103949221777106,-1.0220795393098967,-1.1607319174032575,-0.2832834047042551,0.07867084689814256,0.5026450395009061,0.872462525824954,1.2801705708220903,0.27655016246399694,-1.0899585525122948,-1.150029721840385
0.3655867710900974,-0.7369198963158836,-0.7369188815725881,-0.9406713310430215,0.3887019682464847,-0.31210649065755874,-1.0220795393098967,-0.9406706064828216,1.94628691967327,1.1635495498274588,0.6405018125856939,-0.44580844397660674,-0.405946739097184,1.3279278625657889,1.2184237447067991,-1.150029721840385
-0.7614044290027646,-1.2603012880543498,-1.2602980943380164,-1.0170936948557228,-0.5147082991734295,0.9346681460834416,-1.0220795393098967,-1.0171023879409886,-0.38786233377222956,-0.9560328100881897,-1.2400696111838587,-1.6949853424959942,-1.1191534897148574,-0.8198431252008822,1.057848661770449,-1.150029721840385
-0.45809809019149306,-0.6389001272011468,-0.6388991105677799,-0.47445910333114444,-0.3815131956435704,0.49298565145322176,-1.0220795393098967,-0.47445578138168104,-0.4384280882753722,-0.01990440262504734,0.4167431817869365,0.9242680203802363,1.506887638420172,0.14817340933925935,-0.9953174280971064,-1.150029721840385
-0.5383850622297709,-0.7319375840907425,-0.7319409473817103,-0.494389179000956,-0.613156853956369,0.42030372195710963,0.2725909621141842,-0.49438536777865805,-0.5843786663404967,0.0297028619933512,0.5019407510539203,1.0474251531421408,1.9676027900062327,0.03701588592712246,-1.3617865026870302,-1.150029721840385
-0.24845988542487887,-1.1853455090995806,-1.185344503003076,-1.2307000280049412,-0.16434726597532182,0.3084853688861679,-1.0220795393098967,-1.2307018538117533,3.2980250902774597,1.7727915284702715,3.3550652436561794,0.0782385559418902,0.27345850624689094,5.232618440813924,0.4135511949398473,-1.150029721840385
0.4993983911538937,-1.3477872757862313,-1.3477862728220187,-1.330603637412738,0.6261367180171031,-0.33447016127174706,-1.0220795393098967,-1.330606973659312,2.3562892518460377,1.3990862722033954,0.8924100504131058,-0.14128520569081507,-0.8181821416489133,1.5828952574674418,0.5122783479073539,-1.150029721840385
-1.014159711345491,-1.3414871463556706,-1.341488332335143,-1.056217893430886,-0.9113980640340971,1.0269182873669687,0.2725909621141842,-1.0562147267491024,-1.2182273422172079,-1.768115718386004,-1.276093474548387,-0.6131390525544712,-0.4886039366185227,-1.2201832390213956,0.4038227210389126,-1.150029721840385
0.35071881330523114,-0.9226204799586518,-0.9226194687961379,-1.01115265681359,0.3192088707526451,-0.35124291423238835,-1.0220795393098967,-1.0111499726962283,0.35519423160129815,0.46213773616029646,0.34544333328466637,0.5328378179599533,-1.414948778988899,0.09626454829316977,-0.8247761336339466,-1.150029721840385
-0.5859625271413429,-1.2910839218460606,-1.29108510685363,-1.0111506784459436,-0.21936263482461146,0.889940804855065,0.2725909621141842,-1.0111524456564465,-0.3364513301558078,-0.3994346747034097,-0.8274715410827576,-1.0393486176223257,-0.63248192534449,-0.6384970074172853,0.16477614794315412,-1.150029721840385
-0.4655320690839262,-0.7092457350020729,-0.7092469087903165,-0.49190830597237317,-0.48864838761323975,0.4035309689964684,-1.0220795393098967,-0.4919049886799897,0.2976279156291954,0.9790374424875892,1.2931460865849453,1.5627313755957308,0.21351584284970104,0.6932722663028194,-2.1679721705103496,-1.150029721840385
-0.4432301324066268,-0.726018351991981,-0.7260217151688109,-0.5628545481398453,-0.4017820157459403,0.44546285139807157,0.2725909621141842,-0.5628492714143831,-0.025955215184795793,0.28464508830733715,0.06437821248643509,0.3741295402740712,-1.0635687192558836,-0.2455804188861587,-0.8595212791137908,-1.150029721840385
-0.6498947456162677,-1.319276891594563,-1.31927369901543,-1.0258539067939723,-0.37572210418575047,0.859190757760556,0.2725909621141842,-1.0258566671127591,-0.43880419891763156,0.4957966542392319,1.0882236303028667,1.6914010943715883,0.9867896521182228,0.2752384869429399,-2.1811520108220126,-1.150029721840385
-0.6796306611860002,-1.251488111859966,-1.2514871070388596,-1.0205736435457364,-0.6565900398900186,0.6439404280989931,-1.0220795393098967,-1.0205768970472988,-0.024046666682974987,0.2963666183193318,0.8120698182601496,1.2820646612683713,1.5705096768880158,0.32432864101824727,-1.1110435164539276,-1.150029721840385
-0.4328225619572204,-0.7695019416405757,-0.7695009275255453,-0.5530141474666624,-0.3728265584568405,0.45384922787839216,-1.0220795393098967,-0.5530118356671224,-0.06116181433390861,0.4155165807304577,0.8358757600503032,1.423963243092693,1.1136544790127039,0.3791957489841678,-1.400165836202179,-1.150029721840385
-0.8327706263701227,-0.798688746955956,-0.7986877334037218,-0.5938496340559598,-0.8129495092511576,0.7809179106108968,0.2725909621141842,-0.5938527736676281,-0.10694193911154908,-0.16644245381913314,-0.603141434084384,-0.7693683907399314,-1.0044314437956292,-0.46585818245432276,0.2237260423497971,-1.150029721840385
-0.4030866463874879,-0.7924214535022747,-0.7924204398291911,-0.6155226516222478,-0.5697236680227192,0.20784885112232035,0.2725909621141842,-0.6155183781376511,-0.39354050900245535,-0.7682528057912624,-1.100028639907976,-1.4109178363293466,-1.0329735402183597,-0.8244200355296771,0.8199344705242526,-1.150029721840385
-0.8684537250538017,-1.309360426577037,-1.3093594228718568,-1.0567441392248276,-0.908502518305187,0.7557587811699349,-1.0220795393098967,-1.0567464131959754,-0.37666786912220024,-0.5945748072819985,-0.7405722012719117,-0.6007617997264122,-0.6714488643801765,-0.7065087785835864,0.25560929950880196,-1.150029721840385
-0.4313357661787338,-1.1255577623978879,-1.1255567551485228,-0.9990252631411715,-0.39019983283030035,0.43428101609097736,-1.0220795393098967,-0.9990225757870864,0.6669240520770859,1.013095910387529,1.6239490896192998,1.2406910906692075,0.8266078939833688,1.0880028741715781,-1.7484743977044341,-1.150029721840385
-0.6127248511541021,-1.3278689722112935,-1.3278701579281726,-1.146878569194712,-0.7376653202994982,0.43987193374452443,-1.0220795393098967,-1.1468734483415057,-0.4593263118259675,-0.03449848556068472,0.4463161519098083,0.7489813124604021,1.1885762921000327,0.2288274998893665,-1.1519934749412564,-1.150029721840385
-0.3941658717165682,-0.7650099800034978,-0.765008965801851,-0.5305636314153401,-0.35834882981229055,0.39514459251614775,0.2725909621141842,-0.5305598298477708,-0.12487283575037575,-0.19862514045414675,-0.6464541069904411,-0.816725921345091,-1.3042729926352763,-0.49711513104121535,0.22053326774265217,-1.150029721840385
-0.4848604142042523,-1.3709541520070871,-1.370953149489591,-1.109997839530564,-0.23963145492698132,0.6802813928470492,-1.0220795393098967,-1.1099941926102588,1.4921184520809068,1.0721746086575286,0.6146041021951891,-0.37288722276144415,-0.5927642402869564,1.1111665057136502,0.44409074791517894,-1.150029721840385
-0.37335073081775544,-1.2459869912001331,-1.245985986272951,-1.0325427678064432,-0.06879425692129242,0.6355540516186725,-1.0220795393098967,-1.0325361326616158,2.091873211193996,1.3238741727399939,1.3192016905596196,-0.16833229883436557,-0.1680753368346373,1.8654915622807229,0.29532886151133925,-1.150029721840385
-0.7926271403509838,-1.1823114648359403,-1.1823104586809314,-0.9943009212015734,-0.6913365886369385,0.8228497930124999,0.2725909621141842,-0.9943041676911152,-0.07089096026811759,-0.21411505614635207,-0.6143891467210558,-0.767697921351239,-1.1088408944538173,-0.4628441195548724,0.2372604036825016,-1.150029721840385
-0.7911403445724972,-0.7447873963761459,-0.7447863817845559,-0.4865370378124031,-0.7839940519620578,0.730599651728973,1.567261463538265,-0.48653866500689874,-1.4054605407779397,-1.560661039745298,-1.335699112508526,-0.7124655154571452,-0.29789713293817266,-1.3153773922623695,-0.07112700543270244,-1.150029721840385
-0.9606350633199725,-1.238377800824654,-1.2383767957507474,-1.0530485484613565,-0.7463519574862281,1.085622922729213,-1.0220795393098967,-1.0530493376700443,-0.47357782742447635,-0.6578256468408028,-0.7986998539170034,-0.5985768089033878,-0.5702503193091805,-0.7567431602410927,0.20720605790851707,-1.150029721840385
-0.6796306611860002,-0.7479352720263008,-0.7479364465605776,-0.5427246573377474,-0.5291860278179795,0.766940616477029,0.2725909621141842,-0.542724321160183,-0.16417961471662912,-0.22988255381946576,-0.6769874785972244,-0.8333684934199953,-1.058919033001679,-0.5431633142272627,0.2627935637293207,-1.150029721840385
-0.783706365680064,-1.3115626260930704,-1.3115638114955215,-1.1044485182824182,-0.6363212197876488,0.859190757760556,0.2725909621141842,-1.1044498158014708,-0.2765810539387045,-0.6608916659935634,-1.0668214910870009,-1.4421832180781398,-1.0924330939615927,-0.7342493204544538,0.8167827091332674,-1.150029721840385
-0.56960777357799,-0.6748029843208913,-0.6748019683798232,-0.43689979356428194,-0.4944394790710597,0.5936221692170693,0.2725909621141842,-0.43689398863026224,-0.15022926584599502,0.8068819390857318,1.0844943299999867,1.413583741197542,0.6366945235700644,0.33004977892924103,-2.417122592705793,-1.150029721840385
-0.5458190411222039,-0.8278076912524527,-0.8278066782617061,-0.5893191721457087,-0.757934140401868,0.2945080747523002,-1.0220795393098967,-0.5893148916675719,-0.5928944511736027,-0.735199521125218,-0.6795870898138928,-0.2862869913690289,-0.22465096038180032,-0.8529699091050262,0.048058095866673416,-1.150029721840385
0.11134469296888447,-0.7738165890025059,-0.7738199531010079,-0.6098091258594509,0.3973886054332146,0.17430334520103782,-1.0220795393098967,-0.6098083129942562,0.733911739671424,1.0801782224403869,1.610546892053266,1.614674317914897,0.6467439715697545,1.1864901702100996,-1.689165116301951,-1.150029721840385
-0.5116227382170115,-0.6943622812152829,-0.6943612656513679,-0.48187600363748984,-0.4162597443904902,0.5600766632957869,-1.0220795393098967,-0.48187960795615986,-0.4981100483456577,-0.6920817867574501,-0.7949822410335126,-0.6633993837355668,-0.26832272571523413,-0.7123694564436289,0.3169344847564234,-1.150029721840385
-0.33618083635558976,-1.327102799417445,-1.3271017960543827,-1.160349274499035,-0.3728265584568405,0.27214440413811186,-1.0220795393098967,-1.1603510815296834,0.58632752337975,0.9050870793010439,1.2241350931003594,1.1318256742247157,0.6789842695129696,0.9363229495557192,-1.6811327821879603,-1.150029721840385
-0.7078797809772461,-0.6491865442248452,-0.6491855277898269,-0.48670519906234694,-0.755038594672958,0.6020085456973899,0.2725909621141842,-0.48670929926194173,-0.44591517659455954,-0.7010821721990248,-1.090102515733846,-1.4075237345859049,-0.9437425780117256,-0.8000005444461672,0.655650124512848,-1.150029721840385
-0.31090530812131717,-1.216110630370289,-1.2161096248670145,-1.0361829642758151,-0.35255773835447063,0.24418981587037641,-1.0220795393098967,-1.0361862219434048,4.447211943541817,2.0565223708345277,2.8262950664662108,0.30130812984562844,-0.9966262774453936,4.239819611322747,0.8868409288658795,-1.150029721840385
-0.4462037239636001,-0.649309131871861,-0.6493081154392064,-0.5343502270905455,-0.5349771192757994,0.3224626630200356,0.2725909621141842,-0.5343558237824227,-0.21018370181846283,-0.2315606630676846,-0.6566839875161976,-0.7913242021513386,-0.9558300879135125,-0.5383910479697996,0.18537103870864133,-1.150029721840385
-0.7108533725342194,-0.8225626912122779,-0.8225616781203942,-0.5560014826127232,-0.4307374730350401,0.9206908519495739,1.567261463538265,-0.5560041175309196,-0.5977207697064506,-1.0539309278094668,-1.2984620132420952,-1.5830676337927738,-0.9891480707114296,-1.0036730540775445,0.8417854779270382,-1.150029721840385
-0.32726006168467003,-1.198716318884801,-1.1987153130461197,-0.9916044060995333,-0.6160523996852789,0.02055310972849294,-1.0220795393098967,-0.9916012221728255,-0.3333252473418743,-0.10322105477345557,0.2898809505599657,0.7502647484191224,1.3215814212997248,0.07884996265190095,-0.7371830261449159,-1.150029721840385
-0.2781958009946114,-0.7467072064910178,-0.7467061919364468,-0.5956637971877066,-0.19330272326442163,0.33643995715390335,-1.0220795393098967,-0.5956728723880866,-0.5650986053589562,-1.0601218471412415,-0.991635182906671,-0.8211377406825041,-0.32851523346816125,-0.9749557325633369,0.7700102642297738,-1.150029721840385
-0.5666341820210167,-1.3902682736074472,-1.390269460527544,-1.1268950775984479,-0.6276345826009189,0.4594401455319393,0.2725909621141842,-1.1268845108992962,-0.503729450854162,-0.7051786093112181,-1.1163749352225738,-1.427755600603927,-0.9101917302416266,-0.8406624855989374,0.44014583263202034,-1.150029721840385
-0.819389464363743,-1.1255577623978879,-1.1255567551485228,-0.8013744650601513,-0.4336330187639501,1.121963887477269,0.2725909621141842,-0.8013835951633858,-0.7438269737654827,0.002180188007526695,0.38750620158706167,0.9080872732901153,1.9584699604628775,-0.06839259158421121,-1.2910449610648418,-1.150029721840385
-0.2663014347667184,-1.2035388293557965,-1.2035400126752729,-1.011336645004705,-0.5726192137516292,-0.05212881976761919,0.2725909621141842,-1.0113304987921434,-1.392959339430463,-1.9534942179693149,-1.5168424430169252,-1.0281704000436227,-0.08789229239937338,-1.3589138563655414,0.34028421239718065,-1.150029721840385
-0.2856297798870445,-1.4177169612133538,-1.4177159595975641,-1.25131264051276,-0.048525436818922546,0.49019019262644825,-1.0220795393098967,-1.2513090313084663,0.9436072464924703,0.7241709203502146,0.23816007415911195,-0.31905655060912197,-1.0478961970972842,0.7382599458760969,0.10284271584570645,-1.150029721840385
-0.6067776680401556,-1.362038089751815,-1.3620370870623943,-1.087027012788239,-0.07458534837911238,1.0688501697685717,0.2725909621141842,-1.0870253381053423,-0.2818219114318604,-0.15667240924867618,-0.2490911363633693,0.13654326830676655,-0.716734355194355,-0.5664106697387641,-0.5434456298167835,-1.150029721840385
-0.33469404057710317,-0.7177458748835415,-0.7177426707053546,-0.4982153420290894,-0.31202009814973086,0.3280535806735827,0.2725909621141842,-0.49822092907679816,-0.4469756938424281,-0.47634170656538816,-0.8969912736001091,-1.0504213172005545,-0.6920711132644438,-0.7679621721446023,0.1878387830707934,-1.150029721840385
-0.5621737946855568,-1.2368476443020822,-1.2368444501335027,-1.0114236931811464,-0.7058143172814884,0.37557638072873295,0.2725909621141842,-1.01142199832021,-0.041483037817138906,-0.10947506091907308,-0.5583996697201078,-0.7628477244789476,-1.0052292872211535,-0.3949718883376198,0.14964227118022094,-1.150029721840385
-0.736128900768492,-1.2220933453576837,-1.2220901509046038,-0.993562990069467,-0.5378726650047094,0.8647816754141031,-1.0220795393098967,-0.9935647525859289,0.5804213864981133,1.0582955096121098,1.5700232763949082,1.2936675605916141,0.9422968254966885,1.2115515450592331,-1.8375064434553394,-1.150029721840385
-0.5681209777995033,-1.429664878667141,-1.4296638772817378,-1.1814446087125747,-0.35255773835447063,0.7278041929021994,-1.0220795393098967,-1.1814479051495632,-0.22928657521587845,0.21720107852178064,0.7728233116512655,1.2703774817453195,1.7366929739808623,0.33515694106442095,-1.310667352009864,-1.150029721840385
-0.6261060131604818,-1.3167156853979833,-1.3167146818346311,-1.071560134528701,-0.7000232258236684,0.5013720279335424,1.567261463538265,-1.071564390822317,-0.6499735447603099,-0.9963452841337472,-1.2508127812041303,-1.5079487567044805,-0.7613560459166948,-1.008305780385959,0.5676308966593104,-1.150029721840385
-0.7376156965469787,-0.7039919787013968,-0.7039909633231671,-0.5254317457405842,-0.613156853956369,0.7948952047447645,0.2725909621141842,-0.5254358562760453,-0.33964887920828435,-0.4634677907538648,-0.8800727266711783,-1.0684042736239272,-1.056763877185711,-0.6734657186488714,0.3962331906315953,-1.150029721840385
-0.5027019635460919,-0.7603757291332766,-0.7603747148422695,-0.5918435692625124,-0.3409755554388307,0.6159858398312577,0.2725909621141842,-0.5918397840501645,-0.25408066512792554,0.09628468532305592,0.44821966543093167,0.9434369458338975,1.3152792318079023,0.10190196223473419,-0.9724709812783768,-1.150029721840385
-0.8149290770282832,-1.403262564191119,-1.4032615622966116,-1.1735410299652154,-0.8100539635222477,0.7501678635163878,-1.0220795393098967,-1.1735418513325715,-0.4618217181260431,-0.13066381879507918,0.39659640914624084,1.0365638845380587,1.5893205751949713,-0.04866164278873524,-0.9651212739147054,-1.150029721840385
-0.7970875276864436,-1.1867902920822664,-1.1867892860136209,-0.9056858775841226,-0.5147082991734295,1.0017591579260068,0.2725909621141842,-0.9056905841990097,-0.14487747049349495,-0.16907107106258368,-0.6199840239438144,-0.8242792991064768,-0.8585238840420998,-0.48907762997601445,0.08760178763720385,-1.150029721840385
-0.664762703401134,-1.2795519267660767,-1.27955311155128,-1.0591241155034443,-0.5957835795829091,0.6746904751935021,1.567261463538265,-1.0591254009257052,-0.37859902251699085,-0.40747193478698407,-0.802594788714059,-1.050092074244374,-0.3169493867337412,-0.5884579816884472,0.11419781560789073,-1.150029721840385
-0.45661129441300646,-0.7324826613069376,-0.732481646478081,-0.4822736555344158,-0.291751278047361,0.576849416256428,0.2725909621141842,-0.4822703356706061,-0.41980148258445144,-0.44145890429790213,-0.863505147367143,-1.0380295643793473,-0.8672587404206371,-0.7408914220291684,0.20705660296827405,-1.150029721840385
-0.6365135836098881,-1.4716051774024124,-1.471604176825725,-1.1618745959544075,-0.5581414851070793,0.6579177222328608,0.2725909621141842,-1.1618818439046343,-0.4804293704836277,0.618210307819826,1.0899209305704618,1.6619351036352752,0.9242721617510647,0.16095526867211385,-2.4810997342186565,-1.150029721840385
-0.20385601207028012,-1.1992307491892422,-1.199231932425648,-1.0236717672799953,-0.34966219262556064,0.04571223916945483,-1.0220795393098967,-1.0236656243595985,0.47104674244469624,0.663073444037245,0.39113657133083146,0.3772433476371973,-0.8429506964381477,0.2847272034782466,-0.9254448105460985,-1.150029721840385
0.007268988474820686,-1.3753673072996548,-1.375368493932423,-1.1537988992218116,0.46977724865596415,0.43987193374452443,-1.0220795393098967,-1.1537977369519457,-0.0880731132982671,0.4308004128307765,0.39918108465928487,0.8819980997310244,-1.5229318096578965,-0.13439498748421236,-1.6383010817320836,-1.150029721840385
-0.5190567171094447,-0.7166513423209007,-0.7166481381216083,-0.515126428670498,-0.34966219262556064,0.6383495104454461,0.2725909621141842,-0.5151285580873618,-1.265626151215279,-0.7477664144427063,-0.6845569258083304,-0.27451188733349835,0.045810696013488555,-1.2155226047231713,-0.9952263648544467,-1.150029721840385
-0.6305664004959416,-1.2300987565208388,-1.230102129417626,-1.0685906046914577,-0.5494548479203494,0.6551222634060873,-1.0220795393098967,-1.0685894196800458,-0.5811873771045348,-1.0034530651600375,-0.9930990647203813,-0.8278272177490934,-0.1522629270184136,-0.9333170117672263,0.5678324870438243,-1.150029721840385
-0.8149290770282832,-1.3380546922392291,-1.3380536890873473,-1.0577115610039163,-0.8737559695582673,0.6886677693273698,0.2725909621141842,-1.0577133406412191,-0.04596193653341991,0.34297095059881244,0.7783689553900154,1.3342557883074255,1.1871486848740362,0.2879924382859844,-1.2870235804634194,-1.150029721840385
-0.6335399920529149,-0.770716872785107,-0.7707202368238386,-0.6314702732198606,-0.902711426847367,0.3196672041932621,0.2725909621141842,-0.6314689715438432,-0.5513466578950802,-0.5168140005393473,-0.7160889723365934,-0.5496051917947519,-0.5473825823299425,-0.8008936001200785,-0.03240079742833844,-1.150029721840385
-0.5473058369006906,-1.1690019488742278,-1.1690009424625776,-1.012962863210044,-0.4770662046975998,0.5684630397761075,1.567261463538265,-1.0129651254962508,-0.4156202729202037,0.5209935276880514,0.2564931926679579,0.7408105599056198,-1.103067153363356,-0.18320606166142225,-2.0906407087323298,-1.150029721840385
-1.204469570991779,-0.7250420289461053,-0.7250432030389418,-0.12148666133143193,-1.1604149967203554,1.1443275580914574,1.567261463538265,-0.12147533170319594,-1.8873462587109313,-3.0011853470320875,-1.982167745724816,-1.513308817173181,-0.16481267558078877,-1.7994693835018694,0.5611438571135068,-1.150029721840385
-0.31239210389980376,-0.7442685879414541,-0.7442653842746927,-0.562530095845836,-0.6450078569743787,-0.035356066806977934,-1.0220795393098967,-0.5625302595462593,0.38994003870141086,1.1805535490518917,1.78675034195765,1.2783720848641795,1.075339874075438,1.3213415769706935,-2.366681202804147,-1.150029721840385
-0.45363770285603316,-0.7956853496040697,-0.7956843359939222,-0.5763034914000575,-0.3062290066919109,0.5572812044690133,-1.0220795393098967,-0.5763046479605988,0.10608761553875311,0.7594700955890632,1.0995488684967147,1.1310117150445786,1.2299193719601316,0.5771471207045513,-2.040831200415247,-1.150029721840385
0.5990137083124976,-1.3188325113741308,-1.318838075047099,-1.6837818296476759,0.25840241044553547,-0.8767891736658145,-1.0220795393098967,-1.68377042239393,-1.1333277113173792,-2.1130533875405573,-1.5023549565673626,-1.197719187948966,0.40707709196826847,-1.1463386979848618,0.9030286367423401,-1.150029721840385
-0.3763243223747287,-1.3586756857193822,-1.3586768720302935,-1.1475235170474378,-0.6479034027032887,0.08205320391751089,-1.0220795393098967,-1.1475263098390613,-0.10717459562534612,-0.40762754892779635,-0.7884732731666636,-0.9642174074979714,-1.1848476413356637,-0.5890161414846419,0.5477971833801772,-1.150029721840385
-0.6275928089389684,-1.361821372304412,-1.3618203696108127,-0.9412984735869296,-0.28016909513172106,0.9095090166424797,0.2725909621141842,-0.9412937924577612,-0.12245445997018954,1.068465104003571,1.4096746535155016,1.396299178637134,0.6784920134575396,0.45792418823740355,-2.9346954778562013,-1.150029721840385
-0.5859625271413429,-1.3052340388158812,-1.305235224096301,-1.0994511616076172,-0.6507989484321987,0.47341743966580696,0.2725909621141842,-1.099451963200864,-0.005465096894201757,-0.12596174826999484,-0.568935554945411,-0.7771153318483517,-1.185733735092967,-0.3645521794450189,0.19782932447159612,-1.150029721840385
-0.5428454495652307,-0.8016790099170908,-0.8016779964225165,-0.6498057845666756,-0.4481107474085,0.5880312515635223,1.567261463538265,-0.649808444520637,-1.4435749985819313,-2.390626956873755,-1.467229893413676,-0.9010239529107076,-0.21299958485202805,-1.3594441081719262,0.661583833210124,-1.150029721840385
-0.4015998506090013,-0.7772775009655762,-0.7772764870004785,-0.5816094734276965,-0.42784192730613013,0.3420308748074504,-1.0220795393098967,-0.5816091476282395,0.25151949825211634,0.9092255742891324,1.3587394986458652,1.1397412432073366,1.1252114473710413,0.8668599629193126,-2.1902006385296557,-1.150029721840385
-0.5428454495652307,-1.238734618440075,-1.2387467477640537,-0.9695179096951481,-0.47127511323977983,0.5656675809493339,0.2725909621141842,-0.969507795585086,-1.2046235437441801,-1.3416110047202832,-1.142352661027888,-0.6534612750644361,-0.35137404848698056,-1.15970662510372,-0.15661245069467813,-1.150029721840385
-0.5428454495652307,-1.2431827987746473,-1.2431817937933933,-1.0059673552123813,-0.5870969423961792,0.45384922787839216,0.2725909621141842,-1.0059691210394885,-0.24242106133409422,-0.40854020483472236,-0.8204258603784924,-1.0216979413588825,-1.1321183158509338,-0.6234266929200336,0.3504478434729625,-1.150029721840385
-0.6751702738505404,-0.7813732418149781,-0.7813722279288567,-0.5744378907095045,-0.8216361464378876,0.4762128984925805,0.2725909621141842,-0.57443509003578,-0.4808677315234501,-0.1441812201077992,0.22769202558319948,0.9115785854525649,1.540302846053272,-0.15261890482996315,-0.7389173985909918,-1.150029721840385
-0.5592002031285835,-0.7462409356193329,-0.7462399210557709,-0.5652978321831466,-0.46837956751086984,0.5992130868706165,-1.0220795393098967,-0.5652975020302173,-0.5649979266433445,-0.10822594200498539,0.40072297485294184,0.9757578229939464,1.463494925475625,0.10218104213283166,-1.1138282443172465,-1.150029721840385
-0.6335399920529149,-1.2044648039037906,-1.2044637981759547,-0.948327613834581,-0.5465593021914393,0.663508639886408,-1.0220795393098967,-0.9483244183575757,-0.2211634199852789,0.24732292923792903,0.7198231552026118,1.2822064326383245,1.4125318956754458,0.21797129185338285,-1.3772443143436992,-1.150029721840385
-0.6186720342680486,-1.331636353291903,-1.331637539081427,-1.108102563325315,-0.3236022810653708,0.8508043812802354,0.2725909621141842,-1.108109796924132,-0.07553539635445448,-0.1992391854422168,-0.6021800185855731,-0.7977798408023895,-0.9367188326855213,-0.45756950948083436,0.21216796192458512,-1.150029721840385
-0.5978568933692359,-1.149068321843413,-1.1490673150473916,-0.9875349038508929,-0.5349771192757994,0.6075994633509371,-1.0220795393098967,-0.98753567557441,-0.330667259696208,0.07314444200551216,0.6530190512851456,1.2205226882313842,1.389782360539461,0.22921821174670226,-1.1477378324102436,-1.150029721840385
0.16189574943742974,-0.7888817351946943,-0.7888807214533557,-0.7239391770124944,0.5190015260474339,0.19666701581522616,-1.0220795393098967,-0.7239403729760508,-0.18007433215025154,0.12186849123011131,0.7851640698809736,1.5559397897289815,0.47082978437501277,0.12380973423536908,-0.9852552873528385,-1.150029721840385
0.19163166500716225,-0.6810505761884451,-0.6810495603678466,-0.7740532078633975,0.17443158430714603,-0.19190176110629636,-1.0220795393098967,-0.7740524388338921,2.071266242995127,1.2101370589565814,0.8306892270966449,-0.6290747768682864,-0.3471184054561576,1.6689634980406352,1.1352996875006631,-1.150029721840385
-0.7524836543318449,-0.7699025405585023,-0.7699037155163639,-0.5433201459993132,-0.7260831373838582,0.7138268987683317,0.2725909621141842,-0.5433079397716344,-1.3119461851673142,-2.5069464242371335,-1.8451813817955258,-1.503356101024908,-0.47119271717345707,-1.6009598519852914,1.1452888386229518,-1.150029721840385
-0.39862625905202803,-0.7321455452776443,-0.7321445304422872,-0.5006368640282803,-0.6623811313478386,0.11000779218524633,0.2725909621141842,-0.5006295923291441,-0.8271155713317316,-0.49809824576597955,0.07177916540345188,0.7276593092888454,1.9030888263593544,-0.26690212310078915,-0.7223988044282257,-1.150029721840385
-1.05430319736463,-0.8106979582332513,-0.8106969449125853,-0.5293627622539766,-1.0445931675639561,0.9738045696582712,0.2725909621141842,-0.5293530252613798,-1.588534265148433,-2.69420491087296,-1.7938725614614235,-1.3575354494910254,0.05763111178282215,-1.4342096128721809,0.8237188086390571,-1.150029721840385
-0.38821868860262165,-1.190502946534744,-1.1905019405376882,-0.9867633404687978,-0.12960071722840202,0.6048040045241635,-1.0220795393098967,-0.9867641119863896,-0.022295656896774593,0.5378923822227462,0.9343553826139386,1.088731295226334,1.0725521934022917,0.469394372049201,-1.808285569650431,-1.150029721840385
-0.6305664004959416,-0.8012827891294149,-0.8012839646923678,-0.6132415937259511,-0.3641399212701105,0.8340316283195941,0.2725909621141842,-0.613238308816642,-0.531521645109175,-0.9592586491693523,-1.235713843182156,-1.5148632445063532,-0.954648817549343,-0.9505083334900172,0.8259794015026398,-1.150029721840385
-0.39713946327354144,-0.7541325153959733,-0.7541336900497486,-0.5990843948483284,-0.45100629313741,0.31128082771294147,-1.0220795393098967,-0.5990781386082923,-0.20174616469179074,-0.417645734966035,-0.5652299727800991,-0.5187763965200786,-0.39526554065691416,-0.5210322783081502,0.3435791724750964,-1.150029721840385
-0.8327706263701227,-1.2970578805729542,-1.2970590656957168,-0.9889395448798354,-0.8621737866426273,0.7333951105557466,-1.0220795393098967,-0.9889378440180242,-0.38483675579011567,0.1834412215406967,0.6952132744966026,1.1257576258053696,1.3738972361463895,0.18791438682830877,-1.4882149550437649,-1.150029721840385
-0.2856297798870445,-0.7392271709579304,-0.7392261562591251,-0.5391002878095467,-0.46837956751086984,0.08484866274428444,0.2725909621141842,-0.5391039074010101,-0.29751022880428923,0.194691703342665,0.6409962378411397,1.2768116795922992,1.497131659909175,0.16558799498052817,-1.3252750083552904,-1.150029721840385
-0.6127248511541021,-0.726313875783894,-0.7263150499012548,-0.5384672101626994,-0.38730428710139037,0.7781224517841232,0.2725909621141842,-0.5384658836647624,-0.18243150083562718,-0.16055855698139346,-0.6142736996774242,-0.7519737054514344,-1.0812672284399707,-0.528595343546586,0.10841634240788543,-1.150029721840385
1.0153165262887527,-0.6961332349016357,-0.6961387865673718,-1.1376613543301446,1.2023503180701895,-0.7481980676342315,-1.0220795393098967,-1.1376690904100566,-1.3287581396041348,-2.923281543511393,-1.7642934369361798,-1.4506878273103823,0.5962536120168692,-1.412357656851166,1.4555795390236692,-1.150029721840385
-0.5235171044449046,-1.3188303223090054,-1.318833696916764,-1.0938286407565547,-0.49733502479996966,0.504167486760316,0.2725909621141842,-1.0938358705457536,-0.2880819018303709,0.28662601426200146,0.8834430652203907,1.5830086649137989,0.8548489663917404,0.07449631624158362,-1.5914118534334232,-1.150029721840385
-0.44025654084965354,-1.3299485840803111,-1.3299475807721228,-1.088150725611393,-0.6189479454141888,0.2302125217365087,0.2725909621141842,-1.0881455890841027,-0.21808880677379971,0.6801237069251627,1.29124520064937,1.7882367293016743,0.8048148834621729,0.43169067781626175,-2.3762810759425474,-1.150029721840385
-0.6721966822935671,-0.6779902631433014,-0.6779936253940271,-0.5452569679251367,-0.3699310127279305,0.9067135578157062,-1.0220795393098967,-0.5452566324234296,-0.6077837725214446,-0.6734585593110518,-0.673178963244835,-0.35790228389277307,-0.11303862378210884,-0.8331552363401212,-0.004258084610950607,-1.150029721840385
-0.4015998506090013,-0.6739120348149016,-0.6739132079218212,-0.5059388893206265,-0.4799617504265098,0.29171261592552666,-1.0220795393098967,-0.5059390379172207,0.0300969207259134,0.8892901411148035,0.7085133146959646,0.9108498569027487,-1.155177130091721,0.3143096726765556,-2.243037478310731,-1.150029721840385
-0.44471692818511344,-1.367681499644791,-1.3676826861293574,-1.0928078030510133,-0.48575284188432977,0.3671900042484123,0.2725909621141842,-1.0928095920552776,-0.11513117018313733,-0.18038043389080527,-0.6276211635529132,-0.79601643962727,-1.143382426555639,-0.5018873972986787,0.11318986368532157,-1.150029721840385
-0.25292027276033874,-1.3970456192353191,-1.3970468062861008,-1.2132171931137237,-0.5291860278179795,-0.035356066806977934,-1.0220795393098967,-1.2132180250703926,-0.09053843770231369,-0.27106983168364357,-0.4665169276408293,-0.4952788317896262,-0.25264752329647594,-0.3582728817378307,0.18718535216926582,-1.150029721840385
-0.8848084786171546,-1.3709585301373377,-1.370957527619926,-1.1608854121312087,-0.8621737866426273,0.8312361694928205,-1.0220795393098967,-1.1608877138969924,-0.4803782486487575,-0.8402937414121653,-1.2063925985634625,-1.5755830020687254,-0.7554136354211014,-0.8340482920140325,0.6627961560742348,-1.150029721840385
-0.4789132310903058,-0.7157385021636582,-0.7157374870119315,-0.5950425897467376,-0.5813058509383592,0.3392354159806769,-1.0220795393098967,-0.595039794572275,-0.12793458156124135,0.27182164194688807,0.8022232052609557,1.3721898033802022,1.3138391071691873,0.3045697842329613,-1.280483015194831,-1.150029721840385
-0.7331553092115187,-0.8199248677363135,-0.8199260436587333,-0.5754884039297417,-0.8708604238293572,0.5377129926815984,0.2725909621141842,-0.575483625168218,-0.6001414059759338,-0.8407689954097811,-1.1966711379056145,-1.4903445806837456,-0.8558099036541611,-0.930498304796444,0.5248332580270241,-1.150029721840385
-0.2261579487475795,-1.3091634107157617,-1.3091624070067824,-1.1621693727337208,0.05281866369292681,0.4762128984925805,-1.0220795393098967,-1.1621687072899238,1.3856240191594285,1.1378605992306654,1.4127204366212314,-0.09616014076870337,0.474782578995348,1.7316727511430885,-0.4510901232784278,-1.150029721840385
-0.498241576210632,-1.3582707086712051,-1.3582718949743073,-1.2875741411035855,-0.2743780036739011,0.6718950163667285,-1.0220795393098967,-1.2875749929056457,-0.23042134084296323,-0.28084828782927956,-0.3528775427389749,-0.04632272673670807,-0.733228030486431,-0.5657129699935208,-0.149345464902583,-1.150029721840385
-0.44471692818511344,-1.2362587857833813,-1.2362577806686148,-1.0539526624757602,-0.2425270006558913,0.6020085456973899,-1.0220795393098967,-1.0539470222291834,-0.34648946758853494,-0.16327970155181346,0.2928158203382754,0.6956921878280743,1.393282551305128,0.1170280927116058,-0.6013618521483504,-1.150029721840385
-0.866966929275315,-1.3587194670218878,-1.3587206533336433,-1.102517631459534,-0.8679648781004473,0.7920997459179909,0.2725909621141842,-1.1025085420303296,-0.5079428290199437,-0.779764046423781,-1.1515862708402864,-1.457772050800873,-0.9485711604822004,-0.8736776375438426,0.49247800131255404,-1.150029721840385
-1.0438956269152235,-1.4152564520125372,-1.4152554503493027,-1.1661696321147372,-0.8911292439317272,1.1023956756898543,0.2725909621141842,-1.1661625380420169,-0.07892195708891712,-0.14260404976172888,-0.5613253661217444,-0.7568328182734719,-1.0379192195582898,-0.42572649310793736,0.090754244167446,-1.150029721840385
-0.4967547804321453,-0.6614540651869237,-0.6614574271187894,-0.5343937511787662,-0.5349771192757994,0.4175082631303361,-1.0220795393098967,-0.5343929181856929,-0.12601664333464846,-0.2121215128289192,-0.764669482459801,-0.9760495471593986,-0.9494589048293263,-0.5347071933149158,0.38597015464207046,-1.150029721840385
-0.56960777357799,-1.2022122558898758,-1.202211250118605,-1.0292428505722517,-0.37861764991466046,0.7054405222880111,-1.0220795393098967,-1.029252041492093,-1.109433470029323,-1.376969060985385,-1.0516989929378038,-0.6118047488760034,-0.3248955992291284,-0.8868502087340332,0.014107494557516396,-1.150029721840385
-0.3555091814759159,-0.8504973512759971,-0.8504941496575975,-0.5400677095886351,-0.5813058509383592,0.10721233335847279,0.2725909621141842,-0.5400634159655997,-0.4203718214224591,0.5450632500628793,0.9646021854695688,1.6016172418967443,0.8292670687115054,0.11312097413824414,-2.2657886910512595,-1.150029721840385
-0.30347132922888403,-1.152761274709763,-1.1527602679849513,-0.9342515280304605,-0.34676664689665065,0.2358034393900558,1.567261463538265,-0.9342606935977286,0.026370243294151056,0.9067315422485466,0.6814603947715296,0.9183675513501143,-1.3305161060575952,0.29750906281110107,-2.322945821314243,-1.150029721840385
-0.4134942168368943,-0.8112342791889453,-0.8112332658786209,-0.5971594431283833,-0.2975423695051809,0.49019019262644825,0.2725909621141842,-0.5971615944393311,-0.2053466024905063,-0.2674486485690661,-0.6977748452091138,-0.854833655564581,-0.7853723409737099,-0.5670525535043879,0.22521016466337307,-1.150029721840385
-0.748023266996385,-0.7110166886884257,-0.7110156734456503,-0.39381094622573753,-0.7753074147753279,0.6579177222328608,0.2725909621141842,-0.3938076027517996,-0.6271107821268456,0.31213832178003503,0.7097937748504677,1.4185044884940192,0.9175657757179246,-0.11257093945300681,-1.9793377914674448,-1.150029721840385
0.6986290254711015,-0.6205185473441567,-0.620517530356346,-0.9362635279268472,0.5913901692701834,-0.7426071499806844,-1.0220795393098967,-0.9362687372947562,2.2348620266286985,1.4456106945186753,1.14719391634938,0.4787423250967766,-1.1600459499972717,1.4060702340330207,0.48672780937911125,-1.150029721840385
-0.19642203317784698,-1.2077155656148337,-1.207714559949681,-1.1280069202157235,-0.14697399160186192,0.22741706290973515,-1.0220795393098967,-1.1280047618780566,-0.5724147659105333,-1.0703292936210087,-0.9808275922834827,-0.8173737982530872,-0.38317159500715336,-0.9079486490301858,0.6720317762419961,-1.150029721840385
-0.6484079498377812,-0.7743353974371977,-0.7743365724805361,-0.5932383184532228,-0.5870969423961792,0.6523268045793138,0.2725909621141842,-0.5932370065733426,-1.6538418875437377,-3.4850527976312837,-2.252621626761063,-2.1097966116484934,-0.1949957623761326,-1.7963995046227996,1.3913396348716807,-1.150029721840385
-0.32131287857072355,-0.6432213417584528,-0.6432225142735775,-0.46730730428941636,-0.31491564387864085,0.3000989924058473,1.567261463538265,-0.46730398043118376,-0.3037255310682363,0.3482870661119668,0.8133611004727653,1.428793178924577,1.499434381882674,0.2291903037568928,-1.6810292064386754,-1.150029721840385
-0.6721966822935671,-1.3533956606372028,-1.3533946577811342,-1.0744881186453696,-0.5957835795829091,0.6886677693273698,1.567261463538265,-1.0744849568397918,-0.4035876883923704,-0.42857237112361024,-0.8469608113817743,-0.9908215990915181,-1.0785383088423481,-0.7295049621868005,0.10497401280749752,-1.150029721840385
-0.5398718580082574,-0.7512363822352256,-0.7512331787028211,-0.5821040653392959,-0.5291860278179795,0.504167486760316,0.2725909621141842,-0.5821037396718423,-0.6542481300209022,-0.07496236795946491,0.4843043719400016,1.1730359773794103,1.6724295521024748,-0.04458707627651539,-1.3156153532407933,-1.150029721840385
-0.27522220943763814,-0.7197072772357939,-0.7197084512257628,-0.5836729108828894,-0.060107619734562474,0.4594401455319393,0.2725909621141842,-0.5836790153307174,-0.5787470919665472,-0.5646464227949681,-0.9685836779229198,-1.1490145727763212,-0.4959434092064142,-0.7678784481751729,0.06910482714917437,-1.150029721840385
-0.5517662242361505,-0.6635643239676952,-0.6635611187447495,-0.5832159079565715,-0.6421123112454687,0.4175082631303361,-1.0220795393098967,-0.5832116258495127,-0.3266070731512448,-0.4025301343692971,-0.5577116900241678,-0.5670549264390448,0.1323474555965322,-0.44115961147271565,0.12446363215444337,-1.150029721840385
-0.6201588300465353,-1.4215149892057175,-1.4215183657934984,-1.1881037942103498,-0.6565900398900186,0.5321220750280514,-1.0220795393098967,-1.1881075870166755,0.021665295648171885,0.025467633890703695,-0.15285590742069288,0.08287649270638606,-0.860593978175491,-0.3332952308581263,-0.38811606771333457,-1.150029721840385
-0.9517142886490527,-1.4505354255715763,-1.450540991784113,-1.1616094946897901,-0.9345624298653769,0.8871453460282914,0.2725909621141842,-1.1616073453204347,-0.3414983072207995,-0.37545747965555126,-0.8266124776045808,-1.0310027899987118,-1.1157826116858354,-0.6819218395612183,0.13014917613699037,-1.150029721840385
-0.1785804838360075,-0.6900585791789792,-0.6900575635320778,-0.7523920605029879,-0.39309537855921034,-0.04374244328729856,-1.0220795393098967,-0.752391780284305,1.8453216435722086,1.2880408624772761,0.8576225999718067,-0.37972794503212043,-0.6214409062608042,1.5902629667772095,0.5921720929864702,-1.150029721840385
-0.8818348870601813,-1.2901885942098203,-1.290187590134958,-1.0354667951878191,-0.8332183293535276,0.8535998401070088,0.2725909621141842,-1.0354665905199627,-0.0035047310223424487,-0.20746991175490911,-0.6377971627193835,-0.8386857955663765,-1.1375243695784043,-0.44914129655829715,0.35451649354385717,-1.150029721840385
-0.46404527330543954,-0.7063014424085691,-0.7063004270748716,-0.5259223809168908,-0.3670354669990205,0.5181447808941837,0.2725909621141842,-0.525920556478776,-0.4978050561743573,0.08627911664758581,0.5959281452325563,1.189774726101423,1.798490062564346,0.10070191867291595,-1.362948080385384,-1.150029721840385
-0.7405892881039519,-1.2664985314240222,-1.266497526892355,-1.0275513462345816,-0.6855454971791185,0.730599651728973,-1.0220795393098967,-1.027555590782535,-0.37821074000928623,-0.1712959326974402,0.256833002324285,0.7346654132001054,1.5885255226611914,0.048569793708348775,-0.6637005504325966,-1.150029721840385
-0.34510161102650955,-0.7589550258669687,-0.7589540115485669,-0.5539973961869222,-0.24831809211371128,0.4091218866500155,-1.0220795393098967,-0.553996073833892,-0.21948648469450266,0.248929540097126,0.653134072195494,1.1432051778980896,0.9191059427438719,0.2779455619544833,-1.2576754961744903,-1.150029721840385
-0.7301817176545455,-1.3556153726742384,-1.3556143698609715,-1.1185087771453674,-0.6189479454141888,0.7753269929573496,-1.0220795393098967,-1.118513540561318,0.30350449226617937,0.5970047267934618,0.35184685522199066,0.4501309686664557,-0.7025578218978864,0.17379294398458728,-1.1475911580270284,-1.150029721840385
-0.7316685134330322,-0.6206192443399197,-0.6206226054843857,-0.3883091058011052,-0.607365762498549,0.7893042870912174,0.2725909621141842,-0.3883027933064998,-0.34054281578334455,-0.4859519312074433,-0.8537946750700506,-1.0273408396341084,-1.07682362009169,-0.7218860809687453,0.3981851416650947,-1.150029721840385
-0.5368982664512842,-0.7254426278640318,-0.7254503691600953,-0.5558155160539617,-0.3236022810653708,0.6970541458076904,-1.0220795393098967,-0.5558285373554407,-0.3827837098570801,-0.6163271406950004,-0.7642385028388764,-0.636161887725988,-0.6294349128673185,-0.7203232335394008,0.381861186494273,-1.150029721840385
-0.4595848859699797,-0.7081730930906849,-0.7081720777930777,-0.9075989590981892,-0.45679738459522995,0.4230991807838832,-1.0220795393098967,-0.9075898176464448,-1.2092871070476454,-2.3988576831864474,-1.8581292602156763,-1.9354979017877734,0.31102843880214437,-1.4899697765120128,1.1639317783549397,-1.150029721840385
-0.7628912247812513,-1.3689577246128302,-1.3689589111220053,-1.0912310440368345,-0.7202920459260382,0.7389860282092936,0.2725909621141842,-1.0912293704759666,-0.22777795943583132,0.2836441108610312,0.6386798130116184,0.9895480050073983,1.0222917507813025,0.28698775065283433,-1.4011821297958313,-1.150029721840385
-0.050716046886157704,-0.7473617369634771,-0.747360722421527,-0.6845380069668356,-0.20488490618006155,-0.10244707864954297,-1.0220795393098967,-0.6845386978224295,-0.13158127244864895,-0.12190736903369674,-0.2912207164290071,-0.006008531815290158,-0.7986492639776205,-0.39536260019495606,-0.20453743648618536,-1.150029721840385
-0.4239017872863007,-0.8084848133915915,-0.8084838000282505,-0.6635218074591516,-0.6189479454141888,0.19946247464199973,0.2725909621141842,-0.6635210089295261,0.1647149704101006,0.9543368519743332,1.2785475376758815,1.1818267665731181,0.7147219050519807,0.7300549968720378,-2.301910212259853,-1.150029721840385
-0.878861295503208,-0.7100578781635524,-0.7100546738371212,-0.5820763681922464,-0.7260831373838582,0.9514408990440829,-1.0220795393098967,-0.5820765371094441,-0.5896216104391575,-0.8815020482142907,-0.9143838846829858,-0.7763585451057794,-0.2915580378828593,-0.8034611351825732,0.434788394378751,-1.150029721840385
-0.7658648163382246,-0.7739085297377677,-0.7739053266425401,-0.6338601413367092,-0.908502518305187,0.5628721221225603,0.2725909621141842,-0.633862797034881,0.022610875709478513,0.3564126477349211,0.12441895319630701,0.4036757528961306,-0.9611853162131054,-0.16060058991554466,-0.9564174352785064,-1.150029721840385
-0.4075470337229478,-1.3488314598509905,-1.3488304569069125,-1.1280959467598113,-0.604470216769639,0.18268972168135847,-1.0220795393098967,-1.1280913154856873,-0.4335777737792179,0.08817172106287019,0.5196746157684867,1.135093177949677,1.633142138184383,-0.030242369514316313,-1.3454423884777569,-1.150029721840385
-0.8907556617311011,-0.769138556829779,-0.7691375427077416,-0.4253302995681475,-0.7463519574862281,0.9542363578708565,0.2725909621141842,-0.42533042665082754,0.4118521786435984,1.432454990938654,2.0986950364152666,2.032777175648027,0.1306379297424377,1.357063803927142,-2.7775453460388153,-1.150029721840385
-0.5904229144768027,-0.7041539695206677,-0.7041529541455616,-0.531388610723888,-0.41915529011940017,0.7054405222880111,-1.0220795393098967,-0.5313882715208056,-0.590806280714568,-0.19516377726797107,0.3066961265413683,0.8469317506643718,1.7301588188402712,0.059788805611858224,-0.9386809571375739,-1.150029721840385
-0.4595848859699797,-1.2701061107504863,-1.2701072953535502,-1.031064927174584,-0.26858691221608116,0.6048040045241635,0.2725909621141842,-1.0310622483716794,-0.7125546692958704,-0.25941559427308125,0.39156758608298203,0.9841227378300713,1.8688021932195507,-0.0633412454286507,-1.0972811494449455,-1.150029721840385
-0.6870646400784334,-0.7316201696475767,-0.731619154802089,-0.5060773750558744,-0.8882336982028172,0.43428101609097736,0.2725909621141842,-0.5060725777689935,-0.686104162380512,-0.37137786569371606,0.20544796485467676,0.8855570414251985,1.9264279643038384,-0.17726165983195039,-0.770472550020719,-1.150029721840385
-0.5993436891477225,-1.2079213377366103,-1.2079225211405928,-0.9152789823015055,-0.9403535213231968,0.21903068642941453,0.2725909621141842,-0.915275778004033,-0.5974239500733778,0.4344047727949959,1.0153122721149745,1.7602899176131543,1.2123362941987643,0.07876623868247161,-2.225394148830229,-1.150029721840385
-0.6082644638186422,-1.3528308818348802,-1.3528320680330888,-1.0665805831627175,-0.2425270006558913,0.9095090166424797,-1.0220795393098967,-1.0665764300625822,-0.2670810868424511,0.19596605698228983,0.6987796525671258,1.3088704104058977,1.2060703827588077,0.2239156936828547,-1.3793095730760807,-1.150029721840385
-0.45363770285603316,-0.7475062152617457,-0.7475052007225815,-0.5685107012408965,-0.23963145492698132,0.6215767574848048,-1.0220795393098967,-0.5685123503136359,-0.1629492130039028,0.5441085362800581,1.0594654027493813,1.5754073658854235,0.3816693979597058,0.4215879855051407,-2.008798488315999,-1.150029721840385
-0.5473058369006906,-0.8324703999693026,-0.8324715761336324,-0.6325366133812691,-0.6797544057212985,0.37278092190195944,-1.0220795393098967,-0.6325323444375893,-0.5071516577660001,-0.7289539265547795,-0.8076966739934697,-0.5895060881965518,-0.851397660045864,-0.8962552012999108,0.280831732307767,-1.150029721840385
-0.7286949218760589,-0.6340819948604018,-0.6340809781341291,-0.4273205374204237,-0.6565900398900186,0.73619056938252,0.2725909621141842,-0.42731621370589296,-0.12588344834991863,-0.20323888943985113,-0.6188552121040688,-0.7905364553131157,-1.0867457374114013,-0.503171164829926,0.2838701859998703,-1.150029721840385
-0.6320531962744282,-0.8023422966500512,-0.8023434722334342,-0.6074726736690551,-0.4799617504265098,0.7250087340754259,0.2725909621141842,-0.6074763115086687,-0.13975172407069306,-0.16898695531079325,-0.603562476521177,-0.7547497818273926,-1.0805747116302835,-0.4787516737464161,0.158643629418392,-1.150029721840385
-0.4476905197420867,-0.7482614427299679,-0.7482626172705339,-0.59512370282024,-0.5668281222938092,0.2945080747523002,-1.0220795393098967,-0.5951214022594694,0.9900950783038581,0.9573271669504825,1.2997949586229602,-0.5970433806744178,1.0230816450965368,1.7137279136954353,-0.36378341316325813,-1.150029721840385
-0.41646780839386754,-1.3252902534937117,-1.3252914391608666,-1.1251778544813744,-0.26858691221608116,0.5237356985477307,-1.0220795393098967,-1.1251806413090844,-1.179359793709737,-1.5368815167141472,-1.120308591806141,-0.687879497574944,-0.09567361983211707,-1.026390157782661,0.0918901017132929,-1.150029721840385
-0.38227150548867517,-1.1550313352446802,-1.1550281394984734,-0.9593886673455913,-0.2743780036739011,0.45384922787839216,-1.0220795393098967,-0.9593834964525356,-0.5881922856682968,-0.3898328616365336,-0.2572191331225187,0.47846485537494327,-1.031961504970709,-0.7309282696670963,-0.7996357272673009,-1.150029721840385
-0.5710945693564766,-1.341854909296718,-1.3418539062181143,-1.0348515228497894,-0.6652766770767486,0.43148555726420385,0.2725909621141842,-1.0348532963858952,-0.15109207722227372,0.11904640775754283,-0.12369796135132947,0.13606483649166315,-0.6710214254894804,-0.39938135072755654,-0.7649531443205817,-1.150029721840385
-0.9160311899653737,-1.3007464553090538,-1.300745451437774,-0.6478907246849624,-1.1633105424492654,0.5992130868706165,0.2725909621141842,-0.647891900351676,-1.1718241918125607,0.05060562631326987,0.4950423537717715,1.2060891004311611,2.282022388895427,-0.5941791195994409,-1.9212394426505586,-1.150029721840385
-0.6156984427110753,-0.7637140534493311,-0.7637130392226954,-0.5793937016637309,-0.5320815735468895,0.6439404280989931,0.2725909621141842,-0.5793909023126806,-0.4926014098127055,-0.6430380976760475,-0.7652717588528759,-0.6395570441110886,-0.34430771283478434,-0.7531709375454476,0.25212665183151123,-1.150029721840385
-0.42984897040024717,-1.4038339101888175,-1.403837286435662,-1.1930042108704773,-0.42494638157722014,0.3979400513429213,-1.0220795393098967,-1.193004048248344,-1.229709758426914,-2.41015863443949,-1.733177020637546,-1.4888088612214807,-0.0024039521285725987,-1.3066980074315449,1.1480881644106664,-1.150029721840385
-0.5710945693564766,-0.7729540973431449,-0.7729530832946809,-0.9765114393251643,-0.32939337252319073,0.7557587811699349,-1.0220795393098967,-0.9765136918827204,-0.15718670413452038,-0.5805947693344312,-0.981362295959613,-1.264137680377152,-1.2272274865215886,-0.6865266578798229,1.0429323635949392,-1.150029721840385
-0.5651473862425301,-1.3511234110371606,-1.3511245972024446,-1.1155214419993067,-0.3988864700170303,0.6774859340202757,0.2725909621141842,-1.1155163127770846,-0.2871674469678458,-0.3819385983310029,-0.8123739752830096,-1.0009746605802103,-0.8315697338096245,-0.6320223537814289,0.2227771772640682,-1.150029721840385
-0.8595329503828819,-1.2692895894587564,-1.269288584980908,-0.9172711985214281,-0.8853381524739072,0.7613496988234819,0.2725909621141842,-0.9172640380193166,-0.4215490146948103,0.5569361884280967,1.0089844945662632,1.594713785186861,0.8758719374784191,0.15071303641194458,-2.26958067569789,-1.150029721840385
5.376088544590025,-1.1479278189131412,-1.1479290011602954,-2.2000428020781246,5.519608999874972,-4.779249695841681,-1.0220795393098967,-2.2000478541485515,1.1560396842007852,0.485841555014836,-0.09261594315780554,-1.2658225869738866,-0.42386218074252335,0.7776939354772394,1.5286873346764958,-1.150029721840385
-0.6305664004959416,-1.3342873111586193,-1.334281929803758,-1.084888397362483,-0.5668281222938092,0.6383495104454461,-1.0220795393098967,-1.084891173437196,0.026727400603074155,0.7758306093122993,1.1235920366470802,1.2081115105971576,1.5300366453933838,0.632404940527808,-2.1734595998046675,-1.150029721840385
-0.505675555103065,-1.1767556175479754,-1.1767546112858358,-0.9678699294456986,-0.4133641986615802,0.5516902868154662,-1.0220795393098967,-0.9678657500003246,0.15564414851268954,0.7139508565076789,1.1266319554479114,1.3048558883983772,1.1503144119167803,0.675299520865356,-1.8454546657192399,-1.150029721840385
-0.6617891118441608,-1.4074261660594047,-1.4074295423755172,-1.2275069426236551,-0.48575284188432977,0.7753269929573496,-1.0220795393098967,-1.227504316249861,-1.2093820475981185,-1.6282606636716668,-1.1574763500234888,-0.7449385873156895,-0.24622084641844033,-1.0229853830258746,0.1540140019671433,-1.150029721840385
-0.6707098865150805,-1.423493904078972,-1.4234950916397442,-1.1746686995236622,-0.5262904820890695,0.7529633223431613,0.2725909621141842,-1.174669521191986,-0.20884166671122403,-0.27935523323499967,-0.7463933871563775,-1.0265469925227433,-0.9286328430438447,-0.5368840165200744,0.22475623872858846,-1.150029721840385
-0.505675555103065,-0.6655082137989453,-0.6655071976786503,-0.5907693156305184,-0.5813058509383592,0.3895536748626007,0.2725909621141842,-0.5907714652359823,-1.3415867641320898,-2.2212304501306233,-1.396267245238494,-0.8701854789699505,-0.3468877200198966,-1.2497936162095142,0.6911995461129767,-1.150029721840385
-0.505675555103065,-1.2579130180026676,-1.2579120133054498,-1.1529739199132638,-0.5581414851070793,0.41191734547678904,-1.0220795393098967,-1.1529717682391287,-0.34779881254286354,-0.6033691091316866,-0.6908817311131592,-0.5716475990039401,-0.42704745734539923,-0.6626653265925077,0.3327885257895508,-1.150029721840385
-0.3941658717165682,-0.7030966510651566,-0.7030956356696627,-0.5714881445487253,-0.7029187715525783,0.06248499213009609,0.2725909621141842,-0.571484848495689,-0.5077301691422353,-0.831167182342905,-1.1689458002933084,-1.4664849029744573,-0.6843797699346619,-0.834997163667563,0.6957165610046004,-1.150029721840385
-0.6974722105278398,-0.7320163904352527,-0.7320153755974051,-0.5405662582355274,-0.5610370308359892,0.7697360753038026,1.567261463538265,-0.5405629539296385,-0.6570953032323467,-0.13036941366381272,0.3808803803983505,0.8993850439564837,1.6260709940086464,0.04390915941012453,-1.14125079286444,-1.150029721840385
-0.3599695688113758,-0.6787411124812729,-0.6787422856813096,-0.5450531960575576,-0.45969293032413994,0.23300798056328223,-1.0220795393098967,-0.5450587956059885,-0.703169987153763,-1.2581135037055255,-1.1546546082060383,-1.067750582865532,0.03159628967721629,-1.076959435317884,0.7913670276208719,-1.150029721840385
-0.4001130548305147,-1.3532927745763146,-1.3532939607834296,-1.156869325809021,0.21496922451188577,0.9598272755244035,0.2725909621141842,-1.1568740994631554,-0.6299393497725378,-1.039429372200799,-1.0423310721111296,-0.9307878362098696,-0.09661584670912172,-0.9220979998637165,0.5943019996697474,-1.150029721840385
-0.31090530812131717,-0.7213293744936276,-0.7213327375800421,-0.5738245967391211,-0.5118127534445196,0.09043958039783152,-1.0220795393098967,-0.5738267418221485,-1.4539882033541653,-2.4316922668978367,-1.482091131539155,-0.8539310773475745,-0.30682313639781905,-1.3574905488852453,0.7217856734185236,-1.150029721840385
-0.32726006168467003,-1.3287336529357798,-1.3287326496041647,-1.1488589152087563,-0.5204993906312495,0.11280325101201988,-1.0220795393098967,-1.148856762436353,2.166198794813921,1.6935755192216462,1.7572668878653683,0.9142873227107384,-1.0979691504625742,1.9910496084346787,-0.8739968590003979,-1.150029721840385
-0.771811999452171,-0.6551933389286182,-0.6551945116745935,-0.4389869714312316,-0.6768588599923885,0.7976906635715381,0.2725909621141842,-0.43898858593492035,-0.23181936653125035,-0.3015155280441851,-0.6794120657587238,-0.7856366438597542,-1.0375218033137048,-0.5873416620960583,0.2193334573851664,-1.150029721840385
-0.5666341820210167,-0.7512101134537222,-0.7512090989859787,-0.6108457905061634,-0.3699310127279305,0.7082359811147846,0.2725909621141842,-0.6108494292460401,-0.20516645888191604,0.2753376803717275,0.7207854602242988,1.403147223948974,1.135787143076646,0.2860109710094942,-1.3393522734476684,-1.150029721840385
0.2629978623745203,-1.3513160487681852,-1.3513150458720165,-1.4715801375273998,0.34237323658392493,-0.16394717283856095,-1.0220795393098967,-1.4715780708872155,0.6701541173986806,0.12538032386736123,-0.5963330141591863,-1.090145565520253,-0.9285822015923532,-0.11070110413575532,1.1263115369083738,-1.150029721840385
-0.553253020014637,-1.2069975522537415,-1.206998735639911,-1.0114058878723289,-0.6623811313478386,0.40073551016969483,-1.0220795393098967,-1.011414579439556,1.5992221738098176,0.7560634076415512,0.28035972701016193,-1.3223784072082039,-0.7017743867352909,1.2680652244239277,1.8551156929271737,-1.150029721840385
-0.10721428646864947,-0.6609308786219814,-0.6609298624134237,-0.5336874739290022,-0.35834882981229055,-0.14437896105114612,-1.0220795393098967,-0.5336807056429048,-0.32657351357937425,0.13351431706549458,0.6191215636602113,1.1386925120028988,1.3002887329082902,0.27398262740150225,-1.1789899031239433,-1.150029721840385
-0.31239210389980376,-1.2466196310213395,-1.2466186261063563,-1.044130067111395,-0.007987796614182805,0.5796448750832016,-1.0220795393098967,-1.0441293701636667,1.9831165501376156,1.6329490911187028,2.5180599935828942,1.9803775964720236,-0.7392808018683233,2.678479213427839,-1.2324593196288376,-1.150029721840385
-0.5205435128879313,-0.7341551070626529,-0.7341519032008778,-0.5947854019527059,-0.18461608607769167,0.8004861223983115,-1.0220795393098967,-0.5947826067096015,-0.1184749555047494,-0.11722212165897052,-0.30575047184230686,-0.16876108501176026,-0.46638071440879786,-0.34401189894506096,-0.12426205995500678,-1.150029721840385
4.00377604104687,-0.7792892518157101,-0.779288237889404,-0.8671611244058178,2.7572583744948496,-4.865908919471661,-1.0220795393098967,-0.8671569180819113,1.6963647886258908,1.1808816004838742,0.6890490167541932,-0.0437544675761219,-0.6142788023320952,1.0696394168767784,0.34583976533867905,-1.150029721840385
-0.44025654084965354,-0.7802896545779637,-0.7802908297361155,-0.5343146164729103,-0.005092250885272823,0.8228497930124999,1.567261463538265,-0.5343236752995886,-0.33737986960549105,0.5761061682611327,0.29086810384472683,0.7404941674675937,-1.17892420012144,-0.13855327796586103,-2.12838051413109,-1.150029721840385
-0.1087010822471361,-0.7326118161493292,-0.7326129903881305,-0.5747425593270497,0.29604450492136525,0.49019019262644825,-1.0220795393098967,-0.5747417371028138,-0.31922744501556016,-0.6131013016138379,-0.9245212235059548,-1.0536841855912953,-1.088204765837071,-0.7300352139931853,0.5880116845336588,-1.150029721840385
-0.31090530812131717,-0.6959887566033671,-0.6959921192011498,-0.6185653810624077,-0.016674433800912748,0.5684630397761075,-1.0220795393098967,-0.6185650651262447,-0.5021342409456613,-0.4315921266128862,-0.5497791980440935,-0.19696155419012215,-0.7095641301399419,-0.6807776119790194,-0.24616028977423604,-1.150029721840385
-0.9918577746681916,-1.3542997445339442,-1.3542987416953087,-1.1523032532811348,-0.9664134328833867,0.9318726872566682,0.2725909621141842,-1.152306541940483,-1.3967427029784418,-3.0495434927363987,-2.076599292300379,-1.8644016524871199,-0.7113222575282985,-1.6437428003636008,1.51736212590236,-1.150029721840385
-0.6127248511541021,-1.362000875644685,-1.3620020620197144,-1.1467658022388674,-0.44231965595068,0.7250087340754259,0.2725909621141842,-1.1467745299327852,-1.325129010979727,-2.607649802280621,-1.987276604764088,-1.763448589652266,-0.0950681833260603,-1.6271375464268139,1.1439298413756258,-1.150029721840385
-0.510135942438525,-1.2601108393884504,-1.2601120237987797,-1.1731255727594718,-0.007987796614182805,0.9514408990440829,0.2725909621141842,-1.173126394015945,-1.4599913673917801,-3.1528124012094936,-2.134405839852175,-2.0391985297692448,0.05569117181251174,-1.6445521320680827,1.479335923129739,-1.150029721840385
-0.8045215065788768,-1.120608286149626,-1.1206072788048225,-0.9042139720552026,-0.763725231859688,0.7753269929573496,-1.0220795393098967,-0.9042117539886372,-0.30487333797972677,-0.46679036294958626,-0.8599538339651535,-1.05071835123722,-1.0936455311098168,-0.6882011372684065,0.33662847504491084,-1.150029721840385
-0.7792459783446042,-1.1891325917663178,-1.189131585742838,-0.9709997070623,-0.9635178871544767,0.534917533854825,0.2725909621141842,-0.9709915717158946,-0.39784552392666084,0.16258472088426276,0.5185104676575761,0.880817148697837,1.4906747500297988,0.1766953749247988,-1.312837576770044,-1.150029721840385
0.30314134839365914,-0.7328569914433608,-0.7328581656868897,-0.7931345638129045,0.2265514074275257,-0.35124291423238835,-1.0220795393098967,-0.7931362728363082,1.2731229445244938,0.7852221329996993,0.2684703429416343,-0.46817617992102845,-0.9343886237060164,0.7003608957144896,1.0229408537044797,-1.150029721840385
-0.25143347698185214,-1.1488100121586298,-1.1488090053576274,-0.9076306129805316,-0.8998158811184571,-0.39597025546076503,-1.0220795393098967,-0.9076244390894969,-0.45197537451597525,-0.08288607177812221,0.4299204141755166,0.8728941866283111,1.707303304542987,0.19363552473930254,-0.9953487093636689,-1.150029721840385
-0.5800153440273963,-1.3685746382159059,-1.3685823919131967,-1.105044006943984,-0.2627958207582612,0.8368270871463677,0.2725909621141842,-1.1050433262537942,-0.2801032440309861,-0.7016499535236101,-1.0781965109623723,-1.4260155361726352,-1.120664972240405,-0.7656458089903949,0.8293543025951041,-1.150029721840385
-0.664762703401134,-0.7419438007784049,-0.7419449751971507,-0.5676679166235311,-0.4625884760530499,0.8032815812250851,-1.0220795393098967,-0.567674016799729,-0.49495144926260604,-0.5111740393818,-0.9258640659195971,-1.0775975455232838,-0.756218422023453,-0.7706971551459554,0.10638584063835128,-1.150029721840385
-1.0082125282315444,-1.3233791996393407,-1.323382574334813,-1.0296108269544817,-0.917189155491917,1.0101455344063273,0.2725909621141842,-1.029618039604359,-0.4277897039924004,-0.8344224619371942,-1.1678394369113416,-1.59818299088668,-0.9422589854208009,-0.8200942971091697,0.7514861933107235,-1.150029721840385
-0.4372829492926803,-1.2495901923963466,-1.2495891875386436,-1.0097124051670123,0.14258058128913623,0.9598272755244035,0.2725909621141842,-1.009713182809562,-0.28602902978112743,-0.05662513406915396,-0.20964507986241707,0.1796273939564612,-0.8785284456396679,-0.5290697793733514,-0.704927174344189,-1.150029721840385
-0.4744528437548459,-0.7013541552254324,-0.7013531397963387,-0.5911313569098092,-0.3207067353364608,0.5824403339099752,0.2725909621141842,-0.5911275715073764,-0.5493226505553213,-0.2723231563853208,0.13189286632316075,0.768376831108624,1.647886448691126,-0.09574242159774239,-0.603935257677558,-1.150029721840385
-0.736128900768492,-0.7167542283817889,-0.7167554023148155,-0.4241413006126624,-0.3844087413724804,1.0129409932331008,1.567261463538265,-0.42413845982574466,-0.7494376820843832,0.2622955330566233,0.5799958558191158,1.409956711438813,0.8152947958756733,-0.249403813490091,-2.0073352201801313,-1.150029721840385
-0.4372829492926803,-0.6693171871169354,-0.6693161710700871,-0.5195085130072691,-0.5407682107336194,0.3000989924058473,-1.0220795393098967,-0.519508170633465,1.139335016063675,0.9196096638476594,0.6732334416772126,0.11475395582828139,-0.8981155136275463,0.9246574098152541,0.03605095548147544,-1.150029721840385
-0.7034193936417863,-1.3234667622443521,-1.3234657588111778,-1.0596365127238612,-0.8621737866426273,0.49019019262644825,-1.0220795393098967,-1.0596422496112703,0.13858162753148795,0.719418380374056,1.1766730145463085,1.1654584778417127,1.4010148804431943,0.6999701838571533,-1.9630805696652898,-1.150029721840385
-0.6944986189708665,-0.8134802600074843,-0.8134792467404681,-0.6760963122196562,-0.6623811313478386,0.6663040987131815,-1.0220795393098967,-0.6760960116381287,-0.6754796888009063,-1.1470512708290481,-1.098318431125309,-0.9294215406031963,-0.2578275870722972,-1.00819414842672,0.6900685545419285,-1.150029721840385
-0.7747855910091442,-1.2918435274445332,-1.2918403343364149,-1.0282734504255167,-0.7926806891487878,0.6914632281541434,0.2725909621141842,-1.0282776951661952,-0.18107451172226988,-0.21828719743515676,-0.6331316657085823,-0.8023895992088544,-0.7481514893160648,-0.5053200800452747,0.03412611487899682,-1.150029721840385
-0.6617891118441608,-1.3266803098482656,-1.3266793064770568,-1.1256981651723772,-0.6971276800947585,0.571258498602881,-1.0220795393098967,-1.1256950170344313,-0.31266385351608583,-0.32230894188677617,-0.46084328871207386,-0.18625682367679164,-0.391713084812292,-0.528092999730011,-0.15793182500435832,-1.150029721840385
-0.5919097102552894,-1.2637009061939122,-1.2636999016082997,-1.0264770926025875,-0.4481107474085,0.6802813928470492,0.2725909621141842,-1.0264749071672628,-0.44400836693065954,-0.5472302563867623,-0.6997208905611625,-0.4998461528290032,-0.5338804912576182,-0.7303980178607116,0.06270676542825952,-1.150029721840385
-0.34510161102650955,-1.1386943422147031,-1.138693335218645,-0.9018478443501108,-0.19909381472224158,0.4566446867051657,-1.0220795393098967,-0.9018550229008696,-1.1459106380471316,-1.3219110956509674,-1.0210275290307376,-0.638230664199846,0.15235280908712054,-0.8896410077150058,-0.05287334368460346,-1.150029721840385
-0.700445802084813,-1.3837973970971145,-1.383805151087939,-1.183674229050065,-0.5755147594805392,0.7613496988234819,0.2725909621141842,-1.183673569345776,-1.0379392361957638,-1.1887180084784315,-0.9985432483148344,-0.6376147134759859,-0.09204760380335138,-0.8185035416900152,-0.07114021307858438,-1.150029721840385
-0.5383850622297709,-1.2912305892094544,-1.2912295851546844,-1.1152405137935182,-0.5465593021914393,0.4845992749729012,-1.0220795393098967,-1.115239341232667,-0.26801310396797584,0.25055297410668104,0.7424643938900423,1.132629556492331,1.1717390912423884,0.2948578037791771,-1.5519070894612816,-1.150029721840385
-1.4646588322269385,-0.7765069500414771,-0.7765059360615211,-0.32579070980728786,-1.412327475135524,1.3903279348475293,0.2725909621141842,-0.3257962508359711,-1.7835259846277822,-3.2593618240024154,-2.1782994621519296,-1.8672043073218034,-0.27130815760707644,-1.827991349087409,1.0197167978307722,-1.150029721840385
-0.6944986189708665,-0.7642219165583964,-0.7642209023415536,-0.5835344251476415,-0.36124437554120054,0.95703181669763,0.2725909621141842,-0.5835355836380726,-0.4584904524374605,-0.47804084475155456,-0.8783549540195511,-1.0277708098765972,-1.0078721782922186,-0.7625480221215155,0.17483481299113737,-1.150029721840385
-0.10721428646864947,-0.7111699232471954,-0.7111710970725422,-0.8067872789406958,-0.21936263482461146,-0.01019693736601604,0.2725909621141842,-0.806784540279529,-1.1830894271659649,-1.9668391819908646,-1.3149365326053761,-0.8933073549696156,0.4792323175191481,-1.026697145670568,0.7295635865644728,-1.150029721840385
-0.617185238489562,-1.3099777429423665,-1.3099767392490895,-1.076931402688671,-0.6739633142634786,0.509758404413863,0.2725909621141842,-1.0769232956147539,-0.4186095091897738,-0.7352920484521874,-1.1123458962141783,-1.4281506674001025,-0.8164684360698097,-0.7605665548450249,0.6172450708451922,-1.150029721840385
-0.6588155202871875,-1.3050764261268608,-1.305079800469409,-1.1000189531221334,-0.6855454971791185,0.576849416256428,0.2725909621141842,-1.1000182710907893,-0.6274149048791856,-1.1760081183828992,-1.301263499016687,-1.849851841778957,0.04468214230927692,-0.7419240176521282,0.8692872723495234,-1.150029721840385
-0.553253020014637,-1.1406010179388235,-1.140600010979531,-0.9918972045112001,-0.2599002750293512,0.7893042870912174,-1.0220795393098967,-0.9919004503592053,-0.6475897718547468,-0.9352772483339044,-0.9384261532070024,-0.6745620530170243,-0.7693919597374185,-0.9383683579227865,0.3090877528240367,-1.150029721840385
-0.5264906960018778,-1.1137937264146243,-1.1137927189384187,-0.8223451621119682,-0.5060216619866996,0.5013720279335424,0.2725909621141842,-0.8223468789314927,-0.5874209371666499,0.3866648778663446,0.7954102576219305,1.4696928714688553,1.0844001981907674,-0.0309958852391789,-2.107509653080596,-1.150029721840385
-0.034361293322804826,-0.7496208521727677,-0.7496198376743792,-0.6517109526101567,0.18311822149387597,0.24139435704360288,-1.0220795393098967,-0.651715096848726,-0.41650690637599674,-0.10743945972574499,0.468743134621804,1.0983496892840166,1.4972818192814368,0.07859879074361342,-0.9364363524769009,-1.150029721840385
-0.5250039002233912,-1.3044985129337865,-1.304497509134856,-1.0717856684403904,-0.5089172077156096,0.49578111027999533,-1.0220795393098967,-1.0717869572419383,3.8208387057702247,1.8450721939837769,2.2848981200737604,-0.33397134828531705,-0.6903939739048441,3.5719814151760128,1.054432747461825,-1.150029721840385
-0.498241576210632,-0.6675221537142044,-0.6675211376327433,-0.515076969479338,-0.6768588599923885,0.283326239445206,1.567261463538265,-0.5150593152012574,-0.6809937177314127,-0.8779018940376608,-1.2313831459286724,-1.4620953105469932,-0.7897302883848624,-0.9840537372413075,0.4406400766437077,-1.150029721840385
0.5395418771730326,-1.3753344713227758,-1.3753312798245758,-1.8656314053369165,0.2699845933611754,-0.7537889852877786,-1.0220795393098967,-1.8656294438664816,1.1771766501979002,0.9542443246473636,0.3623954172186742,-0.6260771207925052,-0.380711330087806,0.847687173920031,0.18385841568553066,-1.150029721840385
-0.7569440416673048,-0.7740595752314121,-0.7740607502694321,-0.650290484640043,-0.6826499514502085,0.7641451576502555,-1.0220795393098967,-0.6502956176835858,-1.3447354518389931,-2.609685403473949,-1.9271392568403398,-1.663871710163668,-0.20798797452558718,-1.593285154787617,1.1750665189726726,-1.150029721840385
-0.6275928089389684,-0.722793859062441,-0.7227928440467596,-0.5612184380962743,-0.35545328408338056,0.8368270871463677,-1.0220795393098967,-0.5612121717500577,0.7867751946030525,1.2229941516177467,1.809057691494478,1.111156410100806,0.9224290700564874,1.6171941769435945,-1.7085880022802302,-1.150029721840385
-0.24845988542487887,-1.3660375117357044,-1.366036509123403,-1.178720396463485,-0.025361070987642693,0.442667392571298,-1.0220795393098967,-1.1787177570688754,0.6781798977057178,1.2171817531690288,1.764476786540124,1.4369536109355194,1.1108605281470216,1.3916418033013922,-2.331076170063463,-1.150029721840385
-0.3094185123428305,-0.8053675846531905,-0.8053687602949087,-0.7373722933315356,-0.19909381472224158,0.3895536748626007,-1.0220795393098967,-0.7373660739996503,-1.4786165820123645,-3.162641326806204,-2.1296752674013124,-1.954062580982498,-0.2087933156804167,-1.703214726648126,1.4419228331817426,-1.150029721840385
-0.6498947456162677,-0.831548803551559,-0.8315477906329506,-0.671917999750464,-0.6421123112454687,0.6020085456973899,-1.0220795393098967,-0.6719167088696846,-1.3288744678610334,-2.168759044163761,-1.3999040505802056,-0.8873582012289115,-0.4149203570926372,-1.273710763476449,0.6320119140804589,-1.150029721840385
-0.6707098865150805,-0.7306350903411999,-0.7306340754767174,-0.554747197524907,-0.5639325765648993,0.7166223575951053,0.2725909621141842,-0.5547478537401684,-0.49190848290128464,-0.2060357381868825,0.19316261162944923,0.7986380443513583,1.3736642354212287,-0.08882124012493038,-0.6311603866757793,-1.150029721840385
-0.2633278432097451,-0.6410826251310526,-0.6410816085397699,-0.5009257057046544,-0.613156853956369,-0.0968561609959959,-1.0220795393098967,-0.5009288205155238,0.03723763253128633,-0.10686326682598063,-0.3659172846176561,-0.40331258168566436,-0.48619440649151524,-0.32369488236358057,0.26469476959706323,-1.150029721840385
-0.4893208015397122,-0.740956532406903,-0.7409577068066117,-0.5862883129114274,-0.4770662046975998,0.4594401455319393,-1.0220795393098967,-0.5862855154005044,-0.3148485294797226,0.1329591531036778,0.6071559267607022,1.1620503678619878,1.4191327546001629,0.24635371748987409,-1.209824195144219,-1.150029721840385
-0.7509968585533583,-0.7952015662113824,-0.7951983635267389,-0.5880233413373183,-0.5233949363601595,0.9067135578157062,0.2725909621141842,-0.5880264793939864,-0.3476487508303024,-0.4193532847273805,-0.8376326751557043,-1.0349777448119863,-0.9935330591694865,-0.6940339071386391,0.3027042890275177,-1.150029721840385
-0.29306375877947766,-1.3483126514162989,-1.3483138375273844,-1.1655088573208403,-0.45679738459522995,0.11000779218524633,0.2725909621141842,-1.1655022576638072,-0.33782848978904584,-0.5798587565062651,-1.1017726380147836,-1.5230638717190383,-0.8788807552632395,-0.7153556113532695,0.6937882447058371,-1.150029721840385
-0.10126710335470297,-1.258648543884762,-1.2586453501365598,-1.7019946822004142,0.19759595013842587,0.38116729838228003,-1.0220795393098967,-1.7019961392006953,1.6391319817669887,0.8396702591336365,0.689167757055903,-1.1049428080721335,-0.7305711488063331,1.674489280022961,1.3852293608031405,-1.150029721840385
-0.5740681609134498,-0.7045414340478425,-0.7045404186802078,-0.5181078287136195,-0.7666207775885979,0.3392354159806769,-1.0220795393098967,-0.5180985833091969,-0.5041398166034602,-0.04486154618126412,0.4443663992867266,0.9451292055706995,1.5034634791110044,0.14688964180801176,-1.106240104188443,-1.150029721840385
-0.28860337144401776,-0.7666408335218327,-0.7666420084168003,-1.0331580401444729,0.04413202650619686,0.5852357927367488,-1.0220795393098967,-1.0331617915967735,-1.33410280572116,-2.564456363736242,-1.667065286341215,-1.326811071360696,0.22943362619756627,-1.3284104235035112,1.0263956958114926,-1.150029721840385
-0.5071623508815517,-0.525701380507707,-0.5257047398219142,-0.3689962808369697,-0.6710677685345686,0.3056899100593944,0.2725909621141842,-0.36900133880489844,-0.3851088839247138,-0.5287416141432285,-0.8130813797793974,-1.0306319921032274,-0.5592756441181136,-0.5772389697849377,0.38048411562626644,-1.150029721840385
-0.5413586537867441,-0.679270866241591,-0.6792698503866752,-0.5256513445493343,-0.18461608607769167,0.8396225459731412,0.2725909621141842,-0.5256460578945764,-0.4847441229001894,-0.48422335250815024,-0.9078372922805767,-1.0640209187732368,-0.9307893420139355,-0.7662039687865896,0.1692125266809723,-1.150029721840385
-0.8119554854713099,-1.346565777446324,-1.3465713416540603,-1.1157232354992392,-0.6710677685345686,0.8787589695479708,-1.0220795393098967,-1.115724041435398,-0.14914005777243403,-0.4324585188563275,-0.8147477222653493,-0.9985233649951005,-1.2032718152378021,-0.5678618852088698,0.5016955478596348,-1.150029721840385
-0.3674035477038089,-0.757208151896994,-0.7572049484797404,-0.5898216775278938,-0.6334256740587388,0.07925774509073735,0.2725909621141842,-0.5898193755520468,-0.4695345076073445,-0.016737444570138132,0.40061213098396015,0.8019132034201683,1.3110957927069293,0.1452709783990478,-1.0830196724494774,-1.150029721840385
-0.8015479150219036,-1.3831691354061586,-1.3831790784500362,-1.1242044975993468,-0.9837867072568466,0.5572812044690133,0.2725909621141842,-1.1242161868240588,-1.2540112355560113,-1.6347880460106032,-1.278560984902812,-0.7165404078795695,-0.6045622981249869,-1.2251508612075268,0.1138342577765089,-1.150029721840385
-0.6632759076226473,-1.2157713252758704,-1.2157746978963881,-1.066701263589148,-0.7260831373838582,0.5460993691619191,0.2725909621141842,-1.066707496954137,0.6306452854660355,1.133272084970498,1.0036231329719087,0.9740252129435908,-1.5626633615919772,0.7593862941620593,-1.9765349899834457,-1.150029721840385
-0.4952679846536587,-0.7849129601225586,-0.7849119463046921,-0.5202721629187786,-0.7868895976909678,0.17150788637426428,0.2725909621141842,-0.5202747883010495,-0.3942416084521038,-0.7502057712446284,-1.1400324429351718,-1.53740337145255,-1.0673244392516765,-0.8219362244366115,0.8104798814905539,-1.150029721840385
-0.7554572458888181,-1.1652827272263742,-1.1652839098081753,-0.9503277435250892,-0.7173965001971283,0.7278041929021994,-1.0220795393098967,-0.9503275161341673,0.03041373699507498,0.1872138130084969,0.6777068054370143,1.2515740365619727,1.3306444046645627,0.24515367392805584,-0.7454273777322747,-1.150029721840385
-0.5160831255524715,-0.6312821805651666,-0.6312833528500738,-0.48542321682748113,-0.43942411022177,0.5460993691619191,-1.0220795393098967,-0.4854258329087923,3.2690671790803725,1.9140429046643295,2.349173904529361,0.851797456123845,-1.2420713987970267,3.132402667683025,0.3564649688810719,-1.150029721840385
-0.4313357661787338,-0.6992176276631575,-0.6992209903232012,-0.5308089490034934,-0.42784192730613013,0.3979400513429213,-1.0220795393098967,-0.5308120717900082,1.0799439635775319,1.0522349696956101,0.662515485971024,0.37980592016250764,-1.2246547513134503,0.7517115969643847,-0.44541639666324884,-1.150029721840385
-0.4744528437548459,-0.7147818807039101,-0.7147808655337373,-0.569895558593375,-0.8129495092511576,0.10721233335847279,0.2725909621141842,-0.5698947350755058,-0.34179269248078337,0.26279181599218676,0.7819110621629534,1.4251947887121448,1.4853737453787426,0.26438227890695676,-1.566699652849055,-1.150029721840385
-0.505675555103065,-1.2066254111824435,-1.2066222164311022,-0.9473483218496142,-0.03694325390328262,0.9150999342960269,0.2725909621141842,-0.9473574909123322,-0.12963029630156173,-0.16992064015566688,-0.6122911966964493,-0.7933012023608262,-0.9230518771781281,-0.46912341726206064,0.10878893704960754,-1.150029721840385
-0.978476612661812,-1.3881580148266757,-1.388157012640914,-1.106725619443422,-0.7955762348776978,1.0716456285953453,0.2725909621141842,-1.10672988512248,-0.3794394028840918,-0.4546566657538186,-0.8607784126817132,-1.0779450855167876,-0.5969615606101313,-0.6963502702928465,0.1591024213279752,-1.150029721840385
-0.5993436891477225,-0.6713158035763176,-0.6713147875680078,-0.4955742212211483,-0.3207067353364608,0.8172588753589528,0.2725909621141842,-0.49557486164352293,-0.33773389700615675,-0.3271624207650833,-0.7513651006827069,-0.8706104243732905,-0.7932067970446898,-0.5999002575104347,0.06526279247604352,-1.150029721840385
-0.6156984427110753,-0.7696113948968398,-0.76961038078392,-0.6061333187724438,-0.7029187715525783,0.4790083573193541,-1.0220795393098967,-0.606128548189851,-0.36145668887522664,0.1581181744641916,0.620643730450701,1.2967410912226776,1.5156619615463371,0.1351403780981173,-1.3933965701180557,-1.150029721840385
-0.42241499150781403,-1.351974957370895,-1.3519739544874316,-1.0915159289779157,-0.6942321343658484,0.12398508631911405,0.2725909621141842,-1.091516233861256,-0.11461473532067307,0.3286418322813149,0.8623775613040606,1.3802357886261578,1.3995428086457407,0.3775212695955839,-1.4107681001490926,-1.150029721840385
-0.4878340057612256,-0.6390818196065452,-0.6390829920418493,-0.44150345507744965,-0.18751163180660166,0.73619056938252,0.2725909621141842,-0.4415060594368589,-0.2567824714891948,0.5971224888459684,0.4038621685640637,0.8518543786259632,-1.3692525526896733,-0.08622579707262575,-2.086841077553873,-1.150029721840385
-0.522030308666418,-1.2743047376607766,-1.274303733279633,-1.1012435626952537,-0.757934140401868,0.2497807335239235,-1.0220795393098967,-1.1012423863987062,-0.028747788885528498,-0.17075759188598152,-0.5987487451237966,-0.7879193286770192,-1.0905541768839757,-0.3843947601997339,0.2580534091362179,-1.150029721840385
-0.4417433366281402,-1.3363734902230127,-1.3363724870387133,-1.1058828348260565,-0.6710677685345686,0.18268972168135847,-1.0220795393098967,-1.1058841327279192,0.35193912701364455,0.9988214673086953,1.4735748464602267,1.0988321128904668,1.0166788850015747,0.9738033798701808,-2.3437283996791054,-1.150029721840385
-0.29901094189342414,-1.2155721203494696,-1.2155711148358113,-1.013196310592319,-0.12670517149949204,0.43987193374452443,-1.0220795393098967,-1.0131876919158722,1.1624413898898371,0.8527670816874043,0.4043226647872553,0.11253966423287722,-1.300880408878998,0.6058086262391394,-0.02084966839569589,-1.150029721840385
-0.7153137598696793,-0.7597387111818196,-0.7597376968785292,-0.6681709714281865,-0.6971276800947585,0.6718950163667285,0.2725909621141842,-0.668175120059829,-1.5269340190839706,-3.596745898646189,-2.2286766084701317,-2.1328537827444753,0.009767754289805584,-1.7489559219462663,1.6946914552095804,-1.150029721840385
-0.6261060131604818,-0.791755977704189,-0.7917549640182734,-0.6173229661804699,-0.45100629313741,0.7417814870360672,0.2725909621141842,-0.6173236390968015,-0.3471340548057589,0.2885901170663077,0.6989456207678231,1.3395984053900147,1.0838545820821393,0.09941815114166885,-1.6653287911813328,-1.150029721840385
-0.6677362949581073,-0.6495608743612684,-0.649559857933468,-0.3141816484582255,-0.3988864700170303,0.8703725930676501,0.2725909621141842,-0.31418075669195805,-0.8190367564681112,0.27911868341470675,0.7746864452143615,1.6176323815470934,1.1921463953344766,-0.28004678630116997,-2.104354415993326,-1.150029721840385
-0.5993436891477225,-1.2989360984504459,-1.2989350945442577,-1.1253282104225006,-0.20488490618006155,0.9290772284298946,-1.0220795393098967,-1.1253314918823834,-0.364165624471971,-0.559494332997805,-0.7147689431245076,-0.5574417453798743,-0.910092364656876,-0.7248443278885762,0.22003346261690926,-1.150029721840385
0.007268988474820686,-1.2254404259342395,-1.2254416096760348,-1.196678039589838,0.029654297861646955,0.01496219207494585,-1.0220795393098967,-1.196676394172095,-1.0122512097086567,-1.7306673856889103,-1.5692100757253276,-1.6457675900695754,-0.6110672935114787,-1.3285778714423697,0.8023391056524799,-1.150029721840385
-0.7257213303190856,-0.7275835335565572,-0.727582518633233,-0.5461571252042476,-0.7839940519620578,0.6075994633509371,0.2725909621141842,-0.5461592629030049,-0.24877616616686998,-0.45797082637436104,-0.8465242135028783,-1.0245935192510167,-1.1156583861439977,-0.6647305178384273,0.5228347326633094,-1.150029721840385
-0.581502139805883,-0.7929402619369664,-0.7929392482738867,-0.588927455351722,-0.6739633142634786,0.442667392571298,0.2725909621141842,-0.5889241639531256,-0.43135658221924533,-0.7148813612802427,-1.0934593455385646,-1.4043367452455358,-0.8658332365144352,-0.8135917354835037,0.668779219658754,-1.150029721840385
-0.617185238489562,-1.2648304637985575,-1.2648294592347258,-1.0697024473087333,-0.35255773835447063,0.8200543341857264,1.567261463538265,-1.0696973058577162,-1.1808920576855066,-1.3490804834792722,-1.1804806126017684,-0.7427804290744809,-0.5127847619433504,-1.1212215071561087,-0.09322061643616143,-1.150029721840385
-0.4462037239636001,-0.6326744259848457,-0.6326777873617665,-0.42905754421396103,-0.7289786831127681,0.13516692162620822,0.2725909621141842,-0.429049758818721,-0.18386534658508183,-0.2438836207049807,-0.6636125984858818,-0.7986029080038076,-1.1085382072853232,-0.5352374451213006,0.21388148019295267,-1.150029721840385
-0.7792459783446042,-1.1571853753279573,-1.157186557753621,-0.9052981175254285,-0.7231875916549483,0.766940616477029,-1.0220795393098967,-0.9052998564845635,-0.19121332787060877,-0.5154471195727531,-0.8326240103471936,-0.9704652123142902,-1.2234080655494082,-0.660488503387349,0.5923180722304284,-1.150029721840385
0.48007004603356757,-0.7593271669382666,-0.759332719822543,-1.2883714232650838,0.5450614376076237,-0.37640204367335023,-1.0220795393098967,-1.2883688131356281,2.003582324697319,1.266036181808903,0.5115932105430031,-0.1940422466729629,-0.8919190522581921,0.9362671335760998,0.7082763370990691,-1.150029721840385
-0.07747837089891696,-0.736806064929369,-0.736807239249046,-0.6353913978950211,0.08177412098202662,0.2246216040829616,-1.0220795393098967,-0.6353910864496138,0.9481264862485128,0.6895572884884579,-0.15428732231580272,-0.9961553724821085,-0.5567312418333793,0.3581252166778248,0.9176613181010166,-1.150029721840385
-0.33469404057710317,-1.3847627748173637,-1.3847639616313008,-1.1615639922339231,-0.07458534837911238,0.5572812044690133,0.2725909621141842,-1.1615702509171644,-0.42942021231069244,0.18595207673164066,0.6206986761124473,1.1933660084728623,1.5661398765684433,0.1282750126049252,-1.5827754433051477,-1.150029721840385
12.588534866028645,-0.7932751889011346,-0.7932763643096806,-9.2700501902012,12.932206065884523,-11.18364586797987,-1.0220795393098967,-9.27004822655435,5.297105840674796,2.2635017954776178,-0.3640198004433675,-0.8031295051385406,1.1084616225196353,0.13084254766741987,1.182529534035226,-1.150029721840385
-0.5770417524704231,-0.90247670267581,-0.9024756911248726,-0.6893098297299471,-0.613156853956369,0.49298565145322176,1.567261463538265,-0.689316456963633,-0.42706686906874247,-0.6779671636070181,-1.1384233759254718,-1.586753010650382,-1.012805480603003,-0.7992191207314949,0.7367985959507485,-1.150029721840385
0.06822761539277233,-0.6902249481285005,-0.6902239324848073,-0.5595882631556425,0.18311822149387597,0.04850769799622837,-1.0220795393098967,-0.5595874368868223,-0.41902213542836897,0.0682320821009518,0.5766349277726134,1.2271796428672341,1.5412392195492135,0.11083251897384643,-1.2872362930760444,-1.150029721840385
-0.8045215065788768,-1.249717158173613,-1.2497205314486932,-2.5596150785462206,-0.7955762348776978,0.7445769458628407,0.2725909621141842,-2.559613796887609,-1.0368740240855092,0.6370312072829319,0.7401682797679631,0.4640506108799072,0.7303540064090909,0.4797761442584185,-2.460095406430829,-1.150029721840385
-0.5517662242361505,-1.2159530176812687,-1.215952012174955,-1.0056844486389465,-0.4741706589686898,0.5796448750832016,-1.0220795393098967,-1.0056896765348529,0.04933542348114791,-0.16711958562104598,-0.5766033631180942,-0.863562063547008,-0.8734483277347123,-0.29843815158577897,0.40880547923268895,-1.150029721840385
-0.8892688659526145,-1.2580903322778154,-1.2580893275840166,-1.0757087714831972,-0.8332183293535276,0.8675771342408766,-1.0220795393098967,-1.0757115451079269,-0.32587415296764655,-0.3816946626508107,-0.6234335902530896,-0.5176028291308743,-0.8740698310807805,-0.6350922326604986,0.041745536274362706,-1.150029721840385
-0.7509968585533583,-1.250189996240674,-1.2501889913945365,-1.020456919854599,-0.5813058509383592,0.8508043812802354,-1.0220795393098967,-1.020445830155744,-0.42562224252417913,-0.02407654391385203,0.409174726395346,0.8452606483881897,1.5615289090211268,0.16341117177536976,-1.0176974364744265,-1.150029721840385
0.7387725114902404,-0.7730723068599101,-0.7730712928137256,-0.8173517621724601,1.0778418517270603,-0.3484474554056148,-1.0220795393098967,-0.8173539722513219,0.30617360847453845,0.1234372500010026,-0.6886605523141548,-0.9424687160128519,-1.1879732762373407,-0.3933532249286559,0.47391778315214267,-1.150029721840385
-0.6380003793883747,-1.3820570903225156,-1.3820560880191126,-1.109370696986656,-0.41915529011940017,0.7948952047447645,-1.0220795393098967,-1.1093759525557552,-0.6567995269020261,-0.18866583544216134,0.5265987405763195,1.1320549754072509,1.8272923761072148,0.014801126038580654,-1.2155778627739466,-1.150029721840385
-0.9026500279589941,-1.2359720182519696,-1.2359753912620082,-0.951813497627534,-0.7058143172814884,1.0157364520598744,0.2725909621141842,-0.95181871114563,-0.40625176197075935,-0.47039051712621616,-0.8795192866771182,-1.0597717063866918,-0.618692789299313,-0.7230582165407539,0.1373369160537939,-1.150029721840385
-0.18750125850692725,-0.6772547372612067,-0.6772559104325822,-0.463123056717285,-0.15855617451750184,0.19946247464199973,0.2725909621141842,-0.4631246776627396,-0.49499231195374377,0.07888113627761861,0.6593581707698353,1.321054213985104,1.7768044213713443,0.1224143347448827,-1.318883202887688,-1.150029721840385
-0.5027019635460919,-1.234608230678919,-1.234613792727828,-1.0820593316281342,-0.6594855856189287,0.3084853688861679,0.2725909621141842,-1.0820621069477876,-1.4133159149687429,-2.2781768140927356,-1.4036381645694878,-0.7554384831185517,-0.24965316802417936,-1.2513843716286688,0.5943791601272681,-1.150029721840385
-0.45215090707754657,-1.28330836252106,-1.2833095473786968,-1.0706837176613466,-0.3351844639810107,0.5265311573745043,-1.0220795393098967,-1.070679071064268,0.6775939093264234,1.173264919159252,1.8498492911440623,1.2448947625602018,1.312521129037321,1.4752262327815204,-2.2286056921973114,-1.150029721840385
-0.783706365680064,-0.8266649992570557,-0.8266639862442751,-0.5577444245091997,-0.914293609763007,0.5908267103902958,0.2725909621141842,-0.5577549733652738,-1.2731984425925835,-1.2036822007219465,-1.0609748405971027,-0.340755029327266,-0.4459030241151294,-1.2099968227408457,-0.30716084498886453,-1.150029721840385
-0.6603023160656741,-0.7284919955835492,-0.7284931697429098,-0.5580490931267449,-0.5060216619866996,0.7529633223431613,-1.0220795393098967,-0.5580418367505634,-0.3007121249515677,0.39516056879717676,0.8626321829398822,1.4530846562724853,1.0821653652955956,0.24515367392805584,-1.7916126545726232,-1.150029721840385
-0.47593963953333257,-0.8415922343463513,-0.8415912216214059,-0.7394495793602534,-0.23094481774025138,0.6718950163667285,-1.0220795393098967,-0.7394532524236543,-0.33345392134801016,-0.6155700989288867,-0.8874578070120321,-0.9797107796071756,-1.1071234494848416,-0.7357842598939887,0.49727863302101105,-1.150029721840385
-0.3792979139317019,-0.6926394869616862,-0.6926384713645515,-0.5086294693197275,-0.5407682107336194,0.1910760981616791,-1.0220795393098967,-0.5086271456742022,-0.39239513646405394,0.04913360065693757,0.5684118678313005,1.130685454835482,1.497315444689298,0.17130913289152194,-1.1622064609042813,-1.150029721840385
-0.41498101261538095,-1.208906417042987,-1.2089054114007969,-0.9914896607760422,-0.11512298858385211,0.669099557539955,-1.0220795393098967,-0.9914924119232329,-1.3069618062674695,-2.118668113972568,-1.3127674086962298,-0.7473971396675266,-0.2965122862948376,-1.1511109642423247,0.5949053805447749,-1.150029721840385
0.5112927573817867,-1.362101572640448,-1.3621049480825866,-1.2856887567365685,0.802765007480612,-0.1863108434527493,-1.0220795393098967,-1.2856881242593008,0.10875986165536956,-0.12836325298361126,-0.6565079524682866,-0.9236845996618757,-1.3458343715317775,-0.39156711358083346,0.48029290527757834,-1.150029721840385
1.1342601885676828,-1.3136619395482154,-1.3136631249911468,-2.044315592791921,1.0257220286066806,-1.142357762209301,-1.0220795393098967,-2.0443193668196478,1.396153378304769,0.6437352327006282,0.5078718779097363,-1.4513850642388473,-0.3187853124070784,1.531600372197166,1.5419332132175683,-1.150029721840385
-0.31239210389980376,-0.7472807415538416,-0.7472797270103297,-0.6183991981801102,-0.1180185343127621,0.47341743966580696,-1.0220795393098967,-0.6183944308712017,-0.3178148130887387,-0.609888079895444,-0.7198401657387662,-0.6497770587198821,-0.32023213186864846,-0.6959595584355102,0.501094947541635,-1.150029721840385
-0.9338727393072132,-1.32352805606786,-1.3235270526358676,-1.1264558799809474,-0.9490401585099267,0.8396225459731412,-1.0220795393098967,-1.1264492699009259,-0.18214285374078182,0.22901934164833426,0.7196459518250334,1.0021711494223353,1.1379955239087824,0.4775435050736407,-1.2836709238271773,-1.150029721840385
-0.7197741472051391,-0.7040839194366587,-0.7040829040602018,-0.5261380229903482,-0.6421123112454687,0.7333951105557466,-1.0220795393098967,-0.5261307580973072,-0.4913016284669411,-0.15174743198134724,0.3705972090785188,0.7810358960892338,1.5882604195518453,0.18713296311363622,-0.8667229218157333,-1.150029721840385
-0.7346421049900054,-1.2545462358399844,-1.254547420143014,-1.0810622343343497,-0.8911292439317272,0.5209402397209573,0.2725909621141842,-1.0810605580594919,-0.1487710763656498,0.46689868771163406,0.7087164542955512,1.575625088793145,-0.8447188612119855,0.0029681383592573586,-2.0431905030533155,-1.150029721840385
-0.4729660479763593,-1.275528425065809,-1.2755296097734288,-1.0350216624673796,-0.45100629313741,0.45384922787839216,0.2725909621141842,-1.0350313495215921,-0.36498183499197345,-0.42231415919040316,-0.8443355644635311,-1.0614049645333967,-0.5472662530275487,-0.6486555157080255,0.14968119897860982,-1.150029721840385
-0.8223630559207163,-0.7494807520047497,-0.7494797375036597,-0.614444441254961,-0.7289786831127681,0.8424180047999147,-1.0220795393098967,-0.6144475863632509,-0.46007714204014954,-0.703239741232449,-0.8051953519650172,-0.7347578754214918,-0.3130563186664696,-0.7091879456053202,0.47518085118201037,-1.150029721840385
-0.5250039002233912,-1.3513182378333106,-1.351317234937184,-1.0645764967369167,-0.1035408056682122,0.8871453460282914,0.2725909621141842,-1.0645733322859907,-0.7151399735164491,0.18568711211350084,0.6501211085222052,1.2508197164431196,1.9115899107810148,-0.08946312389055416,-1.8603327312356175,-1.150029721840385
-0.7911403445724972,-1.3802051412265273,-1.380204138887414,-1.1003058164308612,-0.8476960579980775,0.669099557539955,-1.0220795393098967,-1.100307607436297,-0.45124888803268376,-0.6840655556118234,-0.7913967745714513,-0.6238253072734844,-0.581476569666023,-0.7628829179992321,0.2583335502567664,-1.150029721840385
-0.7732987952306577,-0.7480622378035672,-0.7480612232751246,-0.5234296376824296,-0.8448005122691674,0.6383495104454461,0.2725909621141842,-0.5234278125790176,-0.1780899703150858,-0.22767872112255685,-0.6415826216290045,-0.784000929509799,-1.011396934590925,-0.5196368788176641,0.1920019720806325,-1.150029721840385
-0.8996764364020208,-0.6973525441764176,-0.6973515286701626,-0.4898013444289595,-0.6479034027032887,1.0660547109417982,0.2725909621141842,-0.4898054454548956,-0.18962020456761294,-0.1965180408717968,-0.6402938853839472,-0.8155569767516465,-0.9883629244827989,-0.5034781527178329,0.12848153705958112,-1.150029721840385
-0.7257213303190856,-0.7959589827447299,-0.7959601582050263,-0.5267176847107428,-0.8679648781004473,0.5265311573745043,1.567261463538265,-0.5267119037485406,-0.5887567124573739,-0.8265828738703273,-1.1982691355426986,-1.5666878112580302,-0.9419693774854339,-0.9200049006279872,0.5423862194041232,-1.150029721840385
0.7774292017308927,-0.7801889575822009,-0.7801879436732434,-0.848243972970962,0.46688170292705417,-1.0109711973509445,-1.0220795393098967,-0.8482437183345382,1.3667464991565428,0.9789785614613359,0.5199117324544087,0.09765820573656132,-1.179160109689165,0.7618980132449346,0.33236796653909956,-1.150029721840385
-0.795600731907957,-1.2031097725912412,-1.2031109559024444,-0.974271927149442,-0.6913365886369385,0.828440710666047,0.2725909621141842,-0.9742657710445455,-0.24858280739008204,0.24988004809235773,0.7076843795287479,1.219941124038207,1.8059851157030153,0.23937672003744268,-1.2573202800141918,-1.150029721840385
-0.46404527330543954,-0.7577028806153077,-0.7577018662727613,-0.5311512066063202,-0.7318742288416782,0.1659169687207172,-1.0220795393098967,-0.5311508673398763,0.3092263123282161,0.9549046332989185,1.4016939338723349,1.1020619529053008,1.2135112495824383,0.9055962527752114,-2.1986090429816536,-1.150029721840385
-0.5829889355843696,-1.2972111151317238,-1.2972101111922738,-1.092795932845135,-0.42205083584831016,0.6886677693273698,-1.0220795393098967,-1.0927947542939696,-0.10193547697011097,-0.2229093579960402,-0.48035851878606717,-0.4576523443281846,-0.7548450700485627,-0.44210848312624634,0.16763386542845193,-1.150029721840385
-0.24697308964639225,-0.7178881641166849,-0.717887149006409,-0.5733082427834113,-0.36124437554120054,0.11559870983879342,-1.0220795393098967,-0.5733074201763655,-0.14814857239001947,0.514474556924294,0.8309535742583245,1.0412560148252918,1.618747318885377,0.2985695664238706,-1.8173355876365882,-1.150029721840385
-0.6320531962744282,-1.3384859380689096,-1.3384849349253434,-1.139716878314752,-0.2743780036739011,0.9234863107763475,0.2725909621141842,-1.1397216473910083,-0.1035755488969672,-0.1463135544156863,-0.5826723178089842,-0.7987705302938639,-1.0627548688931352,-0.41503773301081265,0.06953442320996592,-1.150029721840385
-0.7019325978632996,-0.7565076510569039,-0.7565132038868129,-0.5813206317513224,-0.5842013966672691,0.7557587811699349,0.2725909621141842,-0.5813272301633858,-0.33922721101250125,-0.2706198124115648,-0.7278857956431428,-0.8491721601188269,-0.8766386128021473,-0.6055376714519994,0.008677066682267939,-1.150029721840385
-0.5354114706727976,-0.7210863882647214,-0.7210853732161154,-0.5192533035808837,-0.4770662046975998,0.5460993691619191,0.2725909621141842,-0.5192509827707915,-0.42980223500188236,0.14526108180302633,0.6375797547404729,1.151645373121179,1.6091706966811,0.1718672926877164,-1.4069052112982534,-1.150029721840385
-0.7093665767557328,-1.3148090096738632,-1.3148123842040804,-1.0734415621604252,-0.8650693323715374,0.4985765691067689,0.2725909621141842,-1.073438894667572,-0.47316241904520795,-0.5683180753606198,-0.899179937171568,-1.05220904143448,-0.6297006610251616,-0.786074457531114,0.15205370926256054,-1.150029721840385
-0.4610716817484663,-0.6974816990188092,-0.6974828725802121,-0.5925498465122764,-0.3322889182521007,0.5460993691619191,0.2725909621141842,-0.5925495236327346,-1.4509544528338238,-2.3597186238783663,-1.4785832502458982,-0.8999321642974913,-0.3806108423678123,-1.3055537798493462,0.6715604718257879,-1.150029721840385
-0.8179026685852564,-0.7602947337236411,-0.7602937194310723,-0.7062545486213444,-0.752143048944048,0.8116679577054058,-1.0220795393098967,-0.7062611803774668,-1.2846622532365377,-2.9201314086068417,-2.0045279580957303,-1.9184843642379044,0.20733373316615034,-1.5990342006884202,1.6148477601569642,-1.150029721840385
-0.835744217927096,-1.3119106874479902,-1.3119096837919855,-1.0728698139106163,-0.6305301283298288,0.9626227343511771,0.2725909621141842,-1.0728626949367746,-0.4622739898692315,-0.8117869131303929,-1.1427919669778404,-1.4388487280760196,-0.7267387943710941,-0.8258712509997829,0.634278068058097,-1.150029721840385
-0.35848277303288917,-0.7588937320434609,-0.7588949067890446,-0.5653631183154776,-0.013778888072002768,0.6607131810596344,0.2725909621141842,-0.5653617989958857,-0.34771013180890503,-0.34239998920191733,-0.7999189694239234,-1.008274394382073,-0.8552929227781464,-0.6624978786536493,0.21811557340700008,-1.150029721840385
-0.6246192173819951,-0.7344374964638142,-0.7344364816726517,-0.5038497330860304,-0.45969293032413994,0.730599651728973,-1.0220795393098967,-0.5038543324534347,-1.218872798853392,-1.9395183858093372,-1.294099604723418,-0.8564615411373999,0.0541444787275422,-1.168972077720549,0.6215007133762049,-1.150029721840385
-0.3807847097101885,-0.7604216995009074,-0.7604206852107868,-0.5099628891133996,-0.8505916037269874,-0.10524253747631653,-1.0220795393098967,-0.5099600712317119,-0.38798944282423675,0.2392898749419442,0.8982722865100783,1.5583667662447953,1.8971042946101138,0.24967476827723137,-1.6066145489827939,-1.150029721840385
0.7253913494838607,-1.3282454914128419,-1.3282444880718138,-1.384626922732923,0.5363748004208937,-0.8460391265713055,0.2725909621141842,-1.3846337355422698,0.28350820394507975,0.3654508852648014,-0.7044051814537508,-0.6908619346428692,-1.1549340161580794,-0.5670525535043879,-0.49216590197126336,-1.150029721840385
-0.92643876041478,-0.7496974694521525,-0.7496986440204089,-0.5697946618434088,-1.0011599816303065,0.7753269929573496,0.2725909621141842,-0.5697958166667852,-0.5784132350857621,-0.12078021795970516,0.38939116406518703,1.1621110557767993,1.5209455147292326,-0.19219243438015388,-0.9635738939287474,-1.150029721840385
3.346612306955781,-1.2642240927588546,-1.2642230881833305,-1.5510669928243712,2.1318204970502936,-4.23413522462084,0.2725909621141842,-1.5510689041350663,-0.1187448231500506,-0.722296164800568,-1.2377353617141427,-1.7496404963565566,-0.6712851388987696,-0.7929677310141164,1.5161498030382492,-1.150029721840385
-0.7034193936417863,-1.377457864494299,-1.3774590511673785,-1.1039816235178683,-0.8534871494558974,0.4985765691067689,0.2725909621141842,-1.1039774803998301,-0.5862437438942987,-0.83621412745033,-1.184335192734417,-1.4823487594850178,-0.6704751549439512,-0.8997716080159361,0.44277971527658205,-1.150029721840385
-0.44471692818511344,-1.1005214245600417,-1.1005226058930795,-0.9491051123196154,-0.39309537855921034,0.4566446867051657,-1.0220795393098967,-0.9491034008262503,-0.5210100221106262,-0.857966460863332,-0.9043571131572424,-0.7191312867374119,-0.7002202555645308,-0.869072819225238,0.46208581785969466,-1.150029721840385
-0.8149290770282832,-1.2913706893774723,-1.291369685325404,-1.07755261012964,-0.6218434911430989,0.9318726872566682,0.2725909621141842,-1.0775563734305655,-0.27003519858602193,-0.08389966658719673,-0.1554518643979112,0.22808901692940015,-0.9375271433275335,-0.5235160894012159,-0.6282679122276343,-1.150029721840385
-0.522030308666418,-1.2206989108728794,-1.2206979054580787,-1.0273930768228696,-0.6189479454141888,0.3839627572090536,0.2725909621141842,-1.027392375408146,-0.2983902546759834,0.3929693534630364,0.8260159495446913,1.1479931289600436,1.0593781689535051,0.26507997865219995,-1.8703100649905384,-1.150029721840385
-0.21277678674119987,-0.6568263815120783,-0.6568253652243754,-0.4727972745081703,0.25550686471662554,0.6467358869257667,0.2725909621141842,-0.47279395211517544,-0.5438263577716065,0.07071770256635862,0.5454787766469987,1.2689114337748266,1.7793067740667199,-0.03844731851837541,-1.4585130448730512,-1.150029721840385
-0.8164158728067697,-1.2610236795456928,-1.261020485843289,-1.1592552371905769,-0.7955762348776978,0.766940616477029,0.2725909621141842,-1.1592629790337572,-0.5120508336077276,-1.0418182595516468,-1.2117656674568302,-1.4322668292967187,-0.8662643181348276,-0.9354659269825752,0.8468029930836617,-1.150029721840385
-0.2142635825196865,-1.2614045768774917,-1.2614057613127676,-1.0919749102718799,0.03544538931946692,0.4370764749177509,-1.0220795393098967,-1.0919811503822427,-0.9550886519017532,-1.0097743639070873,-0.9116442217311123,-0.5952590160933579,0.1814665492886639,-0.6912710161474762,-0.21096121835960716,-1.150029721840385
0.4295189895650223,-1.3305352535338866,-1.3305408174325133,-3.1697535525335385,0.44082179136686434,-0.3819929613268973,-1.0220795393098967,-3.169757379637398,-0.8334376382440131,-1.7592793586604207,-1.4780306005318058,-1.5650924678960316,0.935842406020987,-1.1122072264475673,1.2360629033517594,-1.150029721840385
-0.9026500279589941,-0.7388221939097533,-0.7388211792031391,-0.5039229326889471,-0.9432490670521069,0.7865088282644439,1.567261463538265,-0.5039211023793211,-1.2075910445397409,-1.1001399160555325,-1.0673402207857294,-0.42529849799981295,-0.01051260438077924,-1.212006198007146,-0.3724872517994571,-1.150029721840385
0.7372857157117537,-1.314660153245344,-1.3146591496423559,-1.591506805884389,1.3558142417024184,-0.07728794920858108,-1.0220795393098967,-1.5915166414609077,-0.47955403947431957,-1.431909264267296,-1.506560110479698,-1.879603759240793,-1.2594104313644656,-1.0573401184816467,1.581598554358064,-1.150029721840385
-0.7911403445724972,-1.2144732096565782,-1.2144722041217302,-1.0444248438907084,-0.5552459393781694,0.9514408990440829,0.2725909621141842,-1.0444211794693923,-0.3253377214690936,-0.724508409072656,-1.0446964349335564,-1.3365519906877958,-0.9586755826478365,-0.753338385484306,0.7385037725480328,-1.150029721840385
0.5306211025021128,-0.7222991303441274,-0.7223003043840738,-0.979548233662385,0.46977724865596415,-0.5441295732797629,-1.0220795393098967,-0.979550487030442,1.1346526733106657,0.6661646979155429,-0.4459875799054841,-1.0657482015448279,-1.2144507411601504,0.04254166790944809,1.0313214525861996,-1.150029721840385
-0.593396506033776,-0.7319222606348655,-0.7319212457952029,-0.5794451392225373,-0.6450078569743787,0.49298565145322176,0.2725909621141842,-0.579450253357913,-0.40504831224580473,-0.4756519574007067,-0.7652485491535646,-1.142518223859702,0.1162914629187387,-0.4118562221725039,0.2133900167382931,-1.150029721840385
-0.6603023160656741,-0.8554446384591337,-0.8554436260012979,-0.643949816333338,-0.7260831373838582,0.540508451508372,0.2725909621141842,-0.6439598936050333,-0.08864171329835402,-0.1707113282224968,-0.63889350388383,-0.8339788001474508,-1.1510622533823403,-0.4751794510507713,0.31061288835377243,-1.150029721840385
-0.6275928089389684,-1.3191652492731736,-1.3191620566918878,-1.0081000355351981,-0.19040717753551165,0.9961682402724596,0.2725909621141842,-1.0080983397871988,-0.5698238974086082,0.16986914498931288,0.5804614969355905,1.155735499182848,1.8810328796029032,0.03991831686733401,-1.5366084646944527,-1.150029721840385
-0.2767090052161248,-1.2819095499060051,-1.2819085456715018,-1.5734561794786552,-0.16724281170423178,0.3588036277680917,-1.0220795393098967,-1.5734541400285316,0.406849541945586,0.292581409488763,0.3046521603271049,-0.580831320350856,0.22383811950578317,0.567742128138674,0.0439512131366468,-1.150029721840385
-0.33618083635558976,-0.7896019376209119,-0.7896009238934608,-0.5633827723014334,-0.5465593021914393,0.10441687453169925,-1.0220795393098967,-0.5633809578612562,-0.4765698458347197,0.04755222452327773,0.5570718477211143,0.8820646489485555,1.3877791129384085,0.22179468645731568,-1.2540218442399913,-1.150029721840385
-0.8372310137055825,-1.200480705375778,-1.200481888636286,-0.9898139833795432,-0.763725231859688,0.8368270871463677,0.2725909621141842,-0.9898157448954192,-0.1386927717769532,-0.22591229033495808,-0.6114980322742872,-0.7695869444918266,-1.0994624116136515,-0.47336543171313894,0.14768823472895065,-1.150029721840385
-0.600830484926209,-1.2674420184930186,-1.2674388249143769,-0.9712529381210389,-0.36124437554120054,0.7809179106108968,0.2725909621141842,-0.9712561784592221,-1.467824832224782,-2.136130544044258,-1.484873264678467,-0.8085062781806333,0.10022760839723142,-1.393826751617508,0.42093565926636606,-1.150029721840385
-0.6424607667238346,-1.2192366153691911,-1.2192377989913612,-1.0236579187064707,-0.16434726597532182,1.049281957981157,0.2725909621141842,-1.0236656243595985,-0.513189076910654,-0.8533316829396799,-1.0538657004254723,-1.1053204385574533,-1.1849595754467706,-0.9026461309663378,0.496256083174046,-1.150029721840385
-0.5235171044449046,-0.7216993264998002,-0.7216983114630133,-0.5279660346956198,-0.5060216619866996,0.49578111027999533,-1.0220795393098967,-0.5279632216188558,-0.6386114561347198,-0.16346896199334188,0.341853364141606,0.935083360537134,1.6757224229093537,-0.028205086258206138,-1.0187276328532178,-1.150029721840385
-0.46255847752695295,-0.7514465324872527,-0.7514477070892354,-0.5593904263910027,-0.32649782679428074,0.5544857456422397,-1.0220795393098967,-0.5593896000693812,-0.2382148124037876,-0.34830491497760463,-0.7429368002994714,-0.8756342974518336,-1.1247658795212272,-0.6155287318038811,0.2979196455219705,-1.150029721840385
-0.7658648163382246,-1.2509539799693972,-1.2509551642031589,-1.0447453394494248,-0.6247390368720088,0.8368270871463677,-1.0220795393098967,-1.0447377183772981,-0.44478214980539554,-0.3453482463021715,-0.5182262880590423,-0.18423288195480292,-0.7600210608137848,-0.6580046922942834,-0.3294845470863721,-1.150029721840385
-0.5963700975907492,-0.6866633391696673,-0.6866623234572972,-0.35129780387229487,-0.23384036346916137,0.895531722508612,0.2725909621141842,-0.35129988956435226,-0.7440933637349424,0.1560825732708635,0.5386172598670141,1.1185151715101131,1.9196973830426745,-0.12755752998082917,-1.6326774051434045,-1.150029721840385
0.07714839006369208,-0.6450426439426871,-0.6450416274277637,-0.7694990055413897,0.14258058128913623,-0.0074014785392424965,-1.0220795393098967,-0.7694997190725278,1.6832713390826048,0.9936609659363532,0.5663100626365587,-0.40728363105778403,-0.6078581080428688,1.0823096442503937,1.1612367234557668,-1.150029721840385
0.42059821489410254,-0.6841327798848417,-0.6841339531888434,-0.5967835532755678,0.7072119984265827,-0.10803799630309006,-1.0220795393098967,-0.596780758565757,0.8576380563875853,0.5765982454091066,-0.21893350502294562,-0.7530642461522796,-1.0109686508267643,0.17236963650429143,0.6822259934450835,-1.150029721840385
-0.4417433366281402,-1.1908947891921695,-1.1908959722678367,-0.870896282522217,-0.007987796614182805,0.8228497930124999,2.861931964962346,-0.870900979851985,-1.5412563053858543,-2.0454621751893676,-1.5199507753091621,-0.940647630646618,0.5902631731313951,-1.4104040975644851,0.20454436969367756,-1.150029721840385
-0.8595329503828819,-1.2241904697477035,-1.224189464400229,-0.9849471989694045,-0.760829686130778,0.8815544283747443,-1.0220795393098967,-0.9849489591863672,-0.36578500422757027,0.15286935155246958,0.7022968539375758,1.1586279054720254,1.5080972104397854,0.29296006047211565,-1.419316922730993,-1.150029721840385
-0.24845988542487887,-1.3618126160439108,-1.3618116133501426,-1.1544992413686366,-0.3959909242881203,0.08484866274428444,-1.0220795393098967,-1.1544975846936436,3.3881782721872655,1.68651820764643,2.054518141888114,-0.4854778567991098,-0.7593020594704749,3.3807000530201536,1.1516361551781098,-1.150029721840385
-0.5413586537867441,-0.7128467471331612,-0.7128479209908415,-0.5704930256225872,-0.6681722228056586,0.37278092190195944,-1.0220795393098967,-0.5704931914482653,-0.5338426459657989,-1.1592396432634797,-1.3267714843997511,-1.6082309247314797,-1.0052560528153318,-0.9977565602378825,1.0891424408395651,-1.150029721840385
-0.6320531962744282,-0.84088297724576,-0.8408797754419708,-0.6485079753906386,-0.5320815735468895,0.6746904751935021,-1.0220795393098967,-0.6485076674459616,-0.2593392587678731,-0.5177266564462734,-0.9056686434450648,-1.170931545864414,-1.0208632119853542,-0.6427669298581733,0.5766280840619399,-1.150029721840385
-0.6097512595971288,-1.220858712627025,-1.2208620853456404,-0.9957945887746038,-0.132496262957312,1.018531910886648,-1.0220795393098967,-0.9957928897423597,-0.5014388796611513,-0.8462239019133897,-0.871700407123513,-0.7526782674391385,-0.4125502805776691,-0.8995204361076486,0.5122185659312568,-1.150029721840385
-0.5606869989070702,-0.7518383751446781,-0.7518351716238815,-0.5084573513344909,-0.7116054087393083,0.3671900042484123,0.2725909621141842,-0.5084589843793773,-0.33067786660752463,-0.4691666329376656,-0.8517267121236201,-1.042257225384078,-1.0906298170871505,-0.7265467152669696,0.3697191890932278,-1.150029721840385
-0.6201588300465353,-0.6599304758597276,-0.6599338377622146,-0.47738115234487405,-0.5320815735468895,0.6523268045793138,0.2725909621141842,-0.4773788203593739,-0.46789669616978524,-0.7028023393231388,-1.1007663822411666,-1.397558462507546,-0.9722070406256903,-0.8183919097307765,0.620713815737344,-1.150029721840385
-0.5681209777995033,-0.7523374819932422,-0.7523364675472373,-0.5234474429912471,-0.37572210418575047,0.7054405222880111,-1.0220795393098967,-0.5234500692209798,0.5104842820225903,0.9648597325233144,1.391055321578971,1.1491525592451632,0.9883489457637303,0.9464535498566496,-1.8844672710974648,-1.150029721840385
-0.3480752025834828,-0.7569783000588394,-0.7569816638326562,-0.6686714984427251,-0.4133641986615802,0.25537165117747057,0.2725909621141842,-0.6686721850636499,-0.440956010844566,-0.59780905793834,-0.8086625454102498,-1.1413812241977717,-0.12810556173417922,-0.413781873469375,0.3086240949396549,-1.150029721840385
-0.8476385841549889,-1.3011339198362286,-1.30113291597242,-1.0959672561823108,-0.7492475032151381,0.8703725930676501,-1.0220795393098967,-1.095977454094554,-0.5597375941654761,-0.6265892624134314,-0.6353308709757644,-0.2792219825202233,-0.2882304375504982,-0.7966236776791905,-0.10973921059892758,-1.150029721840385
-0.9413067181996463,-1.1887429381740178,-1.1887484993385267,-0.9859878203514099,-0.8853381524739072,0.9150999342960269,0.2725909621141842,-0.9859801835972791,-1.357708921565747,-1.7288420738750583,-1.331643483044184,-0.8111884574362693,-0.22289644488101945,-1.2436538584513748,0.0430697765588415,-1.150029721840385
-0.3242864701276968,-0.7190220998515807,-0.7190232738283376,-0.6381630909676245,-0.7173965001971283,-0.08287886686212817,-1.0220795393098967,-0.6381608018937898,-0.6220476338691908,-1.0790731260196225,-0.9804942017041467,-0.94860278085399,0.3901924529994573,-0.7090763136460814,0.6793071037051746,-1.150029721840385
-0.6335399920529149,-1.3181057417525373,-1.318104738215989,-1.1745796729795743,-0.49733502479996966,0.7110314399415582,-1.0220795393098967,-1.1745780216639194,2.819231895586531,1.5932674852115736,1.4715542815538527,0.38846823483406717,-0.9624441504434059,1.9918868481289702,0.2982178602631995,-1.150029721840385
-0.08937273712680996,-1.1885218425963642,-1.1885208365611075,-1.0108282045195809,0.336582145126105,0.49298565145322176,-1.0220795393098967,-1.0108309608281045,3.4909275959950214,1.8362105995326565,2.0129800190603597,0.7302755528573622,-1.0184803033710228,2.756565768915451,0.46679955716103355,-1.150029721840385
-0.9368463308641864,-1.3511606251442903,-1.3511618113102921,-1.1336670300520675,-0.8737559695582673,0.9178953931228004,-1.0220795393098967,-1.1336703137375275,-0.3893657330385144,0.11886976467878295,0.7533072615950255,1.262375007596583,1.5270644298170153,0.28969482566437776,-1.3796314225520458,-1.150029721840385
-0.4729660479763593,-0.8682441022466555,-0.868243090035626,-0.72083313980765,-0.5581414851070793,0.35041725128777107,-1.0220795393098967,-0.720836807902443,-0.5907695912344401,-1.2721061590158613,-1.3753135780704615,-1.6260142910992332,-1.0407301389364274,-1.0558609950217313,1.0887865295400097,-1.150029721840385
-0.4179546041723542,-1.1517521156870083,-1.1517511089427372,-0.9451187015121237,-0.2251537262824314,0.5684630397761075,1.567261463538265,-0.9451194619150293,-1.273902150299113,-1.7117329299608874,-1.3842346718371576,-0.8052943638844059,-0.4081779031145763,-1.2611800760518825,0.2074973212571767,-1.150029721840385
-0.652868337173241,-1.228336559094987,-1.2283355538274596,-0.9952564727747836,-0.4133641986615802,0.828440710666047,0.2725909621141842,-0.9952562573750506,-0.30121812678650745,-0.4357306216009747,-0.8363009149387209,-1.0075579130700156,-1.077347724802599,-0.684182386735806,0.2699194362522562,-1.150029721840385
-0.4729660479763593,-1.3664490559792575,-1.366450242440059,-1.1610001574546998,-0.6768588599923885,0.2358034393900558,0.2725909621141842,-1.160998997106803,-0.0768565654066442,-0.19090752022737598,-0.6177086591019735,-0.8003001341341113,-1.2468058376145434,-0.43504776170438586,0.14816857595549912,-1.150029721840385
-0.8848084786171546,-1.268330778933883,-1.2683297744375461,-1.0169730144292923,-0.9316668841364669,0.7641451576502555,-1.0220795393098967,-1.016971321049434,-0.39107883615804234,-0.06789243902148034,0.4283036958904741,0.9109970717310855,1.4636623510423583,0.15900170938543304,-0.9223507457134397,-1.150029721840385
-0.6796306611860002,-0.778387356984094,-0.7783863430403971,-0.5541141198780597,-0.7087098630103983,0.5936221692170693,-1.0220795393098967,-0.5541098300039207,-0.4515782239348748,-0.6449979946927641,-0.816046319403007,-0.6834706740950527,-0.6696492016280399,-0.7733763221676889,0.3494113908408586,-1.150029721840385
-0.38673189282413506,-0.7263248211095203,-0.7263216170967574,-0.5670961683737221,-0.3322889182521007,0.40632642782324196,-1.0220795393098967,-0.5670879252280596,-0.5569111131252886,-0.1556125507761169,0.35609019019409666,0.8953157887962896,1.5808367808571635,0.07164970128099196,-0.9607161764434496,-1.150029721840385
-0.7391024923254653,-0.7507307081912855,-0.7507296937142979,-0.45809998126308094,-0.8361138750824375,0.5824403339099752,1.567261463538265,-0.4580897306588626,-1.3847495900714097,-1.1049345139075863,-1.1280771243434515,-0.4652977439357061,0.2276143029285666,-1.2360628852231292,-0.5321405800810992,-1.150029721840385
-0.6320531962744282,-1.3186748986851105,-1.3186760842247045,-1.077101542306261,-0.7260831373838582,0.4873947337996747,0.2725909621141842,-1.077098875790233,-0.42497887249349975,-0.6754310736905371,-1.0833636158737485,-1.3856723578111994,-1.0016356390466752,-0.7905118279108605,0.5149115354126588,-1.150029721840385
-0.16965970916508774,-1.3513642082009416,-1.3513653943708688,-1.0816735499370866,-0.31491564387864085,0.01496219207494585,0.2725909621141842,-1.0816763251537773,-0.37757762912233933,-0.4618149162311831,-0.8769238629073912,-1.046815364724769,-0.8164566200586039,-0.6895965367588929,0.1621033375002035,-1.150029721840385
-0.48634720998273895,-1.2582282433807082,-1.2582272386895688,-1.0454258979197857,-0.45100629313741,0.4790083573193541,0.2725909621141842,-1.0454326201985602,-0.21201608921935458,-0.21989380829435373,-0.6560560709684365,-0.8192385422686207,-0.837951088432556,-0.5073573633013849,0.017474053978897383,-1.150029721840385
-0.4357961535141937,-1.3871816917808,-1.3871806895762124,-1.0925288532128714,0.09914739535548651,0.9150999342960269,0.2725909621141842,-1.092530147550642,0.2314320948239692,1.1198850630730532,1.5974525987967065,1.4057722090171436,1.3291772195063423,0.9337275065034151,-2.7554899676944884,-1.150029721840385
-0.23359192764001263,-0.6960960207945059,-0.6960971943291895,-0.5275149668722411,-0.07458534837911238,0.3671900042484123,-1.0220795393098967,-0.5275131428591773,-0.31489252207911766,0.10441447273359974,0.6108433213203822,1.0015439491731768,1.2408453128160246,0.37082335204125,-1.129007305131881,-1.150029721840385
-0.5606869989070702,-0.7398751342350138,-0.739874119548703,-0.5468891212334148,-0.5118127534445196,0.5600766632957869,0.2725909621141842,-0.546893732087755,-0.4655162270562715,-0.5403832341910223,-0.9208089620293292,-1.0871142559366636,-0.8367868240738779,-0.8043262828666745,0.256518541656885,-1.150029721840385
-0.2187239698551464,-1.2295011417416368,-1.2295001364965656,-1.0388221067161099,-0.07458534837911238,0.3392354159806769,-1.0220795393098967,-1.038829816416462,3.5647238773518684,1.7965542283510643,2.248836809259484,-0.3471998511021675,-0.7415105083089278,3.46551243405191,0.8953862757514951,-1.150029721840385
-0.08639914556983672,-0.7007083810134744,-0.7007073655719285,-0.49538034119180135,-0.05721207400565249,0.10721233335847279,0.2725909621141842,-0.4953844437067358,-0.5895524046899114,0.1265453270296585,0.6592098587449926,1.321167062849016,2.2362656015028213,0.044076607348982715,-1.51787793741609,-1.150029721840385
-0.5428454495652307,-1.2053820221912837,-1.2053788274159667,-1.096449977888032,-0.6102613082274589,0.43148555726420385,-1.0220795393098967,-1.0964497894961946,3.3234907193945022,1.6878262075867712,1.6322270560787882,-0.0721022539925411,-0.8862212868758333,2.669130036841581,1.103704217994033,-1.150029721840385
-0.5294642875588511,-1.064235481043373,-1.0642388507418927,-0.7812050069051256,-0.37861764991466046,0.6299631339651254,0.2725909621141842,-0.7812042397843894,-0.3678643066132092,-0.41759105972737126,-0.8346212692950489,-1.0293725837787289,-0.6605131427190716,-0.6705911956984698,0.16755392441390335,-1.150029721840385
-0.3911922801595949,-0.814605439481879,-0.8146044262365593,-0.6231235401197083,-0.32649782679428074,0.42030372195710963,-1.0220795393098967,-0.6231177848876089,-0.3286277766989543,0.1766867266719262,0.6923331351010075,1.24689545905591,1.3861537943306093,0.21582237663803439,-1.342175929109376,-1.150029721840385
-0.2618410474312585,-0.7961187844988754,-0.7961177708970857,-0.7305370331132311,-0.45100629313741,0.056894074476549004,-1.0220795393098967,-0.7305357578774949,-0.38895710612713696,0.09149008747100215,0.5484953043376133,1.055909886871606,1.320355256222557,0.14323369514293813,-1.2499024490033397,-1.150029721840385
-0.5383850622297709,-1.2805610857888317,-1.2805600815283265,-1.0537805444905237,-0.5089172077156096,0.5209402397209573,-1.0220795393098967,-1.0537739150139223,-0.4098428100447028,-0.5469106165299586,-0.7057294360224111,-0.5431772205332481,-0.6440410900120764,-0.7450497125108175,0.12404029234696431,-1.150029721840385
-0.15925213871568136,-1.33437049563338,-1.3343694924104577,-1.1217829756001558,-0.4915439333421497,-0.1751290081456551,-1.0220795393098967,-1.1217827939695328,-0.37233172899921324,0.19831288645724246,0.8111729030745105,1.370531078040461,1.540788220966718,0.30990021028661935,-1.495509051266881,-1.150029721840385
-0.5859625271413429,-1.3288562405827955,-1.3288552372535443,-1.1065218475758432,-0.5436637564625294,0.576849416256428,-1.0220795393098967,-1.1065221564641667,0.04436582470362981,0.5124263383681974,1.1813289360487993,1.7259784544709578,0.7489857514968077,0.4584265320539786,-1.7320468667843276,-1.150029721840385
-0.7420760838824385,-0.6869260269847011,-0.6869293894077312,-0.4743344661694214,-0.8621737866426273,0.5628721221225603,-1.0220795393098967,-0.47433213337078034,0.1512222836802093,0.48536630101722017,0.25177519802752385,0.4264773028983496,-0.6453285939629718,-0.01910708158023571,-1.0319234613677906,-1.150029721840385
0.21096001012748836,-1.356823736623394,-1.356824922898595,-1.2133358951725075,-0.2251537262824314,-0.6140160439491015,-1.0220795393098967,-1.2133342542006391,3.8002320853389397,1.8700293375399937,2.036118538620051,0.3693633871767353,-0.9462372315725911,3.2517372321094125,0.830689665107694,-1.150029721840385
-0.724234534540599,-0.7296237422533198,-0.7296227273693359,-0.5029654027480905,-0.5118127534445196,0.8675771342408766,0.2725909621141842,-0.5029690126953856,-0.16988508970221078,-0.24191531211308495,-0.6477805150602028,-0.8133915482041897,-1.0146504185912975,-0.5393957356029497,0.23788950471003614,-1.150029721840385
-0.6335399920529149,-0.7297310064444587,-0.7297321806277105,-0.5816213436335749,-0.38730428710139037,0.8172588753589528,-1.0220795393098967,-0.5816190394691115,-0.5030153101201078,-0.9510153054938913,-0.8794960176607183,-0.7835197153446144,-0.07192273833735927,-0.9180234333514967,0.703377690755383,-1.150029721840385
-0.42538858306478733,-0.7685124842039485,-0.7685158482001738,-0.6461042587002652,-0.051420982547832526,0.7501678635163878,-1.0220795393098967,-0.6461113689947057,-0.7371260140702688,-1.24385588377705,-1.0988959888256844,-1.022154549753701,-0.05857847184751848,-1.0932856093565733,0.7202758309524407,-1.150029721840385
-0.6558419287302143,-0.8064489828250796,-0.80645015848765,-0.6462209823914027,-0.769516323317508,0.49019019262644825,0.2725909621141842,-0.6462201792442983,-0.24228404090593872,0.4874355485112644,1.0142354047502173,1.7331274546181175,0.5056273320525791,0.3738095069508909,-1.8905407027853867,-1.150029721840385
-0.8060083023573634,-1.3390988763039884,-1.3390978731722412,-1.0871773687293653,-0.6884410429080284,0.8508043812802354,0.2725909621141842,-1.0871811345990772,-0.2045881213894729,-0.2087779116952501,-0.646610811244599,-0.8219462200291575,-0.820870069406318,-0.4871798866689533,-0.003464235579520277,-1.150029721840385
-0.12505583581048899,-1.363756505875161,-1.363755503218876,-1.2188179519206759,0.012281023488187066,0.24698527469714995,-1.0220795393098967,-1.2188192799641948,0.6144500968397065,0.1316637705261054,-0.42853182024930836,-1.0472379860594645,-0.9381489998985874,-0.014055735424675192,1.1537723181146995,-1.150029721840385
-0.6320531962744282,-1.4072444736540064,-1.4072456609014479,-1.3241442670472492,-0.5147082991734295,0.6914632281541434,-1.0220795393098967,-1.3241401826892047,-1.266362722958511,-2.3113058029353915,-1.474508144274392,-0.5506273955244423,-0.3685890604340585,-1.4666107890412723,0.9720622212102163,-1.150029721840385
-0.6439475625023212,-0.6617167530019575,-0.6617157368085534,-0.4958393224857656,-0.6623811313478386,0.571258498602881,-1.0220795393098967,-0.49584194134706844,-0.3617708968875071,-0.731363842843575,-1.1277448221021065,-1.4217206290654965,-0.9611743352124826,-0.8348018077388951,0.9382499526131912,-1.150029721840385
-0.6023172807046957,-1.3857697447749933,-1.3857709316083473,-1.2551427602761862,-0.5465593021914393,0.6048040045241635,0.2725909621141842,-1.2551421196463886,-0.10773763134408662,0.2506833535219562,0.7507641427926913,1.5715818768184795,0.8037265535339936,0.018931508530420398,-1.0680672270326066,-1.150029721840385
-0.8074950981358501,-1.2366550065710573,-1.236654001463931,-1.0384877625838687,-0.5204993906312495,1.0157364520598744,1.567261463538265,-1.0384860749461582,-0.48026991904629446,0.43136398836777234,0.26663475046316193,0.825403357660956,-1.5054781154224581,-0.23025893248061943,-2.1431550038981833,-1.150029721840385
-0.8625065419398552,-1.1792905549630515,-1.1792895487497919,-1.006392704256357,-0.3959909242881203,1.239373158201758,0.2725909621141842,-1.006384578356115,-1.2723043321337313,-1.4970106503654894,-1.1901790015190017,-0.6768318844671155,-0.28032467498419733,-1.1220308388605906,-0.09126032373157866,-1.150029721840385
-0.6142116469325888,-1.2224479739079794,-1.2224491575920726,-1.0103632881226774,-0.6479034027032887,0.5293266162012779,0.2725909621141842,-1.0103586254264638,0.31659063869019816,1.113980137297366,0.9973216105020517,1.0249175260218624,-1.6240700425976258,0.5954826700095409,-2.4146659705717517,-1.150029721840385
2.331130790249416,-1.3119851156622497,-1.3119863010728476,-1.4396354351410143,2.6530187282540902,-1.8216542571152723,-1.0220795393098967,-1.4396298978306892,-0.08293345617209916,-0.22780489475024246,-0.7519726456971203,-0.6494833788748868,-0.584080755382912,-0.7372912913437139,0.258925113764426,-1.150029721840385
7.615202986990883,-1.1157004021387447,-1.1156993946993046,-2.351482888674585,9.318564996204866,-5.321568708235748,-1.0220795393098967,-2.3514907014196367,0.8720255491114972,0.5724050751823544,-0.6463137741425649,-1.1389962944178929,-0.67375528668705,-0.3168574248601979,0.4377323091319099,-1.150029721840385
0.7655348355029996,-0.8143733985785991,-0.8143723853288051,-0.8599974551582114,0.2439246818009856,-1.203857856398319,-1.0220795393098967,-0.85999769825076,0.5421109616604526,0.17976536318745548,-0.6048938168189564,-1.0250271343085564,-0.38949565587666324,-0.20438822592700398,0.8807313499365965,-1.150029721840385
-1.2535338316818376,-1.3587960843012727,-1.3587950815493381,-1.1176996247779907,-1.0880263534976058,1.306464170044323,0.2725909621141842,-1.1177098284904634,-1.560898218538704,-3.222283600613199,-2.1442904324443033,-1.9556828327684195,-0.07792953210403603,-1.7120057434381897,1.269656898222104,-1.150029721840385
-0.6677362949581073,-0.7290589634509971,-0.7290601376212904,-0.4753256283602667,-0.757934140401868,0.5237356985477307,0.2725909621141842,-0.47532379041820405,-0.27256451222555234,-0.2505666171847294,-0.679636789182492,-0.8140301359287773,-0.8874067175374003,-0.5492472560057828,0.06007010222667,-1.150029721840385
6.230996117219835,-1.301355015413882,-1.301354011554337,-5.4095268727851895,6.217435520542277,-5.712932943984045,-1.0220795393098967,-5.409533523334341,2.1128286425121843,1.2727065609258832,-0.034896364430870894,-0.4824219452297651,-0.7977656749532472,0.2792014214959209,0.5423841339863523,-1.150029721840385
-0.6826042527429735,-1.3114137696645511,-1.3114127659989645,-1.0422407260090853,-0.601574671040729,0.7026450634612376,0.2725909621141842,-1.0422449744775397,0.4937378817753821,1.040412500781467,1.5600111598031252,1.304398798439431,0.9757575806374774,1.1432606939948349,-1.9526062113416538,-1.150029721840385
-0.22764474452606612,-0.8253646945726384,-0.825361492469617,-0.6216476778554955,0.0701919380663867,0.49578111027999533,-1.0220795393098967,-0.6216513194783265,-0.3116005541275441,0.3992191538210644,0.900347178280472,1.4326072525550089,1.212083682895755,0.26474508277448305,-1.8921165834808793,-1.150029721840385
1.4598684640562538,-1.346138909746894,-1.346137906750897,-1.9314912642854998,1.9436100246711447,-0.8684027971854938,-1.0220795393098967,-1.9314917933528557,-0.23985244995755478,-0.553719786637393,-0.5244618743700048,-0.4440800148248835,-1.1614699483762763,-0.5148087965805814,0.3555432142263638,-1.150029721840385
-0.9353595350856998,-1.2234637001261102,-1.2234670728949566,-0.8127441439239996,-1.3051922831658544,0.4985765691067689,0.2725909621141842,-0.8127270636834172,-1.7320884637330691,-3.055200277044304,-2.097221993709061,-1.813068248674624,-0.3636062963838026,-1.771756749620812,0.9566412519341652,-1.150029721840385
-0.26927502632369166,-0.6883182724043801,-0.6883172567239214,-0.530314357091894,-0.3207067353364608,0.19666701581522616,-1.0220795393098967,-0.5303100608657514,-0.09421816651021565,0.435027229358245,0.9251069559681,1.1880969163780355,1.883593127204694,0.49590696236844023,-1.3815569582937814,-1.150029721840385
-0.7168005556481659,-0.7274784584305438,-0.7274774435051933,-0.5102022715986138,-0.36124437554120054,0.9989636990992331,0.2725909621141842,-0.5102073672535133,-0.4069982450901395,-0.11166627625321346,-0.3140799928133879,0.10086456787435677,-0.8959672447975265,-0.5794157929900962,-0.7058530998344387,-1.150029721840385
-0.7554572458888181,-0.6508261540036813,-0.6508295157306137,-0.49491938153019066,-0.592888033853999,0.8480089224534618,0.2725909621141842,-0.4949195271857491,-0.5399956978321829,-0.8839834628921079,-1.169431680873933,-1.418430811597852,-0.909488173762848,-0.9197537287196997,0.677980082863668,-1.150029721840385
-0.6930118231923799,-1.2169534204435224,-1.216952414956499,-0.9854734447633464,-0.8158450549800677,0.5153493220674101,-1.0220795393098967,-0.9854732267525862,0.5213673208010124,0.8972180507210503,1.5072832505109282,1.2899189117433483,1.2253068932610407,0.9616913122927601,-1.9334676373194648,-1.150029721840385
-0.43876974507116695,-0.7534013676441291,-0.7534003532186386,-0.5915705545273094,-0.19330272326442163,0.6383495104454461,0.2725909621141842,-0.591577650267055,-0.4616387923767797,-0.943663588787409,-1.2705267723128468,-1.7156525028499956,-0.9737545398919812,-0.8766079764738639,1.0274418803931937,-1.150029721840385
-0.4848604142042523,-0.754946847622578,-0.7549502113572233,-0.5733240697245825,-0.6942321343658484,0.24139435704360288,0.2725909621141842,-0.5733173120172376,-0.2842049888022553,-0.3803193701090374,-0.7863507952255431,-1.03091992515579,-0.8881130778358791,-0.6228685331238388,0.342361983636187,-1.150029721840385
-0.5324378791158243,-1.2311451296507234,-1.2311441244373524,-0.9552538789646198,-0.21646708909570148,0.7920997459179909,0.2725909621141842,-0.9552561258486698,-0.44361382460644017,0.5521331790008638,1.155969985649979,1.7773951754265576,1.233766856202517,0.21716196014890088,-2.3470574215806113,-1.150029721840385
-0.6959854147493532,-1.3499413158695084,-1.3499425020119988,-1.1569306552060594,-0.37572210418575047,0.9458499813905358,0.2725909621141842,-1.1569309775481698,-1.4366344270212372,-3.0526011003139804,-2.0184261684311404,-1.717938075162722,-0.7830154056831579,-1.5950433581456296,1.397132230299797,-1.150029721840385
0.7922971595157589,-1.3484221046725628,-1.3484211017205916,-2.215011131690771,0.7622273672758723,-0.7537889852877786,-1.0220795393098967,-2.2150104999476468,-0.024501546683044523,-0.7582892949916875,-0.7791853689510502,-2.0857902233783383,0.22234714856864332,0.19427740850492584,1.72602763777337,-1.150029721840385
-0.220210765633633,-0.7796219897147528,-0.7796187867296953,-0.543090655352331,0.10783403254221645,0.5181447808941837,0.2725909621141842,-0.5430903192724491,-0.2707931580356791,-0.4801857964222102,-0.9020521746563235,-1.2216366698802723,-0.5398404938495622,-0.6431297337256998,0.7627057409178036,-1.150029721840385
-0.49229439309668543,-1.3775541833598113,-1.3775531809695807,-1.2086471638505447,-0.5233949363601595,0.42030372195710963,-1.0220795393098967,-1.2086529405079383,-1.171223597194732,-1.716081714328452,-1.2054211672962267,-0.7335698358579859,-0.45191768190522796,-1.01123611931598,0.35951732535831404,-1.150029721840385
-0.49229439309668543,-0.7341200820206483,-0.7341190672233654,-0.6072847287426474,-0.44521520167959,0.49578111027999533,-1.0220795393098967,-0.6072858935718816,-0.307833014004644,0.08950916151633782,0.5726403740007475,0.9775107491432311,1.5627628543078873,0.30582564377439897,-1.074084352440716,-1.150029721840385
-0.006112173531558942,-0.7319332059604919,-0.7319321911210405,-0.624997054280847,0.3771197853308447,0.37557638072873295,-1.0220795393098967,-0.6249898157726458,4.383896681636114,2.0485355802020275,3.0538042050257057,-0.011732945271676223,-0.6593239892622474,4.46414403341332,1.177992360105151,-1.150029721840385
-0.023953722873398448,-1.3487745441577332,-1.3487735412125579,-1.2948545340423294,-0.15566062878859185,-0.10524253747631653,-1.0220795393098967,-1.2948553877874796,1.3512416291847535,1.0918619003640757,0.7967728997984584,0.5072324744265627,-1.3499905256783915,0.9268063250306031,-0.41643117506644456,-1.150029721840385
-0.3183392870137503,-0.7259504909730972,-0.7259494760182836,-0.5386670252949856,-0.2135715433667915,0.39234913368937424,0.2725909621141842,-0.5386686664026397,-0.28623925528574673,-0.4562296303122994,-0.8580248403835159,-1.0164388846617836,-1.0430591496424206,-0.6880057813397383,0.42758258084126693,-1.150029721840385
-1.0409220353582502,-1.160477729276381,-1.160476722700362,-0.8873741066490644,-1.0503842590217762,0.9430545225637623,-1.0220795393098967,-0.8873807867448321,-0.4871491096283858,-0.8972737516749939,-1.2620997288443685,-1.6850388921827295,-0.9172625997642488,-0.8867106687849847,0.8462301983359396,-1.150029721840385
-0.32279967434921014,-0.7382617932376813,-0.738260778520261,-0.6249119844720519,-0.013778888072002768,0.5936221692170693,0.2725909621141842,-0.6249180999263234,-0.3101300188979615,-0.5657020754799379,-0.8795437411716743,-1.0409868948888292,-1.0658629187331314,-0.714183475781261,0.5270848140802664,-1.150029721840385
-0.4417433366281402,-1.3709607192024629,-1.3709597166850935,-1.167780023378905,-0.35834882981229055,0.4845992749729012,-1.0220795393098967,-1.1677798540245983,0.8234156395016199,0.8693378847901165,1.4039574945200437,-0.17739343946694291,0.9811094060651566,1.6976808195548427,-0.9065717797200622,-1.150029721840385
-0.13397661048140871,-1.353575163977476,-1.3535741611248686,-1.1257535594664763,-0.132496262957312,0.12398508631911405,-1.0220795393098967,-1.1257543680796638,-0.6507278526503335,-1.1978992427863553,-1.3548571204551194,-1.5833372004740238,-0.9541489056752104,-1.1138537978463412,0.7719205069078566,-1.150029721840385
-0.6469211540592945,-0.7217584312581828,-0.7217574162225356,-0.5123211033479058,-0.601574671040729,0.6355540516186725,0.2725909621141842,-0.5123242212001335,-0.10837474155825129,-0.21059901772151263,-0.629481388784061,-0.7747249900622613,-1.2553623943860772,-0.5156460362748734,0.29630483702808896,-1.150029721840385
-0.7777591825661175,-1.1988892550296981,-1.1988882491943516,-0.9582550626842052,-0.5407682107336194,0.9402590637369888,-1.0220795393098967,-0.9582582995533391,-0.4574233276054931,-0.8934801312692461,-1.202428980923015,-1.5698898309177374,-0.8039641508474219,-0.8578538073217283,0.8020408909112509,-1.150029721840385
-0.6067776680401556,-0.6924030679281558,-0.6924020523264622,-0.5337666086348581,-0.5494548479203494,0.6103949221777106,0.2725909621141842,-0.5337672592505354,-0.6527452524059936,-0.11045921521502097,0.38094907779478965,0.985841975294237,1.6910966407045491,-0.00010174051981287724,-1.1780549408233532,-1.150029721840385
-0.5086491466600384,-0.7198298648828096,-0.7198288498099749,-0.5123448437596626,-0.5639325765648993,0.41191734547678904,0.2725909621141842,-0.5123440048818777,-0.3916917765251085,-0.4601241896201957,-0.8698649035113233,-1.0720297857754082,-0.8397794659546925,-0.7231977564898023,0.2646377681779938,-1.150029721840385
0.7313385325978072,-1.2582851590739654,-1.258295099709761,-1.8732500991431946,0.4292396084512244,-0.9606529384690208,-1.0220795393098967,-1.8732436883777477,1.080245825840575,1.1812012403406777,-0.22286541071650812,-0.8798851353817472,-0.5072648430269505,0.24841890873579373,-1.0943017825896826,-1.150029721840385
3.911594702780699,-0.7254119809522779,-0.7254109659870804,-1.407219881254786,3.153948139355517,-4.3096126129437256,-1.0220795393098967,-1.4072242271338302,1.5809028207794942,0.9519984340745595,0.3957386195384892,-0.6101912115128192,-0.00672075970882725,0.939141656526502,0.9943525566233906,-1.150029721840385
-0.3852450970456484,-0.6678395681573703,-0.6678429302123647,-0.5361505416487675,-0.3062290066919109,0.4286900984374303,-1.0220795393098967,-0.5361586117813552,-0.1854574265853252,-0.26560230781726646,-0.9147551331045236,-1.1762951155584749,-0.9183065864002847,-0.6873080815944954,0.24602124373776993,-1.150029721840385
-0.11316146958259597,-0.7487277136016528,-0.7487266990860423,-0.5001937096754873,-0.2425270006558913,-0.021378772673110214,0.2725909621141842,-0.5001992972512096,-0.18270032517817592,-0.21273135202939972,-0.6454409675916948,-0.8095505930600198,-0.8934972477108779,-0.5465401809942396,0.1737211999015127,-1.150029721840385
-0.8714273166107749,-0.8721056131276523,-0.8721067900562502,-0.5535878740841178,-0.5147082991734295,1.1415320992646838,2.861931964962346,-0.5535929813183558,-1.5660738696098315,-2.048179113972198,-1.5531430149356231,-0.9682122584421397,0.05238470708491185,-1.4200044460590306,0.24047194704958402,-1.150029721840385
-0.10126710335470297,-1.3118296920383548,-1.3118286883807881,-1.2203274464348774,-0.288855732318451,-0.08846978451567526,-1.0220795393098967,-1.2203302586574016,0.43506879479393645,-0.0005619855008409054,-0.3953217359719818,-0.6693949934258223,-1.026372466508004,-0.13135301659495205,0.9162696493086142,-1.150029721840385
-0.10721428646864947,-1.3470298592528838,-1.3470288562740662,-1.2256987145948475,-0.3670354669990205,-0.15276533753146676,-1.0220795393098967,-1.2257040012111466,2.4530799258669496,1.3376817733963908,1.1660165871404828,-0.3388172180016013,-0.7461714635574952,2.040083946530366,0.9710355005277097,-1.150029721840385
-0.6603023160656741,-1.3098354537092232,-1.3098344500132026,-0.9502209116721837,-0.908502518305187,0.3643945454216388,0.2725909621141842,-0.9502211788447927,-0.49722845751983485,0.464766353403747,0.9235875854287764,1.516616929483982,0.961157246152127,0.04605807462547349,-2.2325360095560742,-1.150029721840385
-0.6513815413947543,-1.2038781344502152,-1.2038749396458994,-0.9764144993104908,-0.44231965595068,0.7976906635715381,0.2725909621141842,-0.9764147734739999,-0.22042997815030438,0.18090933741180515,0.6218835308328577,1.0032158483102713,1.4031457747321479,0.3356034689013766,-1.1439875561190296,-1.150029721840385
-0.4610716817484663,-0.7251733728536222,-0.7251767360141588,-0.5939050283500589,-0.4741706589686898,0.4091218866500155,0.2725909621141842,-0.5939022328719884,-0.5742506309872665,-1.128364956568807,-1.3126398688667908,-1.6006673356533203,-1.0442900273228068,-0.9645181443744995,0.9705217926168279,-1.150029721840385
-0.7420760838824385,-0.7801189074981918,-0.7801178935878836,-0.7290512790107865,-0.47127511323977983,0.9402590637369888,0.2725909621141842,-0.7290544547069043,-1.1999603282082991,-1.4340500101503622,-1.0624902508161835,-0.5864059561646687,0.18770570005037737,-0.8609515941906078,-0.018984609769314476,-1.150029721840385
-0.26927502632369166,-1.2834200048424493,-1.2834190006370716,-1.1009072401953661,0.03544538931946692,0.540508451508372,-1.0220795393098967,-1.1009085367692744,-0.41466617255308535,-0.6945968477359836,-0.90624565327804,-1.0022631941074058,-0.6720941145929634,-0.8112195563496769,0.474661582157073,-1.150029721840385
5.063861431107834,-1.2859264844108969,-1.2859254802538502,-2.8224827660907446,5.1229192350143045,-4.575181201487212,-1.0220795393098967,-2.822482049181872,2.7097546600957894,1.4708075679674948,0.893748778014245,0.030378327609833784,-1.134868947755263,1.358515019397248,1.0178670322680436,-1.150029721840385
1.6635594857089213,-0.8168339077794158,-0.8168328945770665,-2.7266011781080746,2.4213750699412917,-0.7901299500358346,-1.0220795393098967,-2.7265991991289136,2.630231689930728,1.4970306535881572,0.7445230250991575,-0.17201830231576704,-0.8980143521575698,1.2029279762080278,0.8603985266709773,-1.150029721840385
-0.6127248511541021,-0.7328044538803541,-0.7328034390577024,-0.36729488466106763,-0.9577267956966568,0.22741706290973515,0.2725909621141842,-0.3672851044135965,-0.8411546009363242,-0.18031734707696245,0.2868485569880092,0.8681595166437441,1.9136061228995274,-0.18585732069334626,-1.101253175159125,-1.150029721840385
0.03403131248757994,-1.3924945528398585,-1.3924957398028839,-1.4665669539114279,0.2728801390900854,0.19946247464199973,-1.0220795393098967,-1.4665678534855187,3.382323952675667,1.815316246787917,1.64252758156963,0.41818840332556667,-1.1006052027842053,2.411427658938574,0.4596417082322787,-1.150029721840385
-0.8907556617311011,-1.4175330797428303,-1.4175320781234948,-1.1401719028734236,-0.46837956751086984,1.2226004052411166,-1.0220795393098967,-1.140171726150687,-0.14452900737417565,-0.42734848693505967,-0.8198328681532996,-0.9695810262781188,-1.0736713098530226,-0.6278640632997797,0.518949599356248,-1.150029721840385
-0.22467115296909287,-1.290280534945082,-1.2902773418068252,-1.534296370285857,-0.3641399212701105,0.07087136861041672,-1.0220795393098967,-1.5342948149762754,-1.4321981298340147,-2.971635483428114,-1.789564351009492,-1.4387474729585084,0.49029288228963325,-1.4492520193796232,1.1786965361724355,-1.150029721840385
-0.24994668120336552,-0.7352277489740409,-0.7352267341981165,-0.5533920156871245,-0.11512298858385211,0.3588036277680917,0.2725909621141842,-0.5533877256202605,-0.2426683240864256,-0.2713978831156262,-0.677804758650492,-0.8210326564836401,-1.079116411443315,-0.5878440059126333,0.13918042536321001,-1.150029721840385
-0.7509968585533583,-1.2489969557473954,-1.2489937618130857,-0.9893807208649821,-0.6189479454141888,0.8144634165321792,0.2725909621141842,-0.9893755579766127,-0.09080656650969414,0.7060986510780435,1.035908822119053,1.1085180036802988,1.7489329626033192,0.439281651044507,-2.1411036479509407,-1.150029721840385
-0.8803480912816947,-0.6613030196932793,-0.6613107597525674,-0.549973396394149,-0.8013673263355178,0.8815544283747443,-1.0220795393098967,-0.5499725675591829,-1.2762005462627672,-1.6519056014999531,-1.1841613071507073,-0.7367784261785233,0.1106807568147133,-1.0764849994911185,0.08752323690116914,-1.150029721840385
-0.4075470337229478,-1.2079147705412345,-1.2079159539450903,-0.9471900524379023,-0.39019983283030035,0.3895536748626007,0.2725909621141842,-0.9471918025777253,-0.7100823895401408,-1.2770143131328322,-1.3572597171479501,-1.5739528529008093,-0.7142385073464862,-1.0975555317974612,0.7971040119084327,-1.150029721840385
0.017676558924227065,-0.7374956204438327,-0.7374967947768062,-0.5632541784044176,0.5392703461498037,0.4873947337996747,1.567261463538265,-0.5632573098503555,-0.24816652959185326,-0.31523901294879164,-0.9687846171798791,-1.351625027865096,-0.4275701004752044,-0.660600135346588,0.23149422354614907,-1.150029721840385
-0.39713946327354144,-0.7244969517299101,-0.7244937476819011,-0.6048889255228596,-0.5842013966672691,0.18268972168135847,0.2725909621141842,-0.6048895951206258,-0.25354023430215483,0.27531665143377987,0.6754717017648588,1.0986230324640662,1.2529724350481783,0.31054209405224265,-1.3621201695303633,-1.150029721840385
0.716470574812941,-1.2288466112691776,-1.2288456060114854,-1.1294926743181681,0.6608832667640229,-0.7090616440594019,-1.0220795393098967,-1.1294910109690832,0.5438567549328907,0.25442229868904026,-0.37691389691645777,-1.1400374051615652,-0.5971923306058005,0.15286195162729305,0.7191218997859132,-1.150029721840385
-0.45363770285603316,-0.7264495978216614,-0.7264485828764718,-0.5680556766822251,-0.32939337252319073,0.534917533854825,-1.0220795393098967,-0.5680548526733032,0.5296848781111524,0.5051587374135054,0.11849723691663369,-0.25493498331739584,-0.44778470605171095,0.3105141860624332,-0.028613678756506184,-1.150029721840385
-0.7599176332242781,-0.6860876150417182,-0.6860865993182466,-0.5653987289331128,-0.8042628720644277,0.6523268045793138,-1.0220795393098967,-0.5654038393195919,-0.2837706270896507,-0.5108964574008915,-0.6815032549459433,-0.5267542769982367,-0.8425351210696256,-0.6598466196217254,0.39813370136008086,-1.150029721840385
-0.6320531962744282,-1.135568357215801,-1.1355739173549682,-0.9111481506558269,-0.2627958207582612,0.9346681460834416,0.2725909621141842,-0.9111459344399492,-0.19983831172513825,-0.416127445646218,-0.8020567935503257,-1.0161085110442998,-1.0322274517223955,-0.6146635841197795,0.45084889177119086,-1.150029721840385
-1.0037521408960846,-1.320979984262032,-1.3209789807809065,-1.0522928120204327,-0.9056069725762771,1.0129409932331008,-1.0220795393098967,-1.0522901388831138,-0.3284332007356219,-0.48157791211434164,-0.6747205080891772,-0.5162246042476707,-0.7523824676348049,-0.6723493990564825,0.15730201065248958,-1.150029721840385
-0.8149290770282832,-1.2085890025998212,-1.2085879969515105,-1.0169116850322542,-0.8563826951848074,0.7054405222880111,0.2725909621141842,-1.0169218618450737,-0.8584468224068575,-1.5204452988142996,-1.3935357968828441,-1.1811138376770873,-0.822084042816065,-1.2380443524996199,0.9505448806507641,-1.150029721840385
-0.5859625271413429,-0.7089502112101598,-0.7089513849927049,-0.5181394825959618,-0.5147082991734295,0.6048040045241635,0.2725909621141842,-0.5181406236329031,-0.5120972605802118,-0.8369375229157276,-1.1662021724914662,-1.4599147808087576,-0.9230877522895935,-0.8999669639446043,0.7077327382001387,-1.150029721840385
-0.33469404057710317,-0.6915865466364257,-0.6915855310189876,-0.5370328936190609,-0.2135715433667915,0.4230991807838832,-1.0220795393098967,-0.5370414585791862,-0.4899317719529702,-0.7137878565069673,-0.8169030369431924,-0.630873561481318,-0.7938696891477753,-0.8227176481512838,0.33948758280872254,-1.150029721840385
-0.019493335537938573,-1.2170694408951623,-1.2170684354103762,-1.3286312048692794,0.06440084660856674,0.09882595687815215,-1.0220795393098967,-1.3286360243655546,0.3751126199835479,0.4638831380099476,1.3466668944908908,1.3816801342012044,1.6968628001163117,0.7503720134535177,-0.834047205903812,-1.150029721840385
-0.553253020014637,-0.810665122256372,-0.8106641089350729,-0.6244015656192812,-0.6971276800947585,0.3671900042484123,-1.0220795393098967,-0.6243938323601044,0.28468539721743097,0.7433871638467354,1.0439435856984367,1.2956523249021388,0.7611483190280485,0.6000316723485263,-1.651961263270295,-1.150029721840385
-0.7524836543318449,-0.7255827280320498,-0.7255817130701449,-0.480663264270248,-0.8969203353895471,0.5488948279886926,0.2725909621141842,-0.48066043856867885,-0.41370424741532363,-0.7679457832972274,-1.119999145077159,-1.4434307797345318,-0.9080440422239797,-0.8345227278407976,0.7860964817747206,-1.150029721840385
-0.6424607667238346,-0.8633099494542706,-0.8633089371480982,-0.6577469522993163,-0.5842013966672691,0.6439404280989931,0.2725909621141842,-0.6577466468204628,-0.5217606784410163,-0.9320682324030999,-1.241200284417101,-1.603117726809438,-1.0570437704714297,-0.8875758164690861,0.8129935050436644,-1.150029721840385
-0.8461517883765023,-1.2142017655810433,-1.214200760040961,-0.8032004983977765,-0.5899924881250891,1.0213273697134215,0.2725909621141842,-0.8032061668440623,-0.7250205722335559,0.16676106796065698,0.5124842997589708,0.943868192941031,1.5057711438338606,-0.03074471333089137,-1.637284788138431,-1.150029721840385
-0.5621737946855568,-0.7315041491959368,-0.7315031343482119,-0.5376085986041627,-0.7318742288416782,0.35041725128777107,-1.0220795393098967,-0.5376028205486755,-0.1173516662079416,-0.21588569272154035,-0.6106908327727499,-0.7564158769128796,-1.1829466948673846,-0.5046223803000318,0.2416502080901045,-1.150029721840385
-0.4878340057612256,-0.7053645225349484,-0.7053635071831849,-0.5044887458358169,-0.5726192137516292,0.3643945454216388,2.861931964962346,-0.5044923561896824,-1.3090673651057119,-1.8028891701761625,-1.4385208365884257,-0.8602111570603374,-0.4880953101260674,-1.322633469612898,0.2763446084041919,-1.150029721840385
-0.6588155202871875,-1.2838994101048862,-1.2838984059087524,-1.0413880495534877,-0.4915439333421497,0.7641451576502555,0.2725909621141842,-1.0413843843216708,-0.37423662594140045,-0.467231970646486,-0.8712956380753796,-1.0543796211606362,-0.8677736697434413,-0.6943408950265463,0.17898618463360844,-1.150029721840385
-0.3302336532416433,-0.7592177136820025,-0.759216699368666,-0.5866622243965965,-0.3988864700170303,0.2358034393900558,0.2725909621141842,-0.5866564594332065,-0.3291662948030122,0.18473239833067961,0.6603457016800741,1.0177091519465429,1.3006605601130548,0.3331475657981207,-1.3072556085367817,-1.150029721840385
-0.4952679846536587,-0.7542025654799822,-0.7542015510699408,-0.5850815086471247,-0.3844087413724804,0.5600766632957869,0.2725909621141842,-0.5850787108141134,-0.6001407104407656,-0.15614248001239656,0.29462834600202575,0.8325952427274705,1.713262220726873,0.033806467099003985,-0.9714491265706688,-1.150029721840385
-0.605290872261669,-0.7562537195023712,-0.7562505160667138,-0.6360798698359675,-0.288855732318451,0.859190757760556,-1.0220795393098967,-0.6360810423504398,-0.3289602425094027,0.10462896790066531,0.6792475214291424,1.2180249505795027,1.5243502645651243,0.3010254695271265,-1.167483263003745,-1.150029721840385
-0.4729660479763593,-0.7303417556144122,-0.7303385516791059,-0.5484203777917268,-0.760829686130778,0.15473513341362302,-1.0220795393098967,-0.5484170755820519,-0.283884173205876,-0.5104043802529176,-0.6874459509552205,-0.5682924937402815,-0.8324342440877421,-0.6679399366665458,0.41026874736855656,-1.150029721840385
-0.9338727393072132,-0.8281688869981242,-0.8281722521446773,-0.5077649226582517,-0.925875792678647,0.8619862165873295,0.2725909621141842,-0.5077640825581152,-0.42757687023089996,0.48171147160192657,0.8804395831312628,1.4918488252647009,0.9055781858850327,0.07843134280475524,-2.1096326083713035,-1.150029721840385
-0.9294123519717533,-1.1816219093214764,-1.181618714088004,-0.8689278067140511,-0.752143048944048,1.0213273697134215,0.2725909621141842,-0.8689275575980095,-0.5521477405251721,0.00817343532259392,0.43069742669283,0.952146069177156,1.539755614315852,0.03821592948894071,-1.1587488382402407,-1.150029721840385
-0.5829889355843696,-0.9458377046773891,-0.9458366939625625,-0.6945327203164373,-0.5060216619866996,0.6075994633509371,-1.0220795393098967,-0.6945368759838612,-0.6997027443397773,-0.24096059833026373,0.4837969625854471,1.1084701356590234,1.9699493056667352,-0.03964736208019366,-1.1653408438138428,-1.150029721840385
-0.4848604142042523,-0.6864422435920138,-0.6864412278753804,-0.4988068739553624,-0.5552459393781694,0.37557638072873295,0.2725909621141842,-0.49880454768824956,-0.5301989111028567,0.04558391593138197,0.5228217964346998,1.1243270398145702,1.700782345627136,0.11741880456894156,-1.2321451166846988,-1.150029721840385
-0.6394871751668614,-1.2784552051383107,-1.2784542008371986,-1.0278342528080164,-0.5465593021914393,0.6746904751935021,-1.0220795393098967,-1.0278350352871706,-0.35430571792612126,0.07947415232774105,0.5582458234700449,0.9815643348474076,1.1465578055649073,0.24716304919435608,-1.2041518588075542,-1.150029721840385
0.918674800687122,-0.6908707223404587,-0.690871895774385,-0.7358885175967372,0.6637788124929329,-1.0864485856738302,-1.0220795393098967,-0.7358847708290598,4.080810276696816,1.982286014091895,2.4415351518729356,0.21457849119534642,-1.1070499912716525,3.589340184837662,1.1231938373409789,-1.150029721840385
-0.8565593588259087,-1.1844020220305842,-1.1844185284372266,-1.0256323296175756,-0.7347697745705881,0.9011226401621591,0.2725909621141842,-1.025626681812484,-1.3910629627940874,-2.2101692287701833,-1.4088392882745058,-0.8111988572177891,-0.2454300750692159,-1.2697757369132778,0.5998186248128569,-1.150029721840385
0.08755596051309845,-0.737140991893537,-0.7371399771545049,-0.7741877368633526,0.07887857525311665,-0.08846978451567526,-1.0220795393098967,-0.7741835057254468,1.5999590933206336,1.0373717163542435,0.5282705224045404,-0.43792939841411865,-0.2733066453493553,0.9686124937655721,0.6916027268820044,-1.150029721840385
-0.8862952743956412,-1.3284840995114977,-1.3284830961750704,-1.13580762384547,-0.8940247896606371,0.8032815812250851,0.2725909621141842,-1.1357995324852377,-0.21499645741552884,0.30352486879669627,0.7236846542479289,1.1740850622566812,1.1544860226713474,0.2781688258729609,-1.4729100740236236,-1.150029721840385
0.03403131248757994,-0.8013725407995514,-0.801373716364235,-0.8329531694319533,-0.031152162445462657,-0.09406070216922234,-1.0220795393098967,-0.8329484593861199,1.4010256021587248,1.0494255035858102,0.7148494785885553,0.002485528135203024,-0.7181610818866493,1.2130585765089583,0.16150968857477313,-1.150029721840385
-0.30347132922888403,-0.737467162597204,-0.7374661478644613,-0.5279521861220949,-0.5262904820890695,0.06248499213009609,0.2725909621141842,-0.5279558027382018,-0.18923522585195776,-0.2288395184972646,-0.6553631319185079,-0.8026506994029847,-1.1083896991400823,-0.5290139633937317,0.17557305088201217,-1.150029721840385
0.08012198162066533,-0.6779377255802945,-0.6779388987648398,-0.6340045621748962,0.1309983983734963,-0.024174231499883757,-1.0220795393098967,-0.6340111746479619,0.3781145497699395,0.15041317160018938,-0.4242727211842829,-0.7142378059626403,-1.1495490603085126,-0.23009148454176126,0.7036383679767371,-1.150029721840385
-0.6186720342680486,-0.7495551802190092,-0.7495541657193544,-0.5559638936274416,-0.39309537855921034,0.7837133694376703,0.2725909621141842,-0.5559571312867774,-0.4740374022869319,-0.8066306175456402,-1.1953361400298006,-1.5679838574868175,-0.7975828244581206,-0.8294434736954277,0.8380282502432544,-1.150029721840385
-0.0685575962279972,-0.7512911088633576,-0.7512900943971759,-0.5718442507250768,-0.28596018658954103,-0.14717441987791968,-1.0220795393098967,-0.5718483736477371,-0.3359743669141447,0.33945911796156253,0.7507555180961014,1.0232861300494143,1.2499750979037247,0.22165514650826695,-1.7488393458143299,-1.150029721840385
-0.4952679846536587,-0.7633003201406529,-0.7633014949712068,-0.54150400449992,-0.5002305705288796,0.4482583102248451,0.2725909621141842,-0.541500205852266,-0.2273783744816418,0.6212805327601763,1.0291924860027233,1.6117704663531527,0.5407972141286911,0.2926530725842087,-2.1892336998232462,-1.150029721840385
-0.1785804838360075,-1.2086940777258348,-1.2086952611447177,-1.0369327656137999,-0.24831809211371128,0.09603049805137862,0.2725909621141842,-1.0369380018496812,1.6835878075841821,1.6189690531711356,2.6733512361624943,2.107004065156101,-0.731349576341057,2.844448028826277,-1.5613060673544248,-1.150029721840385
-0.7851931614585507,-0.6945483517509318,-0.6945495252557723,-0.4407358484306473,-0.6507989484321987,0.8480089224534618,-1.0220795393098967,-0.4407344958488384,-0.5297271643749557,-0.226194078103456,0.25521222575840463,0.8237706792032051,1.700889325967765,0.02855976501477533,-0.738753345726353,-1.150029721840385
-0.6335399920529149,-0.7096572792456258,-0.7096562639766375,-0.5130075969212059,-0.7463519574862281,0.47062198083903345,-1.0220795393098967,-0.5130092311805236,-0.38366564845048706,0.0850510266714457,0.5143339969370564,1.2305374269138127,1.5805159144808938,0.031434287965177436,-1.2575837377925736,-1.150029721840385
-0.5770417524704231,-0.7625035004350503,-0.762506864315407,-0.5388391432802221,-0.051420982547832526,1.0353046638472891,0.2725909621141842,-0.5388393006576826,-0.10555712859145971,-0.16656862744681875,-0.6174250197719104,-0.7508334688919999,-1.1845858838004308,-0.4906125694155493,0.23023115551628137,-1.150029721840385
-0.5368982664512842,-0.7502425466683478,-0.750241532181947,-0.5534058642606492,-0.5668281222938092,0.4622356043587128,0.2725909621141842,-0.5534025633815687,0.043885905437501406,0.8079712380714177,1.1362079754459873,1.1463585419517062,1.3919698136816705,0.6302560253124591,-2.226042713756958,-1.150029721840385
-0.8580461546043953,-0.779801493055026,-0.7798004791385972,-0.5718857964456512,-1.067757533395236,0.5824403339099752,0.2725909621141842,-0.5718780491703532,-0.40433086771970117,-0.4967902458256386,-0.8821754781715374,-1.0575795384481164,-0.7221586255041682,-0.7086018778193159,0.2517408495439072,-1.150029721840385
-0.6290796047174549,-0.7198583227294383,-0.7198573076571522,-0.47845540597686803,-0.5176038449023396,0.6830768516738227,0.2725909621141842,-0.4784520850939921,-0.30334976819356113,-0.38734724117112673,-0.7140934176337161,-0.8198382957784668,-0.9230388759418856,-0.6548510894457846,0.15057792862006789,-1.150029721840385
-0.9115708026299139,-1.2370993867914895,-1.2370961926277644,-1.0321629212183348,-0.8534871494558974,0.889940804855065,0.2725909621141842,-1.0321676615891318,-1.4526239111215409,-2.940975291900507,-2.0224564896748025,-1.7508698665462985,-0.7794891570353485,-1.6070717017536214,1.3416149335439447,-1.150029721840385
-0.7049061894202728,-1.2239431053885468,-1.2239421000363024,-1.0370099219520095,-0.5031261162577897,0.8396225459731412,-1.0220795393098967,-1.0370146636164397,0.1437682332815163,0.7111455961854685,0.603205647265317,0.9322756567050318,-1.6419384334678278,0.19494720026035955,-1.887420222660964,-1.150029721840385
-0.8015479150219036,-1.2457264924502245,-1.2457298656483544,-1.0453250011698194,-1.0127421645459465,0.5293266162012779,0.2725909621141842,-1.0453312288296217,-1.2022689833156857,-2.387624024534837,-1.782742590401252,-1.4166192116160365,-0.3776494030043627,-1.4956630064331966,1.2592875059262667,-1.150029721840385
-0.24845988542487887,-0.791755977704189,-0.7917527749531058,-0.6284671111326288,-0.34676664689665065,0.13237146279943468,-1.0220795393098967,-0.6284667978391738,0.007477769285146811,0.03653306103873308,0.8112960562110003,1.628858138498376,0.934435977001099,0.029201648780399127,-0.46330580544070904,-1.150029721840385
-0.5517662242361505,-1.3259622964871731,-1.3259634821672868,-1.0606217398117674,-0.4915439333421497,0.5628721221225603,0.2725909621141842,-1.0606264877780398,-0.628993074176063,-0.04808738526242662,0.41529137843549446,0.8651729525818475,1.6727208818274657,0.04577899472737602,-1.2949864006517158,-1.150029721840385
-0.7108533725342194,-0.7640183335017452,-0.7640173192809768,-0.5563595671567212,-0.4770662046975998,0.8759635107211973,-1.0220795393098967,-0.5563602238023138,-0.3860264686954963,-0.1329307383058309,0.30078387194223566,0.9613822120388721,1.5732909714217416,-0.09588196154679063,-0.7169579494641231,-1.150029721840385
-0.3079317165643439,-1.3558145776006392,-1.3558135747912134,-1.1774918301550719,-0.07458534837911238,0.5069629455870895,0.2725909621141842,-1.1774911688007403,0.45315410024012615,1.1756201602093836,1.8402812360578298,1.3397242133527503,1.0517865081758986,1.2459620964946245,-2.579851912199413,-1.150029721840385
-0.01057256086701882,-1.2465802278490843,-1.2465792229333414,-1.1653644364826532,0.08177412098202662,0.09882595687815215,-1.0220795393098967,-1.1653588259711622,4.06756520048684,1.8967276771582722,2.2323188531309124,-0.1507265858046717,-0.6254622828506895,3.4589261484568143,1.1781995116037203,-1.150029721840385
-0.0908595329052966,-0.776522273497354,-0.776523448582861,-0.6693441434425004,-0.34966219262556064,-0.16674263166533448,0.2725909621141842,-0.6693398843225137,-0.5959168992474593,-0.17596856270939787,0.30449885915906577,0.835785522657631,1.6952645204538823,0.06537040357380375,-0.9487500492744113,-1.150029721840385
-0.6380003793883747,-1.186645813783998,-1.186646996777734,-1.027802598925674,-0.7058143172814884,0.5181447808941837,0.2725909621141842,-1.0278028868043365,-0.3977895333456125,-0.7402002025691583,-1.0497592102347537,-1.2845645504876246,-0.7466539016044997,-0.7607340027838834,0.6294628384252443,-1.150029721840385
-0.8074950981358501,-1.2777481371028447,-1.2777471327880987,-1.0820474614222557,-0.4799617504265098,1.054872875634704,0.2725909621141842,-1.0820398503058255,-0.33157719358013915,-0.26950107291275227,-0.45509526497302955,-0.14307683152754314,-1.066171961764555,-0.60751913872849,-0.2893451209726404,-1.150029721840385
-0.47593963953333257,-0.820822384437679,-0.8208191822470703,-0.588743467160607,-0.6392167655165588,0.27773532179165894,0.2725909621141842,-0.5887510567378647,-0.4727473584335237,-0.815639414562394,-1.1190706408149642,-1.4164397196944571,-0.892565803377698,-0.8725055019718344,0.700872408873356,-1.150029721840385
-0.7643780205597379,-1.3479842916475067,-1.347983288687093,-1.1241293196287836,-0.3641399212701105,1.085622922729213,0.2725909621141842,-1.1241321061766465,-0.39440471144907063,-0.26039974856902914,-0.4354719890420112,-0.13182972786477506,-0.5508008111867283,-0.5395073675621885,-0.45670337277825257,-1.150029721840385
-0.712340168312706,-0.6990228008670075,-0.6990217853929593,-0.5110846235689072,-0.6507989484321987,0.7110314399415582,0.2725909621141842,-0.5110827951706904,-0.4106004217267758,-0.7434470705882684,-1.1002028437437323,-1.4340167812016031,-0.8022393798091477,-0.7838976343259556,0.7650845074550668,-1.150029721840385
0.3953226866598299,-0.733386745203679,-0.7333857303922554,-1.021511389810129,0.3800153310597547,-0.37640204367335023,-1.0220795393098967,-1.0215141489699262,1.5974283886107665,0.9926557827024577,1.1057849711383696,-0.6609015527002973,0.056693172009437895,2.004361719573917,0.9122649520493584,-1.150029721840385
-0.6721966822935671,-0.6988673772431125,-0.6988641727008998,-0.5096681123340864,-0.8071584177933377,0.4845992749729012,-1.0220795393098967,-0.5096682619259862,-0.13336045140916558,0.39047952721004003,0.8965153254339867,1.4249225804600678,1.3942031539855093,0.37701892577900886,-1.5757121333153374,-1.150029721840385
-0.7851931614585507,-0.7294201591966686,-0.7294191443087591,-0.5281124339014532,-0.7492475032151381,0.7529633223431613,-1.0220795393098967,-0.5281091262717187,-0.4871831908516326,0.04691715059726008,0.4760539729445515,1.167306845947332,1.3865261161157434,0.0009308551031471834,-1.2558667438279214,-1.150029721840385
-0.6484079498377812,-1.1606265857049,-1.1606255791317515,-0.9395080508669396,-0.6102613082274589,0.6299631339651254,1.567261463538265,-0.9395107881405729,-0.17517776456540515,0.019937023210483764,-0.2127084829408572,-0.05577889933658096,-0.18193281118297314,-0.2617391449859899,-0.5048000579662251,-1.150029721840385
-0.6974722105278398,-1.21242643376444,-1.2124276172552921,-1.0165892111058912,-0.8940247896606371,0.4482583102248451,0.2725909621141842,-1.0165830662952058,-0.5503471738582302,-0.735384575779157,-1.127883359267215,-1.4042876574130774,-0.7621524564709502,-0.8613981220275635,0.41405795145815966,-1.150029721840385
-1.1420241482953408,-0.750912400596684,-0.7509135751883672,-0.3945706394019543,-1.047488713292866,1.1359411816111369,0.2725909621141842,-0.39459895002156414,-1.6710436894423917,-2.9492901339649897,-1.8781501002478775,-1.4274451770814462,-0.034717083100147546,-1.5918618473073207,0.8706942342055786,-1.150029721840385
-0.29752414611493755,-0.7701542830479097,-0.7701510798802906,-0.6029580386999753,-0.6565900398900186,-0.07449249038180754,-1.0220795393098967,-0.6029606861505746,-0.3358196103391975,0.32184527953664915,0.85002008138773,1.4139074847549937,1.4866508039111876,0.20535688045938702,-1.7087200787390495,-1.150029721840385
-0.3436148152480229,-1.3964983529539987,-1.3964973509290601,-1.2086511205858375,-0.7173965001971283,-0.046537902114072105,0.2725909621141842,-1.20865046754772,0.03613520928952759,0.6339441591922236,0.5222341192622094,0.8846954226552592,-1.5630756762132572,0.058616670039849925,-1.8780170739322792,-1.150029721840385
-0.5086491466600384,-1.2140529091525243,-1.214049714544404,-1.0040819708453643,-0.48864838761323975,0.4845992749729012,0.2725909621141842,-1.0040847253533616,-0.13111943709689639,0.2490893600255278,0.7217410398620925,1.2342997924546069,1.3184768047704687,0.37556771030890357,-1.1518711304320342,-1.150029721840385
-0.25292027276033874,-1.2415081639538068,-1.2415093480054291,-1.0195587409431344,-0.38730428710139037,0.1016214157049257,-1.0220795393098967,-1.019555564477259,0.35216795808401596,0.7745099920091898,1.0995708134837192,1.28764517642131,0.7503828423366853,0.6953095495589295,-1.699050691674955,-1.150029721840385
-0.5919097102552894,-1.3556854227582475,-1.355686609011499,-1.0744802051747842,-0.5233949363601595,0.6075994633509371,0.2725909621141842,-1.074482483879574,-0.2875461658669862,-0.4198075097870487,-0.8525287166538207,-1.0655011645347416,-1.0739524944728756,-0.6713726194131421,0.3010846145588376,-1.150029721840385
-0.35848277303288917,-0.7483971647677353,-0.7483961502457509,-0.5941819998205546,-0.2280492720113414,0.45384922787839216,-1.0220795393098967,-0.594176731456188,-0.44231334772550746,-0.25376722154035475,0.24127374642955102,0.7747476668361042,1.530409873931789,0.05683055869202777,-0.5434456298167835,-1.150029721840385
-0.2633278432097451,-0.7722295167866767,-0.7722285027242409,-1.1043377296942198,-0.5552459393781694,-0.04094698446052502,-1.0220795393098967,-1.1043138029894801,-1.4977206725963246,-3.011771314394912,-2.003437569626282,-2.032447593087495,0.4885304767880881,-1.6098625007345937,1.0898584342742177,-1.150029721840385
-0.49229439309668543,-0.66706026097277,-0.66706143394757,-0.5176547825225943,-0.4133641986615802,0.5265311573745043,0.2725909621141842,-0.5176485045495183,0.24421046693601434,0.9831927606260358,1.4781675520724347,1.3235052076495362,1.1186289053265923,0.9462302859381722,-2.056102019611798,-1.150029721840385
-0.2187239698551464,-0.7591476635979935,-0.7591466492833062,-0.6793072029097598,-0.21936263482461146,0.19946247464199973,-1.0220795393098967,-0.6793059140011113,2.4409233621953668,1.474676892549854,1.3040976977703334,0.32876625210342886,-1.1113886388322953,1.899455585879159,0.5807294056779109,-1.150029721840385
-0.5547398157931237,-1.3139793539913813,-1.3139805394404331,-1.1267031759367472,-0.7810985062331479,0.2889171570987531,0.2725909621141842,-1.1267015118431631,-1.074185312653904,-1.984057676382363,-1.8138870980820898,-1.8496837263869024,-0.45191489725906214,-1.5098402652565375,1.0999101479296314,-1.150029721840385
-0.6677362949581073,-0.7163733310499899,-0.7163723159105043,-0.5448771213370283,-0.6218434911430989,0.6551222634060873,0.2725909621141842,-0.5448807424702915,-0.04029332491175826,-0.21747548043037923,-0.6240198197564556,-0.7989817684133578,-1.2745902207327506,-0.4620906038300098,0.43209959573289064,-1.150029721840385
12.466617612192742,-0.7187747354924239,-0.7187737203992435,-9.382237484325481,12.07222898439826,-11.784669515736182,-1.0220795393098967,-9.382240249245111,5.0416608126235145,2.22398000949889,0.301116913223184,0.2793792653028058,-0.2771352066833847,0.025964321962471202,1.1224799293240972,-1.150029721840385
-0.07747837089891696,-0.6109151186395461,-0.6109162905317242,-0.850412263911414,-0.07748089410802236,0.07087136861041672,-1.0220795393098967,-0.8504174503661728,-1.2362498756144582,-2.6263234991780933,-1.6740986425073503,-1.348026300570337,0.08234437751760215,-1.3571835609973386,1.3809194974100862,-1.150029721840385
-0.1622257302726546,-1.3315553578822679,-1.33155654367023,-1.1672241020702672,0.20338704159624585,0.5013720279335424,-1.0220795393098967,-1.167223437975545,0.10358577553837066,-0.21509500465471043,-0.6852258687320837,-0.9708487893046356,-1.3856368041897145,-0.38202258106590714,0.6853708034434992,-1.150029721840385
-0.8268234432561762,-1.3233704433788396,-1.3233694399438083,-1.0493648279037637,-0.5176038449023396,1.054872875634704,0.2725909621141842,-1.0493720458258569,-0.24109815344398375,-0.48217092816446405,-0.8554473826973658,-1.013263094363502,-1.1360547147470315,-0.6875034375231633,0.42934753941464837,-1.150029721840385
-0.5473058369006906,-0.6597794303660832,-0.6597784141353227,-0.4909072519432959,-0.5870969423961792,0.4622356043587128,0.2725909621141842,-0.490913331632566,-0.2465942723439065,-0.2760032205261515,-0.7016043410795993,-0.8675423322504843,-1.0819150129435953,-0.5170693437551692,0.16104881124741907,-1.150029721840385
-0.783706365680064,-0.734739587451103,-0.7347385726657657,-0.5490989578944412,-1.0011599816303065,0.5069629455870895,1.567261463538265,-0.5490897207613518,-1.261137515006642,-1.3117667359850431,-1.2501384958835513,-0.6591727258142333,-0.05035286350831655,-1.2471702651674001,-0.2151348344583004,-1.150029721840385
-0.6186720342680486,-0.7476922857973946,-0.7476912712618183,-0.570427739490256,-0.8563826951848074,0.33643995715390335,-1.0220795393098967,-0.5704239485621608,0.053937084154634225,-0.21185234242318984,-0.6694514974089198,-0.9576763473815082,-1.3649667092195363,-0.4086188953545757,0.6917737311392127,-1.150029721840385
-0.7138269640911926,-0.8554227478078809,-0.855421735349623,-0.6210640593998081,-0.7231875916549483,0.6439404280989931,1.567261463538265,-0.6210652279066571,-1.2928229673662257,-1.3790383084794293,-1.2110667824340309,-0.5508761078005349,-0.4080897202425511,-1.2228344980533195,-0.14127420299020332,-1.150029721840385
-0.41200742105840765,-0.7450610295168061,-0.7450600149304925,-0.5890323088369811,-0.20488490618006155,0.576849416256428,-1.0220795393098967,-0.5890329742027183,-0.17322331074247643,0.43127987261598194,0.8438059655895841,1.0459617677560202,1.3776777590876146,0.3416036867104673,-1.7430585677535815,-1.150029721840385
-0.712340168312706,-1.1276636430484088,-1.1276713921003205,-0.6580100751962873,-0.7839940519620578,0.5824403339099752,0.2725909621141842,-0.6580409290864065,-1.2651657069338633,-0.8391119150995099,-0.9821644750482952,-0.40356790952584143,-0.1399852616115436,-1.224508977441903,-0.6863092596254512,-1.150029721840385
-0.9249519646362935,-1.3539801410256531,-1.3539791381808548,-1.1482990371648258,-0.8708604238293572,0.8983271813353856,2.861931964962346,-1.1482830356657738,-1.2038386323067514,-1.3663158010211287,-1.1910382213079311,-0.7592634188544184,-0.5605666712851263,-1.1446084026166587,-0.12895564021789432,-1.150029721840385
-0.7628912247812513,-1.3297274885026575,-1.3297264851902062,-1.0797743169965446,-0.6189479454141888,0.8368270871463677,-1.0220795393098967,-1.0797721457859064,0.324988530312277,0.40918266462063935,0.17057599400791876,0.3096401742320857,-1.152952390458414,0.012149867006657126,-0.688855554723638,-1.150029721840385
-0.39862625905202803,-0.7255827280320498,-0.7255773349398099,-0.5662771241681134,-0.48864838761323975,0.27773532179165894,-1.0220795393098967,-0.5662718483561149,-0.3047203202427003,0.04218563955904911,0.49210579084291595,1.1173317549105046,1.3793388900792736,0.11744671255875151,-1.0147430946324134,-1.150029721840385
-0.6112380553756155,-1.1836818196043666,-1.1836808134757817,-0.9506858280690872,-0.8187406007089776,0.3588036277680917,-1.0220795393098967,-0.9506860953657794,-0.5857366987566064,-0.1827693212416531,0.5168312578933494,1.125872218621974,1.999013769191742,0.0525048202715199,-1.1075553076625815,-1.150029721840385
-0.8818348870601813,-1.2569345058916666,-1.2569335011755807,-0.9613690133596354,-0.8824426067449972,0.8060770400518587,-1.0220795393098967,-0.9613692835076011,-0.30067839149590503,-0.07666150614563134,0.416083915685457,0.9996866333030694,1.2661807010986683,0.08071979796915245,-0.7302288530184456,-1.150029721840385
-0.7197741472051391,-0.7681359650024,-0.7681371399261976,-0.5690824494907055,-0.6913365886369385,0.6858723105005963,0.2725909621141842,-0.5690860770842151,-0.5583710414435546,-0.1383477927211338,0.4090706336058205,1.0564483479917037,1.8691904854263992,-0.022567672316641717,-1.0235428624860707,-1.150029721840385
-0.4848604142042523,-0.7931898153612486,-0.7931909907681484,-0.6708674865302267,0.05571420942183679,0.9654181931779506,-1.0220795393098967,-0.6708681737372465,-0.39120455413971295,-0.5385537165895807,-0.5235744253498275,-0.22446004827451355,-0.429824104736047,-0.7326027490556799,0.1257287856020819,-1.150029721840385
-0.6900382316354067,-0.7348030703397362,-0.734802055555623,-0.5249846346524982,-0.6594855856189287,0.6607131810596344,0.2725909621141842,-0.5249783586357126,-0.47057937531392624,-0.7668186322232359,-1.13423389054343,-1.4415901718471884,-0.904880112169177,-0.843230020661432,0.6840868812359232,-1.150029721840385
-0.5041887593245784,-1.3088219165562178,-1.3088209128406536,-1.0769986671886485,-0.19040717753551165,0.7641451576502555,0.2725909621141842,-1.0769950114610765,-0.43795373329059023,0.310821910264515,0.6890836701065192,1.3741773589052586,0.5947468580161842,0.06380755614445918,-1.8206569630062677,-1.150029721840385
-0.795600731907957,-1.333017653385956,-1.3330188392021147,-1.0286908859989066,-0.7058143172814884,0.8144634165321792,0.2725909621141842,-1.0286931524828216,-0.3619630384777505,-0.4346160878897517,-0.8525309426441232,-1.0310781960229867,-1.0089046844573353,-0.7121182845353413,0.19947263367501233,-1.150029721840385
-0.7435628796609252,-1.2155217718515883,-1.215520766336959,-0.991822026540637,-0.755038594672958,0.669099557539955,-1.0220795393098967,-0.9918188426720108,-0.4336363726171474,-0.08332347368743238,0.4667586133972984,0.8086404969484051,1.4841104810325636,0.2528004631359205,-0.9811511851798397,-1.150029721840385
-0.5086491466600384,-0.7021115717587799,-0.7021127454094587,-0.5159157973614107,-0.20778045190897151,0.7557587811699349,0.2725909621141842,-0.5159050675958182,-0.597343963529023,-0.8018612544191236,-1.1855862209370487,-1.4658891773430778,-0.6105104075514411,-0.9023670510682406,0.5016017040599473,-1.150029721840385
-0.5919097102552894,-0.7447611275946424,-0.744760113002546,-0.5433735619257659,-0.45969293032413994,0.669099557539955,0.2725909621141842,-0.5433747096975208,-0.4896229543382441,-0.8330009057319361,-1.1447884528013592,-1.4346657162899406,-0.8891560855614284,-0.9064416175804607,0.7060032317288615,-1.150029721840385
-0.4328225619572204,-1.3650371089734508,-1.365036106341859,-1.122038185026541,-0.604470216769639,0.2302125217365087,0.2725909621141842,-1.1220375088719883,-0.0051785364048613156,0.5470694107430807,0.9032616234011167,1.413978894984527,1.2744077187205571,0.4008802570663246,-1.6959879081088587,-1.150029721840385
-0.8580461546043953,-1.4251466482485597,-1.4251456467760335,-1.1790013246692734,-0.9548312499677467,0.6914632281541434,-1.0220795393098967,-1.179007093414383,-0.05079208050969345,0.3328854719591414,0.6868071776837196,1.1683702109929373,1.275833180385489,0.28958319370513896,-1.2736574428308953,-1.150029721840385
-0.4655320690839262,-0.7250179492297272,-0.7250191233220994,-0.547516263777323,-0.06589871119238243,0.8116679577054058,0.2725909621141842,-0.5475193910229127,-1.1759878392138088,-1.185816015041662,-0.9987300770080884,-0.7121323213374787,0.3563535724299603,-0.8742357973400373,-0.31257180896491854,-1.150029721840385
-0.4045734421659746,-1.3001838655718563,-1.300180672624561,-1.0755069779832644,-0.2280492720113414,0.540508451508372,1.567261463538265,-1.0755038164496138,-1.4801891870278954,-2.2457459859899402,-1.4170272103665584,-0.8485645153373215,-0.04060131132871506,-1.268659417320889,0.47160018886949057,-1.150029721840385
-0.45809809019149306,-0.6615241152709327,-0.6615230990738141,-0.5318119814002171,-0.045629891090012566,0.8172588753589528,-1.0220795393098967,-0.5318160936385221,-0.4767498155595178,-0.6162682596687471,-0.7441435868395802,-0.5687343105677392,-0.8081772114285826,-0.7744647337702684,0.22378026321183875,-1.150029721840385
-0.4551244986345198,-1.4334760410502565,-1.4334772288035096,-1.333543491735285,-0.051420982547832526,0.8060770400518587,-1.0220795393098967,-1.333542377438095,-1.215257059280974,-2.032239179007914,-1.3653718361068563,-0.882973964894094,-0.5402703756772418,-1.1262170373320495,0.669751719479219,-1.150029721840385
-0.7866799572370373,-1.2727942827243321,-1.2727954673792308,-1.0760253103066209,-0.9229802469497369,0.5880312515635223,0.2725909621141842,-1.0760231380953968,-0.32686129125525926,-0.4285513421856626,-0.8197630752376077,-1.0002044313576384,-0.9306796657793659,-0.670367931779992,0.22911545700888586,-1.150029721840385
0.02511053781666019,-0.6531706427528579,-0.653178382655333,-0.5210674667126306,0.21207367878297578,0.15753059224039656,-1.0220795393098967,-0.521063662610596,0.7272133882330911,1.3034298392673331,1.1755905141779193,0.982046557960505,-1.3485018691243387,0.9694218254700541,-2.008986175915374,-1.150029721840385
-0.9338727393072132,-1.3218359087260172,-1.321834905261396,-1.0614229787085585,-0.8563826951848074,0.9290772284298946,0.2725909621141842,-1.0614252539284585,-0.394601374017908,0.16915836688668387,0.7120036879967572,1.23040271200321,1.5897672552625082,0.2468281533166392,-1.4418561179981533,-1.150029721840385
-0.8089818939143366,-0.7421758416816848,-0.7421748270397375,-0.5677925537852542,-0.7434564117573181,0.8032815812250851,0.2725909621141842,-0.5677927188901937,-0.3088711002433348,-0.5113632998233284,-0.8805810381952434,-1.0623384323565315,-1.028813975943779,-0.6978014857629522,0.47833400285150945,-1.150029721840385
-0.8149290770282832,-1.4255406799711106,-1.4255462457016845,-1.1270177363925244,-0.5262904820890695,1.024122828540195,0.2725909621141842,-1.127022996671505,-0.30619537645087685,-0.7193100556120082,-1.0915813146527409,-1.449052109348951,-1.10355302081127,-0.7890606124407548,0.8017183462960287,-1.150029721840385
0.8681237442185767,-0.8324857234251796,-0.8324847105246374,-0.6121040323292725,0.40317969689103456,-1.2429942799731488,0.2725909621141842,-0.6121056930367914,-0.4353550400180217,-0.3280708708844198,-0.8264093284243732,-0.932701954636877,-0.27575000895310536,-0.8901991675112002,0.12240462967537451,-1.150029721840385
-0.07004439200648384,-1.208400742999047,-1.2083997373471063,-1.1778617849049482,-0.15276508305968187,-0.015787855019563125,-1.0220795393098967,-1.1778596398732244,2.012265733505986,1.3658857849717179,2.1202251197502826,0.354221702708174,1.0131600912741532,3.2842779482275524,-0.10068154608094404,-1.150029721840385
-0.5487926326791772,-0.7009907704146358,-0.700989754978535,-0.5473382106891471,-0.6421123112454687,0.41191734547678904,-1.0220795393098967,-0.5473363919667796,-0.25053100139649603,0.08757029343756871,0.6587703423022802,1.270049045306553,1.4321409409546753,0.21713405215909143,-0.9947953785151413,-1.150029721840385
-0.6394871751668614,-0.7552051573073613,-0.7552063319818199,-0.6109170117414338,-0.6450078569743787,0.5796448750832016,0.2725909621141842,-0.6109161991719265,-0.37383669321962676,-0.7398973858627128,-1.1081123125104955,-1.4570969058172514,-1.053346558092281,-0.8016750238347508,0.8405689842273857,-1.150029721840385
-0.009085765088532193,-1.3509001263943818,-1.3508991234901928,-1.1014948153863462,0.4263440627223144,0.4286900984374303,-1.0220795393098967,-1.1014946283409437,-0.5056863390501798,-0.11979606366375728,0.4322664232438088,0.8778053279869773,1.3843762041913992,0.023257246950927783,-1.0940404102290715,-1.150029721840385
-0.41200742105840765,-1.2507460187824955,-1.2507428248819121,-1.0891122122875423,-0.7492475032151381,0.05130315682300192,0.2725909621141842,-1.0891149894895642,-0.37133276661373943,-0.026974331563031903,0.420726779107982,0.9199979719477694,1.4762511649054069,0.016168617539257586,-1.0061136358967075,-1.150029721840385
-0.6915250274138932,-1.3163107083498062,-1.3163097047786452,-1.055711431313408,-0.7753074147753279,0.5516902868154662,-1.0220795393098967,-1.0557077699044095,0.05487327449116878,0.7283346500638402,1.0219532087144454,1.1227101990327335,1.5274023561680783,0.5344478962956709,-2.005182373901375,-1.150029721840385
-0.8699405208322883,-1.3916911659388802,-1.3916879747560793,-1.1401303571528492,-0.9287713384075569,0.7389860282092936,0.2725909621141842,-1.1401321587871986,-0.250742791855244,-0.4915918923649908,-0.864558818081538,-1.0580398909323823,-1.0920363018814216,-0.6670468809926344,0.4319146886905435,-1.150029721840385
-0.3897054843811083,-1.1273571739308694,-1.1273583557813691,-0.8828297961652886,0.21496922451188577,0.9402590637369888,0.2725909621141842,-0.8828330129039038,-0.05598877151966216,-0.1309077544752714,-0.5629998014569604,-0.7674621063688966,-0.9800030620585636,-0.42318686603525235,0.19539911762931905,-1.150029721840385
-0.8283102390346628,-0.7744951991913432,-0.7744963742377631,-0.5552675082159096,-0.6652766770767486,0.9150999342960269,0.2725909621141842,-0.5552671753859514,-0.20982063246060917,-0.29800369540693517,-0.672101479203109,-0.7818967117584926,-1.1332225108638614,-0.5829601076959313,0.2213173848244853,-1.150029721840385
-0.4729660479763593,-0.7742237551158083,-0.7742227410918265,-0.6443217494508608,-0.5552459393781694,0.35321271011454464,-1.0220795393098967,-0.6443159998764273,0.8773543918034433,1.2426562085987567,1.6868074238084116,1.1155798554934502,0.7683086809014563,1.4584814388956853,-1.8352618387946664,-1.150029721840385
-0.5502794284576639,-0.6869785645477078,-0.686977548841416,-0.5018120144102406,-0.4915439333421497,0.5600766632957869,0.2725909621141842,-0.5018091943531369,-0.27474814488643656,0.11126570071692923,0.4953484578449964,1.044910574253703,1.216087256962416,0.156350450353509,-1.0080509890058111,-1.150029721840385
-0.48188682264727906,-0.7261146708574933,-0.7261136559058455,-0.4926165615897836,-0.8679648781004473,0.06807590978364318,-1.0220795393098967,-0.49261720122277786,-0.32606455571996923,0.01836405865200296,0.47748864766685883,0.9955605358049172,1.3346559534362619,0.1657275349295769,-0.9275392651272716,-1.150029721840385
-0.08937273712680996,-0.6878826484444491,-0.6878816327555904,-0.5986155217161321,-0.005092250885272823,0.16312150989394367,-1.0220795393098967,-0.5986156950475235,1.0891848438235927,0.9616885686808156,0.5876502149023339,-0.23238448220116045,0.21502263802921248,0.959067961250646,-0.10646579983797712,-1.150029721840385
-0.42241499150781403,-0.7491086109334518,-0.7491097854903535,-0.5151857796998899,-0.15276508305968187,0.6467358869257667,-1.0220795393098967,-0.5151903820928121,1.3513216157291084,1.320581041057399,1.2628649281568354,0.9599079372785817,-1.5495545621342437,1.2416642660639272,-0.9291561590389239,-1.150029721840385
-0.6781438654075136,-0.6912406743466312,-0.6912396587225238,-0.5146417285971304,-0.44521520167959,0.8452134636266883,-1.0220795393098967,-0.514638911964195,-0.3438817323587785,0.14491620722068563,0.8152010558778369,1.621988032534446,0.7108630259678824,0.08178030158192245,-1.4055337015443023,-1.150029721840385
-0.6082644638186422,-0.7522433521928552,-0.7522423377450351,-0.5448177703076363,-0.9837867072568466,0.19387155698845263,0.2725909621141842,-0.5448114995841871,-0.565846653432465,0.17664046300844147,0.7281354682369716,1.3593693797367161,1.9407597694822445,0.11621876100712382,-1.6304599109137523,-1.150029721840385
3.2930876589302627,-1.374187401197128,-1.3741885878071447,-2.57183545549802,4.642258644015247,-1.7098359040443305,-1.0220795393098967,-2.571837639245253,0.4627806547370106,-0.3638663290588318,-1.009198473173997,-1.7029746386994964,-0.9330435915786371,-0.4094840430386771,2.2779480487486508,-1.150029721840385
-0.24994668120336552,-0.7387280641093662,-0.7387292384661044,-0.6009836277888703,-0.022465525258732712,0.4482583102248451,-1.0220795393098967,-0.6009798450159453,0.27041579770454627,0.3759275021502979,0.13902064189350644,0.3020288153129268,-0.8386213851557991,-0.040624141723534325,-0.5739212299804762,-1.150029721840385
-0.5978568933692359,-1.2748410586164707,-1.2748444323760038,-1.0711347854847253,-0.5031261162577897,0.6383495104454461,0.2725909621141842,-1.0711365687046006,-0.4290131503534437,-0.817860070409661,-1.1900627821687335,-1.582208868657453,-0.9562946543853744,-0.8161592705459983,0.7976858434664951,-1.150029721840385
0.023623742038173565,-1.1672879108811323,-1.167286904436431,-0.9451266149827093,0.2265514074275257,0.17430334520103782,0.2725909621141842,-0.9451268807956833,-0.5340973857211896,-0.740721720230259,-1.124428011364496,-1.4071753194936756,-0.7957579053273341,-0.8612027660988953,0.47586278279307265,-1.150029721840385
-0.4699924564193861,-1.188239453195203,-1.1882384471545009,-0.9066790181426142,-0.32649782679428074,0.5684630397761075,0.2725909621141842,-0.9066772953259974,-0.47220953586463416,-0.7645811532256107,-1.1270721226153564,-1.4173161492093056,-0.7697454477389567,-0.8461603595914533,0.5978388682090797,-1.150029721840385
-1.1554053103017203,-1.3909731525777878,-1.3909721504463093,-1.0880359802879018,-1.1430417223468956,1.0688501697685717,0.2725909621141842,-1.0880392517947282,-0.2701313563230397,-0.37373731253143727,-0.8082375763374331,-1.0258371497070629,-1.019923304324724,-0.6517812105667146,0.254174532082469,-1.150029721840385
-0.498241576210632,-0.7106445476171278,-0.7106435323671766,-0.5094504918929826,-0.31491564387864085,0.6327585927918989,0.2725909621141842,-0.509445695506365,-0.47942779984127276,0.13252175119436765,0.8131934281727871,1.4119107693075614,1.0156095445175808,-0.049219802584929695,-1.6617133719059658,-1.150029721840385
1.061407195421838,-1.4040571948315963,-1.404054003887244,-2.9666187193367035,1.5063826196057375,-0.5413341144529893,-1.0220795393098967,-2.9666172990087247,6.205334967908435,2.3382975219696567,1.664474418086263,-0.1343349568242369,-1.402809403062783,2.8178517145376083,1.16922526379657,-1.150029721840385
-0.18452766694995398,-1.3629159048670527,-1.3629170912597264,-1.1911504803858024,-0.051420982547832526,0.29730353357907374,-1.0220795393098967,-1.1911518010450513,0.18257179255350311,0.06551514331812132,-0.6135099668715633,-0.8661918319983625,-1.1790119391976805,-0.3671476224973235,0.12911967489745593,-1.150029721840385
-0.46404527330543954,-0.6524964106942711,-0.6524953943230754,-0.3423733874193943,-0.2454225463848013,0.6355540516186725,0.2725909621141842,-0.34237003021710277,-0.3455644058146932,0.5376694754805016,0.9434435368182211,1.5382250049506507,0.8321090863725867,0.14429419875570762,-2.090834652585017,-1.150029721840385
-1.1063410496116617,-0.7743638552838263,-0.7743606521973786,-0.3856897470372745,-0.8708604238293572,1.239373158201758,1.567261463538265,-0.385733387639983,-1.7199028614682093,-2.8101332399905132,-1.88364788098739,-1.4495480675855128,0.0310523254208028,-1.6124021278072789,0.7131471778724775,-1.150029721840385
-0.0016517861960990664,-1.2712269120946307,-1.2712237185889712,-1.3053161421564812,0.1483716727469562,0.1463487569333024,-1.0220795393098967,-1.305318482469898,3.35266146435309,1.7225197494127287,1.8583430672997108,0.010908343090493036,-0.4170995467957501,2.663911242747162,0.7800133181372015,-1.150029721840385
-0.2841429841085579,-0.7479615408078042,-0.7479670934729225,-0.5772610213409141,-0.2251537262824314,0.31687174536648854,-1.0220795393098967,-0.5772691024456243,0.5853784656426019,1.1438202002450164,1.010323374285662,0.9746719250796969,-1.4971540038249382,0.7657493158386768,-1.9590445911394714,-1.150029721840385
-0.8179026685852564,-0.7226493807641724,-0.722648365745705,0.027826680045150334,-0.6392167655165588,0.9206908519495739,0.2725909621141842,0.02782964145941572,-1.283835609689011,-0.20275942965464575,0.28593316218499154,0.9746117032932836,2.3313068605336618,-0.5234602734215964,-1.4445483923402982,-1.150029721840385
-0.7405892881039519,-1.3921267898988112,-1.3921301659199128,-1.150164637855379,-0.5957835795829091,0.8172588753589528,0.2725909621141842,-1.1501649583916826,-0.5674465582033518,-0.6667292991678184,-0.7876725006278804,-0.5812656735313404,-0.6231071778664079,-0.8590259428937369,0.03926597454484258,-1.150029721840385
-0.5443322453437174,-0.7160384040858219,-0.7160373889398779,-0.6044398360671273,-0.7058143172814884,0.3420308748074504,0.2725909621141842,-0.6044419893211652,-0.32688302672926867,0.02065200710070231,-0.19071546419603416,0.18461744132635466,-0.92922097355568,-0.4894962498231604,-0.7621531233936102,-1.150029721840385
-0.5562266115716104,-0.7170606974993283,-0.7170618714382644,-0.5925913922328507,-0.757934140401868,0.314076286539715,0.2725909621141842,-0.5925965098768768,-0.47041679396833563,-0.5865249298356556,-0.7145762962022176,-0.5662559547839875,-0.47388889995899103,-0.7311515335855742,0.17075573583138853,-1.150029721840385
-0.41052062527992106,-0.7861410256578416,-0.7861400118636552,-0.6482151769789717,-0.2106759976378815,0.5684630397761075,0.2725909621141842,-0.6482133851800178,-1.4529739391949887,-2.3226235773387924,-1.4381969029039035,-0.8892069524288765,0.025537332903804562,-1.2994698380708258,0.5887464467282489,-1.150029721840385
-0.11762185691805585,-0.8209931315174509,-0.8209921183953022,-0.6384677595851697,-0.21646708909570148,0.012166733248172308,-1.0220795393098967,-0.6384723948812596,-0.5483523789955399,-0.5495055874726931,-0.9284608830761102,-0.9176585578197459,-0.49048763464533435,-0.8694356230927643,0.13845191942193244,-1.150029721840385
-0.16371252605114123,-1.2857732498521273,-1.2857744347572932,-1.041170429112384,-0.12670517149949204,0.185485180508132,0.2725909621141842,-1.0411741827031396,-0.38304314447485677,-0.42662088568207257,-0.8572098540221753,-1.0331357104609973,-0.8274059405867347,-0.681949747551028,0.14894782706253362,-1.150029721840385
-0.6067776680401556,-1.2926797503223908,-1.292680935360732,-1.0435879943762822,-0.607365762498549,0.5544857456422397,0.2725909621141842,-1.0435853189157036,0.1217114220243219,0.927575425542212,1.187109482492995,1.3844059623328306,0.600564678213668,0.5462250679953753,-2.398043105520444,-1.150029721840385
0.7714820186169461,-1.3459725407973728,-1.3459715377981676,-1.7880813719657687,1.0662596688114203,-0.4211293849017269,-1.0220795393098967,-1.7880823573499902,1.9242760137371835,1.1194266322257955,1.026431722583815,-0.4230309777189962,-0.6085861628141818,1.705634596650615,0.7872066191680606,-1.150029721840385
-0.4714792521978727,-0.7287809521800863,-0.7287799372798514,-0.6140527244609743,-0.4046775614748503,0.49578111027999533,-1.0220795393098967,-0.6140543856885867,0.3415766963086966,0.5577773459460008,0.07211191788223369,-0.4565344345047047,-0.8760275850236529,0.18978422214556026,-0.367463480389521,-1.150029721840385
-0.45215090707754657,-1.3716743544333048,-1.371673351929696,-1.1800874485071458,-0.2280492720113414,0.6299631339651254,-1.0220795393098967,-1.1800828311092193,-0.47585205354103194,-0.07949200119337888,0.475396181864478,1.0042133971759981,1.5333856005290545,0.20284516137651173,-1.0982612957972369,-1.150029721840385
-0.29901094189342414,-1.3596804666118865,-1.3596904092028426,-1.2335429423128148,-0.6450078569743787,-0.06051519624793982,0.2725909621141842,-1.2335482310226877,-0.8934416310972223,-1.6960874001278698,-1.6828791768681268,-1.9565181437473746,-0.2840885649434792,-1.3274615518499808,1.050801339983548,-1.150029721840385
0.5157531447172465,-0.7571906393759917,-0.7571918140887355,-0.6275372783388218,0.6985253612398526,-0.29533373769691745,-1.0220795393098967,-0.6275320188767645,0.883002137370056,0.33728893156536977,-0.22836914088252774,-1.006861719373507,-0.6734971701813315,0.2697964289300436,1.4267124911005455,-1.150029721840385
-0.5740681609134498,-0.7220780347664739,-0.7220770197369896,-0.4916530965459879,-0.31491564387864085,0.7753269929573496,0.2725909621141842,-0.49164780081731624,-0.38156008961224475,-0.4545725500020282,-0.8591560281258117,-1.0062806836580165,-1.068184336188039,-0.7556268406487034,0.28290324729346084,-1.150029721840385
-0.8104686896928233,-1.3939656046040478,-1.3939667915954388,-1.1147360300436868,-0.8071584177933377,0.7445769458628407,1.567261463538265,-1.1147373303084103,-0.4056975943254147,-0.479845127627459,-0.8834818252664394,-1.0752171515788291,-0.7526011827673439,-0.7048622071848127,0.1290988207197476,-1.150029721840385
-0.9398199224211597,-1.3658755209164337,-1.3658745183010086,-0.8992542043656833,-0.917189155491917,0.8815544283747443,0.2725909621141842,-0.8992485228310826,-0.6108569946625871,0.5966009711848679,0.9443535579892521,1.5014598700992583,0.8882928528904007,-0.06487618486818582,-2.4950616061943816,-1.150029721840385
-0.4699924564193861,-1.3570929916338037,-1.357091988849029,-1.1192308813363026,-0.5870969423961792,0.31687174536648854,0.2725909621141842,-1.1192232801438882,-0.6494612831088554,-0.022671810858952063,0.568320344811331,0.881189690801979,1.9249291527600054,0.11811650431418476,-1.4306289238592467,-1.150029721840385
-0.6692230907365939,-1.2190855698755467,-1.2190845644296366,-0.9894321584237884,-0.8042628720644277,0.4818038161461276,0.2725909621141842,-0.989432436061627,-0.21160954891348202,0.2567354818632767,0.7038795560288711,1.3889479890076293,1.6260097275095038,0.18356074041799145,-1.3424894369142577,-1.150029721840385
0.3953226866598299,-0.7135581932988777,-0.713557178105109,-0.8833857174739264,0.25261131898771555,-0.4994022320513862,-1.0220795393098967,-0.883386955992739,5.105476859850396,2.2140879970883374,2.7620575006224004,0.5925428643157326,-1.2790939006232895,3.9452228708912824,1.3134610984984458,-1.150029721840385
-0.9561746759845126,-1.3869759196590234,-1.3869771065156355,-1.1681064540405606,-0.8911292439317272,0.9374636049102152,-1.0220795393098967,-1.1681038118131581,-0.4433691701109899,-0.8279203143237949,-0.7922659711968272,-0.7033580035218027,-0.1946219936492843,-0.816912786270861,0.46500679301737435,-1.150029721840385
-0.5368982664512842,-1.3258615994914102,-1.3258627851695821,-1.0572782984893552,-0.8940247896606371,0.1463487569333024,0.2725909621141842,-1.0572780996428486,-0.16481359502253642,-0.17638914146834997,-0.6399866812790957,-0.7968410321618025,-1.0062058955804911,-0.522902113625402,0.04383095404519545,-1.150029721840385
1.1119582518903834,-1.400169415169096,-1.4001706022801124,-1.9385718420919575,1.575875717099577,-0.5692887027207247,-1.0220795393098967,-1.9385768243774666,-0.9597266542877833,-1.7089739333021616,-1.6494080267208602,-1.3908512625828884,0.6159613164043952,-1.2480354128515017,0.7523036770768899,-1.150029721840385
-0.5324378791158243,-1.2046968448070705,-1.2046936500185415,-0.976256229898779,-0.32649782679428074,0.6858723105005963,0.2725909621141842,-0.9762565040200469,-0.03922046191465236,-0.10555106109805013,-0.5671665709003497,-0.7562628225331031,-1.1133406560750179,-0.4444248462804535,0.15985317172547497,-1.150029721840385
-0.5829889355843696,-0.6233533866813964,-0.6233523697482487,-0.4545705733819072,-0.05721207400565249,1.0408955815008363,1.567261463538265,-0.45456823530841023,-1.5463756181083494,-2.512716764809956,-1.6938487809577092,-1.1603808767553712,0.07128681677695207,-1.38955682917662,0.7195216048586562,-1.150029721840385
2.247870226654165,-1.375756960891955,-1.3757559584670693,-1.9030838832508736,1.900176838737495,-2.391927857777075,0.2725909621141842,-1.9030725345274357,-0.3727464418433133,-0.48860998896402047,-1.709160421966392,-1.5619039741330105,-0.5562255209066738,-1.3443737936746742,0.34568544442363747,-1.150029721840385
-0.6736834780720538,-0.7460833229303125,-0.746084497428879,-0.5588384618176576,-0.6218434911430989,0.6663040987131815,-1.0220795393098967,-0.558845548821418,-0.05228748112154284,-0.16492837028690563,-0.42785471756632926,-0.4453953189593338,-0.4725810863344539,-0.426982352649375,0.1812057642810314,-1.150029721840385
-0.5740681609134498,-0.7007587295113559,-0.7007577140707808,-0.5005537725871316,-0.19909381472224158,0.8871453460282914,1.567261463538265,-0.5005628224032577,-0.45685733586228733,0.4852233042391765,0.28098637121203157,0.8202778995205288,-1.2630847598485602,-0.25950650580121204,-2.1355049963755115,-1.150029721840385
-0.38673189282413506,-0.8248196173564433,-0.8248207933732464,-0.6553630192854071,-0.048525436818922546,0.6802813928470492,0.2725909621141842,-0.655355294289643,-0.43107819426813243,-0.6542549331772995,-0.9162561487659285,-1.0516605530843872,-1.012294806540102,-0.7979074452104379,0.37060896734211646,-1.150029721840385
-0.9502274928705661,-1.1361812954508799,-1.1361824774715312,-0.8779669684904428,-1.0127421645459465,0.8088724988786322,-1.0220795393098967,-0.8779662271948517,-0.31709615137609065,-0.640022547974361,-0.6861150939693762,-0.6222254036957494,-0.1190798911018574,-0.6986387254572439,0.4712129963033726,-1.150029721840385
-0.46701886486241284,-0.8401824764056699,-0.8401814636535407,-0.6850978850107662,-0.6421123112454687,0.25816711000424414,0.2725909621141842,-0.6850901679510466,-0.005700187781087848,-0.23889555662380899,-0.7072364964237461,-1.0052631341714857,-0.8804092000182537,-0.40250704558624567,0.7001452932105923,-1.150029721840385
-0.41646780839386754,-1.3748200410183344,-1.3748190385753827,-1.1352279621250754,-0.18172054034878168,0.6075994633509371,-1.0220795393098967,-1.1352282786748764,0.0247694691043039,0.09554026091971074,-0.10940481951914194,0.12928399596343643,-0.871572648166783,-0.26279964859875937,-0.4906810845184304,-1.150029721840385
-0.5324378791158243,-0.6689078319385078,-0.6689068158837661,-0.4700572353179093,-0.5494548479203494,0.47062198083903345,-1.0220795393098967,-0.47005638515383363,-0.27983024647742755,-0.5031367792982255,-0.8654655366229457,-1.021439792383939,-1.065116209208226,-0.6902663285143261,0.5173612061541303,-1.150029721840385
-0.5443322453437174,-0.729555881234436,-0.7295548663491437,-0.5674918419030017,-0.7145009544682183,0.33364449832712983,-1.0220795393098967,-0.567488544783378,1.0881331946491202,1.3413996896255274,2.1299895330226803,1.3533063461073487,0.742753364848452,1.9156701279586097,-1.6252748671962052,-1.150029721840385
-0.93089914775024,-1.3589646423159194,-1.3589614505020675,-1.1555082088682993,-0.8216361464378876,0.95703181669763,-1.0220795393098967,-1.1555065524625934,-0.34171009767954746,0.12206195745922928,0.6180487972246091,0.925631196903277,1.2511448942836232,0.30415116438581563,-1.2622557687384959,-1.150029721840385
-0.5398718580082574,-1.23547072233828,-1.2354697172083176,-0.994492822863274,-0.5899924881250891,0.44546285139807157,0.2725909621141842,-0.9944896397074662,-0.7154025380424831,-0.19387680626557768,0.4326597955016607,1.0605911732382471,1.9337379642780739,-0.022204868449115397,-1.1971545870471532,-1.150029721840385
-0.30347132922888403,-0.7226734604805505,-0.7226724454625475,-0.4159330532477579,-0.4481107474085,0.13796238045298176,1.567261463538265,-0.4159282319019373,-0.7209200446488312,0.34956983132677066,0.6587440276371042,1.4583048526194062,0.7312970474279393,-0.20564408546844162,-2.1019547952783544,-1.150029721840385
-0.2023692162917935,-1.1730166943139944,-1.1730156879797586,-0.9528264218624897,0.0846696667109366,0.4622356043587128,-1.0220795393098967,-0.9528252059543617,0.7608463390639205,1.2017465127154872,1.8803481022611903,1.244028615510978,1.3167875162019322,1.5093018883391953,-2.1608643716080946,-1.150029721840385
-0.6365135836098881,-1.4057953125410698,-1.4057964997605679,-1.1353624911250304,-0.4770662046975998,0.73619056938252,-1.0220795393098967,-1.1353642914868671,-0.4613362345785683,-0.061045416825740384,0.46028147843064976,0.871933419354997,1.4498389477784075,0.21478978101507432,-1.0920613487645512,-1.150029721840385
-0.8803480912816947,-1.3035812946462935,-1.303582479894844,-0.8817318021215378,-0.7434564117573181,0.9374636049102152,0.2725909621141842,-0.8817300726466695,-0.5031413758693626,0.6010843407552972,0.9076946651591528,1.4951563612969003,0.6641452246330733,-0.030186553534696917,-2.385935169942989,-1.150029721840385
-0.3480752025834828,-0.7720959838140345,-0.7720949697490239,-0.6665843205757754,-0.5349771192757994,0.13796238045298176,-1.0220795393098967,-0.6665825336794278,-0.25785272622941957,0.21639356730459264,0.7875927179795895,1.400378202225207,1.3002397504715277,0.3391756915970214,-1.3296759349910046,-1.150029721840385
-0.4417433366281402,-1.36394257641081,-1.3639415737581129,-1.183306252667835,-0.4162597443904902,0.4286900984374303,0.2725909621141842,-1.1833100441937279,0.11365190826162198,0.9292913868787365,0.7744123998763047,0.9448142384721546,-0.9275852963954867,0.4001825573210814,-2.316597114480571,-1.150029721840385
-0.4551244986345198,-0.6539390046118317,-0.6539379882684528,-0.5074464054671816,-0.2425270006558913,0.6215767574848048,0.2725909621141842,-0.5074401247695554,-0.45203936375145903,-0.5926443507784085,-0.7381935640292401,-0.5344698041540171,-0.651772588348309,-0.7704459832376679,0.24129916276534766,-1.150029721840385
-0.49080759731819884,-1.2697077008976851,-1.269715452688569,-1.132725327052382,-0.6276345826009189,0.31687174536648854,0.2725909621141842,-1.132728115894464,-1.0510413799286535,-1.583309205914868,-1.1928273876955844,-0.8869687874603861,0.18366447422964272,-0.9840258292514976,0.48908919743495083,-1.150029721840385
-0.5725813651349633,-1.3584699135976057,-1.3584710999045493,-1.1382449727858321,-0.7405608660284081,0.3615990865948652,-1.0220795393098967,-1.1382502360612898,3.66356290244343,1.8681199099743513,2.1417463595088306,0.5208726787351873,-1.541221154762744,3.18475805656607,0.5901582745591026,-1.150029721840385
-0.7063929851987595,-0.7546141097235352,-0.7546109062562619,-0.5321265418559944,-0.925875792678647,0.43428101609097736,0.2725909621141842,-0.5321128488646838,-0.5688591901301732,-0.8112738070444713,-1.1779928459707485,-1.4776596656718501,-0.6899181867256002,-0.8824128383542867,0.5591070990906601,-1.150029721840385
-0.7599176332242781,-1.2796088424593342,-1.2796078381804672,-1.127298664598313,-1.1691016339070854,0.3000989924058473,-1.0220795393098967,-1.1272999682159226,-0.594384983039274,-0.7839908629512495,-0.8757767307367673,-0.6728588258288256,-0.6131426320256808,-0.8575189114440117,0.21620880642520202,-1.150029721840385
-0.6721966822935671,-0.7446932665757587,-0.7446944410475212,-0.5521377305993083,-0.6942321343658484,0.5936221692170693,0.2725909621141842,-0.5521413536703813,-0.3711350607421496,-0.39366853991817663,-0.8150680921454598,-1.0071348224638987,-0.9884683066897115,-0.70006203293754,0.19480477356463172,-1.150029721840385
-0.7911403445724972,-0.6056832529901229,-0.6056844247814174,-0.4469835334579716,-0.7173965001971283,0.7948952047447645,0.2725909621141842,-0.4469836663197605,-0.719197377920739,-0.11938389647998424,0.587167265291457,1.3347945113394737,2.174189231297069,-0.005990326369664827,-1.3595370320515585,-1.150029721840385
-0.7435628796609252,-1.1322935157883796,-1.1322946977340647,-0.8630500764366033,-0.7289786831127681,0.694258686980917,0.2725909621141842,-0.8630567500404437,-0.8738657937853613,-0.3210429998223304,0.42176802204739844,1.0574588704202863,2.1880987881232286,-0.11480357863778462,-1.2443587134292093,-1.150029721840385
-0.7405892881039519,-0.6953758183682882,-0.695374802823917,-0.456742821057652,-0.5465593021914393,0.8647816754141031,-1.0220795393098967,-0.4567394943798268,-0.6292799824329876,-1.0946261285256706,-1.3187017315111456,-1.6200682792538112,-0.792096448505126,-1.047572322048243,0.8585967257169778,-1.150029721840385
-0.92643876041478,-1.336439162176771,-1.336442537124073,-1.0344083684969962,-1.1053996278710658,0.6746904751935021,0.2725909621141842,-1.0344032176262166,-0.38057608123288944,-0.42440443562239505,-0.8579532374687394,-1.0408496174860005,-0.9798000828766312,-0.7165835629048974,0.13373539956356573,-1.150029721840385
-0.5041887593245784,-1.2799919288562582,-1.2799909245847783,-1.059262601238692,-0.3844087413724804,0.576849416256428,-1.0220795393098967,-1.0592614137376961,2.0260981891655927,1.5399843622399338,1.6064313057207569,1.0411831391759498,-1.3939173324409824,1.8650450344437672,-0.6107719522696047,-1.150029721840385
-0.5458190411222039,-0.7097032496132567,-0.7097044234103224,-0.5378618296629016,-0.39019983283030035,0.6495313457525402,-1.0220795393098967,-0.5378649543317849,-0.42236748570410976,0.022746489320283697,0.5015425567895775,1.1895009965267709,1.7464282954643626,0.006149649197565889,-1.1657064870629956,-1.150029721840385
-0.5413586537867441,-1.3056193142779307,-1.3056161214354447,-1.0935853015360477,-0.902711426847367,0.1463487569333024,0.2725909621141842,-1.093586101563734,-0.27920252598803497,0.6695082990492119,1.201806019602742,1.523354621957323,1.3807414995784093,0.4257183679969805,-2.3203967456590284,-1.150029721840385
-0.42984897040024717,-1.1908619532152904,-1.1908587581599894,-0.9846939679106657,-0.21646708909570148,0.5992130868706165,0.2725909621141842,-0.9847090820452198,-0.05793244454748222,0.7152714738107885,0.6455009152158265,0.9408893940700863,-1.4000549727846825,0.06453316387951182,-2.081448882337756,-1.150029721840385
-0.7941139361294705,-1.351865504114631,-1.351864501229057,-1.0484646706246528,-1.0301154389194063,0.4985765691067689,1.567261463538265,-1.0484718883064998,-0.9074257134235191,-0.7977564057317513,-0.6557111673281129,-0.5325903653211919,1.1242808987872506,-0.2534504720125014,-0.3187543775161807,-1.150029721840385
-0.6216456258250218,-1.381516391236571,-1.3815153889227418,-1.130889401876525,-0.6797544057212985,0.5125538632406366,0.2725909621141842,-1.1308931794126975,-0.6238141193128859,-0.19382213102691392,0.2760987066010517,0.7424428010827699,1.622286582491104,0.026550389748475102,-0.9700143591443359,-1.150029721840385
0.2525902919251139,-0.02341600938158005,-0.023412791814940385,0.07932556824853185,0.40607524261994454,-0.08287886686212817,-1.0220795393098967,0.07932656503934492,-0.30563946996761143,-0.03410734731485928,0.31824578950826776,0.7345832294185058,1.112622540059113,0.1271028770329164,-0.44131229449025,0.5374775232692992
0.08755596051309845,1.4047235111567975,1.4047267562616137,1.3684160780678232,-0.005092250885272823,-0.16953809049210802,1.567261463538265,1.3684213756449524,-0.3927241245986608,-0.6733492088337243,-0.9312890398005993,-1.0175565077431108,-0.449251284044254,-0.7307887297180479,1.3310745369908992,0.5374775232692992
1.8018314931081776,0.5679030185200025,0.5679062474887828,0.41273195422536996,0.36553760241520483,-3.03488338793499,-1.0220795393098967,0.41273353459224704,0.6553110491395309,1.0038221487526355,1.5007274414445861,1.1119266308854256,1.179779979184957,1.1433444179642638,-1.3469842073496594,0.5374775232692992
-0.16965970916508774,1.309805647324585,1.3097979452733048,1.2219100403814793,-0.20198936045115157,0.12398508631911405,0.2725909621141842,1.221905901608261,-1.3819267605908558,-1.9654680952366808,-1.2631087231157856,-0.7284544700005865,0.44639373619772216,-1.0897971106303577,0.8352727182287275,0.5374775232692992
-0.5027019635460919,1.4772953981901351,1.477296455629155,1.4364462063245047,-0.42784192730613013,0.5321220750280514,2.861931964962346,1.436445092361871,-0.5885553550261504,-0.9127720789423782,-1.1623782041585096,-1.4419811588513063,-0.5734677425214871,-0.8637703011613903,1.3346461624930785,0.5374775232692992
0.08012198162066533,1.487980225066635,1.487979093646518,1.4331640943991308,0.10783403254221645,-0.046537902114072105,0.2725909621141842,1.43315852823213,2.834444640787633,1.8398065479216967,2.5794241906811473,0.3740122021445332,-0.7435419141122963,3.331944794822563,1.0484399519277086,0.5374775232692992
-0.18452766694995398,1.4393479542433776,1.439349010950674,1.4251358784900485,-0.1035408056682122,0.24698527469714995,1.567261463538265,1.4251337723246738,-0.40673081181792736,-0.17300348245878566,0.2470521338909467,0.8947622032558061,1.2178871903154875,-0.026781778777910308,-0.05653394701167186,0.5374775232692992
-0.1860144627284406,1.3672138802350964,1.3672149355514636,1.4299749657531375,0.04702757223510684,0.39514459251614775,1.567261463538265,1.4299733554713276,-0.8132182570176806,-0.32133740495359686,0.1417543177013825,0.7734812912549747,1.9443814556624714,-0.2490410096225647,-0.4400019569909101,0.5374775232692992
-0.3792979139317019,1.3846300823718372,1.3846267598936983,1.3524743915731496,-0.20778045190897151,0.5125538632406366,0.2725909621141842,1.3524757281591964,-0.3282603602462988,-0.519766463427191,-0.8126867463183325,-0.9241809817553661,-0.9428573051538098,-0.6633909343275606,1.0536027511890336,0.5374775232692992
2.0397188176660377,0.34827192543536845,0.34827077203876555,0.24900026944184042,0.9938710255886708,-2.875542234808898,0.2725909621141842,0.24900131151774013,0.11147210104416339,0.10480140519183567,-0.3714926628714578,-0.4874719003688445,-0.843788165043394,-0.309629255499479,0.44353185595259575,0.5374775232692992
-0.30347132922888403,1.2184669049722077,1.218465768355186,1.2756642677017545,-0.3351844639810107,0.24698527469714995,1.567261463538265,1.2756655837876731,-0.37889740710419245,-0.3517116029251165,-0.68510464154738,-0.7986003323595989,-0.6366709929011702,-0.6055097634621897,0.6080893916919795,0.5374775232692992
-0.4328225619572204,1.412917181920727,1.4129182381183705,1.3871571547821497,-0.42205083584831016,0.40632642782324196,1.567261463538265,1.3871540492964105,-1.3256404032122209,-1.8356059918350451,-1.308632478549417,-0.6932697542352154,0.12072302790740262,-1.1596508091241007,0.8061588958693885,0.5374775232692992
1.220494343719907,0.3958972263009962,0.3959004519530657,0.2958658206173583,0.39449305970430465,-1.9139043983987991,1.567261463538265,0.2958688535695466,-1.0338999157058497,-0.714422930432985,-0.8833766215926643,-0.16875999871441874,0.11351902522965283,-1.0082220564165296,-0.2929800041472019,0.5374775232692992
-0.3183392870137503,1.3383598128187588,1.3383586785135784,1.2756148085105945,-0.31491564387864085,0.2945080747523002,1.567261463538265,1.2756087057026588,-0.3941325833144725,-0.4913731914103357,-0.8023352176827222,-0.8938428162654266,-0.6207233296228166,-0.6545999175374968,0.8536174432194862,0.5374775232692992
0.16784293255137622,1.4042047027221058,1.4042057587517505,1.3573174355715314,0.22944695315643568,-0.09406070216922234,-1.0220795393098967,1.3573202572262864,-0.29618227828420857,-0.2677556710631011,0.4086732743933658,1.100841326596798,1.8634906193200445,-0.12973435318598808,0.3560722152008984,0.5374775232692992
-0.41646780839386754,1.261851986690165,1.2618530399748857,1.2505568039013197,-0.4075731072037603,0.3895536748626007,0.2725909621141842,1.2505576186941743,-0.39277733303903595,-0.41434419170826114,-0.5884860904093174,-0.5132125130822903,-0.3620307959528624,-0.6234546009098433,0.644801781268976,0.5374775232692992
-0.0685575962279972,1.375098892816361,1.3750999482847712,1.2911311459612924,-0.0716898026502024,0.05968953330332255,4.156602466386427,1.2911290040309165,-1.460962508370522,-2.5827263050251204,-1.7312805107112361,-1.1950284510260585,0.2606759122799961,-1.467168948837467,1.4751282452074554,0.5374775232692992
0.1262126507537507,1.3452772586146489,1.345278313508022,1.3800488798286423,0.4292396084512244,0.17709880402781136,1.567261463538265,1.3800393427491835,-1.424341712340459,-2.0412311528743095,-1.2130239580472424,-0.5892124066200576,0.4281279554667292,-1.0256924580374178,0.8289052426351182,0.5374775232692992
1.0658675827572979,0.5044420205380872,0.5044452482831775,0.0818183114829931,0.8317204647697118,-1.2010623975715455,-1.0220795393098967,0.08181436301866728,2.132889267836352,1.243055758419761,1.1497645270168577,-0.3518037019936917,-0.9691668849891035,1.9884541653823742,1.5237650535980736,0.5374775232692992
0.9112408217946889,1.3668154703822952,1.3668165256909799,1.0529890972614484,1.3355454216000486,-0.4239248437285005,0.2725909621141842,1.052990353916796,1.7570714458828771,1.323180217787723,0.887952885371575,-0.04733704751659143,-0.5139731372843005,1.30540611478934,0.8740823429439247,0.5374775232692992
-0.4134942168368943,1.6834549844937858,1.6834538568429214,1.6137217960152739,-0.5581414851070793,0.23859889821682934,1.567261463538265,1.613721718550442,-0.5968438737430138,-0.5846533543583189,-0.8839451089963158,-1.0025803779702724,-0.5924052623732584,-0.7944468544740318,0.719349905462191,0.5374775232692992
0.007268988474820686,-0.10955791112653857,-0.1095568842861022,-0.04236778241669053,0.05571420942183679,0.04012132151590774,0.2725909621141842,-0.04236038840848336,0.11788563083107652,0.7372383023908559,1.0729426045955803,1.0942084252722855,1.0722812580141847,0.5708957309871725,-1.4508296706660464,0.5374775232692992
-0.17560689227903423,-0.24983977154996304,-0.24983874741451914,-0.045161237533404244,-0.39309537855921034,-0.04933336094084565,0.2725909621141842,-0.04515977937527551,-0.3145278877671353,0.5296742732728225,0.9321190156268576,1.4997625288098873,0.8165381483358015,0.1299215840036986,-1.8220103991395382,0.5374775232692992
-0.4432301324066268,-0.12690844130952098,-0.12690303667331215,-0.05037027954636969,-0.7810985062331479,0.07925774509073735,-1.0220795393098967,-0.05037277951484959,0.5712354535303482,0.9628956297190081,1.3698481583599165,1.0266750330340755,0.9770944746992423,1.0297588994386808,-1.4884116794534803,0.5374775232692992
-0.1443841809308151,1.292483574988231,1.2924846288636072,1.2915841921523177,-0.051420982547832526,0.22182614525618807,0.2725909621141842,1.291584028711031,-0.45907661470054706,-0.5929177269717273,-0.8891894987853384,-1.0203223262814445,-0.7141399962736463,-0.7349470201996968,0.9195458406265924,0.5374775232692992
0.44884733468534843,-0.2777788097439328,-0.2777777861472249,-0.24521377393715127,0.9533333853839311,0.07646228626396381,-1.0220795393098967,-0.24520989621154002,-0.45002700662576917,-0.17801678126549453,0.31684649440040874,0.8422946956820558,1.1775585942893134,0.09269232559752497,-0.49232647913961747,0.5374775232692992
-0.1205954484750291,-0.16061566610860795,-0.16061682931786297,-0.14993558808663252,-0.20198936045115157,0.03173494503558711,-1.0220795393098967,-0.14993415789210418,-0.4281602503533133,-0.6251172367570991,-0.7929892304319105,-0.5782920233768681,-0.6672265167624893,-0.7905955518802896,0.6189717967594417,0.5374775232692992
0.6867346592432085,0.13794217006805623,0.13794539074609358,0.16878933158628742,1.1994547723412794,-0.13319712574405196,0.2725909621141842,0.16879826572710127,-0.038282880507781204,-0.13442799868770033,-0.6075129822502825,-0.6529097734818888,-0.8968799818696025,-0.5301023749963112,0.6057822244981815,0.5374775232692992
0.17676370722229598,-0.14149856036952324,-0.14149753414498414,-0.007309129354874857,0.09335630389766655,-0.24222001998822015,0.2725909621141842,-0.007316069159003109,-0.28797652825237313,-0.27320216599153063,-0.7449465427065172,-0.7663971056043966,-0.7976529824193134,-0.683261423072085,0.408306369246203,0.5374775232692992
-0.28116939255158463,1.4049073926273212,1.4049084486705157,1.4961830174074868,-0.5407682107336194,0.006575815594625221,1.567261463538265,1.4961893382688778,-0.8771674992292912,-0.18403526330609887,0.4589885627815035,1.2143045194382962,2.426292657536465,-0.2118954751858199,-0.981321494297791,0.5374775232692992
-0.22169756141211963,-0.12384156106900138,-0.12384053450399027,-0.07896362713975731,-0.2599002750293512,0.1659169687207172,-1.0220795393098967,-0.07896514555553061,0.4666207044012062,0.5821456792396846,0.7226459752787108,-0.5368130768727859,1.0731685999009022,1.2352175204178804,-0.1962715355818613,0.5374775232692992
-0.56960777357799,-0.548038601046081,-0.5480353935955045,-0.3197270129710786,-0.5118127534445196,0.576849416256428,1.567261463538265,-0.3197276064609641,-0.7064666499677226,0.15194407828277498,0.7274525509013418,1.6804794298950052,1.063454190265545,-0.18680619234687698,-1.4424164002392503,0.5374775232692992
0.2436695172541941,-0.15996989189664987,-0.15996886602828522,-0.07655199697879837,-0.1180185343127621,-0.5720841615474983,-1.0220795393098967,-0.07654906342253066,-0.41631163487749595,-0.028845907040368685,0.44594111955271487,1.1409241821271565,1.8911405411612625,0.0015169228891515824,-0.7349412020412708,0.5374775232692992
0.10242391829796471,0.03882349026042804,0.03882670902720418,0.1599519633098284,-0.4741706589686898,-0.6503570086971575,0.2725909621141842,0.15994754110682818,-0.1598745997924236,-0.38935760763891775,-0.8442687781030301,-0.9237182103239151,-1.0274828241816971,-0.6774565611916622,0.9493541071036187,0.5374775232692992
-0.050716046886157704,1.511468893860907,1.5114721410240468,1.478191742031145,-0.15566062878859185,-0.054924278594392736,0.2725909621141842,1.478193606762388,-1.2762245422260736,-1.8628258491144243,-1.162029777456981,-0.6239802423309808,0.12113070913044287,-0.9562015634112013,0.9029000359798055,0.5374775232692992
-0.2425127023109324,-0.5860560950768475,-0.5860550774245129,-0.4140120582631056,-0.3091245524208209,0.15753059224039656,0.2725909621141842,-0.4140141606931942,-0.283379910208857,0.10359434415364319,0.6300235019939534,1.3113063359757586,1.2264151905251208,0.13952193249824457,-0.8901956891049697,0.5374775232692992
0.2302883552478145,1.4205088597752036,1.420509916119234,1.3875073258555621,-0.12670517149949204,-0.555311408586857,1.567261463538265,1.3875126285280226,-0.7384426621438646,-0.9826217992291406,-1.20907160595125,-1.4303903822067372,-0.46960762579684334,-0.9495036458568671,1.0422156750210299,0.5374775232692992
0.10391071407645133,1.2592491882562051,1.2592502414907374,1.2909530928731168,0.3771197853308447,0.16871242754749075,1.567261463538265,1.2909509508952193,-0.5599874651746886,-0.58104478860651,-0.8833723814324761,-1.025269824163147,-0.6361253639346132,-0.7649760172349617,0.6721103269780307,0.5374775232692992
-0.36889034348229555,-0.3229063873016142,-0.32290536457508123,-0.3481146103292408,0.08756521243984658,0.7781224517841232,0.2725909621141842,-0.3481196627239859,-1.036700488061018,-1.213027460745862,-1.0771275829220381,-0.37991556148120176,-0.6022861180693999,-1.071768549213275,0.273849753611019,0.5374775232692992
-0.4075470337229478,-0.3591529276460279,-0.35915190561842075,-0.27569052752990963,-0.43652856449286004,0.344826333634224,-1.0220795393098967,-0.27568913089856595,-0.33538524862659286,-0.5266008682601624,-0.6644522412745683,-0.43710568315494464,-0.7182091771565692,-0.73360743668883,0.5903112051956304,0.5374775232692992
0.13959381276013036,-0.24896414549985038,-0.24896531041268966,-0.13695749632626286,0.5798079863545434,0.29730353357907374,-1.0220795393098967,-0.13695358970774726,0.2651683326272915,0.7690845260187078,1.0742651925445215,1.4224465762351006,-0.10296468623369831,0.5300105259159248,-1.567175128100805,0.5374775232692992
-0.4001130548305147,1.5496943490785753,1.5496888407181295,1.5801113080706213,-0.25121363784262124,0.509758404413863,0.2725909621141842,1.5801141891876282,-0.5755686701311988,-0.9311093128326892,-1.1437907892292205,-1.4306121542060437,-0.4391097203150523,-0.8622632697116651,1.3743080279372895,0.5374775232692992
-0.035848089101291454,1.5164380716952963,1.5164391298890871,1.4765912426052092,-0.09774971421039223,-0.0269696903266573,2.861931964962346,1.4765985474217687,-0.6731870310023906,-0.27272270620632527,0.18321267754967846,0.6581137026795153,1.6206544159315803,-0.06978799107469759,-0.4056419186594129,0.5374775232692992
0.23920912991873425,1.6128182310311971,1.6128192910834434,1.541125595230706,0.5276881632341638,0.05968953330332255,0.2725909621141842,1.5411254983904152,0.33254934535930436,0.8172954691573855,1.2324434968929068,1.1750545829356045,1.1022465336081542,0.723022183439987,-1.2595113589520799,0.5374775232692992
-0.267788230545205,-0.1580894849540329,-0.1580884590494092,-0.028269934568459703,-0.12091408004167209,0.3867582160358271,0.2725909621141842,-0.028269461086238033,-0.09572330461442127,-0.1304451178404241,-0.5984734488823253,-0.7608920430030917,-0.8240037197021174,-0.47057463273216643,0.4920741254042694,0.5374775232692992
-0.3911922801595949,1.4608358175131424,1.4608324965044446,1.3606153744380765,-0.5755147594805392,0.17989426285458493,1.567261463538265,1.3606216591173355,-1.6266737622184837,-3.6590798765104777,-2.163227834248053,-2.030600014988912,1.0017234525526395,-1.6664040880890978,2.091973272502815,0.5374775232692992
-0.5606869989070702,1.303914873072452,1.3039159271682528,1.293515078975202,-0.6247390368720088,0.45105376905161865,1.567261463538265,1.2935154106413,-0.5436924672517083,-0.6186024717809312,-0.915017682619503,-1.0016028373697392,-0.4681278004744304,-0.8011447720283661,0.7791569065726462,0.5374775232692992
0.19609205234262211,-0.04487103667446558,-0.0448743867170361,0.033716280528476625,-0.6797544057212985,-1.0249484914848124,0.2725909621141842,0.033725178619161744,-0.3182524785933928,-0.3174891093091853,-0.8769536059158476,-0.9803695520721041,-0.7932562345145567,-0.7004248368050663,0.4921846525461236,0.5374775232692992
1.3468719848912702,1.4542620549419214,1.4542521666109622,1.2219990669255674,0.36843314814411476,-2.1766775281155124,0.2725909621141842,1.2219949281761093,-0.09572713005784694,-0.169436974582872,-0.9007892627570537,-1.1582136201371276,-0.48272973930218227,-0.6516137626278564,1.2100375847110239,0.5374775232692992
-0.6201588300465353,1.4556499222313501,1.4556487901878226,1.3984101099548605,-0.3004379152340909,0.8759635107211973,1.567261463538265,1.3984084912485935,-0.51586045360831,-0.5476129830574087,-0.8580385977601774,-1.0054536249278594,-0.646117573885952,-0.7270490590835446,0.7974453252835924,0.5374775232692992
2.2776061422238976,0.9640537561119735,0.9640548036543841,0.7485836026131558,1.5324425311659273,-2.802860305312786,1.567261463538265,0.7485862618007653,-1.1485752332768966,-0.7639082272112874,-0.9693937659420928,-0.2119039589244039,0.317882816517142,-1.1167841367763622,-0.22860385270085212,0.5374775232692992
-0.15330495560173485,1.5179200687851122,1.5179211270074795,1.4355203302659907,-0.42205083584831016,-0.11921983161018423,1.567261463538265,1.4355226782005517,-0.44231021781725005,0.23942025435721934,0.7887268788501858,1.519202641871062,0.9793961504224372,0.10315782177617183,-1.2267424943797283,0.5374775232692992
-0.27522220943763814,-0.4227190007539567,-0.42271579088689826,-0.27653331214727506,-0.08906307702366228,0.43148555726420385,0.2725909621141842,-0.27652993737269077,-0.06344699512936497,-0.17771396455904903,-0.5926710409707016,-0.7349167298570237,-0.9734800515546412,-0.47515154306096136,0.5422958513007204,0.5374775232692992
1.9594318456277597,-0.24948295393454212,-0.24947974072705037,-0.3730301724679749,2.337404243802902,-1.4274945625402027,-1.0220795393098967,-0.3730297910000437,1.3608271471067082,0.798945617904306,0.3414932682074444,-0.7285073364876578,-0.5348012916950979,0.9937575925841349,1.5695629132633313,0.5374775232692992
-0.19493523739936036,-0.2316442622286219,-0.23164980493782458,-0.0825820615650189,-0.5697236680227192,-0.18351538462597575,-1.0220795393098967,-0.08258061339426748,-0.39664120478274584,-0.5888717593106083,-0.7443508522873719,-0.6081495454799669,-0.18595764169207418,-0.6898198006773707,0.6138041315233181,0.5374775232692992
-0.09829351179772972,1.2661644449869698,1.2661654983548458,1.275498084819457,0.2236558616986157,0.40073551016969483,-1.0220795393098967,1.2754974224928481,-0.8877059003318195,-1.0974482119982392,-1.1131262451252941,-1.1449477005688495,-0.297746989522858,-1.0835736289027889,0.7296970533018061,0.5374775232692992
-0.07450477934194372,1.4031933546342257,1.4031965997095366,1.38796432878188,-0.3207067353364608,-0.16953809049210802,1.567261463538265,1.3879627072877012,0.11162198887293247,0.9690276680245296,1.4495586616943301,1.5627638478590011,1.1527147527348849,0.8327563993718281,-1.9407575627070393,0.5374775232692992
-0.4417433366281402,-0.16551698292411357,-0.165511579032376,-0.04782214201780931,-0.5552459393781694,0.2945080747523002,1.567261463538265,-0.04782810345051291,-0.25688454127514315,-0.32514364272211327,-0.7779173403582008,-0.9322877158232227,-1.0128122240669295,-0.6667957090843469,0.5909980027814914,0.5374775232692992
1.6814010350507609,0.3236121067990706,0.3236131419921309,0.2533704835727332,1.2370968668171092,-1.9670181161074964,0.2725909621141842,0.2533611403820993,-0.30169874158780413,-0.14368914295982527,-0.6673336778157302,-0.6423711958016465,-0.7156711059436632,-0.6079935745552553,0.1805488576832191,0.5374775232692992
-0.4090338295014344,-0.06985045881905458,-0.06985162027812464,0.038379293071036276,-0.5320815735468895,0.25537165117747057,-1.0220795393098967,0.03837434382902857,-0.5374870763639096,-0.636010226613958,-0.7513774652867224,-0.4612448997277258,-0.3299997246664149,-0.8308388731859141,0.40319640056840583,0.5374775232692992
0.6302364196607168,1.5895178218376993,1.5895166923754867,1.1910118944800383,0.6261367180171031,-0.5804705380278189,-1.0220795393098967,1.1910136825648265,-0.4372983652782576,-0.8461650208871364,-1.2517924886352338,-1.6869762165354047,-0.20553555894061581,-0.8437323644780071,1.741951887871449,0.5374775232692992
-0.3674035477038089,1.493242737627812,1.4932459844395047,1.0931361119097993,-0.09195862275257227,0.6020085456973899,-1.0220795393098967,1.0931363900960398,-1.5092507329650595,-3.165379294526982,-1.8013693831041182,-1.5029223215475176,1.249218225618031,-1.4160415115060496,1.7984013663708636,0.5374775232692992
0.16784293255137622,-0.2093136088856237,-0.2093147730338994,-0.19116872657285577,-0.21646708909570148,-0.524561361492348,0.2725909621141842,-0.19116829656727413,0.14930538875636887,0.004400843854793709,-0.5064846116803131,-0.5778001665746433,-0.9867069416912876,-0.34133273192332725,0.736879927243811,0.5374775232692992
0.6034740956479575,0.14075292968891787,0.14075396135598636,0.13833829677293227,0.6985253612398526,-0.4602658084765565,0.2725909621141842,0.1383412876820375,-0.256303943293403,0.09366027386719492,0.5192107909071948,0.8915678738371133,1.2821078273399389,0.29240190067592114,-0.6779474295036688,0.5374775232692992
0.13364662964618385,1.5147262227673262,1.514727280928108,1.4832860387206195,-0.005092250885272823,-0.25619731412208785,-1.0220795393098967,1.4832903777717155,-0.32589988776887374,-0.4494751354435289,-0.5646095724400431,-0.49159065803891716,-0.13928802742979368,-0.5631175269412165,0.804583015173896,0.5374775232692992
-0.33469404057710317,-0.3901829257968954,-0.3901797153024584,-0.204348611833158,-0.44521520167959,0.19946247464199973,-1.0220795393098967,-0.20434917452929022,-0.0963941482842486,0.25421621509715375,0.6449302052212442,1.1114303448478302,0.7977974400101477,0.28704356663245373,-0.8399802194618312,0.5374775232692992
1.23684909728326,0.6166950910974053,0.6166983210070214,0.5427502759466344,0.487150523029424,-1.8551997630365546,-1.0220795393098967,0.5427568369350014,0.09017968293693293,0.6725406719012565,1.0212677482272385,1.064503674835154,1.1816200103563617,0.5302616978242123,-1.5191083339008813,0.5374775232692992
0.9246219838010685,1.2482797829134187,1.2482786468712652,1.0455741753227494,0.36264205668629484,-1.388358138965373,0.2725909621141842,1.0455813651036252,-0.49110913910911347,0.5217211289410385,1.0154770928259682,1.3331208184448071,1.220022811508644,0.11080461098403697,-1.9089813569936038,0.5374775232692992
-0.08937273712680996,1.214458726727817,1.2144619681638422,1.2317563761576014,-0.21936263482461146,-0.04374244328729856,0.2725909621141842,1.2317581751168298,0.18677143389971085,0.8883648678451089,1.3053992245015862,1.2477763826288737,1.3643170796384778,0.7740100808223553,-1.7851527254578403,0.5374775232692992
-0.1324898147029221,1.5050790127602098,1.505080070734969,1.4213018019913295,0.11072957827112644,0.35600816894131815,1.567261463538265,1.4213056299071876,0.015516069225213522,0.808337141591706,0.6885438479116636,0.9081368312909304,-0.9132137758866264,0.236809184974948,-1.6558151153107938,0.5374775232692992
-0.19790882895633363,1.5844698376587998,1.5844708971644166,1.5705993164267407,-0.22225818055352142,0.15753059224039656,0.2725909621141842,1.5706007112289273,-0.3374193412262922,-0.5078851134867945,-0.868486871999746,-1.0624313619686248,-0.788718876598427,-0.6888151130442206,1.1645240370018561,0.5374775232692992
0.3284168766279318,-0.10255071366051198,-0.10254968668495897,-0.08958350466562078,0.20628258732515584,-0.4183339260749534,0.2725909621141842,-0.08958898265211991,0.40693752714437614,0.671939244275955,1.321231503090819,1.7294391569465348,1.0134547046897298,0.7143148906193524,-1.083972013231491,0.5374775232692992
0.6822742719077486,1.5465727422099238,1.5465738009847878,1.415968122816641,0.6029723521858232,-0.7006752675790813,-1.0220795393098967,1.4159665087964948,2.3027125255993153,1.7692250205943578,2.9457017071401013,0.3936481110928856,1.2878036758854097,3.5640555460700507,0.4183448752557348,0.5374775232692992
-0.5235171044449046,-0.35868446770921764,-0.3586834456725774,-0.26924698410559195,-0.5957835795829091,0.4091218866500155,0.2725909621141842,-0.26924954249085675,-0.10638272883623423,-0.1536316248214526,-0.5914584040091297,-0.6790822829841797,-1.1590851153697228,-0.4843332717083611,0.43243743341176555,0.5374775232692992
0.4533077220208083,0.16923047790370696,0.1692315101198953,0.16844509561581422,0.10783403254221645,-0.7481980676342315,0.2725909621141842,0.1684421594557072,-0.21031794010594512,-0.2783584615762832,-0.5211602303116363,-0.3491575750757998,-0.3365389439339828,-0.5645966504011319,0.45134939203619073,0.5374775232692992
-0.3079317165643439,1.5389832534205723,1.538982122983924,1.516117049812591,-0.18751163180660166,0.3979400513429213,0.2725909621141842,1.5161139787454188,-0.4789835267525198,-0.6992820951107098,-0.9143851626785846,-1.0423012163019942,-0.7299868665096952,-0.7639992375916212,1.0291324590660822,0.5374775232692992
-0.44471692818511344,-0.13601495223069268,-0.13601392590041564,-0.03442265794875691,-0.42205083584831016,0.4286900984374303,1.567261463538265,-0.03442218610865754,-0.18756385484252794,-0.22534030322278326,-0.6667669599562187,-0.8056866760599223,-0.7900477116358003,-0.5415446508182987,0.46678704465440857,0.5374775232692992
-0.1741200965005476,1.172520617057671,1.1725194795546876,1.1875457943635492,-0.34387110116774067,-0.004606019712468953,0.2725909621141842,1.1875490652993885,-0.17829932640074472,-0.021536248209781433,-0.16405754240075293,0.14961073788011375,-0.6779437795272176,-0.4346291418572399,0.03651113766957253,0.5374775232692992
0.028084129373633443,1.6641058378514213,1.6641025207622884,1.672977863760181,0.14258058128913623,0.08484866274428444,1.567261463538265,1.6729812642547182,-0.6273618703226026,-0.6657199101463334,-0.9437529441964426,-1.0723251194484542,-0.441699785931013,-0.8434253765901002,0.7517892740267512,0.5374775232692992
1.5684045558857773,0.41380596809092546,0.4138113831534887,0.3287720096798931,0.8954224708057315,-2.0844273868319854,0.2725909621141842,0.32877406223044453,-0.2551394435378733,0.19071302828297826,0.5939250857171867,1.0645326265751467,1.2039859683803922,0.17197892464695516,-0.8895144526331643,0.5374775232692992
0.9469239204783679,1.591917037215008,1.5919159077990583,0.8798126853340157,0.8867358336190014,-0.9243119737209647,2.861931964962346,0.8798188416901287,0.7417984129448009,0.8582219881910129,0.06136915056564121,-0.4483386515421528,0.12867686803974215,0.1982403430579069,0.6523301394216823,0.5374775232692992
0.3328772639633916,1.5715937565918932,1.5715948158492261,1.2747759806285217,0.4234485169934044,-0.21706089054725825,0.2725909621141842,1.274780264029624,0.9546572137112849,0.7490229192166933,0.5898601125291126,-0.38356151581720027,0.16622044286126422,0.9688078496942403,1.2999719212174425,0.5374775232692992
1.2829397664163453,0.5293864176406717,0.5293874568015862,0.30205217624764424,1.1676037693232697,-1.2849261623747519,-1.0220795393098967,0.3020537270748003,1.876117506451534,1.0631279595524692,0.7675566379298808,-0.7741129738411573,-0.8979330499876178,1.643595135303595,1.9410988578971216,0.5374775232692992
-0.4833736184257657,1.2522157220086751,1.2522167751075841,1.2818506233320404,-0.5031261162577897,0.4230991807838832,1.567261463538265,1.2818504572929268,-0.637771249651411,-0.6419403871151824,-0.9533755616203948,-1.0721183169467603,-0.5339457935465194,-0.820261745048028,0.6475600938405308,0.5374775232692992
-0.1741200965005476,1.1787879105113523,1.178788962194386,1.1411510946878742,-0.2599002750293512,0.07646228626396381,0.2725909621141842,1.141161277529877,-0.585487001631186,-0.7683747736313585,-0.9019728003839602,-0.9470393650691814,-0.5000691665924774,-0.8078426895827002,0.7887852804205809,0.5374775232692992
-0.2960373503364509,1.3439463070184776,1.3439495509513542,1.2865848571098704,-0.35834882981229055,0.2106443099490939,1.567261463538265,1.286583703150206,-0.41976322815019484,0.4713021473178624,0.4934288656144392,0.921160347390059,-0.9115874999501621,-0.21356995457440375,-1.652171195325892,0.5374775232692992
-0.3718639350392688,1.5017954150722874,1.5017964729837303,1.548182432625407,-0.45390183886631996,0.2609625688310177,1.567261463538265,1.5481783809321918,-0.7324906199411197,0.17538293251917472,0.6426028855757854,1.4161329279097945,1.2692010089115149,-0.19222034236996333,-1.5490570185078103,0.5374775232692992
-0.19642203317784698,-0.31533003290301437,-0.31532682096522247,-0.25175623574378886,-0.022465525258732712,0.3476217924609975,0.2725909621141842,-0.2517558219086238,-1.0990738214650482,-1.3955207900427615,-1.115383980328757,-0.33877510770371017,-0.24908280220257578,-1.0722150770502306,0.5673333770573383,0.5374775232692992
-0.10721428646864947,1.3518641555766213,1.3518652105970068,1.2897779424911564,0.20338704159624585,0.3979400513429213,0.2725909621141842,1.2897762947916627,-0.703833006052947,-0.37694212267465216,0.19443067193995572,0.7641498581939518,2.0719575036104416,-0.17592207632108392,-0.39761097482393604,0.5374775232692992
0.12175226341829085,-0.23209520964442992,-0.23209199610165807,-0.0820439455651987,-0.4915439333421497,-0.7034707264058548,0.2725909621141842,-0.08203903510652234,-0.2582291846392631,-0.3821909455863742,-0.8201412269150414,-0.9671778935937192,-0.8927473019157413,-0.6710377235354252,0.6749200798545995,0.5374775232692992
-0.2826561883300713,1.600622949218253,1.6006130637095057,1.5485642575811618,-0.5581414851070793,-0.0074014785392424965,0.2725909621141842,1.54856663568642,-1.160025654868861,-1.656216533779212,-1.172354620490671,-0.8217265025425599,0.5854653980945563,-0.9264237382842242,0.942917117584315,0.5374775232692992
0.43397937690048216,1.442241898339,1.4422407660369314,1.2855106034778763,0.026758752132736974,-0.7901299500358346,0.2725909621141842,1.28552033025646,-0.9969934286054067,-1.92334292674004,-1.3762185845567436,-1.2751272494412023,1.2826895574197033,-1.262352211623891,1.692752016682706,0.5374775232692992
-0.11613506113956923,-0.12267697842235153,-0.12267595183488429,-0.0738060226855982,-0.3033334609630009,-0.07449249038180754,0.2725909621141842,-0.07380407758053482,-0.059380201000302925,-0.17167024779290757,-0.603332946073489,-0.7809758186054081,-1.1165211256610892,-0.4589649089713207,0.6196307887750249,0.5374775232692992
0.6272628281037435,1.479593916571681,1.479594974055022,0.8798047718634301,0.8925269250768214,-0.3176974083111058,0.2725909621141842,0.8798064768890386,-0.39724023444644596,-0.24413176217276245,-0.4811607137709662,-0.876432340412104,0.11242450855357326,-0.2854330283344469,0.3061904124010931,0.5374775232692992
-0.12505583581048899,1.6168220311453374,1.6168230912747872,1.6284863537603407,-0.18461608607769167,0.056894074476549004,1.567261463538265,1.6284803451315513,-0.7520744559074163,-0.9538037426657437,-0.9347491103205936,-0.7248321731872819,-0.32746921414761815,-0.9641274325171634,0.8293543025951041,0.5374775232692992
-0.07896516667740358,1.5341738773403284,1.5341749358761108,1.514623382239561,0.1309983983734963,0.2749398629648854,0.2725909621141842,1.514622783733956,0.6814909928744197,0.8425344004821002,0.6603207675397079,-0.11438511034761382,0.2586073691202221,1.0083255632648116,0.3625043387454035,0.5374775232692992
-0.27076182210217825,-0.20514343982196215,-0.20514898202016132,-0.17035432056510436,-0.46837956751086984,0.056894074476549004,0.2725909621141842,-0.170348444491812,-0.411800741543473,-0.5836271421864757,-0.9820833685278051,-1.147539511476745,-0.9114604986715027,-0.7938886946778374,0.788024102934227,0.5374775232692992
-0.3852450970456484,1.4910164583954004,1.49101532703383,1.4270806138864576,-0.34387110116774067,0.39234913368937424,0.2725909621141842,1.427077519056033,-0.5093312910996667,-0.5975525048953794,-0.8237031584523922,-0.8689114933634925,-0.7582701618370592,-0.7405565261514517,0.7285250485145981,0.5374775232692992
-0.12802942736746223,-0.19428567680056513,-0.19428465159389643,-0.08379282256461437,-0.31781118960755084,-0.06610611390148691,-1.0220795393098967,-0.08378741798065843,-0.2223917350925003,0.11976139164776137,0.6667290514362242,1.265106362472026,1.6815557739328817,0.20278934539689236,-0.7836030354451389,0.5374775232692992
0.08160877739915195,1.3300457434729391,1.3300467980726098,1.3343802410791952,0.43792624563795435,0.2693489453113383,1.567261463538265,1.334371186403114,-0.5255485629675891,0.42701520400020776,0.9732992773426122,1.679643931666089,1.27851189654074,0.06941706209621365,-1.8369266973150478,0.5374775232692992
-0.5993436891477225,1.3650467057610676,1.365043382905311,1.4046914272321736,-0.5755147594805392,0.571258498602881,1.567261463538265,1.4046947561227858,-0.7266175209799773,0.242679739739098,0.5949576676337955,1.3666500264776742,0.8661971387758389,-0.24036162479173998,-1.6261903655976009,0.5374775232692992
1.5089327247463125,-0.021811424644748594,-0.02181039611233593,-0.7382981693900498,2.415583978483472,-0.5049931497049333,-1.0220795393098967,-0.7382835422405336,-1.091713842197868,-2.0712520646883097,-1.5722255384935986,-1.4314401512645931,0.7000275086542458,-1.2854600271863437,1.4079506825556203,0.5374775232692992
-0.006112173531558942,1.4348450472806733,1.4348439148359744,1.4478198419236459,-0.14407844587295193,-0.12760620809050485,0.2725909621141842,1.4478182364045187,-0.5948103027946907,-0.15101983072836014,0.43411469924811075,0.8968418570229468,1.8895845003021101,0.05822595818251366,-0.6453182879219629,0.5374775232692992
0.2659714539314935,-0.15252269234044166,-0.1525238553936435,-0.04931185285554686,0.47846388584269406,-0.038151525633751474,0.2725909621141842,-0.0493168255017575,-0.2985756147983359,-0.08525393019102245,-0.2393169035026031,0.11745284094794313,0.035534252673928846,-0.40566064843474475,-0.23160685429085126,0.5374775232692992
1.7497936408611456,0.8326441766413156,0.8326430325846464,0.6388910300909826,0.6435099923905631,-2.6686782816276557,0.2725909621141842,0.6388931654103063,-0.15918149899721062,-0.1081670609787321,-0.6006002015249193,-0.6113454305445044,-0.7933801264445957,-0.5277022878726747,0.47009660265672015,0.5374775232692992
1.629363182803729,1.0747131872600866,1.074712047871126,0.841402677479202,1.3587097874313285,-1.7517677864459336,0.2725909621141842,0.8414063506237129,0.08423007510727726,0.0723074902751975,-0.3718071030984158,-0.43588262083151663,-0.9488269449312322,-0.30223363819990184,0.5711823631230386,0.5374775232692992
-0.26927502632369166,1.3287607622443989,1.3287596277541243,1.322330003744986,-0.21646708909570148,0.29730353357907374,1.567261463538265,1.3223352890220386,-0.5527363371613477,-0.27885474451184666,0.15907845579729799,0.8214355861637622,1.4825156388269665,-0.12912037741017424,-0.13489630030773986,0.5374775232692992
-0.12802942736746223,-0.18449617756030556,-0.1844929630997028,-0.20233661193677144,-0.08327198556584232,0.1603260510671701,-1.0220795393098967,-0.20233371195160857,-0.5232326047409355,0.16154168556206158,0.8012177629121083,1.196070194778292,1.2136474038269014,0.22447385347904916,-1.4146073542651956,0.5374775232692992
0.01916335470271369,1.3469278137191112,1.3469288686443113,1.2667734834988427,-0.0398387996321926,-0.07449249038180754,-1.0220795393098967,1.2667777647641298,-0.8322783550022456,-0.279018770227838,0.3499357580378724,0.9186848789673889,2.0904743056144897,-0.17751283174023794,-0.9053337367034445,0.5374775232692992
-0.267788230545205,-0.16583877549752998,-0.1658377497423324,-0.10461316367530497,-0.16724281170423178,0.3420308748074504,-1.0220795393098967,-0.10461716189699265,-0.2717096995037091,-0.1376201914681467,-0.295195527742897,0.046306588303571,-0.44631277952755255,-0.46281621156506275,-0.15754463243824038,0.5374775232692992
0.6555119478949893,-0.09023503326567738,-0.09023400605264659,-0.06316240474797796,0.4466128828246843,-0.8013117853429288,-1.0220795393098967,-0.06315551088176537,0.0997151223267698,0.19929283496560082,-0.0018512333458292043,0.32071994679339044,-1.0290215679897152,-0.25487377949279727,-0.1979113690889928,0.5374775232692992
-0.09829351179772972,1.2531767215986738,1.2531777747161132,1.2749975578049184,0.26419350190335544,0.43987193374452443,0.2725909621141842,1.2749929386083731,-0.6252377059186082,-0.6402622778669637,-0.9349103151378088,-1.025696436424358,-0.32440260386211855,-0.7905397359006702,0.6389716483209846,0.5374775232692992
0.1366202212031571,-0.0994094052057328,-0.09940837816960733,-0.029818996435589194,0.4437173370957743,0.17150788637426428,-1.0220795393098967,-0.02982495306336901,-0.09396325287103295,0.2532362665887954,0.70454025063895,1.2125397826551125,1.14100570642293,0.2981230385869149,-0.92127467014369,0.5374775232692992
-0.047742455329184454,1.430561046830497,1.4305621033683593,1.3721868468018574,-0.22225818055352142,-0.12481074926373133,0.2725909621141842,1.3721852210967702,-0.6447999802946872,-0.2163357119936191,0.30770611657769953,0.8641589968008025,1.893847552017911,-0.007636897768438736,-0.5353500380304108,0.5374775232692992
0.3328772639633916,1.4558141021157462,1.455815159140552,1.0223956199775526,0.3771197853308447,-0.2617882317756349,0.2725909621141842,1.0223998360199595,-0.6755290717978557,-1.7037377277532082,-1.4658838058467887,-1.5141760309810597,-0.5701516482669435,-1.0945414688980108,2.7406563729054776,0.5374775232692992
0.017676558924227065,1.441178012688113,1.44117688036553,1.3294936729925926,-0.048525436818922546,-0.08008340803535463,0.2725909621141842,1.3294945088531898,-1.5546519649597674,-3.421171089934051,-2.0872664279935376,-1.8351371653134851,0.9470949843359275,-1.6244862873948898,2.1202028777273205,0.5374775232692992
-0.07301798356345708,1.3170536419543926,1.3170525072383747,1.3609714806144282,-0.0716898026502024,0.06807590978364318,0.2725909621141842,1.3609678735478574,-0.08108333262441572,0.4241174163510279,0.7516255752498099,1.2037628219310599,0.9657625062232789,0.2358044973417979,-1.0279194592477916,0.5374775232692992
0.6614591310089358,-0.372646325078264,-0.3726474923760115,-0.4448033723116412,0.6898387240531227,-0.5776750792010453,-1.0220795393098967,-0.44480993428812593,0.918830892727215,0.5456142082371065,0.07603202627959602,-0.2880385507978946,-1.1852992630799701,0.3452038173959221,0.9249581948811603,0.5374775232692992
-0.6915250274138932,-0.6195312789726547,-0.619534640096142,-0.46484423656965107,-0.5523503936492593,0.766940616477029,-1.0220795393098967,-0.4648483309346956,0.11778999474543499,-0.19239636903406634,-0.6790497404851852,-1.0820782520993775,-0.7948031222907922,-0.34431888683296785,1.036090803028094,0.5374775232692992
0.6510515605595295,-0.0873082531931758,-0.08730941498887672,-0.38466099586114766,0.09335630389766655,-1.1339713857289806,-1.0220795393098967,-0.38466754178601886,1.6885782724167493,0.9004018319263176,0.3886375075723005,-0.652906063496011,-0.547077768081026,1.077286206084643,1.7323805154425835,0.5374775232692992
-0.23359192764001263,1.4069388450635827,1.406937712080781,1.3435658020614203,-0.4017820157459403,0.05130315682300192,1.567261463538265,1.343573071374345,-0.6301135813321975,-0.6415828951700732,-0.9428373692990059,-1.0640621999344673,-0.5261644042315597,-0.8098241568591905,0.6647585341965885,0.5374775232692992
-0.5368982664512842,1.5687392156685258,1.5687337076753136,1.5673132477660738,-0.7782029605042379,0.25816711000424414,1.567261463538265,1.5673190930196224,-0.7377987704618089,-0.973911613131243,-1.1872252081600538,-1.3791867643711566,-0.29304313715185865,-0.9471314667230406,1.0516799960043257,0.5374775232692992
-0.3614563645898624,1.4955762810513622,1.4955773388428844,1.478838668251517,-0.3236022810653708,0.3671900042484123,0.2725909621141842,1.4788341034588537,-0.39021115603558554,-0.03919214451059,0.4362593103374543,1.0302975137180652,1.4958579556820855,0.026885285626191975,-0.4181168877645344,0.5374775232692992
0.5930665251985511,1.575906214888698,1.5759072742291862,1.4523285417897864,0.6753609954085729,-0.4630612673033301,0.2725909621141842,1.4523214969615226,-0.3758756545655042,-0.7945515955885364,-1.2138574322140343,-1.6518919131566705,-0.30639520710213775,-0.8146522390962732,1.8741194099335157,0.5374775232692992
-0.11910865269654247,1.6435483272599012,1.6435471988395345,1.6347953681847034,-0.17592944889096174,0.05409861564977546,0.2725909621141842,1.6347962855283598,0.051436635224588384,0.12605324988168456,0.537403651690707,1.215705846965229,1.3601471994503318,0.08476645649156285,0.2635234599491122,0.5374775232692992
-0.30495812500737063,-0.3366077459207521,-0.3366067234584163,-0.24847808055370765,-0.11222744285494214,0.46503106318548637,0.2725909621141842,-0.2484791496197549,-0.1608212231564827,0.25374096109953787,0.7127856906537193,1.3489395655098615,1.2077809708365377,0.18908652240031706,-0.9138909009564282,0.5374775232692992
0.7774292017308927,-0.5699971133177814,-0.5699960953557884,-1.596211364147523,0.9909754798597608,-0.5049931497049333,-1.0220795393098967,-1.5962127929149168,-1.2105143788521144,-2.690659431934994,-1.685744905863397,-1.380320179248341,0.1763252310766901,-1.4330095693103626,1.7831812923400692,0.5374775232692992
0.22582796791235463,1.6807449218686872,1.6807481722959008,1.6331711283470107,0.7940783702938821,0.3420308748074504,0.2725909621141842,1.6331690777049064,-0.3628119391506632,-0.28848599809184944,-0.5989072911157806,-0.7263774792773631,-0.48768125005617474,-0.5520659629765653,0.5150568195173602,0.5374775232692992
-0.1666861176081145,-0.31466236803980346,-0.31466353421947224,-0.2348649327788443,-0.4741706589686898,-0.14437896105114612,4.156602466386427,-0.2348605576991503,-1.301235986878215,-1.4141818695774655,-1.2195923862683216,-0.46566095328198515,-0.19068307731370557,-1.2262950887897255,0.15801661380862828,0.5374775232692992
-0.24994668120336552,1.676112860063591,1.6761117322711518,1.6157337959116604,-0.5118127534445196,-0.024174231499883757,2.861931964962346,1.6157371811281238,-0.6917868585893318,-0.9125449664125441,-1.1528036418441046,-1.3626969162536102,-0.5105230171942923,-0.9435871520172052,1.0963454738200213,0.5374775232692992
0.10242391829796471,-0.06394655017616994,-0.06395208965173256,0.05504901885958426,-0.3062290066919109,-0.48822039674429196,0.2725909621141842,0.055056933459752856,-1.2713943982498002,-1.5462898635519053,-1.3303498212282678,-0.7037573751600877,0.27462423588702056,-1.2179505998366176,0.5375119029344302,0.5374775232692992
0.561843813850332,0.18829285701465964,0.18828951146808431,0.12568070057127906,0.012281023488187066,-1.0445167032722271,-1.0220795393098967,0.12567973136580443,0.10060297296910735,0.14446618794860688,-0.06073913879401183,0.22407467008397555,-0.9548175924846752,-0.2852655803955887,-0.021072808097174996,0.5374775232692992
0.2540770877036005,1.3575513467721032,1.357552401902152,1.3480349345746327,0.1628494013915061,-0.3204928671378794,0.2725909621141842,1.3480342916076429,-0.514580147247258,-0.25226154958330627,0.2254624504237369,0.8059486684339185,1.628686782717599,-0.04455916828670545,-0.21943427076250058,0.5374775232692992
-0.07301798356345708,1.2079506361103547,1.2079516883557198,1.1817076314390293,-0.35834882981229055,-0.20867451406693763,0.2725909621141842,1.1817005143837849,-0.795771105088408,-0.9332290297778076,-0.7591613708982653,-0.5993918040002009,0.6565386735459224,-0.5818437881035423,0.630127391554883,0.5374775232692992
-0.19790882895633363,1.3447431267240801,1.344744181607154,1.3249335355676455,-0.14697399160186192,0.2302125217365087,1.567261463538265,1.3249343702111716,-0.29690389602132194,0.39573255590935164,0.7731130830858846,1.3954820281627929,1.5774606960382962,0.2161293645259413,-1.3010118677309084,0.5374775232692992
-0.13546340625989536,1.3703442433642492,1.3703452987409777,1.3186067158344654,-0.051420982547832526,0.2050533922955468,0.2725909621141842,1.3186085379734909,-0.36777614753062693,-0.23497576259037553,-0.3349852129528405,0.01642330473137781,-0.44349093291813013,-0.5310512466498417,0.1359077097415165,0.5374775232692992
0.6897082508001817,1.4327938932582842,1.432792760774034,1.0516398505266051,-0.028256616716552677,-1.3240625859495814,0.2725909621141842,1.0516351717173242,-0.8593701453427784,-1.5224809000076278,-1.221803362970662,-0.948286602200142,-0.060997060344433786,-1.117844640389132,1.5130175055464585,0.5374775232692992
-0.01651974398096532,-0.2730241602918211,-0.2730253256685989,-0.20909273744921997,0.11362512400003642,0.1407578392797553,-1.0220795393098967,-0.2090972581478776,-0.3633581081415723,-0.5125787724366999,-0.679440646326052,-0.5055561813604523,-0.6205373013483283,-0.7171138147112822,0.5179075856100885,0.5374775232692992
0.5291343067236262,-0.1395568596033984,-0.13955802240658585,-0.1663303207723312,0.03544538931946692,-0.9606529384690208,-1.0220795393098967,-0.16632741117732078,-0.20158271392723978,0.22238260883207034,0.6944879392660285,1.269457827457571,1.291938612843007,0.2702708647568087,-1.001333858365959,0.5374775232692992
-0.12356904003200235,-0.41522364176499227,-0.4152226208185717,-0.3485795267261443,-0.05721207400565249,0.17709880402781136,-1.0220795393098967,-0.3485746874041006,-0.10624570840807873,-0.15118385644435145,-0.4016785042851603,-0.4501308121019072,-0.11327940964551142,-0.2770606313915291,0.3205061102586029,0.5374775232692992
-0.1904748500639005,-0.4920291807506245,-0.4920281612852108,-0.35188142232798225,-0.18461608607769167,0.17989426285458493,-1.0220795393098967,-0.3518785622553676,-0.473074955497794,-0.8420769953501221,-0.8843196506984259,-0.7132398051015562,-0.6298908128318842,-0.8764126205451958,0.8791193219997427,0.5374775232692992
-0.4372829492926803,1.4038894773440653,1.4038905333676317,1.3965445092643072,-0.607365762498549,0.2358034393900558,1.567261463538265,1.3965389333237748,-0.7174522801834693,-1.125109676974518,-1.2757244581359972,-1.5119537790988278,-0.4327752894578721,-0.9905842068567833,1.3187413762941942,0.5374775232692992
0.8339274413133844,-0.5059122317751608,-0.5059112125774478,-0.9578771944637433,0.7014209069687627,-0.8907664677996823,-1.0220795393098967,-0.9578774636797649,2.1819091954279433,1.2936640004844655,1.3155221933094159,-0.22659470276277174,-0.8772644524927309,2.209652892614259,0.9402317946347393,0.5374775232692992
-0.15181815982324823,1.2939699502082973,1.293968815047167,1.3203100903780138,-0.16145172024641183,0.12957600397266114,1.567261463538265,1.3203074616432668,-0.2761499960181494,-0.17271748890269825,-0.6415693007036782,-0.7523768810004371,-0.5947519775055481,-0.5448377936158463,0.5091675997325285,0.5374775232692992
-0.3332072447986165,-0.24946763047866516,-0.24946660633604542,-0.08316568002070626,-0.08327198556584232,0.5460993691619191,0.2725909621141842,-0.08316670496593685,-0.22385687992452855,0.8382108508400727,1.2893600262625806,1.8963046399795052,-0.643930333629897,0.2409674754565967,-2.522821297281193,0.5374775232692992
-0.05517643422161758,-0.291723154591977,-0.29172213126415164,-0.23864559335111052,-0.11512298858385211,-0.0074014785392424965,-1.0220795393098967,-0.23864913275314817,-0.21294288983111703,-0.4105211307893867,-0.8438983218909967,-1.0174002891832299,-0.7674837873472949,-0.6160031676306466,0.7024336916444527,0.5374775232692992
-0.1384369978168686,1.408239149748,1.408240205855439,1.4229616524466573,-0.27727354940281107,-0.0074014785392424965,1.567261463538265,1.4229625132532573,-0.6809493773644335,-0.1459350335326294,0.3515727091164566,0.8373657477241147,2.0420480671303456,0.016531421406783906,-0.6689620594684076,0.5374775232692992
1.332004027106404,0.523839326613208,0.5238403656671603,0.48118347479073437,0.11941621545785638,-2.3891323989503017,-1.0220795393098967,0.4811850734268821,-0.22376228714163948,0.060665870227403766,0.4304558266444074,0.8634556734572408,1.2172608311961235,0.2098500668187531,-0.5052894360031138,0.5374775232692992
-0.3480752025834828,-0.0199966896558901,-0.019995661088484714,0.08148792408604466,-0.2627958207582612,0.40073551016969483,0.2725909621141842,0.08149040523010741,-0.5017550003951445,-0.1419815931984798,0.3100078687183412,0.9112794701266769,1.483616269082409,0.0195733922960437,-0.5754275967502744,0.5374775232692992
1.792910718437258,0.5006768285226028,0.500677867129923,0.3510860183636141,0.492941614487244,-2.895110446596313,0.2725909621141842,0.35108510931736925,0.03448818201098835,0.04232863633709282,-0.43954215246435646,-0.49918678225859264,-1.0056514861374837,-0.3453793904457376,0.47024883815399093,0.5374775232692992
-0.06707080044951058,1.238249486509378,1.238248350273815,1.2291548227025881,-0.08327198556584232,0.04571223916945483,1.567261463538265,1.2291541480072607,-0.4991510906088138,-0.4523056304912764,-0.8128680991647781,-0.9771151687862604,-0.1648498255899221,-0.6618839028778354,0.4974426858856499,0.5374775232692992
-0.2856297798870445,1.7094282422052527,1.709431493185554,1.6745071419508466,-0.1498695373307719,0.39234913368937424,2.861931964962346,1.6744996618285788,-0.7150116472778973,-0.676520372676223,-0.9902086996908568,-1.069623146724593,-0.45537306797567106,-0.8713333663998258,0.6076236483898269,0.5374775232692992
1.581785717892157,1.103635115695308,1.103633976864036,0.7669250490629099,0.9591244768417511,-2.048086422083929,-1.0220795393098967,0.7669257347775591,-0.8156098546938871,-1.0426467997067823,-0.8863560489635641,-0.2512323162199519,-0.060966352105463986,-0.8126707718197826,0.5659382325686513,0.5374775232692992
0.2585374750390604,1.4787533155635726,1.4787543730307051,1.4785023457516295,0.1309983983734963,-0.359629290712709,1.567261463538265,1.4785051997498577,-0.3757168986633393,0.14804110739969964,0.6768471201847422,1.3225521086423784,1.7898000192820058,0.15721559803761037,-0.8767614278252651,0.5374775232692992
0.36261317953312416,0.07011179809607877,0.07011501746617338,0.12747112329126906,0.026758752132736974,-0.6559479263507045,-1.0220795393098967,0.12747510048408278,-0.10476421849959539,-0.5313281735107839,-1.0092799282627671,-1.2619127276409445,-0.7585782295184321,-0.6829265271943684,1.3854399879979948,0.5374775232692992
-0.3569959772544025,1.299282811267356,1.2992816762086712,1.3639983831134168,-0.2975423695051809,0.3839627572090536,2.861931964962346,1.363994776854707,-1.471180441644255,-2.041655937420851,-1.3969459103210176,-0.8313332126535127,0.3985161740219739,-1.349201875911757,0.6936506071329621,0.5374775232692992
-0.1622257302726546,-0.21870688733820728,-0.2187080516676094,-0.18556005429531797,0.16864049284932606,0.4678265220122599,-1.0220795393098967,-0.18555962279281776,-0.31569812568780353,-0.4821036355630317,-0.5546245367794157,-0.18295155515760012,-0.7686356928907864,-0.7367889475271389,0.48644558284079187,0.5374775232692992
0.020650150481200315,-0.17663305563029383,-0.17663640821357252,-0.13656775789992248,0.1309983983734963,0.08764412157105798,1.567261463538265,-0.13656533495351902,-0.41600281726276983,0.24551864636202458,0.6214502544534137,1.2967343089213206,1.2945456709003298,0.07491493608872983,-1.3015436492624708,0.5374775232692992
0.45776810935626816,0.1364295260664866,0.13643274671535632,0.17994336837667832,0.6898387240531227,-0.1946972199330699,-1.0220795393098967,0.1799463703899096,-0.14295953226690208,0.24367230561022493,0.6687873159940275,1.0886554878910468,1.436678775846175,0.3342080694108902,-0.8815154852035069,0.5374775232692992
-0.17709368805752088,1.4819712412977368,1.4819701097617515,1.4616545668749057,0.06440084660856674,0.39514459251614775,1.567261463538265,1.4616544488243084,-0.3683343145031893,-0.36423643836670966,-0.6754140163643946,-0.8078335598341831,-0.6509538091443267,-0.5901045530872211,0.6997448929985923,0.5374775232692992
-0.11316146958259597,-0.1301745264764412,-0.13017568909871333,-0.05879416898473159,-0.23384036346916137,-0.012992396192789583,-1.0220795393098967,-0.0587956820174062,-0.2082292479955341,0.22078440954805242,0.701793556514139,1.0556167107265715,1.0272568249689873,0.3932892838380793,-0.9638922677084278,0.5374775232692992
-0.4729660479763593,1.5298088814805169,1.5298099399321308,1.5113630323582972,-0.2541091835715312,0.6439404280989931,0.2725909621141842,1.5113609492063953,-0.336021141654213,-0.4317771812668251,-0.544037777422853,-0.4951515524165983,0.12514566652274467,-0.5357397889378757,0.7461753293876695,0.5374775232692992
0.03403131248757994,1.4027402181532924,1.402741274154698,1.0205992621546234,0.22076031596970574,0.14914421576007594,0.2725909621141842,1.0205970480210271,2.4729617986528636,1.6380254767392546,1.4966358391569694,-0.31964322366624387,-0.5173005811228576,2.2853114529884246,1.4044902793345517,0.5374775232692992
-0.315365695456777,1.4201980125274136,1.4201990688654502,1.3753047542125802,-0.5407682107336194,0.07087136861041672,2.861931964962346,1.3753085698521221,-0.6021673260374056,-0.11994747201698003,0.3469594473790661,1.0582068359173669,1.8697016798478958,-0.03892175434514102,-0.5623005870221393,0.5374775232692992
-0.2826561883300713,-0.5428570838945393,-0.5428604435395523,-0.5195342317866722,-0.3207067353364608,0.22182614525618807,-1.0220795393098967,-0.5195353731958632,-1.0787673244588858,-1.3972073108661593,-1.0734137249187798,-0.55628731853038,-0.13951444113752415,-0.9136697869411796,0.45664704831336284,0.5374775232692992
-0.09531992024075647,1.2928382035385269,1.292839257420741,1.2832137186404085,0.14258058128913623,0.31687174536648854,0.2725909621141842,1.2832081124526167,-1.3103718413138625,-1.778192785450496,-1.1654017069004627,-0.6419490357177655,0.4449589113230047,-1.0630612563926405,0.7273349701067096,0.5374775232692992
1.1193922307828166,0.32522544779640317,0.32522648302057283,0.3280459487536651,0.5392703461498037,-1.584040256839521,0.2725909621141842,0.3280445389661303,-0.11969144651410968,-0.05840418221952129,-0.5523739415255946,-0.6047083201302595,-0.7878418011256411,-0.5414609268488694,0.39630618025357445,0.5374775232692992
1.2874001537518052,0.8384955477211934,0.8384987819076887,0.5670189118649963,0.6753609954085729,-1.768540539406575,-1.0220795393098967,0.5670190496339395,0.27330122535024726,0.14150951927317373,-0.1378747704300035,-0.21488830243411564,-0.11382262439402223,-0.08103491096801699,0.6479910801798362,0.5374775232692992
-0.25738066009579863,-0.18962515714884048,-0.18962413185230506,-0.09785308142756365,-0.3699310127279305,0.1267805451458876,1.567261463538265,-0.09784866978028758,-0.004534123071429473,0.7218072677249039,0.9957336789920563,1.338671109868437,0.9632721704026896,0.39594054287000285,-1.7771342941289885,0.5374775232692992
-0.19790882895633363,1.5429476503624573,1.5429487090674203,1.5025315991847774,-0.23963145492698132,0.1407578392797553,1.567261463538265,1.5025300082678663,-0.36117812704032165,-0.3444271788200664,-0.7142241944002066,-0.8199123941160245,-0.7389545835097256,-0.5958815069778343,0.7012505646291336,0.5374775232692992
0.5454890602869791,1.5149626418008566,1.514963699966197,1.3887675460463174,0.3076266878370052,-0.7286298558468167,0.2725909621141842,1.3887688923187738,3.190068294664626,1.9906218850943254,3.1136986711385597,0.8682942748476323,0.06989667824371719,3.9223383192473085,1.0214595119479315,0.5374775232692992
1.9579450498492732,0.1363332072009742,0.13633642784798666,0.027913728221591837,1.3181721472265888,-2.4087006107377165,-1.0220795393098967,0.02792114098748225,-0.12245515550535785,0.32686278413094755,0.7690036350509559,1.2873118348273216,1.0534701020010557,0.34361306197676755,-1.1030633177842077,0.5374775232692992
0.43397937690048216,0.09478037299287778,0.09477702564314301,0.0934016540526523,0.7361674557156824,-0.10524253747631653,0.2725909621141842,0.09339770867984612,-0.13188174364135544,-0.1597426341890264,-0.636473198150421,-0.7069205590108361,-0.9665026165404906,-0.5565591493359311,0.5046714390186131,0.5374775232692992
1.7334388872977928,0.9871155572068158,0.9871187942590842,0.6830758931056313,1.3471276045156886,-1.9586317396271757,-1.0220795393098967,0.6830824915460033,-0.21054433680322746,0.14118567362878062,0.5164008475749419,0.8627217637251178,1.2540018919894593,0.27808510190353203,-0.6017101169160795,0.5374775232692992
0.561843813850332,0.28704377388124047,0.28704480836917,0.17952791117093478,0.8809447421611815,-0.2058790552401641,0.2725909621141842,0.17952844011306518,-0.18635258034692995,-0.11009331169473265,-0.6087995503755602,-0.662597543864702,-0.8460690864781982,-0.5219532419718712,0.34801068523811596,0.5374775232692992
-0.3332072447986165,-0.3427283720110396,-0.34272734966672513,-0.274792348618445,-0.5002305705288796,0.14355329810652886,0.2725909621141842,-0.27479144633942676,-0.3200707814071264,-0.5782731745850157,-0.9937220620198365,-1.1624719603457112,-1.0482407912032534,-0.7588083514870122,0.964760478455274,0.5374775232692992
-0.4045734421659746,1.4076349677734221,1.4076360238692112,1.378072490549891,-0.291751278047361,0.4790083573193541,-1.0220795393098967,1.3780758123360801,0.0636832707004666,0.3116462446320611,0.7089838471799396,0.9943399352083412,1.412928512278806,0.19623096779160665,-0.368872527663347,0.5374775232692992
0.1425674043171036,0.12200577595600576,0.12200461819641377,0.15889155825135917,-0.4741706589686898,-0.7258343970200432,0.2725909621141842,0.1588915870937361,-0.4004574323674271,-0.7235284605642976,-1.1438636279673486,-1.4950893771065787,-0.7539188897791627,-0.8220757643856602,1.1359406058955657,0.5374775232692992
0.39086229932437005,-0.08081986416184096,-0.08081883676726168,-0.1463131969260781,0.5103148888607039,-0.24222001998822015,-1.0220795393098967,-0.14631374413293127,-0.04019177677718616,-0.5517430664703181,-1.171268982541648,-1.559674601949299,-0.7127506986809933,-0.7583060076704372,1.75981835705343,0.5374775232692992
-0.1027538991331896,1.518609624299576,1.5186106825352395,1.4534285142011836,0.07598302952420666,0.2665534864845648,-1.0220795393098967,1.453431856099411,0.3739816797998888,1.011464064802795,0.9307965311592462,0.9369507556858951,-1.1921585755349517,0.5868032851787162,-1.4287874999676013,0.5374775232692992
2.292474100008764,-0.1976283792468702,-0.19762735410465737,-1.312715237154009,2.3316131523450823,-2.0592682573910235,-1.0220795393098967,-1.3127151064819786,1.2924567355977856,0.8193731282266088,-0.12928351497521992,-0.5058679267815147,-0.5129592292179148,0.14892692506412195,0.8419571773235034,0.5374775232692992
-0.2261579487475795,1.5313521723938404,1.5313510418100456,1.5615957652679842,-0.28306464086063104,0.15193967458684948,1.567261463538265,1.5615966630751372,-0.5913547101947741,-0.10208969791187446,0.4301408510391497,1.0881381771781824,1.822271951851256,-0.04938725052378788,-0.6434031792690814,0.5374775232692992
0.010242580031793937,-0.29236017254343394,-0.29235914922789197,-0.23859613415995057,0.17443158430714603,0.14914421576007594,0.2725909621141842,-0.23859720058856987,-0.10092660320848885,-0.1574841262534537,-0.5945880087640638,-0.7378652420083754,-0.9530700434474781,-0.46022076851275834,0.47062143279571306,0.5374775232692992
-0.12951622314594885,1.6720368208003167,1.6720378819944486,1.7144503847316186,-0.23384036346916137,0.017757650901719393,1.567261463538265,1.7144503341505994,-0.3996982557312254,-0.05934627863957396,-0.3910365924879004,-0.5107337280448795,-0.03182220667368632,-0.5302977309249791,0.13089297514192072,0.5374775232692992
-0.044768863772211204,1.361629575100503,1.3616262521788554,1.3501062855004113,0.23234249888534567,0.3084853688861679,1.567261463538265,1.3501041593101206,0.48102245559606827,0.7015606062689504,0.3364831914174969,-0.15660862974757145,-0.16184062924638107,0.44279805776053244,0.25858310525000944,0.5374775232692992
0.6064476872049307,0.14144029613825632,0.1414391387534115,0.1535143549884499,0.796973916022792,-0.37081112601980315,0.2725909621141842,0.15351537157977307,-0.09365895623490081,-0.024034486037956822,-0.555923753111101,-0.643541183384647,-0.9467068946709668,-0.48623101501542254,0.39987154950244147,0.5374775232692992
-0.1265426315889756,0.07808218421722929,0.0780832146758458,0.1006464363737611,-0.2425270006558913,0.0037803567678516775,0.2725909621141842,0.10064100915840993,-0.16186522144410406,-0.4098103526867577,-0.8950057567176184,-1.0500736332371157,-1.0326199073336761,-0.6656235735123386,0.9879315553069966,0.5374775232692992
-0.4030866463874879,1.342589086640803,1.3425901414823413,1.299030767973359,-0.22225818055352142,0.5433039103351456,0.2725909621141842,1.299027638967254,-0.3584081582325588,-0.3584450688559394,-0.6818781268715697,-0.8056095769039271,-0.7278962787470976,-0.596914102600794,0.6842064451881176,0.5374775232692992
-0.05220284266464433,-0.12772496260125105,-0.12772393611112182,-0.0955403696489246,-0.18172054034878168,-0.07728794920858108,-1.0220795393098967,-0.09554139789688026,-0.17211462768420296,0.1436376477934713,0.6777882670547111,1.2115232250432675,1.1208593687430934,0.26014026445587823,-0.8169391336511571,0.5374775232692992
-0.2900901672225044,-0.4089059998134294,-0.408907167810356,-0.23797888345427445,-0.03404770817437264,0.5125538632406366,0.2725909621141842,-0.23798390645450232,-0.07897099231828242,-0.15140255739900654,-0.587454340120174,-0.7281739460574784,-0.945623368826187,-0.49463131994815,0.4717329604675669,0.5374775232692992
-0.12802942736746223,1.6867013680745784,1.6867002404863127,1.6028012066071577,-0.010883342343092786,0.2302125217365087,0.2725909621141842,1.602798653267473,-0.36327220954828704,-0.32821386766246347,-0.643373269962763,-0.7509843900341515,-0.7189270432585205,-0.5841322432679398,0.6620308077523392,0.5374775232692992
-0.4476905197420867,1.3831743540635248,1.3831754096876507,1.4505302055992109,-0.39019983283030035,0.46503106318548637,2.861931964962346,1.4505310737636803,-0.7105704813444967,0.23680004868894786,0.6778225061557337,1.5209580535661107,1.2872839480267306,-0.11446868276006825,-1.572201680067769,0.5374775232692992
0.38640191198891016,1.6396780601184031,1.6396791206885755,1.3636422769370653,0.45240397428250423,-0.2897428200433704,0.2725909621141842,1.363641143543531,1.8473550406367398,1.3552829944585356,1.179877535603037,0.14245550179701086,-0.2832969369379441,1.524204754897589,1.0859851183345244,0.5374775232692992
-0.23656551919698587,1.4658159406731581,1.4658191869559922,1.4551694777300137,-0.5147082991734295,-0.05212881976761919,1.567261463538265,1.455167874172457,-0.5843819701325461,-0.019938048925763504,0.5674029478931751,1.2793128354647403,2.212675923918215,-0.01874427771270939,-0.8736923880058562,0.5374775232692992
-0.3778111181532153,1.4870739521047682,1.4870750097323437,1.4955202642459435,-0.32649782679428074,0.39514459251614775,0.2725909621141842,1.49552658493045,-0.8188239227066109,-0.9641037164724803,-0.9116246959386173,-0.6249516999005975,0.029647128630379292,-0.9552247837678609,0.6429047462367752,0.5374775232692992
0.212446805905975,1.3856983461529746,1.3857015908909371,1.3575132939685248,0.2439246818009856,-0.16394717283856095,0.2725909621141842,1.3575032562824194,2.986097737813874,1.8417832680887716,2.4865449111371305,0.23564349836429513,-0.6897741605123853,3.366494886207004,1.2803627379183025,0.5374775232692992
0.6793006803507754,1.3451590490978838,1.3451601039889773,0.9329140513309794,0.24971577325880553,-1.0361303267919064,0.2725909621141842,0.9329108246106771,-1.116083829541043,-2.256786178412433,-1.5681720432837793,-1.5082321987458904,1.3374012363013832,-1.17293501227353,1.8860271454049706,0.5374775232692992
-0.18006727961449412,-0.6744680573567231,-0.6744670414091968,-0.5434032374404619,0.05571420942183679,0.39234913368937424,-1.0220795393098967,-0.543406858180355,0.21713780381260975,0.42931156402408616,0.1706784432073151,0.41151984433176186,-1.0111420438054128,-0.06744371993068049,-0.6996322986240446,0.5374775232692992
-0.4893208015397122,1.411487722393918,1.4114887785639978,1.4506726480697514,-0.28306464086063104,0.6467358869257667,1.567261463538265,1.4506695595358892,-0.5784292323946331,-0.6385168760173124,-0.9286105451456822,-1.0396652910126634,-0.5863678317845008,-0.7982702490779642,0.732864802895701,0.5374775232692992
-0.09829351179772972,1.4966182760509963,1.4966193338626106,1.4178732908601221,-0.132496262957312,0.056894074476549004,0.2725909621141842,1.4178682152041477,-0.38746413988837664,0.15651156360499463,0.6883988434094401,1.2467052899351592,1.5430509102712604,0.16676013055253647,-1.0475738265986332,0.5374775232692992
-0.35848277303288917,1.3912279246594361,1.391226791373688,1.4134100934498486,-0.19909381472224158,0.4818038161461276,1.567261463538265,1.413409467931068,-0.23559299258687308,0.6202417032255646,0.9824857926697356,1.4518856060686522,0.7989601319871957,0.2528562791155399,-1.748276283016205,0.5374775232692992
0.7075498001420213,1.5272783221956912,1.527277191533342,1.3016778238842392,0.4552995200114142,-0.8907664677996823,0.2725909621141842,1.3016835982414012,-0.40802572441751367,-0.4651416942144941,-0.6943548558068374,-0.798899069434674,-0.7354606499069257,-0.583518267492126,0.705185052823438,0.5374775232692992
0.2079864185705151,1.4628015979956452,1.4628026551551878,1.3499025136328324,0.09625184962657653,-0.298129196523691,1.567261463538265,1.3498989036120255,0.8590322566324468,0.8529563421289328,2.1214047181772604,0.7228234213053879,1.5319443588151767,3.953455727885151,0.3835239595968836,0.5374775232692992
-0.2380523149754725,1.4655160387509945,1.4655170959628783,1.3977750539403666,-0.03694325390328262,0.41191734547678904,0.2725909621141842,1.3977729404725638,-0.6488328670842946,-0.7703178474977171,-0.8048178350139451,-0.5645844835382038,-0.43333576969048704,-0.8577142673726796,0.6957290735112255,0.5374775232692992
-0.06112361733556408,-0.3483389459271365,-0.3483379236910082,-0.2735954361923743,-0.3988864700170303,-0.2701746082559556,-1.0220795393098967,-0.27359453359390784,1.3509418535272153,0.6051765720799009,0.10109934314361001,-1.3408894031006375,-0.6992673027547216,0.9759802030753393,2.1550682822986165,0.5374775232692992
-0.12208224425351573,-0.2689262303772938,-0.26892520660988556,-0.16691196086037216,-0.15566062878859185,0.07925774509073735,0.2725909621141842,-0.1669184486694262,-0.027735785215649025,-0.12021243663511984,-0.5652843574196602,-0.7371713653216435,-0.8764466860955953,-0.418442507767599,0.5696829477458099,0.5374775232692992
-0.4462037239636001,1.4125734986960576,1.412574554887074,1.5108466784025874,-0.42494638157722014,0.4286900984374303,0.2725909621141842,1.5108416275606125,-0.6868734242766541,-0.7736824775693338,-0.8287461520045777,-0.6237745891500002,-0.09205249775083277,-0.8844780296002066,0.6419795158857824,0.5374775232692992
-0.4476905197420867,-0.2317033669870045,-0.2317023425018444,-0.13260508750418765,-0.601574671040729,0.2609625688310177,-1.0220795393098967,-0.13260117972404215,0.32289983820186596,0.8676471581791292,1.2738773857909507,1.1763907794285517,0.8297626854095468,0.8523757162080647,-1.776843030780329,0.5374775232692992
-0.4239017872863007,1.4570815708232843,1.45708262787253,1.4204649524769033,-0.3959909242881203,0.41471280430356255,0.2725909621141842,1.4204672963932807,0.06850437271955222,0.6920092626531485,1.3060857376101327,1.6495070855229736,1.1999027271720946,0.6179206938165602,-1.3036763365027757,0.5374775232692992
0.8041915257436519,1.4449650953548503,1.444963963105292,1.3243103497590303,0.2236558616986157,-1.2961079976818461,0.2725909621141842,1.324316130156668,0.266353176786494,0.8114283954700039,0.30270679661861805,0.4614767981839305,-0.5839726107809939,0.07725920723274644,-1.3397867354832587,0.5374775232692992
0.29868096105819925,-0.20030779496021497,-0.20030676986966808,-0.13996659351643392,0.48135943157160405,-0.0968561609959959,-1.0220795393098967,-0.13996565525328863,-0.287973919995492,0.05290198633714826,0.5142555509332878,0.9230111252337845,1.2287236364751168,0.27596409467799304,-0.6947482502047544,0.5374775232692992
-0.31685249123526366,1.4659363392550486,1.4659352074098693,1.4101319382597675,-0.2251537262824314,0.3783718395555065,0.2725909621141842,1.4101352686024171,-0.8110535776901325,-1.0609335641460191,-0.9896942378590485,-0.7496725191626269,-0.23545281292035988,-1.0060452332113712,0.8552287760170829,0.5374775232692992
-0.5250039002233912,-0.8351760844641508,-0.835177260680653,-0.5952048158937423,-0.6102613082274589,0.3979400513429213,0.2725909621141842,-0.5952079558671,-0.3788120301622834,-0.5166247400978189,-0.8935533574372951,-1.0529421462784767,-0.7345877033083918,-0.7309003616772867,0.5541326825679671,0.5374775232692992
-0.4774264353118192,1.4001352306542072,1.4001319084750472,1.3996505464691518,-0.601574671040729,0.31687174536648854,2.861931964962346,1.3996499172780366,-1.3762282409569573,-1.7111272965479964,-1.2886724485779137,-0.7968750342622526,0.03453100192589395,-1.1926101450893867,0.518973929230241,0.5374775232692992
0.04592567871547295,-0.19374059958436998,-0.1937417634323583,-0.1218843132283579,0.29314895919245526,0.19666701581522616,-1.0220795393098967,-0.12188584309938631,0.3625703820611413,0.4250847474966177,0.2193111019513903,0.3716808365533436,-0.9635826652980573,0.04661623442166794,-0.3156429342020982,0.5374775232692992
-0.015032948202478694,1.5708429072539214,1.5708417774316088,1.5900743675378808,-0.20488490618006155,-0.16953809049210802,0.2725909621141842,1.5900752729457897,-0.42154240711071145,-0.41885279600422753,-0.7044183123049126,-0.793917747836574,-0.7164819252529165,-0.6605443193669684,0.6573615573634447,0.5374775232692992
-0.42241499150781403,1.3232071040215592,1.3232037803590284,1.3200964266722028,-0.6652766770767486,0.15193967458684948,1.567261463538265,1.3200947870645174,-0.7359022199416413,-0.33679788013267553,0.15986918440806272,0.7399974069210541,2.0461044307806002,-0.12035726860992019,-0.37402837553210244,0.5374775232692992
-0.724234534540599,1.3959081458972884,1.3959092017669543,1.551369582903754,-0.604470216769639,0.7781224517841232,2.861931964962346,1.5513635536929942,-1.2336937838709483,-1.1685596685618578,-1.156207083891602,-1.0197398696292996,-0.06745549783846763,-1.2535611948338272,0.24383920161022193,0.5374775232692992
-0.16965970916508774,1.4294511908119791,1.4294522473284406,1.430896885076359,0.003594386301457121,0.3224626630200356,2.861931964962346,1.430895769632647,-0.6591634770552928,-0.0883872419452155,0.461863072863784,1.1775535276556182,2.00889426285976,-0.07196481427985602,-0.8769532862601818,0.5374775232692992
0.031057720930606693,1.4147341059747105,1.4147351622073892,1.4215708599912396,0.3973886054332146,0.3252581218468092,0.2725909621141842,1.4215727096107331,-0.009716555610447994,0.546522658356443,1.2021678229337558,1.731569838075162,1.528493426536419,0.7458230111145328,-1.2400530208716967,0.5374775232692992
0.13513342542467047,0.09876228245576511,0.0987655023783142,0.09139163252391212,-0.11222744285494214,-0.3624247495394825,-1.0220795393098967,0.0913995568236906,-0.18978191649424317,0.1261205424831169,0.48535159311961334,0.900869273127113,0.9265542045108583,0.2039893889587106,-0.6513736459892042,0.5374775232692992
-0.19196164584238712,1.3782423903362653,1.378241256800123,1.3472158903690241,0.06729639233747671,0.42589463961065677,2.861931964962346,1.347208322894826,-0.9512018274974893,-1.1591975853875844,-1.2563896645814,-1.3673526164687895,-0.3417092697289282,-1.0916669459476094,0.7789414134029935,0.5374775232692992
1.363226738454623,-0.23301242793192292,-0.2330092144068374,-0.2045385351272122,1.575875717099577,-1.0417212444454536,0.2725909621141842,-0.2045371195058593,0.04512743571292055,0.530477578702421,-0.19826401785908976,-0.37091821363294003,-0.08704831065799547,-0.32503446587444756,-0.5210412915654704,0.5374775232692992
-0.30347132922888403,1.3684485129657553,1.3684473792407619,1.2983957119588654,-0.3062290066919109,0.2749398629648854,1.567261463538265,1.2983920881912243,-0.25268750818581653,-0.3080134698699948,-0.7233565258343118,-0.8901454844159523,-0.6890397257375174,-0.5683921370152546,0.89594933854962,0.5374775232692992
0.4770964544765943,0.1387302335131576,0.13873126514122336,0.16250801430897438,0.7622273672758723,-0.16115171401178738,0.2725909621141842,0.16251200085290898,-0.3331531023877195,0.07845214594348748,0.41206449487722563,0.899720343381441,1.1272262937655761,0.12542839764433303,-0.6873672615745203,0.5374775232692992
0.20947321434900174,1.641418366893002,1.641419427496732,1.6179871566609074,0.40028415116212457,-0.0074014785392424965,0.2725909621141842,1.6179826290060806,-0.5853998858513562,-0.2617666295356234,0.24655310462863986,0.8336034542904814,1.6724010240646148,-0.030549357402223237,-0.2927492179138964,0.5374775232692992
1.2264415268338535,1.4896636161479764,1.4896646738254873,0.8891327753161957,0.7564362758180523,-1.5756538803592004,-1.0220795393098967,0.8891369557916065,1.2271306815205212,0.8012545952909529,0.365742915479795,-0.47796145952080404,-0.7509217401975105,0.7117194475670482,1.9631153084430597,0.5374775232692992
0.09945032674099147,1.7017796486575185,1.7017785213600005,1.6971634082373943,-0.23384036346916137,-0.4127430084214063,-1.0220795393098967,1.6971717611073336,-0.46655831262218006,-0.6997741722586838,-0.8552863717354615,-1.000567410038271,-0.357090059539826,-0.7434310491018533,1.1392974333673493,0.5374775232692992
5.566398404236313,0.25977896774585746,0.25977781264288435,-1.6682140546381714,5.516713454146062,-5.139863884495468,-1.0220795393098967,-1.6682130296624023,0.591711313349992,0.23085306503736536,-0.4334866640841595,-0.987262834083164,-0.5060940362726619,-0.03440065999596551,1.4466741100029565,0.5374775232692992
-0.11018787802562272,-0.09570769607888152,-0.09570447990621016,0.0061239869641663055,-0.17882499461987172,0.034530403862360656,0.2725909621141842,0.0061269425861224715,-0.4287206778151727,0.006701409666261619,0.37458787179793424,0.8483435550992462,1.182684550287269,0.0789336866213303,-0.7967230937807046,0.5374775232692992
-0.5502794284576639,1.312922876062986,1.3129173631369815,1.328919946375137,-0.32939337252319073,0.7166223575951053,0.2725909621141842,1.3289158361621745,-0.3630957174993304,-0.34179435578902634,-0.6614439441962568,-0.749169409222926,-0.5134974497739202,-0.5745598027632041,0.596215022904858,0.5374775232692992
0.12769944653223733,0.06323594453756909,0.06323478564474469,0.11723900582409957,-0.3004379152340909,-0.5301522791458951,-1.0220795393098967,0.11724199110193972,-0.21087749814884413,0.21167467362915024,0.6804095700371868,1.3369823478882585,1.0345330561437729,0.09107366218856101,-0.9690335176527876,0.5374775232692992
-0.605290872261669,1.432907724644799,1.4329065921627437,1.465027683712014,-0.4133641986615802,0.7389860282092936,0.2725909621141842,1.465022620641244,-1.637897960996958,-3.3947545380842707,-2.0736379417939896,-1.7970005528067297,0.49870716804829657,-1.6391379820449958,1.8553284055397987,0.5374775232692992
-0.13992379359535523,1.4975136036872365,1.497514661516115,1.4458751065272368,0.026758752132736974,0.2889171570987531,1.567261463538265,1.4458744896731595,-0.4711441498705875,-0.6167771599670792,-0.8786109724775762,-0.9654158027668174,-0.511754216429695,-0.729337514247942,0.9537598997141313,0.5374775232692992
-0.3257732659061834,0.1406894468002847,0.14067953314029163,0.24690913483959795,-0.42494638157722014,0.20225793346877327,0.2725909621141842,0.24691166013351806,-0.029018352065997993,0.7674989440974584,0.6726757401319263,0.9794280247873398,-1.2915764437884223,0.155820198547124,-1.9080616877566665,0.5374775232692992
0.7030894128065613,0.013233318945885463,0.013234348154050264,0.06762550198773518,0.3452687823128349,-0.9886075267367562,-1.0220795393098967,0.06762699024791939,-0.2235995319122568,-0.42038370268681313,-0.563579080089201,-0.39658105592970705,-0.14426720906033327,-0.6090261701782151,0.609043817891764,0.5374775232692992
0.29124698216576617,0.012191323946251394,0.012187975003988886,0.3983155891860691,0.2265514074275257,-0.3288792436182,1.567261463538265,0.39832112244165985,-0.9145665991126841,0.14578680525171644,0.5466153762135636,1.5432277507373187,1.039120761481773,-0.5832670955838385,-1.524483150635574,0.5374775232692992
0.0667408196142857,-0.07132151058324385,-0.07132486113584705,0.01196808499162545,0.09914739535548651,-0.029765149153430846,0.2725909621141842,0.011965601660854168,1.5133333180168715,1.37280009976889,1.4127042390716318,1.0344737984560999,-1.2682701576280035,1.4791891673345015,-0.6047742907606897,0.5374775232692992
1.7185709295129266,-0.2740836678124574,-0.27408264414449773,-1.1080946498547293,1.0575730316246903,-2.2102230340367948,-1.0220795393098967,-1.1080949591628237,2.0380860855588625,1.1651729838370137,0.63050656798452,-0.3826977306177791,-0.5922675423051473,1.2375338835720875,1.30460641464349,0.5374775232692992
-0.0685575962279972,1.4603498450553298,1.4603443349720937,1.388953512605079,-0.007987796614182805,0.12118962749234051,0.2725909621141842,1.3889518913749068,-0.5795843424253907,-0.6977175421274081,-0.7291746478573454,-0.5487607465972477,-0.05857919026436782,-0.7212721051929314,0.7226198405268567,0.5374775232692992
0.12175226341829085,-0.25451561465756467,-0.25451240154711546,-0.1771084677099065,0.5827035320834534,0.33364449832712983,0.2725909621141842,-0.17710457180742697,-0.209035025488012,-0.3671089912903524,-0.7887574825507216,-0.9603202068376161,-0.8887418972556685,-0.6148589400484477,0.7031691489782997,0.5374775232692992
-0.2142635825196865,-0.3053391396712289,-0.3053381166059545,-0.14139893169242596,-0.5639325765648993,-0.14158350222437258,0.2725909621141842,-0.14139997217973693,-0.3115687333935943,-0.3643499946316267,-0.8113807003076147,-0.9614410265385542,-0.8828485849333961,-0.6946199749246434,0.549906235885746,0.5374775232692992
1.1045242729979503,0.4491002651058416,0.4491013027186341,0.3005011360128683,1.11548394620289,-0.9997893620438504,-1.0220795393098967,0.30050318101810536,2.144753358969664,1.4070015644468736,1.2055365682515362,0.06867911976279108,-0.7609671194520455,1.7369752692069367,0.9348708806851853,0.5374775232692992
1.4405401189359275,0.414642190968783,0.41464103885196835,0.31325962896448784,1.8277881955147455,-0.9438801855083796,0.2725909621141842,0.313263655743059,-0.06942372883058442,0.3900421253007299,0.8433518277427227,1.3822867962231218,1.2055025672796715,0.3612788195263239,-1.0896415690111283,0.5374775232692992
-0.09531992024075647,1.5562703007149215,1.5562713596767792,1.5434600690534555,0.07598302952420666,0.25257619235069706,0.2725909621141842,1.5434574998760027,-0.40893600606902897,0.11918099296040749,0.7225851871601718,1.4484894426046653,1.9479948412446944,0.10851615581963928,-0.9371683341144632,0.5374775232692992
1.8256202255639635,1.1106532584869608,1.1106543088561842,0.7413348635567542,1.4803227080455477,-2.0033590808555526,-1.0220795393098967,0.7413380154017655,2.647699012379881,1.506363296249304,1.6719452794983483,-0.18037670488494942,-0.669075281294885,2.633547349834181,1.8151980162364074,0.5374775232692992
2.6032144177124685,1.4917651186682468,1.4917639873211124,1.2447463381238493,2.1231338598635636,-2.844792187714389,0.2725909621141842,1.2447412162614047,0.6080323938417836,0.7254326566270708,-0.36213417059609193,-0.5936468295956525,-0.7923840800489074,-0.2461664866721631,0.2652752108766117,0.5374775232692992
0.6079344829834173,0.0638795296844019,0.06387837080398746,0.12437299955701009,0.25840241044553547,-0.8935619266264557,-1.0220795393098967,0.12437153541047488,-0.14084753972835293,0.10729123144483202,0.39831411307851344,0.9482203791606388,0.9707139459089704,0.11652574889503074,-0.4400547875744379,0.5374775232692992
-0.32131287857072355,1.4118182712278355,1.4118193274042892,1.4544770490537744,-0.4915439333421497,0.12957600397266114,2.861931964962346,1.454472972351195,-0.7391486303396911,-0.09778297142020509,0.24128623439386482,0.7751064111523793,1.839888354247617,-0.1396416895684405,-0.779275098431404,0.5374775232692992
-0.7777591825661175,1.225767437165022,1.2257684897539407,1.391669811383583,-0.8274272378957076,0.663508639886408,1.567261463538265,1.3916746205749406,-1.6396468841776535,-3.3709960439910676,-2.085792915293177,-1.8605856547994601,0.7458137225948336,-1.6355378513595413,1.8368488235331928,0.5374775232692992
0.24961670036814063,1.3669840283969419,1.3669850837088768,1.2216963766756683,0.34237323658392493,-0.13878804339759904,0.2725909621141842,1.2217031188703837,1.1991635601706803,0.8830613696947232,0.8021224732262323,-0.3428211868599554,0.03679082526230997,1.2726421347527226,1.3197959025469788,0.5374775232692992
-0.15330495560173485,1.593107888643161,1.5931067592501742,1.6115040458836618,-0.48575284188432977,-0.18071992579920218,0.2725909621141842,1.6115084191553193,-0.4511023039959641,-0.5653277603844705,-0.8555855272931341,-0.9899779987515321,-0.731674187523007,-0.7441008408572869,0.9162446242953641,0.5374775232692992
0.1381070169816437,-0.1791701821104953,-0.17916915661236124,-0.157283245525354,0.3076266878370052,0.0373258626891342,0.2725909621141842,-0.15727884973960657,-0.06712602840209862,0.23020537374857913,0.7543507353746574,1.4509004217552897,1.5464824213689816,0.2380371365265757,-0.6458764847452891,0.5374775232692992
-0.38821868860262165,-0.007087772612104166,-0.007088932860949388,0.07922862823385836,-0.3844087413724804,0.3588036277680917,-1.0220795393098967,0.07923259255106037,-0.15801056554137413,0.4729339929025965,0.8567831548089249,1.2964831762326299,0.5669732839055825,0.20359867710137433,-1.5350409256700432,0.5374775232692992
-0.07599157512043034,-0.17690668877095406,-0.1769056632291741,-0.14836476417539265,-0.06879425692129242,0.07646228626396381,0.2725909621141842,-0.14836630111388313,-0.15114285128955976,0.25269371998974716,0.56227863850323,0.9720471979988512,0.8151223937033799,0.2528283711257304,-0.8489127589135648,0.5374775232692992
-0.15925213871568136,1.677548886785776,1.677552137151362,1.6388945459480395,-0.08616753129475231,0.216235227602641,0.2725909621141842,1.6388964535698274,-0.6615067350373023,-0.09802690710039731,0.5397419892348252,1.2992941366797148,2.2433694488497533,-0.057787555456515614,-0.8907803012200598,0.5374775232692992
1.0212637094026993,0.4188342506836974,0.41883309864771634,0.1590241088836678,0.46688170292705417,-1.4694264449418057,-1.0220795393098967,0.15902512694550885,0.5414195997031603,0.2139878568033867,-0.4127708136899916,-0.6296142183555641,-0.8537226098354846,-0.16361465281499502,1.0310183718701718,0.5374775232692992
0.1663561367728896,-0.3441512643424727,-0.3441502420255952,-0.2646809115777058,-0.48864838761323975,-0.7845390323822876,0.2725909621141842,-0.26468693088862044,-0.4142994516355981,-0.7300894892039501,-1.1519765720863433,-1.507126030735854,-0.7655700320899874,-0.8317040208700155,1.0270595538018743,0.5374775232692992
-0.22169756141211963,1.4908194425341252,1.4908205002339232,1.4305289086941289,-0.1006452599393022,0.3196672041932621,2.861931964962346,1.4305297715203809,-0.4837764595972892,-0.4285891942739683,-0.752897154201428,-0.8031203325967032,-0.721368968635127,-0.6699772199226557,0.5665833217990955,0.5374775232692992
0.36409997531161076,-0.4288637065606223,-0.42886487494238446,-0.2636363334604077,-0.26858691221608116,-0.9438801855083796,-1.0220795393098967,-0.2636359227959644,-0.03561967634835268,-0.2617624237480339,-0.6544011206038185,-0.8229743815820192,-1.1691043806131927,-0.49700349908197655,0.7439258587521979,0.5374775232692992
-0.22764474452606612,1.2069086411107206,1.2069053152056586,1.222893289101739,-0.19909381472224158,0.2358034393900558,1.567261463538265,1.2228901397750305,-1.327252305964761,-1.5540831879552874,-1.215793570910934,-0.5962621646848677,0.5745068133194705,-1.1537901312640584,0.4732129119456012,0.5374775232692992
0.4280321937865357,0.08808840090489174,0.08808724249128617,-0.05409752419218317,0.5884946235412734,-0.23662910233467307,-1.0220795393098967,-0.054094584642961074,0.3053118404010122,0.5746383483923899,0.9461896608086108,1.213540247335995,0.8127997722593091,0.579714655767046,-0.9738000875376542,0.5374775232692992
-0.3480752025834828,-0.007799218777820705,-0.007798189975216934,0.05530620665361598,-0.17013835743314176,0.49019019262644825,-1.0220795393098967,0.055311648362208324,-0.08973022583674672,-0.37300550549086064,-0.7923461516857845,-1.0008995320420035,-1.0013939694887766,-0.5717410957924216,1.0056478744094777,0.5374775232692992
0.22285437635538138,1.3032384519487399,1.3032395060314976,1.2802164916561158,0.6811520868663928,0.23859889821682934,-1.0220795393098967,1.2802232494694734,-0.43604205488051206,-0.02151942505942335,0.49968083726726287,1.0455132639697362,1.7299367754097106,0.16475075528623623,-0.6233685707446913,0.5374775232692992
1.5133931120817723,-0.22594393664238846,-0.22594291204617184,-1.139447820314842,1.5671890799128472,-1.332448962429902,-1.0220795393098967,-1.1394496217670267,0.02395882286564787,-0.6160705876520397,-0.9101086660291875,-1.7442549747272045,-0.09533723218913703,-0.25241787638954183,2.2014604860285614,0.5374775232692992
0.7298517368193206,0.3988546532852517,0.398853500864013,0.2797322324609841,0.17153603857823604,-1.2066533152250927,-1.0220795393098967,0.2797352611072215,0.07368367535031338,0.06872836503651526,-0.1565650657671449,-0.020487115244756722,-0.4601981457226145,-0.2049184777333885,0.21023130395473844,0.5374775232692992
-0.4268753788432739,1.4983826625419734,1.4983837203876096,1.4971266987748186,-0.3004379152340909,0.5125538632406366,0.2725909621141842,1.4971290631517231,-0.35183465535693614,0.10552480065723326,0.5600438384806137,0.980790636831885,1.4126352651500964,0.22634368879630065,-0.705364416936807,0.5374775232692992
-0.24697308964639225,1.4674599285822447,1.467458796766444,1.4474597790120014,-0.6710677685345686,-0.18351538462597575,0.2725909621141842,1.4474646030933427,-0.8940836100575651,-0.5274840836539618,0.19520365698107428,0.9047521319679003,2.1484537378526727,-0.24161748433317762,-0.4701897695022279,0.5374775232692992
-0.004625377753072317,-0.14640206625015414,-0.14640104012016716,-0.09769481201585181,-0.08037643983693234,-0.06890157272826045,-1.0220795393098967,-0.09769781920698871,-0.40670507701670017,-0.07945835489266272,0.48449921013189656,1.1709635710650346,1.539346722906085,0.08487808845080164,-0.6846958414100837,0.5374775232692992
-0.41498101261538095,1.4882013206442883,1.4882001892284349,1.4800237104717096,-0.6189479454141888,0.18268972168135847,0.2725909621141842,1.4800310162043726,-0.7206315714377779,-0.9805861980358126,-1.1999324335016754,-1.3956371829564547,-0.3435251421266321,-0.9526572487053662,1.1083804197754972,0.5374775232692992
-0.16519932182962785,1.4790378940298594,1.479038951502479,1.448900030658579,-0.294646823776271,0.026144027382040025,0.2725909621141842,1.448903865940227,-0.49616707085300593,-0.0016849307872429749,0.6825443367125198,1.3602616082041032,1.8914858652612956,0.10089727460158407,-0.8311623779874934,0.5374775232692992
0.15743536210196984,-0.2165484691246796,-0.21654963341246186,-0.1001519446326779,0.6232411722881932,0.3056899100593944,0.2725909621141842,-0.10015099574325888,-0.03265739206655428,-0.0841940717184632,-0.5160306692780042,-0.6669750009002319,-0.8825306276991037,-0.39095313780501934,0.46785964452787354,0.5374775232692992
0.7090365959205078,0.06737984481972727,0.06737868600680785,0.05466323716853669,0.9446467481972011,-0.4211293849017269,-1.0220795393098967,0.05466125982487057,-0.5072935469403337,-0.6043196171269184,-0.6011257640643658,-0.3326373003946473,0.17011287248100265,-0.7420635576011769,0.4040569829685028,0.5374775232692992
6.248837666561674,1.5412336123693617,1.5412368601064412,-0.9685781850631091,6.984755138703422,-5.005681860810339,-1.0220795393098967,-0.9685804355033307,-1.3088258405185191,-2.6033767220896675,-1.5623291518733016,-1.4285360125847697,1.359450542968485,-1.1967684355710357,1.7299190273337441,0.5374775232692992
-0.17114650494357436,-0.1753480744017535,-0.17534704882991947,-0.019487960586099803,-0.019569979529822732,0.3028944512326208,0.2725909621141842,-0.019487979352069355,-0.2991918589574515,-0.3782795631281198,-0.8026272728162982,-0.8956014089714444,-0.8265120994375162,-0.6996155051005843,0.564456890812103,0.5374775232692992
-0.46404527330543954,1.2075478481273028,1.2075489003649014,1.3112194910428159,-0.42784192730613013,0.4594401455319393,0.2725909621141842,1.3112218058022824,-0.7929289745069338,-0.9317443867587069,-0.8945575361612932,-0.5992768813024627,0.103814809674127,-0.9508153213779241,0.6191198614211708,0.5374775232692992
-0.04922925110767108,-0.046898110980476394,-0.046897082931799096,-0.14086279406025212,0.18022267576496598,0.2665534864845648,0.2725909621141842,-0.14086828573286386,-0.9824767402239827,-1.168076002989063,-0.9451234141680428,-0.36394777595318967,-0.20786724205537108,-0.9289354573670995,0.3281366538820799,0.5374775232692992
-0.044768863772211204,-0.21797792865148852,-0.2179790929668344,-0.14296777723601942,-0.11512298858385211,-0.0269696903266573,-1.0220795393098967,-0.142975247838612,-0.19047084407844633,-0.3401709217794713,-0.7303868367832387,-0.7856097133013544,-1.0059849864818866,-0.652869622169294,0.6424661133656434,0.5374775232692992
0.0548464533863927,1.6123585273548882,1.6123573983331025,1.4803066170451444,0.02096766067491701,-0.08287886686212817,0.2725909621141842,1.4803055147885722,-0.5725743912316585,-0.7403852572230972,-0.7825782872388731,-0.5665317909718913,-0.4700092210528841,-0.8055263264284929,0.8330851149871239,0.5374775232692992
-0.12951622314594885,1.4931070155900446,1.4931102623991204,1.4829319109119143,0.22944695315643568,0.46503106318548637,1.567261463538265,1.4829317985401034,-0.5190553944039055,0.03896821205306565,0.527341728172228,1.1302198900148197,1.9086607233650852,0.0465325104522386,-0.8510565683819807,0.5374775232692992
0.02213694625968694,-0.2270012550978995,-0.2269980414569032,-0.114186484716224,-0.15566062878859185,-0.19190176110629636,0.2725909621141842,-0.11418257202027185,-0.455804295617478,-0.4672445880092545,-0.9581600355948342,-1.0707719139256333,-0.7899190171213614,-0.766259784766209,0.5284535432771896,0.5374775232692992
0.8012179341866786,0.24073847928615758,0.24073951288120277,0.20492025991245072,0.7014209069687627,-0.8292663736106642,-1.0220795393098967,0.20492079563163573,0.43887754537555845,0.12220495423727298,-0.39607512805532724,-0.8854646646344225,-1.019694045208733,-0.02745157053334355,1.3192731578257566,0.5374775232692992
-0.41200742105840765,1.4200250763825164,1.4200261327172183,1.4429847113958496,-0.49733502479996966,0.2945080747523002,0.2725909621141842,1.4429860721385188,-0.6871596369984103,-0.278711747733803,0.2837191926551441,0.8278146768910098,1.7484095884819415,-0.025442195267043322,-0.5463172500872202,0.5374775232692992
-0.3257732659061834,1.3800636925204997,1.3800625590194766,1.293610040622229,-0.28016909513172106,0.3420308748074504,2.861931964962346,1.2936069101693666,-1.2017588082697361,-1.7427716423715514,-1.205484144569006,-0.7862638226163788,0.5263690409915363,-0.9603040379132308,0.9636023764532049,0.5374775232692992
0.9513843078138278,0.10098199449280071,0.10098083632781654,0.12917845457011037,0.20338704159624585,-1.5924266333198416,0.2725909621141842,0.12917897007429463,-0.43956233225108077,0.2525675463620615,0.5572105896872523,1.1332183093769914,1.666042959477758,0.022168835348348327,-1.1803280461935608,0.5374775232692992
0.8547425822121971,1.5044398057436277,1.5044408637060611,1.1894925081276049,1.2197235924436494,-0.42951576138204756,0.2725909621141842,1.1894878661103119,0.8727436891727691,0.8313890633698698,0.5895779586741049,0.09999293341748038,-0.5102141653533047,0.6829463100732207,0.5945133220038584,0.5374775232692992
-0.10721428646864947,-0.040738081717933805,-0.04073705355047542,-0.008468452795663977,-0.4799617504265098,-0.2617882317756349,-1.0220795393098967,-0.008465995660379746,-0.3032779541874339,0.0748057281033729,0.47930810743636587,0.9257086816618227,0.9939448529345264,0.19522628015845656,-0.7776220572783905,0.5374775232692992
0.573738180078225,-0.11040945746027313,-0.11040843063625676,-0.03511508662499614,0.7101075441554926,-0.3931747966339915,0.2725909621141842,-0.035112142009483524,-0.3850906261265459,-0.6109016747045185,-1.0627238385567568,-1.347152606825467,-0.730289142745661,-0.8025401715188522,0.9189243861308842,0.5374775232692992
0.20203923545656863,1.443835537750205,1.4438365945440335,1.4109292204212658,0.11941621545785638,-0.2645836906024085,0.2725909621141842,1.4109315617926177,1.768529692245485,1.291035383241015,1.040033244788144,0.07539888643686352,-0.7932685614735895,1.460686170090653,1.23689081420678,0.5374775232692992
0.7120101874774811,0.44855737695477177,0.44855403642676095,0.37182326803315596,0.6637788124929329,-0.6978798087523077,0.2725909621141842,0.371833245546509,-0.24844335258883746,-0.29853362464321476,-0.845133878319649,-0.9296719977627073,-0.8920142486488574,-0.6843219266848548,0.6865143075211725,0.5374775232692992
-0.009085765088532193,1.6108108583113139,1.6108119183248528,1.5894966841851326,-0.23094481774025138,-0.2058790552401641,0.2725909621141842,1.5894916543343383,-0.3775371141987857,0.04615169725596728,0.539904425506839,1.2561681088144736,1.5297507707692386,0.050941972842175325,-0.6489364877543576,0.5374775232692992
-0.15181815982324823,-0.08227340340502798,-0.08227237603847665,-0.05998514630786307,-0.2570047293004412,0.0373258626891342,-1.0220795393098967,-0.05998270292205306,-0.030350997448464704,-0.10987040495248805,-0.3851015952047406,-0.2890989147987891,-0.6279573433986304,-0.42999641554882556,0.4487704253929276,0.5374775232692992
-0.35848277303288917,-0.19245561835582967,-0.19245459311387275,-0.1718677718145987,-0.05431652827674251,0.6215767574848048,-1.0220795393098967,-0.17186684206567276,-0.04925320894982518,0.49429098228218343,0.9452844539886905,1.330513612416405,1.2458555282482804,0.4425468858522449,-1.4058124523863371,0.5374775232692992
1.0227505051811858,1.231984382120822,1.2319832457644517,0.779044529264743,1.448471705027538,-0.524561361492348,0.2725909621141842,0.7790531316867011,-0.9609619247466877,-1.8060855687441983,-1.6817555713288854,-1.507149082186991,1.379109363251655,-1.2942231359865974,1.6734201939470865,0.5374775232692992
-0.20682960362725336,1.4976515147901293,1.497643816360997,1.4718233765773905,-0.0716898026502024,0.3196672041932621,1.567261463538265,1.471815842360129,0.7381788479289569,1.1347525222020094,1.129638314648664,0.9940024088791399,-0.9458785567427359,0.9091684754708567,-0.8263019643029392,0.5374775232692992
0.9781466318265871,0.007412594777761535,0.00741143480852042,-0.664821595002835,0.9649155682995709,-0.9075392207603235,-1.0220795393098967,-0.6648242589644197,1.7864967567130634,0.9665210186211751,0.649073006757819,-0.4894068208291455,-0.524574044354799,1.3148390153450273,1.6791307629428835,0.5374775232692992
-0.10721428646864947,-0.060277677026197886,-0.060278838300680274,-0.04477347747471028,-0.26858691221608116,-0.057719737421166276,-1.0220795393098967,-0.04476905166082926,2.7048344443152206,1.4707949506047262,1.6734694242848742,-0.5539351219955271,-0.5854747343937937,2.8022232402441625,1.5739951211656078,0.5374775232692992
-0.28711657566553117,1.3520524151773956,1.3520512811362435,1.344992205134473,-0.2135715433667915,0.33364449832712983,1.567261463538265,1.3449900775792671,-0.30902098807210393,-0.28567232619446,-0.6384817619971211,-0.7457982279883737,-0.8250588296461879,-0.5502519436389329,0.6661585446600742,0.5374775232692992
0.24961670036814063,1.5427528235663073,1.5427538822675135,1.6186934339106716,0.3452687823128349,-0.1359925845708255,0.2725909621141842,1.6186923685886507,-0.7614979141351564,-0.4151012334743749,0.14975400959133722,0.7459353701248466,2.1292961136651343,-0.14564190737753174,-0.3258795548998592,0.5374775232692992
-0.33618083635558976,-0.28425187531939067,-0.2842530409126675,-0.16801589000706213,-0.07458534837911238,0.5600766632957869,-1.0220795393098967,-0.16802138892666055,0.3679816456705312,0.37057353454883785,-0.21375404790184166,-0.43311398512477106,-0.9272462470764153,-0.1079382131445925,0.24610187989157548,0.5374775232692992
2.1601492757234544,1.6525059817525538,1.6525004753745787,1.3691975332881503,1.9522966618578748,-2.1766775281155124,-1.0220795393098967,1.369200358113627,0.08142046079492116,0.1850520381874832,-0.5871534841260637,-0.836268887057647,-0.48363000099140707,-0.4315871709679798,0.6736250354189123,0.5374775232692992
-0.1146482653610826,-0.37569569279778137,-0.37569686015432846,-0.39652724500424175,-0.013778888072002768,0.20225793346877327,-1.0220795393098967,-0.39653280491205134,-0.4015459449058198,-0.6051691862200016,-0.5861937853711516,-0.2192087283908575,-0.5298721771349842,-0.7848185979896765,0.5640606614356448,0.5374775232692992
0.7833763848448392,0.41095361623268345,0.4109502749795761,0.3258084149455892,0.26129795617444546,-1.2206306093589603,-1.0220795393098967,0.3258139288494814,-0.14238745459097366,0.026548521301210555,0.32974256407659647,0.8596447443016346,1.1094120036031996,0.07572426779321181,-0.22960346295233797,0.5374775232692992
0.19906564389959536,-0.0744781424939,-0.07447930404220363,-0.040539770711418954,0.11362512400003642,-0.2645836906024085,-1.0220795393098967,-0.04053781672780683,0.11948153627474556,0.34183959373723133,0.14797777026085404,0.3916189887780075,-0.86541292564947,-0.11667341395503661,-0.4976748805825465,0.5374775232692992
0.06376722805731246,-0.22873937280737314,-0.22874053733022717,-0.14129407820716686,-0.060107619734562474,-0.17792446697242864,0.2725909621141842,-0.1412911619301443,-0.37284120850999447,0.01815797506011644,0.3360003203301095,0.7873977274848684,1.128205894948921,0.07951975440733419,-0.7142587237294086,0.5374775232692992
-0.09978030757621634,-0.3200080650757413,-0.32000923135848874,-0.22068399348946477,-0.18172054034878168,0.012166733248172308,-1.0220795393098967,-0.2206855497294925,0.030764634487483362,-0.08390387237478626,-0.5163303150425369,-0.6655090995001558,-1.0733222710904595,-0.3938555687452309,0.5471750337452121,0.5374775232692992
0.08309557317763858,1.4397638766171812,1.43976274426733,1.4388914687354526,0.2265514074275257,0.06248499213009609,2.861931964962346,1.438890850017487,-0.5549192742870637,0.48095022404822324,1.1093917636260282,1.8694270570401363,1.5569971234951294,0.2198690351604443,-2.1620912923966014,0.5374775232692992
-0.3941658717165682,1.404377638867003,1.4043786948999823,1.4719480137391137,-0.6768588599923885,0.08764412157105798,1.567261463538265,1.47195185517212,-0.4853457608207707,-0.46222287762736664,-0.7501257816723395,-0.7886240989171414,-0.7040941688742166,-0.69699215405847,0.5737717568551559,0.5374775232692992
-0.6231324216035085,-0.0807301124917044,-0.08072908509539449,0.022413866164605913,-0.6421123112454687,0.5516902868154662,0.2725909621141842,0.022413858581964465,-0.10149137776515012,-0.22040691438027527,-0.6138028640758144,-0.729301131645576,-0.8966460654990094,-0.49605462742844586,0.5826431240522785,0.5374775232692992
0.028084129373633443,-0.22245894496294005,-0.2224557312343564,-0.21790438694627584,0.14547612701804621,0.08764412157105798,-1.0220795393098967,-0.21790594244444444,1.9213203370394838,1.0762331936814162,1.0024385096441648,-0.5332391652362772,-0.03390861169953063,1.8781338816645288,1.456628504162398,0.5374775232692992
0.5187267362742198,0.4338993968758858,0.4339004341955667,0.3448007443510082,0.3800153310597547,-0.6084251262955543,0.2725909621141842,0.344806263323831,1.28991525009281,1.2421304851500665,1.1664018520100528,0.863122893940668,-1.2496205723867766,1.184201715045702,-0.34269497352534056,0.5374775232692992
-0.45215090707754657,1.4053298821965006,1.405324371052339,1.4482372774970358,-0.3380800097099207,0.5237356985477307,2.861931964962346,1.448241112601799,-0.6240956371722562,-0.6393916798359328,-0.9163412947000713,-1.025042162611166,-0.5353250391431819,-0.8411927374053221,0.6728381377800514,0.5374775232692992
1.177377266143795,0.547995660270691,0.5479945107252717,0.4117051814168895,0.3973886054332146,-1.8300406335955928,-1.0220795393098967,0.4117023101813351,-0.14054985067631964,0.09394626742328233,0.4454931261480707,0.9634125464608916,0.9709407924771885,0.1282191966253058,-0.3785585980696081,0.5374775232692992
0.05633324916487933,0.22654458101383132,0.22654561433518192,0.25505209607217133,0.2091781330540658,0.09603049805137862,0.2725909621141842,0.2550575910916571,-0.31108690140575307,0.255784973868045,0.7810061622469294,1.328646111450716,1.514184058079099,0.2207620908343556,-1.236708010767281,0.5374775232692992
-0.0328744975443182,1.3881282084420374,1.3881292641616862,1.3586093096446292,-0.23963145492698132,-0.16953809049210802,1.567261463538265,1.3586086694998718,-0.6478521624969887,0.1098483502992607,0.5959720607335358,1.4476186993212927,1.2358892198033744,-0.17745701576061854,-1.2584589181170664,0.5374775232692992
1.7051897675065468,0.6208959070728208,0.6208991370634394,0.46880482842722326,1.0141398456910407,-2.226995786997436,-1.0220795393098967,0.4688029616152846,0.11404210349103942,-0.008258576789664079,-0.2763881277113427,-0.2399936239288502,-0.2327974212231162,-0.28610282008988064,0.5720269573202259,0.5374775232692992
0.0667408196142857,-0.17381572881405635,-0.17381908134300977,-0.2454650266282438,0.026758752132736974,-0.09965161982276943,-1.0220795393098967,-0.2454646111139955,2.372817949585567,1.5583846829440875,1.2197651966124998,0.03445254082013226,-0.4194170481126441,1.774344067562159,0.5246247162499408,0.5374775232692992
0.2525902919251139,1.3349426821581942,1.3349415477871227,1.25541171810558,0.03254984359055694,-0.4434930555159153,1.567261463538265,1.2554070936817001,-0.36257650049619294,-0.3466856867556391,-0.8606372482759022,-1.0734494710353126,-0.792446500021888,-0.6488229636468836,0.7766842962356955,0.5374775232692992
-0.46255847752695295,1.4194515413196926,1.4194504085781678,1.4377519289711274,-0.6739633142634786,0.21903068642941453,0.2725909621141842,1.4377483423967645,-0.39558173083762976,-0.6482196279863371,-0.9149067320035067,-1.101025502064937,-0.6816700907751085,-0.7319050493104368,1.192341424646994,0.5374775232692992
0.11729187608283097,-0.5559564496042247,-0.5559554313714921,-0.6803161704094227,0.09625184962657653,-0.12760620809050485,-1.0220795393098967,-0.680314881770061,3.597307613381314,1.8615799102726462,2.476378299580808,0.3157302093215973,-0.4984781806399697,3.592717051604639,0.6521007434668906,0.5374775232692992
0.16932972832986284,-0.11713645459026366,-0.11713980602629596,-0.6655911800172837,0.0846696667109366,-0.23662910233467307,-1.0220795393098967,-0.6655884036717861,0.1396670101616233,-0.48511497947712867,-0.9955693093836122,-1.442189523014562,-1.144768958068548,-0.5378328881736052,2.2071425543148235,0.5374775232692992
-0.16073893449416798,1.261946116490552,1.2619493588422555,1.2575483551636897,0.1512672184758662,0.4482583102248451,0.2725909621141842,1.2575511501907186,-0.3046773709460576,0.4148268315657763,0.9121309487011612,1.4788634185001948,1.4383719446691154,0.25441912654488447,-1.476033334705074,0.5374775232692992
-0.4833736184257657,1.505825483967931,1.5058265419570838,1.5141841846220605,-0.23673590919807133,0.6802813928470492,1.567261463538265,1.5141850697753676,-0.2034394450590221,0.6667114503021806,0.5563351605348417,0.8714360655928023,-0.9450228692900087,0.04605807462547349,-1.7188037688002828,0.5374775232692992
1.3453851891127835,0.0661474011541937,0.0661484313826771,-0.18120764547324278,0.7216897270711325,-1.8328360924223663,0.2725909621141842,-0.18120968576933066,0.193288598426701,0.06916576694582542,-0.44128599691278075,-0.5863537350651096,-1.0530135177241688,-0.26316245246628617,0.6717801358309823,0.5374775232692992
-0.08193875823437684,-0.23243451473884857,-0.23243567933295436,-0.14463554116193278,-0.2541091835715312,-0.0912652433424488,0.2725909621141842,-0.1446370771051176,-0.04268457482038068,-0.05468626599038485,-0.4871044277838891,-0.5410674081827191,-1.137882593568372,-0.4669745020467119,0.3545456893926488,0.5374775232692992
-0.16371252605114123,-0.18887649687599414,-0.18887547156502266,-0.06881460111373652,-0.288855732318451,0.028939486208813568,0.2725909621141842,-0.06881611682080004,-0.3991350461286928,-0.7277973349676613,-1.1074941328274146,-1.3138700725540422,-0.8387507165387295,-0.8483092748068023,1.0251833729473818,0.5374775232692992
0.4934512080399472,1.271785964228693,1.2717870177049664,0.9530657041771875,0.45240397428250423,-0.49101585557106553,0.2725909621141842,0.9530629774272753,2.3622767663423656,1.5930992537079927,1.3823148052062022,-0.09352728094719637,-0.2666440670954986,2.151353101901742,1.3501672318221298,0.5374775232692992
0.33882444707733816,-0.05184320909848766,-0.05184218114516448,0.0452422504363903,0.3452687823128349,-0.3037201141772381,0.2725909621141842,0.045244227314672224,-0.14530661569233733,-0.17231373329410424,-0.646037676138594,-0.7033730926746786,-0.9458038158450504,-0.5716294638331828,0.44371398243791516,0.5374775232692992
-0.3138788996782904,1.3117692387419626,1.3117659148588805,1.4414376278963665,-0.08327198556584232,0.509758404413863,1.567261463538265,1.4414379990420418,-0.758604661718812,0.2855871847273898,0.6892190080807765,1.4284289766285956,1.1356648904434883,-0.22610064199897023,-1.767242462502672,0.5374775232692992
0.13513342542467047,1.392066336602419,1.3920652033328376,1.3302652363746876,0.4292396084512244,0.1603260510671701,2.861931964962346,1.3302660724412103,-0.4238816657655033,-0.45310052434569587,-0.977306325592564,-1.2648352400295255,0.0012516563671602986,-0.7062017906956795,0.7255269128993975,0.5374775232692992
-0.49972837198911857,1.330814105331913,1.3308129708812322,1.3392272418128697,-0.294646823776271,0.6551222634060873,0.2725909621141842,1.339230553231512,-0.6292778958274826,-0.9023038736320608,-1.129472327539745,-1.3460417136024858,-0.6129241902395162,-0.8992971721891708,1.1353156757035727,0.5374775232692992
1.239822688840233,0.6820474413475639,0.6820441053218378,0.5439986259315114,0.29604450492136525,-2.045290963257156,0.2725909621141842,0.5439957900042266,-0.20496892689411828,-0.29302824868853194,-0.8826496717108431,-1.0503428770567396,-0.7706011108810846,-0.6667119851149178,0.8267211150897994,0.5374775232692992
2.021877268324198,0.6554853251173963,0.6554863667098196,0.35216422873090086,1.7669817352076358,-2.0956092221390796,-1.0220795393098967,0.35217073885307754,-0.8763420728683087,-1.0125207432030445,-0.8293307316644649,-0.13806935667010758,0.0022797739111570683,-0.9039857144772048,0.274734665885109,0.5374775232692992
0.09350314362704495,-0.015141343208015384,-0.015140314546986519,-0.18901626257357496,-0.11222744285494214,-0.2841519023898233,0.2725909621141842,-0.18901929413781973,-0.7115181480113083,-1.2520824043021526,-1.4880167180385862,-1.6353949014373954,-0.6296296162438724,-1.2054199124120508,1.1546287296792548,0.5374775232692992
-0.4075470337229478,1.3342509375786051,1.3342498031941952,1.271191178453249,-0.42494638157722014,0.35600816894131815,1.567261463538265,1.2711845798726313,-0.838008695370094,-0.965853324109721,-0.7261155672842623,-0.19874840506383845,0.055480761982865875,-0.9494757378670574,0.5371212346720274,0.5374775232692992
0.9855806107190203,0.37626131212721975,0.37625797020515617,0.2570087016744588,0.2757756848189954,-1.5868357156662947,0.2725909621141842,0.2570161755843244,-1.0393621272663178,-1.2520824043021526,-1.170587313285134,-0.4592863282608034,-0.3431462182731023,-1.1103932071099352,0.44562492025525485,0.5374775232692992
-0.315365695456777,-0.2655988513868657,-0.2655978275552971,-0.18122940751735314,-0.4944394790710597,0.11559870983879342,-1.0220795393098967,-0.18122452353063875,-0.1528914267026711,0.1884839608605322,0.6554691752518899,1.150779242990076,1.2866349275721483,0.25570289407613206,-0.8349355938741868,0.5374775232692992
0.1306730380892106,1.1724264872572838,1.1724275388176528,1.1156202602111103,0.2873578677346353,0.03173494503558711,0.2725909621141842,1.1156205443982254,-0.23875315662405341,-0.3825147912307673,-0.5927905422878799,-0.5184207224523347,-0.13291989759590433,-0.572327163578426,0.8641634008865873,0.5374775232692992
-0.3302336532416433,1.4158067478860987,1.4158078041394604,1.418106738242397,-0.5378726650047094,0.1016214157049257,1.567261463538265,1.4181031464248592,-0.5678358840138088,-0.7085390335952453,-0.7704827079425454,-0.599991390093526,-0.38341036304553466,-0.779181184048112,0.7883772336767547,0.5374775232692992
-0.2960373503364509,1.55684164671262,1.5568405166203272,1.546730310772951,-0.34387110116774067,0.2246216040829616,4.156602466386427,1.5467366451250895,-1.451710151794184,-1.9279188236374385,-1.3844774058864924,-0.9095099150083855,0.31077328954854766,-1.2920742207712488,0.6167209358454563,0.5374775232692992
-0.16965970916508774,-0.11507654430737362,-0.1150755175733506,-0.03783534213879314,-0.2656913664871712,0.06248499213009609,-1.0220795393098967,-0.03783734416973525,0.1799597102289448,-0.18885089009610026,-0.7147452345922899,-0.8702168078481095,-1.0016935728060918,-0.4934033683965221,1.3623474618823068,0.5374775232692992
-0.07153118778497046,-0.19728250695707572,-0.19728804900369604,-0.0943573057963787,-0.08327198556584232,0.05409861564977546,1.567261463538265,-0.09434695811157938,-0.33246608752522916,0.5985061929629208,0.39553188275552603,0.8390473101197279,-1.245829445714734,-0.14692567490877884,-1.8961546474244686,0.5374775232692992
-0.267788230545205,1.5325014315846133,1.5325024900881465,1.4852525361611388,-0.3641399212701105,0.15193967458684948,0.2725909621141842,1.4852539081848186,1.5364560369194888,1.2315991930259063,1.144161298762293,0.12091745188441445,0.013965097491120723,1.5087995445226203,0.9994910260107225,0.5374775232692992
-0.25292027276033874,1.3518904243581247,1.351889290313849,1.291152908005403,-0.31202009814973086,0.17430334520103782,1.567261463538265,1.2911512606728786,-1.2427675617928247,-1.8497752902241411,-1.2033612367456892,-0.699988560015386,-0.11211604293387965,-1.0585122540536553,0.9580843610315815,0.5374775232692992
-0.031387701765831576,-0.23422517001132898,-0.23422414557479568,-0.20976142571370243,-0.3351844639810107,-0.2645836906024085,-1.0220795393098967,-0.20976001148630544,0.8386996770574732,0.815079019097708,0.3362246445752248,0.21362637299218185,-0.42976032517897783,0.4529844740410823,-0.32915088024303885,0.5374775232692992
0.11431828452585771,0.1157341043720738,0.11573513555671547,0.06629406056170944,-0.17303390316205175,-0.3819929613268973,-1.0220795393098967,0.0662940646904097,-0.47448845684357577,-0.764947056745899,-0.8880470220035169,-0.6068244188454855,-0.11879465694790217,-0.9080881889792344,0.818086095240038,0.5374775232692992
-0.4967547804321453,-0.09753337639336641,-0.09753016025589883,0.027840528618675118,-0.604470216769639,0.35041725128777107,0.2725909621141842,0.027842006260505793,-1.4119843128890286,-2.18175913360297,-1.881198222188847,-1.5218733152224497,-0.036224042334314414,-1.6228955319757357,1.0500770048778123,0.5374775232692992
-0.07450477934194372,-0.07957866423580626,-0.07957763681729348,0.06897277035493209,0.03254984359055694,0.17150788637426428,2.861931964962346,0.06896980764630115,-1.3125549523233704,-1.3690285340163697,-1.3106220700443958,-0.7165985351693398,0.4376238681879049,-1.2348349336715014,0.2009616219633869,0.5374775232692992
2.005522514760845,0.877546280491093,0.8775473263654185,0.6798135648567214,2.053640762369724,-1.7881087511939897,1.567261463538265,0.6798157110980064,-0.019262080260225235,0.6660469358630363,0.9489144821868801,1.2121888406509822,1.1439775089726716,0.3922845962049292,-1.4217290559525895,0.5374775232692992
0.3090885315076056,1.5283225062604506,1.5283213756182359,1.499277184406453,0.39449305970430465,-0.200288137586617,-1.0220795393098967,1.4992805385413956,-0.6500135380324873,-0.34180697315179487,0.1456923229384736,0.673721708385621,1.742319839235838,-0.082625666387171,-0.23076643092920568,0.5374775232692992
-0.17114650494357436,-0.23678637620790852,-0.2367897299510968,-0.15614172739338245,-0.3844087413724804,-0.04933336094084565,-1.0220795393098967,-0.15613634211888397,-0.3683677001912678,-0.5412201859213369,-0.7288169876982173,-0.5542667100272399,-0.6331964022027219,-0.774911261607224,0.5736660956881005,0.5374775232692992
1.018290117845726,0.3154600282725217,0.3154632523735566,0.21477846589445104,0.7419585471735024,-1.198266938744772,-1.0220795393098967,0.21478296098107666,-0.2996940353489656,0.04865414087173219,0.4172563276027261,0.7505994457997534,1.163224766513984,0.21855735963938724,-0.6177991150180541,0.5374775232692992
-0.2380523149754725,1.309177385633629,1.3091784398309045,1.2768433748190076,-0.10933189712603215,0.3420308748074504,0.2725909621141842,1.2768451858116658,2.0152885293474263,1.5911856203547607,2.6654213756462575,0.37763816156824603,1.5584744266697785,3.328400480116728,0.2917419429455069,0.5374775232692992
-0.36889034348229555,1.5270878735297917,1.5270889319289378,1.4919156783942067,-0.32649782679428074,0.3783718395555065,1.567261463538265,1.4919185359723672,-0.35258026905735596,-0.36228915871276146,-0.6882874605110583,-0.7587477481277434,-0.7688849467909518,-0.6221708333785959,0.7303560453173892,0.5374775232692992
0.20352603123505525,0.10473405211753348,0.10473289402489855,0.06192978153375586,-0.3351844639810107,-0.7062661852326284,-1.0220795393098967,0.06193670878626856,0.9066023411657126,0.860249177809162,0.39765032170002274,0.2447010885700929,-0.45564807318022715,0.4878973692930488,-0.2291092189406506,0.5374775232692992
-0.19344844162087374,1.4528873220432446,1.4528861899464471,1.478832733148578,-0.3207067353364608,0.05409861564977546,1.567261463538265,1.4788341034588537,-0.6552420497764059,-0.8687122481545577,-1.1364369136937997,-1.3604000163715795,-0.48309238045167,-0.8970645330043928,1.0885147300905444,0.5374775232692992
-0.3956526674950548,1.476238079734624,1.4762347590229212,1.4275297033421899,-0.4828572961554198,0.27773532179165894,0.2725909621141842,1.4275251248554934,0.11850883034187515,0.6079271571634476,0.9830588954457049,1.1502051017059767,1.4401397887593315,0.5363456396027324,-0.9538252609893613,0.5374775232692992
-0.05220284266464433,1.2798264004338527,1.2798252649999986,1.392136706148133,0.19180485868060593,0.283326239445206,2.861931964962346,1.3921148074937473,-1.696420811709268,-2.9905026465547047,-1.781208554334949,-1.2365942142189896,0.6826378868205969,-1.4682294524502366,1.3679120516341456,0.5374775232692992
0.22285437635538138,1.2657616570039179,1.2657627103640272,1.2738896719229356,-0.27727354940281107,-0.6866979734452135,1.567261463538265,1.273887525390921,-0.5626461483555232,-0.5455269124130063,-0.8797726604274252,-1.0238827103219026,-0.6580454057274358,-0.758417639629676,0.6494814587467247,0.5374775232692992
-0.3436148152480229,1.3235288965949756,1.3235277620038173,1.3863618509882978,-0.39309537855921034,0.2665534864845648,1.567261463538265,1.3863602290664279,-0.5560048308009911,0.38713172028878146,0.8218569493114829,1.5404694434990693,1.0269397977205852,0.029090016821160337,-1.685088124559973,0.5374775232692992
0.16932972832986284,-0.12202901514526816,-0.12203017761047404,-0.1113772026583391,0.5884946235412734,0.2497807335239235,-1.0220795393098967,-0.11137576217282565,-0.3142529774918639,-0.8048179230945568,-1.1659931717118517,-1.4922183725626823,-0.3736784270394042,-0.7681854360630801,1.5126949609312363,0.5374775232692992
0.0013218053608741846,1.5175282261276868,1.5175249062121634,1.4564257411854764,-0.32939337252319073,-0.3204928671378794,1.567261463538265,1.4564241379632084,-0.4350307467458009,-0.15217642231547837,-0.31304871456440964,-0.09632463618408045,-0.04907621800843488,-0.48388674387140546,-0.043233847608557585,0.5374775232692992
-0.9963181620036514,-0.6397976439025123,-0.6397988163516193,-0.27200087186937766,-1.0416976218350462,0.8675771342408766,0.2725909621141842,-0.27200689313394266,-0.8355386761036614,-0.10079431533430203,0.2825476175102636,0.9355362437901495,1.547533830668902,-0.20932794012332523,-0.8565134115489931,0.5374775232692992
0.029570925152120068,1.5895725484658314,1.5895736080698415,1.5768291961452474,-0.18172054034878168,-0.23103818468112597,0.2725909621141842,1.5768251520976693,-0.4544247016111509,-0.4230754067441065,-0.7263815845885209,-0.7943663426876665,-0.4882396621257281,-0.6448321211040929,0.5808183835027998,0.5374775232692992
0.8919124766743628,1.2882499230359363,1.2882487877645095,1.1290711818389692,1.2197235924436494,-0.4994022320513862,0.2725909621141842,1.129070975024005,1.333175103188108,1.0448748414139486,0.7247101460606786,0.12152534017263222,-0.20979416473175774,0.9464535498566496,1.072147676285792,0.5374775232692992
0.13215983386769722,0.10268946529052041,0.10269268528879562,0.21101956736629518,0.26708904763226543,0.009371274421398764,0.2725909621141842,0.21101911552925892,0.006101652954661219,-0.0038298824578986133,-0.45813545532240163,-0.5240056398117161,-1.06054365455053,-0.4121073940807914,0.40153571288356604,0.5374775232692992
2.125952972818262,0.12785714703588363,0.127860367519456,-0.5770196604880535,2.5980033594048004,-1.4889946567292205,-1.0220795393098967,-0.577016860503387,-0.14518211489721125,-0.3286428579965946,-0.38247906296387135,-0.19399309688497893,-1.1462335675905004,-0.5062968596886152,0.5679701246166993,0.5374775232692992
-0.4001130548305147,1.4238581294168846,1.4238591858254974,1.3754254346390107,-0.16724281170423178,0.5908267103902958,0.2725909621141842,1.3754272719425868,-0.6041064780866316,-0.23524913878369438,0.2241011458361557,0.6630542483058142,1.4713454526140393,-0.014753435169918384,-0.43220040911022484,0.5374775232692992
-0.25292027276033874,1.2876588754521103,1.287659929234454,1.2562149353700174,-0.5349771192757994,-0.04094698446052502,0.2725909621141842,1.2562132787127729,-0.5040961717716492,-0.008233342064126953,0.547304501379109,1.3141122536172316,1.4871634938394356,0.05018845711731274,-0.7938194971044484,0.5374775232692992
1.9445638878428937,0.27249086892836805,0.27248971407051287,0.19983585506120832,0.5392703461498037,-3.1355199056988377,0.2725909621141842,0.19984133534383441,0.2828241451070547,0.31216355650557215,-0.1724567049211453,-0.5451894371605759,-0.6880212956354789,0.0005680512356208635,0.4689315492620816,0.5374775232692992
-0.3792979139317019,1.4568057486174988,1.456806805661426,1.4081337869369057,-0.3641399212701105,0.3615990865948652,1.567261463538265,1.4081296978656077,-1.2859582091388766,-1.9335419616446279,-1.3388179414151822,-0.7080692696354343,0.09521906383918638,-1.2079874474745456,1.0513546708320758,0.5374775232692992
-0.07747837089891696,-0.166981467492927,-0.16698263082493092,-0.05418457236862468,-0.013778888072002768,0.13237146279943468,0.2725909621141842,-0.05419103009146363,-0.3885083120597901,-0.7609936164117495,-1.1776592709802216,-1.557906381572239,-0.7278569669331184,-0.8426997688550473,1.2347039061044334,0.5374775232692992
-0.2380523149754725,-0.08029886666202393,-0.08029783925739849,-0.04768167791491506,-0.28596018658954103,0.17150788637426428,0.2725909621141842,-0.04767972583743205,-0.0616184331718989,-0.06083512744626435,-0.3393247114720889,-0.21924528707131416,-0.6301435969181417,-0.4104329146922078,0.261992068166064,0.5374775232692992
-0.2826561883300713,1.384216349063159,1.3842174047073772,1.3810855444753547,-0.12091408004167209,0.41471280430356255,2.861931964962346,1.3810878778816216,0.015431909469848975,1.0144333508409966,1.6556065578616967,1.3638238186061655,1.6029267120217903,0.9668263824177494,-1.945498412439399,0.5374775232692992
-0.0908595329052966,-0.2524994856771802,-0.25250065065818994,-0.18935654180875536,-0.2280492720113414,-0.04933336094084565,-1.0220795393098967,-0.1893580896876877,0.17763001518271712,0.44136114546806343,0.22718129742852122,0.3468654865111435,-0.4155238929595594,0.04153698027629798,-0.647647004432726,0.5374775232692992
-0.2633278432097451,1.595848598180014,1.5958430907095398,1.5007233711559698,-0.32939337252319073,0.17709880402781136,1.567261463538265,1.500722274348498,-0.5735975234642309,-0.3574735319227601,-0.37300421316246807,0.013069215054804297,0.1932784053005478,-0.6786566047534804,0.0518236652215404,0.5374775232692992
-0.49972837198911857,1.5373414545766109,1.5373425131734721,1.5080314612417633,-0.3699310127279305,0.5824403339099752,1.567261463538265,1.50802987179273,-0.34367289792449585,-0.4769936036417639,-0.8014200608207905,-0.8932996796358152,-0.9929503530911168,-0.6714284353927615,0.9912800411076971,0.5374775232692992
0.16338254521591636,1.3623344540708435,1.362335509293123,1.3587121847622419,-0.18751163180660166,-0.48822039674429196,1.567261463538265,1.3587125338290285,0.22977533005307374,1.0955840223808018,1.61672752360496,1.343069182772645,1.1421406443620161,1.0572203614114508,-2.01166454747238,0.5374775232692992
-0.2826561883300713,1.391530015646725,1.3915310714319695,1.4003508886159766,-0.23673590919807133,0.3028944512326208,1.567261463538265,1.4003571839003888,-0.4290969623412241,-0.6143251858023885,-0.8782174982780582,-0.9716771533703041,-0.7320829182900095,-0.733914424576737,1.0175437925135646,0.5374775232692992
-0.4699924564193861,-0.18805559745401354,-0.1880567611923805,-0.14820847313132723,-0.3207067353364608,0.5740539574296546,0.2725909621141842,-0.14821050462014823,-0.488664854643908,-0.6690508939172339,-1.1206887670535313,-1.3451031109166147,-0.7949616871246223,-0.8767196084331027,0.8133285621655115,0.5374775232692992
-0.3569959772544025,-0.35838237672192874,-0.35838354374463094,-0.25491766724273257,-0.27727354940281107,0.4035309689964684,0.2725909621141842,-0.2549236839479001,-0.08925934852780625,-0.17316330238718747,-0.6010818258618218,-0.7659619132228772,-0.8723826195434813,-0.445094638035887,0.5501627422715585,0.5374775232692992
1.4286457527080345,0.566337836955426,0.5663344986985233,1.2393810050668184,0.6898387240531227,-2.020131833816194,0.2725909621141842,1.2393798385087498,-1.220611289006563,0.04158421193374763,0.3780055027906665,1.4254356043051462,1.1443201954261697,-1.0652101716079894,-1.540954475328868,0.5374775232692992
-0.3302336532416433,1.1755940644935665,1.1755951161150144,1.166070613561901,-0.3699310127279305,0.2637580276577912,1.567261463538265,1.1660763517263706,-0.663490922988676,-0.8627105892643114,-1.1637534344552372,-1.4273978218206913,-0.40846967337812784,-0.8958365814527648,1.078906515281061,0.5374775232692992
-0.1443841809308151,1.3209655013332708,1.3209665557578512,1.272196189217619,-0.132496262957312,0.14355329810652886,0.2725909621141842,1.272196020601799,-0.7132336855039253,-0.40085202512107826,0.30826447075157215,0.9306359897927874,2.0194284133393747,-0.08153725478459205,-0.2310778533163167,0.5374775232692992
-0.46404527330543954,-0.6786207138993825,-0.6786196980319299,-0.5374918749130252,-0.3699310127279305,0.5153493220674101,0.2725909621141842,-0.5374964832593009,0.2603691399660074,1.0251370802563273,1.2790370694238238,1.208993918293861,0.47743975065915695,0.8176581768847664,-2.0791507519542987,0.5374775232692992
-0.07301798356345708,1.6548417142412293,1.6548427751037955,1.655526682751306,0.3047311421080952,0.43148555726420385,0.2725909621141842,1.6555320569564094,-0.738883457556776,-0.21366083108668382,0.4276598924560402,1.2707427525634971,1.840363171630761,-0.18873184364374787,-0.7464770380102606,0.5374775232692992
-0.33469404057710317,-0.659365697057405,-0.6593624917534991,-0.5125367454213632,-0.37861764991466046,0.2637580276577912,-1.0220795393098967,-0.5125294768982288,-0.34325731566143536,-0.8619367243478396,-1.2213236065978292,-1.6249340055587944,-0.9845969024465916,-0.8356669554229965,1.4124968932960356,0.5374775232692992
0.13364662964618385,-0.16623499628520597,-0.16623397053764852,-0.0616766506455332,-0.0021967051563628417,-0.25340185529531434,0.2725909621141842,-0.06167915363161085,-0.7852857385424626,-0.8140370094907865,-0.8338034001405995,-0.0534884805452348,-0.9167125141432763,-1.1000393428905269,0.06557421486315455,0.5374775232692992
-0.7554572458888181,0.19342183660319456,0.19342068022068656,-0.8377685162832855,-0.7434564117573181,0.7026450634612376,0.2725909621141842,-0.8377682588510298,-1.2936962117700288,-0.6532455441558146,-0.9484773874553802,-0.789753038612434,-0.018681115274851518,-1.1524784557430012,-0.4001697824287478,0.5374775232692992
0.5157531447172465,-0.15611275914590358,-0.15611173320316357,-0.1662650346400001,0.9272734738237413,-0.07449249038180754,-1.0220795393098967,-0.16626806013208845,0.9785112878433717,1.345449863074236,1.995229290413189,1.1836678726770233,0.7441288765672768,1.7196723155249065,-1.7210740936134628,0.5374775232692992
-0.5250039002233912,1.5021675561435852,1.5021664249970366,1.4643629521828243,-0.27727354940281107,0.7194178164218789,1.567261463538265,1.4643623402630341,-0.5381610499419942,-0.8984513722000597,-1.1721621017870063,-1.5315801536615714,-0.5630434865619187,-0.8760777246674791,1.4278504340641633,0.5374775232692992
-0.2618410474312585,1.5398917154475642,1.5398905850284335,1.5696675052652873,-0.43942411022177,0.06807590978364318,1.567261463538265,1.5696684052267358,-0.460681562101404,-0.7937777306720646,-1.0563023214743505,-1.3727291936831858,-0.6284428873742366,-0.7912653436357231,1.4265672069958442,0.5374775232692992
-0.08639914556983672,-0.3300887099776633,-0.33008768738962385,-0.2399335106889155,-0.34676664689665065,-0.17233354931888156,0.2725909621141842,-0.23993012614607956,-0.6639357177288051,0.3930787039403639,1.3669567162845242,2.1589316074838134,0.9526491672112536,0.08320360906221828,-2.1490699438355216,0.5374775232692992
-0.14587097670930174,1.4288141728605221,1.4288152293647003,1.3573471110862274,-0.12670517149949204,0.15193967458684948,0.2725909621141842,1.3573425138682484,-0.392922526005419,0.028891144988573675,0.5885177401154872,1.2326605972396172,1.5863279571949505,0.14454537066399517,-0.6238516925282676,0.5374775232692992
-0.1146482653610826,-0.05511148333053317,-0.05511045544023067,-0.001763764842021782,-0.3959909242881203,-0.16674263166533448,-1.0220795393098967,-0.001761800509343055,1.1670687853645507,1.0567646029295241,0.8031804824967732,0.2952178441506718,-1.07285957114499,0.9724358883695045,-0.08403713171267099,0.5374775232692992
0.9157012091301489,0.6833477460319812,0.6833465990964958,0.6319232192403694,0.2381335903431656,-1.491790115555994,0.2725909621141842,0.631919417595506,-0.24534752555472508,-0.14703274409349437,-0.6242785061870476,-0.6318594363105994,-0.8820503834985187,-0.6060958312481939,0.3770334443547952,0.5374775232692992
0.09350314362704495,-0.1474593847056652,-0.1474649257915685,0.47169126682331763,-0.010883342343092786,-0.1863108434527493,1.567261463538265,0.47174578427472164,-1.3596186872541123,-0.556045587174398,-1.2568712692123878,-1.076069872317323,0.07556908057875515,-1.486062657938651,-0.6739135363956215,0.5374775232692992
0.13215983386769722,-0.22093754470086932,-0.22093652000811667,-0.12076455714049673,0.3539554194995649,0.09323503922460506,0.2725909621141842,-0.1207581732399718,-0.16803496615452734,-0.3999814270900474,-0.868551016123561,-0.9959003797324705,-0.930217310812932,-0.6877825174212605,0.9284450133939927,0.5374775232692992
-0.2826561883300713,1.4728844319626926,1.4728876783818252,1.4384700764267697,-0.34387110116774067,0.19946247464199973,0.2725909621141842,1.4384679738202066,1.2644224951042036,1.0807838558532779,0.7225117330941436,-0.022956975182353682,-0.7739655993800744,1.0131257375120841,0.8904563481412465,0.5374775232692992
-0.3480752025834828,1.5719374398165622,1.5719384990805225,1.4856996472492248,-0.4625884760530499,0.20784885112232035,0.2725909621141842,1.4856990410240614,-0.5982565056698353,-0.2894659466002078,0.16936389070095603,0.6680151171132672,1.3718261179752693,-0.07132293051423222,-0.2508795901896305,0.5374775232692992
-0.13397661048140871,1.7025107964093626,1.7025074800607756,1.6813602074779688,-0.27727354940281107,-0.015787855019563125,0.2725909621141842,1.6813547075529145,-0.7578894776820055,-1.2169809010800114,-1.0724256355342747,-0.872474927587984,-0.11407240874826922,-1.0163153734613501,1.2433326697008824,0.5374775232692992
-0.32726006168467003,-0.20655319776264353,-0.20655436185769147,-0.10298298873467318,-0.6971276800947585,-0.057719737421166276,0.2725909621141842,-0.1029800622326672,-0.29111060972074215,0.28593205930973054,0.8196243831782398,1.2002350528105048,1.411693445906623,0.3231844134360484,-1.368796286954056,0.5374775232692992
0.01916335470271369,1.454623250687593,1.4546199295591011,1.376291959668133,-0.4017820157459403,-0.4239248437285005,0.2725909621141842,1.376290335058674,-0.10955019599268175,0.24351248568182313,0.08632083979456454,0.32792105918184716,-0.34226219715805606,-0.16406118065195066,-0.4149213326003617,0.5374775232692992
1.6635594857089213,1.054921849462415,1.0549185206266596,0.6912584216911327,1.0546774858957804,-2.1095865162729472,0.2725909621141842,0.6912630439471945,-0.20465071955462008,-0.2711833879485606,-0.5080170657722795,-0.2534378149914762,-0.6487359063631155,-0.5740016429670096,0.584780677267382,0.5374775232692992
-0.12505583581048899,1.4089484068485911,1.4089472739045392,1.3824624883572476,-0.14407844587295193,0.09603049805137862,1.567261463538265,1.3824653167230554,-0.6160975043881589,-0.04577420208819014,0.5604421752626253,1.2357974534719842,2.0813012576026897,0.007572956677861719,-0.8915025509080249,0.5374775232692992
-0.28116939255158463,1.2478091339114832,1.247810186925422,1.2162499305451353,-0.20198936045115157,0.33364449832712983,0.2725909621141842,1.2162452956692262,0.17428414325560013,0.338348790037929,-0.03870884970828185,-0.017922162467642506,0.11984400655779723,-0.055499100292117916,0.21924308928176364,0.5374775232692992
8.129634326347256,1.148699210364356,1.1487002614672024,-2.5842853230968013,7.534908827196318,-8.010800099591899,0.2725909621141842,-2.5842791021020832,-1.0660995424386008,-2.0160595141510274,-1.4756015079781175,-1.3448015334315058,1.7744376966372464,-1.1756141792952637,1.5765796489229265,0.5374775232692992
-0.07896516667740358,1.6192891075415299,1.6192923567837185,1.519994650399531,-0.2106759976378815,-0.054924278594392736,0.2725909621141842,1.5199940533274832,-0.46465619782066603,-0.6323511914110749,-0.8905395408229203,-0.9785657213469905,-0.7021289601483965,-0.7397751024367795,1.0214546459731328,0.5374775232692992
-0.3198260827922369,1.6264670520873283,1.6264659233375913,1.6036756451068657,-0.24831809211371128,0.3615990865948652,0.2725909621141842,1.6036666623039961,-0.6951163854399937,-0.9913403969022174,-1.0677172618075526,-1.058643963553764,-0.6666350500875373,-0.9543317280939495,1.0380907186703225,0.5374775232692992
-0.20980319518422663,1.4072803392231266,1.4072835843772449,1.4622955579923387,-0.15276508305968187,0.24698527469714995,0.2725909621141842,1.4622974184809923,-1.3883775015092732,-2.3996147249525612,-1.4481707076568615,-0.9223690867242338,0.12006253093805491,-1.2634964392060897,1.2927535951733335,0.5374775232692992
-0.18898805428541388,1.3825701720889472,1.382571227701423,1.416201570198916,-0.0398387996321926,0.31687174536648854,0.2725909621141842,1.4162014400172063,-0.12745153238685558,0.6955295068655776,1.0060708877556066,1.2740851289124686,0.9265297522893703,0.4183785666770222,-1.7130723456267776,0.5374775232692992
-0.10424069491167622,1.4561993775777957,1.4562004346100306,1.4276978645921337,0.1657449471204161,0.35600816894131815,0.2725909621141842,1.4276982320707545,-0.6837431682517108,-0.32360853025193814,0.24100651255021552,0.7989411984353135,2.0263697782591596,-0.2130117947782093,-0.4816957144831691,0.5374775232692992
1.4226985695940881,0.09221259960092239,0.09221363033200938,0.045839717465602434,0.8288249190408018,-1.8747679748239696,0.2725909621141842,0.04584515664764969,-0.1965213045075058,0.31287854039579066,0.8456455093422232,1.3651240771199178,1.6720207893352832,0.34512009342649275,-1.145042082371814,0.5374775232692992
-0.2781958009946114,1.3949821713492943,1.394983227201105,1.3738427405218923,0.01807211494600703,0.540508451508372,0.2725909621141842,1.3738371585224036,-1.3580965085382832,-2.2202883537105707,-1.3293037035441186,-0.7937216505164819,0.022228867323315367,-1.1899867940472726,1.1362388206367948,0.5374775232692992
0.4042434613307497,-0.18584245261235377,-0.18584142724287817,-0.09031550069478797,-0.010883342343092786,-0.7705617382484199,-1.0220795393098967,-0.09031603295621611,1.9855265794957822,1.4941160427886193,1.558972912671731,1.0419003078994986,-1.3832655363479638,1.797228619206134,-0.20798532720062882,0.5374775232692992
-0.10721428646864947,-0.33332195916770435,-0.33331874757684266,-0.2392094281303339,0.39159751397539466,0.5796448750832016,-1.0220795393098967,-0.2392080217624194,-0.13901758670055026,0.09856842798416575,0.48195979642886316,0.9273476633519898,1.2825455308175948,0.1820816169580757,-0.5218608607494076,0.5374775232692992
0.16932972832986284,1.424079224994538,1.4240737142119118,1.201145093564888,0.2265514074275257,-0.09965161982276943,0.2725909621141842,1.201145400578031,-0.4564961792261465,-0.5846491485707294,-0.6869512361385327,-0.5789604788345314,-0.4676921401994836,-0.6942571710571169,0.668142472099393,0.5374775232692992
-0.19790882895633363,1.3153855743289278,1.315382250515578,1.2523195294742602,-0.05431652827674251,0.3196672041932621,0.2725909621141842,1.2523158934091825,-1.3221465561780477,-2.7203186460162954,-1.835185294270407,-1.457321239938623,0.5136556572567176,-1.4577918642613992,1.948076665758328,0.5374775232692992
-0.48040002686879246,1.6350175404666785,1.6350229790773192,1.57003943838281,-0.3728265584568405,0.5433039103351456,0.2725909621141842,1.570041822219656,-0.8543506419169347,-1.321826979899177,-1.3173917157693513,-1.478237672344684,-0.30301570490121843,-1.0674707187825772,1.2458164022659441,0.5374775232692992
1.6977557886141137,0.947635767672361,0.9476390039633584,0.6940103310872721,0.811451644667342,-2.4087006107377165,0.2725909621141842,0.6940129757096264,-0.366042352239842,0.2723599827583467,0.5357439419402522,0.8636364429467801,1.319628653269886,0.14541051834809654,-0.9893440964621846,0.5374775232692992
-0.10721428646864947,1.3909302118023978,1.390933456641244,1.390286932398751,0.12231176118676636,0.3196672041932621,1.567261463538265,1.3902872898926346,-0.364441925817579,-0.4402518432597097,-0.7045985725642476,-0.8086648363726568,-0.8170581626173962,-0.6416506102657844,0.7628322562625675,0.5374775232692992
-0.1027538991331896,1.2041547971831164,1.204155849355288,1.1301592840444878,-0.08906307702366228,0.10721233335847279,1.567261463538265,1.1301640234403674,-1.206527745151199,-1.4671201179667646,-1.0029465970850435,-0.6641249001664022,0.3526474591366515,-0.8671192599385572,0.47354866420670527,0.5374775232692992
0.44884733468534843,-0.23452726099861784,-0.23453280376341212,-0.2082479744642081,0.13968503556022624,-0.7090616440594019,0.2725909621141842,-0.20825645167375276,-0.37945122698195294,-0.3487591400372729,-0.6067288689657644,-0.48925536694689703,-0.4163131497939372,-0.6574465324980889,0.30882707560268263,0.5374775232692992
-0.42241499150781403,1.3274079199969748,1.327406785480614,1.3797442112110971,-0.42784192730613013,0.38116729838228003,1.567261463538265,1.3797450604832397,-0.6288510111179373,-0.5580138957662937,-0.672041378541665,-0.5298381063888881,-0.2591928586516142,-0.784260438193482,0.4453023756400327,0.5374775232692992
0.13215983386769722,0.10869625999429328,0.10869948010839482,0.10914550378268612,-0.44231965595068,-0.6755161381381194,0.2725909621141842,0.10914304638794299,-0.17304421043663865,0.21570802392750074,0.5769702171485924,1.0555274374954113,1.0805446874363813,0.19893804280315008,-0.7510552251564954,0.5374775232692992
-0.315365695456777,1.2194257154970811,1.2194311460940501,1.1681083322376908,-0.4075731072037603,0.19946247464199973,1.567261463538265,1.1681091250255784,-0.3863561523652715,-0.43255525197088646,-0.705940883657523,-0.7858778599496005,-0.6911315904644382,-0.6263849398398643,0.6403153525046579,0.5374775232692992
-0.6246192173819951,-0.5525765330507899,-0.5525777038180513,-0.25129923281747096,-0.8071584177933377,0.39514459251614775,1.567261463538265,-0.25130327018872717,-1.3078305296926789,-1.1435814960676935,-1.080534255290085,-0.3195796113135512,-0.48682307819290144,-1.217001728183087,-0.06944198787386958,0.5374775232692992
-0.42092819572932744,1.4383037701786183,1.4383070159309475,1.4210564844031761,-0.18172054034878168,0.6159858398312577,1.567261463538265,1.4210533879649503,-0.6034215498296462,-0.11932080966614142,0.4180031627858867,1.0842231369577373,1.8635251043410936,-0.0139441034654364,-0.6658360182299292,0.5374775232692992
2.741486425111725,1.308336784625521,1.3083356497414198,0.9108493169707046,2.806482651886319,-2.4450415754857726,0.2725909621141842,0.9108569653864258,0.8977116628768916,0.9399446468429927,-0.037305144106583636,-0.5634010999786667,-0.7483578785761706,0.25840996908767544,0.15193275503185222,0.5374775232692992
-0.291576963000991,1.536619063085268,1.5366201216681996,1.5009073593470847,-0.3409755554388307,0.21903068642941453,0.2725909621141842,1.500907746364849,-0.6560080078804984,-0.6995302365784916,-0.9506827456261884,-1.0430568774898688,-0.6033506632251898,-0.8478348389800369,0.7073643143939583,0.5374775232692992
-0.3436148152480229,1.4577163997096159,1.4577174567711029,1.4284536010330575,-0.5002305705288796,0.16312150989394367,1.567261463538265,1.428462376778121,-0.31177635064133247,0.5138815408741716,1.0711219315559177,1.5185357163789082,1.3086919696208446,0.3051279440291558,-1.6281304992637322,0.5374775232692992
-0.07301798356345708,1.5589256367118882,1.5589266957249475,1.573475862984603,-0.15855617451750184,-0.015787855019563125,0.2725909621141842,1.5734792369226958,-0.07772563659943761,0.49972485984784437,0.8771140179123449,1.2028488468990062,1.3223411229426802,0.3487760400915669,-1.1701943061058275,0.5374775232692992
0.3477452217482579,-0.1964003137115872,-0.1963992885456941,-0.16605137093418912,0.6000768064569133,-0.07449249038180754,0.2725909621141842,-0.16604796667268518,-0.43804293567592495,0.1747688875311047,0.5363021191881304,1.10336734800685,1.6562507924319965,0.1041346014195125,-1.1173317461722454,0.5374775232692992
0.02213694625968694,-0.03272391429427766,-0.03272726410262065,0.07797829988133494,0.026758752132736974,-0.015787855019563125,0.2725909621141842,0.07798127468074516,-0.22626899588820004,-0.3567879885456682,-0.8231112999278007,-0.9753791971706688,-0.7987986887121363,-0.6696144160551294,0.7318130571999444,0.5374775232692992
-0.16073893449416798,-0.21919942699139566,-0.21919840226512768,-0.10772513598308874,0.13678948983131628,0.43428101609097736,-1.0220795393098967,-0.10772567289103659,-0.0645629813069056,0.40066594475185957,0.8117238243326986,1.1249334624554672,1.0099082061371851,0.3738095069508909,-1.2401642431528077,0.5374775232692992
0.029570925152120068,1.458292123837565,1.4582931809101534,1.5155453015627822,-0.15276508305968187,-0.20308359641339055,0.2725909621141842,1.5155526167759295,-0.23904736800024518,-0.28883507846177964,-0.4671823644836808,-0.4816812266603746,0.020194237405574165,-0.4391781441962251,0.7370231259307415,0.5374775232692992
0.13364662964618385,0.03565153489389492,0.03565256453434017,0.10932157850321551,0.20338704159624585,-0.054924278594392736,0.2725909621141842,0.10932357248385803,-0.35778947970035413,-0.36274758956001923,-0.8972117726017035,-0.9445820458210878,-0.8476487256125884,-0.7780927724455325,0.4878017995310901,0.5374775232692992
0.2436695172541941,-0.13975387546467374,-0.1397528492064927,-0.08978925490084615,0.20338704159624585,-0.2617882317756349,0.2725909621141842,-0.08978681946956106,-0.05873891757512844,0.22064561855759823,0.04205232877434455,0.3252955970437572,-0.7832327214191445,-0.29190768197030326,-0.515273721150604,0.5374775232692992
-0.5725813651349633,1.2827093992038485,1.2827060747604186,1.3033436094425062,-0.5610370308359892,0.534917533854825,1.567261463538265,1.303340481587471,-0.5960408783912091,-0.8870915399207638,-1.1116031696506963,-1.2958353897909614,-0.43182524614361223,-0.8988785523420249,1.1867810057306971,0.5374775232692992
-0.3094185123428305,-0.40559394427887824,-0.4055929231467725,-0.15246196357108252,-0.09485416848148225,0.49019019262644825,0.2725909621141842,-0.15245657731447873,-0.4902058128092812,-0.38611073961980763,-0.6534454783797292,-0.5213008886985097,-0.44451801759311405,-0.7789300121398245,0.19787381338404056,0.5374775232692992
0.14108060853861698,-0.21908559560488103,-0.2190823818112506,-0.6289597246765818,0.09625184962657653,-0.17233354931888156,-1.0220795393098967,-0.6289638628429947,0.8661468858690083,0.409212105133766,-0.42138363235271276,-0.8705851167128646,-0.92993783593131,-0.023181648092455567,1.3639240377170565,0.5374775232692992
-0.06112361733556408,1.6424625509577615,1.6424592334512909,1.590612483537701,-0.16724281170423178,-0.046537902114072105,0.2725909621141842,1.5906143782733166,1.0834804121407635,1.1467306052569648,1.0029268911787461,0.7293222346963915,-1.1205535288390436,0.9472628815611317,0.02824037079044988,0.5374775232692992
-0.24102590653244577,-0.48597203754897017,-0.4859710179667593,-0.3208705094706965,-0.19909381472224158,0.2609625688310177,-1.0220795393098967,-0.3208750600021227,-0.18973149019454127,0.08928625477409322,0.4589150034562933,0.9937234788295932,0.9658938588705818,0.24364664247833068,-0.5510226477174758,0.5374775232692992
1.5475894149869647,-0.08678725569335875,-0.08678622841384602,-0.4190806361731768,1.9725654819602445,-1.0053802796973976,-1.0220795393098967,-0.4190837291401235,2.181627851452365,1.5484337895072813,0.9377881506935604,0.4607242798096459,-0.9318453375296366,1.2610882269714963,-0.21932860959544503,0.5374775232692992
1.0881695194345973,0.6264495652956604,0.6264506063282002,0.5182521493812903,0.5595391662521736,-1.505767409689862,-1.0220795393098967,0.518252274134698,-0.03567253702114364,-0.2659808287003233,-0.6743233603498909,-0.6637662155275819,-1.160464247454757,-0.5325582780995671,0.9349577730923033,0.5374775232692992
0.22582796791235463,1.6955211114643383,1.6955221731113073,1.68996017163686,0.5711213491678135,0.1267805451458876,1.567261463538265,1.689958136151386,-0.5536687020544566,-0.08217108788790367,0.5151929301443743,1.1708377078620784,1.7984776651011463,0.03218780369004002,-0.6392434659555271,0.5374775232692992
-0.25292027276033874,1.4610831818722991,1.4610842389987062,1.4855947937639657,-0.4799617504265098,0.012166733248172308,0.2725909621141842,1.4855951766949047,-0.21981199515326802,0.702582612653204,0.6082839678418586,0.9747103219130939,-1.148000610611073,0.05205829243456423,-1.8725310349164752,0.5374775232692992
1.077761948985191,-0.36359454078522435,-0.3635935188432629,-0.6901387657737879,0.7535407300891424,-1.2989034565086195,-1.0220795393098967,-0.6901374797560138,-0.148925832940597,-0.44982842160104863,-0.6378435915492696,-0.9966682449755354,-0.39542675496469276,-0.2793769945457368,0.9140493745219342,0.5374775232692992
-0.5592002031285835,1.4550479293218976,1.4550489863319296,1.6092091394138404,-0.592888033853999,0.4790083573193541,0.2725909621141842,1.609213512073002,-1.185019885025587,-1.5429714971437734,-1.1405229956044505,-1.0246470873804472,0.1876658876442142,-1.290316017413236,0.5640710885244989,0.5374775232692992
1.2071131817135274,0.5642910610632877,0.5642942899624204,0.4742473178224636,0.5421658918787137,-1.7461768687923866,0.2725909621141842,0.47424594705513407,0.034855076812267675,0.030687016289299082,-0.420780553374514,-0.5238695013655172,-0.915875564767929,-0.3363092937575767,0.4385192067707708,0.5374775232692992
-0.553253020014637,-0.422900693159355,-0.4228996723609676,-0.2911791678335581,-0.7260831373838582,0.3392354159806769,0.2725909621141842,-0.29117975370420734,-0.3581595044098908,0.07028030065704845,0.6598549218337386,1.2816066284033336,1.6063643193799024,0.1820816169580757,-0.9606230277830191,0.5374775232692992
-0.27076182210217825,1.5646806889262537,1.564681748050285,1.5465245605377256,0.015176569217097048,0.5237356985477307,2.861931964962346,1.5465214975861223,-0.7756009329752329,0.1609360521491706,0.6122616698435456,1.4579335072989894,1.156425450807769,-0.19216452639034393,-1.539422388406563,0.5374775232692992
-0.3332072447986165,1.3809196169844848,1.3809206725651337,1.42007125731527,-0.2570047293004412,0.3783718395555065,0.2725909621141842,1.4200642038777445,-0.5560178720853968,-0.2573295236286789,0.3488715334357453,1.0407970794578236,1.8389742477188016,-0.08477458160251997,-0.2567472606574969,0.5374775232692992
-0.8996764364020208,-0.595976938224624,-0.595978109828756,-0.4091472522206134,-1.0416976218350462,0.6858723105005963,1.567261463538265,-0.4091473749841421,-1.2816632794746114,-1.0974187714851125,-1.1286188815413363,-0.4965311972716504,0.27509810528383855,-1.2600358484696836,-0.147961442642007,0.5374775232692992
-0.3792979139317019,-0.1550335500391397,-0.15503471314075729,-0.04341038216634218,-0.31202009814973086,0.41191734547678904,0.2725909621141842,-0.043406450580703394,-0.5859432727015922,0.03062813526304579,0.5552853745913198,1.1983004632437266,1.8857592783950636,0.005033329605176983,-1.1089789528608034,0.5374775232692992
0.3953226866598299,0.07725033946962226,0.07724918084703118,0.11389754286933367,0.1947004044095159,-0.555311408586857,-1.0220795393098967,0.11389854888718444,-0.08308438730362071,0.347521612770674,0.6687273199989314,1.0053298673037447,0.9073442317300345,0.39418233951199017,-0.9942316205777595,0.5374775232692992
1.0153165262887527,0.4071752898264473,0.40717632663081915,0.32162416737345784,0.23523804461425565,-1.681881315776595,0.2725909621141842,0.3216173153595112,-0.34319419584491195,0.24879495489426134,0.5930125816062453,1.0377944370073255,1.3677789299265464,0.19885431883372123,-1.045830417342217,0.5374775232692992
-0.2380523149754725,1.4332995673022244,1.4333006238928923,1.3937391839417153,-0.5233949363601595,-0.057719737421166276,0.2725909621141842,1.3937420153172007,-0.31808155082578254,0.013485345048158766,0.5446575724702843,1.2083808550469517,1.6777335949437755,0.10938130350374065,-0.4077280315695026,0.5374775232692992
-0.17263330072206098,1.4812532279366444,1.4812455291913114,1.4280005548420325,-0.1035408056682122,0.2246216040829616,1.567261463538265,1.4280048791377884,-0.7653181410470554,-0.35770905602777325,-0.5877883847284087,0.11359954273799452,-0.40147111322686346,-0.8666727321016016,-0.6268991830307111,0.5374775232692992
-0.30495812500737063,-0.30756760796876564,-0.30756658494646183,-0.27104334192852114,-0.46837956751086984,0.12118962749234051,0.2725909621141842,-0.2710424386489171,-0.20853215356132965,-0.32931578401091793,-0.6485889325626558,-0.7296307985207438,-1.0022275870613435,-0.5783831973671364,0.5177838508223525,0.5374775232692992
-0.15479175138022147,1.2499084473666282,1.2499073113558796,1.2162756493245384,-0.03404770817437264,0.25816711000424414,0.2725909621141842,1.2162799171122785,-0.5728013095803172,-0.22195885000080848,0.3055078520786521,0.8505944260187,1.8751245220238564,0.017117489192787806,-0.4231524765418385,0.5374775232692992
-0.2826561883300713,1.652337423737907,1.6523384845521842,1.635853794875526,-0.11222744285494214,0.4230991807838832,1.567261463538265,1.6358448206607978,-0.2990056294161386,-0.29989629982221955,-0.7095200943171377,-0.8600823085204018,-0.9180587511928,-0.6100308578113652,0.8560796264675826,0.5374775232692992
1.5951668798985366,0.9318285284027022,0.9318317643888956,0.6128022959379346,1.260261232648389,-1.7825178335404426,0.2725909621141842,0.6128034351102557,0.0052204098964225305,0.11010490334222148,-0.3819179712169138,-0.442408773247064,-0.8172842895857907,-0.3205412795150815,0.3637833949781809,0.5374775232692992
12.5602857462374,1.2379824205640937,1.2379834733885484,-2.102321332184305,14.269948192640936,-9.839030172301795,0.2725909621141842,-2.1023226487331725,-0.5687350371026313,-1.6705961215477838,-1.5783879157416192,-1.956023158666649,1.2290302408626033,-1.2436538584513748,3.175705106028493,0.5374775232692992
3.1354873064106807,1.388436866624702,1.3884313551548002,1.1832626284090981,1.0430953029801404,-4.888272590085849,0.2725909621141842,1.18326342524157,0.2550757695676447,0.387855115754179,-0.5658616688496209,-0.9541766285106763,-0.5425146919947859,-0.31219679056197364,0.49596690524315723,0.5374775232692992
-0.8431781968195291,1.5287712646111333,1.5287679449124043,1.8256939974885675,-0.7463519574862281,0.8647816754141031,2.861931964962346,1.8257063413988435,-1.9522518617789573,-3.223435986412728,-1.9338979529629796,-1.4357647529986182,0.9839124044605834,-1.711140595754088,1.0918027387758906,0.5374775232692992
-0.28116939255158463,-0.05161554632545837,-0.05161451836774527,-0.11819861430311877,-0.15276508305968187,0.38116729838228003,-1.0220795393098967,-0.11819865941432703,-1.1616060846550353,-1.9950936630172658,-1.4788439646050724,-1.0199902288786082,0.2364701234587842,-1.2445469141252858,1.109554509980476,0.5374775232692992
0.6852478634647219,1.5089602252273342,1.508961283276933,1.5187858677675818,0.5132104345896139,-0.7929254088626082,1.567261463538265,1.5187897217013102,-0.511512837155046,0.16418292016828068,0.5958593549243912,0.9695150994178573,1.4341144329499456,0.02649457376885571,-1.2005176707722496,0.5374775232692992
0.014702967367253813,1.6019757914656771,1.601974662243686,1.581084664952649,-0.16434726597532182,-0.1863108434527493,-1.0220795393098967,1.5810860625533079,-0.2804014547343956,-0.3874145337725591,-0.5347282609821157,-0.49749027731659223,-0.1343244964301588,-0.5419632706654445,0.823807786463946,0.5374775232692992
0.29868096105819925,0.02663258657773449,0.026633616044271384,0.07981422505719211,0.23523804461425565,-0.33447016127174706,0.2725909621141842,0.07982115708294776,-0.33047233596529135,-0.5942215211244788,-1.0317374780433564,-1.3315099026875177,-0.6917003767872208,-0.766259784766209,1.0648278599101693,0.5374775232692992
-0.4194413999508408,-0.20322144064196485,-0.20322260467276798,-0.0016173656361883437,-0.45969293032413994,0.344826333634224,0.2725909621141842,-0.0016183688166982273,-0.44845492326161446,0.22222278890366856,0.6143334493645707,1.14438817739111,1.4710806571814914,0.06297031645016725,-1.1743345555201876,0.5374775232692992
-0.16371252605114123,-0.22131406390241776,-0.2213108501517579,-0.09295464313508266,-0.3062290066919109,0.012166733248172308,0.2725909621141842,-0.09295220854861933,-0.28395911712026056,-0.22552535787672218,-0.7009602206025994,-0.7298575353544411,-0.8187577553075549,-0.6479019999831629,0.30937345505864083,0.5374775232692992
-0.4239017872863007,1.635665503743762,1.6356687533017293,1.632500461714882,-0.17013835743314176,0.6327585927918989,1.567261463538265,1.6324989054858245,-0.7327592703998764,-0.7485781314474839,-0.9974830960971132,-1.05975769124999,-0.6024507543706608,-0.9061067217027438,0.6137839724848668,0.5374775232692992
1.1877848365932013,1.4058574468916936,1.4058585029532074,1.076361532635992,1.5121737110635576,-0.7733571970751935,0.2725909621141842,1.076359827977031,2.092100651194031,1.5202802473830286,1.8370204057820663,0.4112603214814061,0.2399536926592995,2.4196605159324434,0.9079676011629291,0.5374775232692992
-0.11762185691805585,-0.10538336393262644,-0.10538014794652666,-0.02723326992174725,-0.3033334609630009,-0.071697031555034,0.2725909621141842,-0.027233290754890054,0.027130115465521038,-0.15565881443960164,-0.5861665962294067,-0.8205160305825052,-0.9028549119960663,-0.39628356385867686,0.7754455580798209,0.5374775232692992
-0.2187239698551464,1.4388641708506904,1.438865227548658,1.4106977514066372,-0.4075731072037603,0.017757650901719393,0.2725909621141842,1.4106966305719064,-0.2853199316770435,-0.06718586670644085,-0.20948611847287496,0.14638813931550954,-0.8059119950402558,-0.47643531059220895,-0.056319844120533036,0.5374775232692992
0.22136758057689473,1.5764031326721368,1.576404192022207,1.4083573424809486,0.3221044164815551,-0.10524253747631653,1.567261463538265,1.4083547372454468,-0.7565309236145196,-1.0371918932031738,-0.9331628363561488,-0.7649956136888819,0.047958444675588276,-0.902534499007099,0.9851447420259071,0.5374775232692992
-0.5651473862425301,-0.6012350726555505,-0.6012340552959053,-0.4908063551933296,-0.6334256740587388,0.45105376905161865,-1.0220795393098967,-0.4908119402636274,-0.02717657494033418,-0.29949254421362553,-0.7191063753500508,-0.8714398841046815,-1.442951935334187,-0.5035897846770717,0.8562853876876382,0.5374775232692992
0.6555119478949893,1.6434279286780107,1.64342898932049,1.1181466356955603,0.6811520868663928,-0.5748796203742719,0.2725909621141842,1.118150382701254,-0.6686719644573579,-0.955978134849526,-0.820790990824315,-0.7355752480340436,0.5523276655583378,-0.775720593311706,1.1758402089656514,0.5374775232692992
1.0138297305102661,0.21263745027291694,0.21263848332610255,0.15852358186912915,-0.051420982547832526,-1.9558362808004024,-1.0220795393098967,0.15852311602125196,0.7655836290952258,1.1144932433832875,1.588665514472256,1.2055943976246055,0.7585400001051474,1.2680094084443077,-1.5617175897945357,0.5374775232692992
1.6427443448101087,0.3563495757476578,0.3563528006371476,0.16852225195402373,0.5247926175052537,-2.582019057997676,-1.0220795393098967,0.16851882122246564,0.08356479571879635,0.5874113253017648,0.9934922653669304,1.2797056418296366,1.1983193482930956,0.5399736782779966,-1.290170475879606,0.5374775232692992
-0.01651974398096532,-0.26078290811124605,-0.2607796951216463,-0.19976869073174708,-0.294646823776271,-0.25340185529531434,0.2725909621141842,-0.19976430628509176,-0.4879771442462494,-0.655154971721457,-1.1185273459425866,-1.3785200636845614,-0.8781330919565941,-0.8330994203605018,0.766255121963761,0.5374775232692992
-0.3302336532416433,1.6360266994894335,1.6360255709240306,1.5939025089336605,-0.32939337252319073,0.3028944512326208,0.2725909621141842,1.5939083612837117,-0.5165810280426709,-0.07685917816233882,0.5048291503835014,1.1826972035186993,1.820407530488003,0.023229338961117837,-0.5787545332340096,0.5374775232692992
-0.18304087117146736,1.4759994716359683,1.476002718115167,1.3123075932483348,-0.2251537262824314,0.1267805451458876,0.2725909621141842,1.3123049623777725,-0.9840008316615246,-1.5010650296017876,-1.2006198591801314,-0.9134274536496457,-0.046820841209328355,-1.1865541113006763,1.1206259929258269,0.5374775232692992
-0.44025654084965354,1.4976143006829994,1.4976153585138197,1.4413169474699363,-0.44521520167959,0.3979400513429213,1.567261463538265,1.4413242428720132,-0.7813335338323784,-1.0028306085967884,-1.209940158351314,-1.4081094503055496,-0.4184082484934608,-0.9593551662597004,1.0013533040800762,0.5374775232692992
-0.4506641112990599,1.5079751459209576,1.5079762039515614,1.2811423677146299,-0.3728265584568405,0.4873947337996747,0.2725909621141842,1.2811407177103566,-1.5713835850846494,-3.4890987652924026,-2.0770851297583843,-1.8075456861759074,0.4650772749064954,-1.6096950527957357,2.1015147539436314,0.5374775232692992
-0.40606023794446117,-0.2458928871290802,-0.2458896738523628,0.010575314168561388,-0.6189479454141888,0.1659169687207172,0.2725909621141842,0.010573325058112133,-0.7887797594604279,-0.743072755492801,-0.9632134077882138,-0.942210536160938,-0.5371525994277692,-1.061693764891964,0.17899869714023342,0.5374775232692992
1.1714300830298483,1.5089317673807057,1.5089328254297556,1.3320615941976168,1.6337866316777767,-0.6251978792561956,0.2725909621141842,1.3320614415594887,0.19308619769272511,0.2931828371140645,-0.5646672992469364,-0.816384358141418,-0.7204637652476745,-0.335862765920621,0.5095582679949312,0.5374775232692992
1.6308499785822157,1.2173636161490657,1.2173668576411047,0.8811817157453229,0.8201382818540719,-2.274518587052586,-1.0220795393098967,0.8811863886906905,-0.27044365161360734,0.03944346605068151,0.47828289257151274,0.8636048474418923,1.3185870264668924,0.3224308977111858,-0.4339201836319049,0.5374775232692992
0.08309557317763858,-0.21277889897894456,-0.21277787412887242,-0.21619309893214173,0.05860975515074677,-0.09965161982276943,-1.0220795393098967,-0.21619712693379659,0.23229664503816863,0.5072111617571915,1.0574122199961538,1.4702020905855866,0.851180449237657,0.3221797258028983,-0.8726691430196344,0.5374775232692992
2.102164240362476,-0.14961123572381704,-0.14961239872087856,-3.4367896607090227,2.337404243802902,-1.6958586099104627,-1.0220795393098967,-3.4367900969387972,0.1867171821565833,-0.5295701542983642,-0.6127234780493109,-1.857411249140647,0.6197112537479809,0.15255496373938612,2.2078710602561014,0.5374775232692992
-0.8253366474776895,-0.5782148637980886,-0.5782138459945549,-0.39623444659257484,-0.6739633142634786,0.9011226401621591,2.861931964962346,-0.39623110376545356,-1.4402275617006857,-1.7372073853906151,-1.4022549888856666,-0.7712803780336255,0.3754391444254299,-1.314009900761693,0.5062987600191196,0.5374775232692992
0.08458236895612521,1.427964815591913,1.4279658720797133,1.3516790877792977,0.12520730691567633,-0.038151525633751474,0.2725909621141842,1.3516794349689958,2.132039671628271,1.4872732263804689,1.793005285128455,-0.5818248923019469,-0.3255994270966199,2.7092059102083463,1.3654693322852434,0.5374775232692992
0.13364662964618385,1.4748064311426898,1.4748074885337161,1.4542673420832564,-0.3004379152340909,-0.5413341144529893,1.567261463538265,1.4542701896133179,-0.4990255465109353,-0.18979298651615295,0.2438814426751583,1.0124532715653873,1.7150140753891416,-0.18965280730746864,-0.32478053973463034,0.5374775232692992
-0.050716046886157704,1.3280996645765637,1.3281029082038764,1.2794844956269487,0.24682022752989558,0.33364449832712983,1.567261463538265,1.279486307324505,0.14532936196677024,0.9116186674275698,0.7843880697524542,0.9448036200903054,-1.14985407393234,0.36727903733541467,-1.6626483342065557,0.5374775232692992
0.0488992702724462,1.2037432529395633,1.203742116038632,1.2132922709137706,0.12810285264458632,0.03173494503558711,0.2725909621141842,1.2132876352484812,-0.05360239035721785,0.5049484480340293,0.8471324102460221,1.1743375991272453,1.0384427286482456,0.32357512529338467,-1.187009029592052,0.5374775232692992
0.5826589547491448,1.300782320878174,1.300783374913571,1.18574943654062,1.0633641230825104,-0.06890157272826045,0.2725909621141842,1.1857462773004561,1.0376968096872816,0.8617884960669266,0.7455127376007792,-0.01485581558390797,-0.32688700819132605,1.1022917649541573,0.8999582066444174,0.5374775232692992
-0.4595848859699797,-0.4213398897250292,-0.4213388688965455,-0.20132368770181575,-0.6363212197876488,0.2497807335239235,0.2725909621141842,-0.20131732530200472,-0.5223703150160329,0.12310499278143044,0.5372705502569057,1.0776421427374714,1.2254621780547894,0.03866245732589637,-1.0585424289339564,0.5374775232692992
-0.3302336532416433,1.5227250667351053,1.5227261250501254,1.6156249856911085,-0.45100629313741,0.185485180508132,1.567261463538265,1.615623424958095,-0.7787221470429883,-0.12950302142037143,0.32385360438753213,0.9413875353618362,1.978105070314831,-0.16771712731702432,-0.735960971331208,0.5374775232692992
0.6138816660973638,0.2100521643599593,0.2100510082981265,0.17113567561491524,0.02386320640382699,-1.131175926902207,0.2725909621141842,0.17113274017290675,0.0504538440317776,0.055017497494677256,-0.40845854974852613,-0.521070506619179,-0.8503768426019378,-0.32143433518899284,0.4290083114572596,0.5374775232692992
0.7908103637372723,-0.12717550725480534,-0.12717229168891372,-0.11166802270235958,0.3510598737706549,-1.1479486798628482,-1.0220795393098967,-0.11166509851833333,-0.48173262950523366,-0.804948302509832,-0.8489172397961525,-0.5613991786545875,-0.5851165106930003,-0.9118836755933569,0.8149774324829833,0.5374775232692992
-0.5443322453437174,-0.33829551513234424,-0.33829449270255296,-0.19117070494050217,-0.7984717806066077,0.25257619235069706,-1.0220795393098967,-0.19117324248771017,-0.4061279567108016,-0.7100825576405995,-1.1210156815773387,-1.3479220472201132,-0.6704108314194533,-0.8440114443761043,0.9929400336532799,0.5374775232692992
2.176504029286807,-0.3450093778715831,-0.34500616650608473,-0.9979055070533103,2.832542563446509,-1.357608091870864,-1.0220795393098967,-0.9979023248083259,0.8428422845198801,0.4587562829383217,-0.4140608456253743,-0.7579262491986662,-1.0055415931713554,-0.1173152977206599,1.1140110477567455,0.5374775232692992
0.39234909510285665,0.14570678406743026,0.1457078158300217,0.11698973150065345,-0.05431652827674251,-0.7901299500358346,0.2725909621141842,0.11699222211992029,-0.3103971044025895,0.25460314755538965,0.6356265745677481,1.2663235656090475,1.5022994852686282,0.10469276121570695,-1.2012871899296869,0.5374775232692992
-0.39713946327354144,1.5272323518280604,1.5272334102299923,1.4832721901470947,-0.2106759976378815,0.5433039103351456,0.2725909621141842,1.4832804859308433,-0.6861425906985607,-0.7273767562087092,-0.6640439231853149,-0.25724861253791986,-0.20860620396372145,-0.8492581464603327,0.4501009219307189,0.5374775232692992
0.15000138320953674,-0.04540735763015959,-0.045406329552736754,-0.014971347249373592,-0.34966219262556064,-0.6196069616026485,-1.0220795393098967,-0.014972353993975295,-0.1275429952614873,0.23074792034762734,0.7804890272629187,1.268106348612133,1.365166200379947,0.40752235864103914,-0.8484845531312871,0.5374775232692992
1.7349256830762794,0.7038855550373737,0.7038844084979097,0.3325506918845129,1.2284102296303794,-2.076041010351665,-1.0220795393098967,0.3325502724833523,0.35539419796218497,0.4275829853247931,-0.08480145083306335,-0.3111569294241788,-0.5636766066106362,0.0013494749502928989,0.3285711159176701,0.5374775232692992
0.008755784253307312,-0.21914470036326364,-0.2191436756359404,-0.10003522094154044,0.15995385566259612,0.13796238045298176,-1.0220795393098967,-0.10003229365279419,0.2566518522590171,-0.15773647350882494,-0.698544917330933,-1.1064216132764888,-0.5961009719182967,-0.3382070370646381,1.4376108843709174,0.5374775232692992
0.42505860222956243,1.5267857825425029,1.5267868409358238,1.1921553909796563,0.4610906114692342,-0.3540383730591619,-1.0220795393098967,1.1921512442651132,1.095763910980562,1.0096681935020695,0.8068888847280329,-0.16217009199923868,1.0146345375512922,1.2809587157160205,0.5207819864375529,0.5374775232692992
1.058433603864865,0.26062394688421614,0.26062716992787144,0.20780867667619152,0.3221044164815551,-1.6790858569498215,-1.0220795393098967,0.20781415908671244,0.020302394485884032,0.48663224308166597,0.885812141331019,1.1282102032704373,1.1212131635789782,0.3829354196186708,-1.2415997057183976,0.5374775232692992
-0.7182873514266526,-0.268873692814287,-0.26887485811103323,-0.4059561452069737,-0.7000232258236684,0.6746904751935021,-1.0220795393098967,-0.4059547833426857,-1.1036309678877632,-1.0637640591937667,-0.7127288591911893,-0.11797202092280627,0.36425989393817015,-1.1323009791105698,-0.028037408312499405,0.5374775232692992
3.1607628346449532,-0.3741524018844578,-0.37415138014607885,-0.9241203073132573,2.800691560428499,-3.238951882289459,-1.0220795393098967,-0.9241166107834341,2.27917526773639,1.4380318652823587,1.4968490672217931,0.28094565949853806,0.1655955693720953,2.1742655615355266,0.5236035566814896,0.5374775232692992
0.6376703985531499,-0.09284877702526367,-0.09284993892780004,-0.02024171865937737,0.40607524261994454,-0.8069027029964759,-1.0220795393098967,-0.020244705178781724,0.2512642368453495,0.08964374671920249,-0.3896010831065212,-0.5722013576366168,-0.985872183265855,-0.20078809524154925,0.6802740424115841,0.5374775232692992
1.5520498023224245,0.06257046873948346,0.0625714988989945,0.1495239874456655,0.7651229130047823,-2.1794729869422858,0.2725909621141842,0.14952648674811606,-0.49833244571572227,-0.45555249851038654,-0.7934353679402999,-0.6861869951874224,-0.7016241879972602,-0.8616772019256607,0.281716644581857,0.5374775232692992
-0.4729660479763593,1.700269193721074,1.7002680663944307,1.681530347095559,-0.6565900398900186,0.25537165117747057,1.567261463538265,1.6815302877283935,-1.2657212656495445,-1.9509286875397072,-1.2891108352501346,-0.634465405295633,-0.29949570098503053,-1.136152281704312,1.0799839811293246,0.5374775232692992
-0.3763243223747287,1.3857990431487377,1.3858000988234742,1.4192561698449542,-0.46837956751086984,0.25537165117747057,0.2725909621141842,1.4192555458864538,-0.7501262619010023,-0.15278205572836936,0.35962992759502455,1.0431149004533107,2.15416826279254,-0.08424432979613547,-0.7241860074578294,0.5374775232692992
-0.17709368805752088,1.5032949246831053,1.50329817168863,1.4420093761461754,-0.18172054034878168,0.15753059224039656,0.2725909621141842,1.442011725812621,-0.5183177793579211,-0.03224418341270154,0.457755483185755,0.9026750150674844,1.6769529673156083,0.11379076589367737,-0.6991255421057323,0.5374775232692992
-0.07450477934194372,1.5440947204881048,1.5440935901500188,1.5539671796234742,-0.3004379152340909,-0.14996987870469322,0.2725909621141842,1.5539725267229993,-0.5973326610825381,0.017888804654387105,0.6088945683378557,1.1134522011275696,1.853533193174024,0.056495662814310905,-1.0769983762058264,0.5374775232692992
-0.4194413999508408,1.3241440238951798,1.3241472674462176,1.3014384413990252,-0.5089172077156096,0.29730353357907374,1.567261463538265,1.3014387751798178,-0.42879127463475536,0.058529330131927175,0.516181422982081,1.020043941584801,1.5527726189324695,0.1665368666340589,-0.7310407756705566,0.5374775232692992
-0.1087010822471361,-0.20310542019032493,-0.20311096234922588,-0.15704386304013987,0.13968503556022624,0.3392354159806769,0.2725909621141842,-0.15704886443933125,-1.1664513565212196,-1.2605780952329848,-1.1857618797164289,-0.5428070103146653,0.07895387718943998,-1.232016226700719,0.19614708746979106,0.5374775232692992
-0.3540223856974293,-0.22064858810433213,-0.22064756340600766,-0.14848148786653012,-0.49733502479996966,0.185485180508132,-1.0220795393098967,-0.14848994912478383,-0.5101530659010155,-0.8602628208872103,-1.2299191494561155,-1.5497138418940197,-0.5459402313677355,-0.8742637053298471,1.0321424120486506,0.5374775232692992
-0.0016517861960990664,1.3500078283503825,1.3500066942698057,1.3545833314842097,-0.2425270006558913,-0.23103818468112597,1.567261463538265,1.3545826902649445,-0.2887031886194567,0.030295878043473643,-0.20509289379623863,-0.03160352042658935,-0.9803904825500468,-0.4801191652470925,-0.055748439651324866,0.5374775232692992
-0.08342555401286346,1.3549682499242708,1.354964926874176,1.303994492398171,0.07598302952420666,0.2302125217365087,0.2725909621141842,1.3039933430850266,-0.5179434075535825,-0.6695345594900288,-0.7371568919209847,-0.521445332661639,-0.36084666728046877,-0.7865209853680697,0.7929088464927743,0.5374775232692992
-0.01057256086701882,1.6218349902822324,1.6218360505083447,1.4530110786277937,-0.26858691221608116,-0.23942456116144661,1.567261463538265,1.4530163987827847,-0.9131160605191901,-0.7191922935595016,-1.4027904915325455,-1.139711782770218,0.5006747080101572,-1.1840982081974203,-0.06544910798198182,0.5374775232692992
0.930569166915015,-0.3544880298640527,-0.3544891968116619,-0.27791421276446077,0.17732713003605602,-1.578449339185974,-1.0220795393098967,-0.2779147950947788,-0.11558709348595933,-0.2658630666478167,-0.6669398058500164,-0.8000797449989168,-0.9951311305713829,-0.5147250726111523,0.6119912083412076,0.5374775232692992
-0.39862625905202803,1.6473660568383923,1.6473671175568088,1.558665802783669,-0.6305301283298288,0.1407578392797553,0.2725909621141842,1.5586637322565724,-1.5226926456276648,-3.194331936293244,-2.0028792371504753,-1.6919684922490226,0.04615834841343192,-1.5549674847788635,1.996912979115689,0.5374775232692992
-0.6454343582808079,1.2977110625074038,1.2977121164835792,1.3758844159329748,-0.5262904820890695,0.7054405222880111,2.861931964962346,1.3758822966227016,-1.59970003897277,-2.473489383962495,-1.6393411036057373,-1.0734586807840651,0.7002830590621697,-1.3946360833219902,1.0700733807430705,0.5374775232692992
1.9207751553871075,0.6326292961443305,0.6326281482308638,0.332511124531585,0.9591244768417511,-2.685451034588297,-1.0220795393098967,0.3325107051198641,0.15627430337517118,0.5512878156953701,0.875462457367349,1.1572381659372044,0.7093587806268661,0.4785202847169809,-1.099643232640042,0.5374775232692992
-0.4878340057612256,1.427544515087859,1.4275411934372197,1.4557075937298338,-0.7260831373838582,0.216235227602641,1.567261463538265,1.4557069794999842,-0.7548225153573777,-0.964650468859118,-1.18902866788849,-1.4067231174049892,-0.21527074424215728,-0.9496710937957256,0.9817357791098525,0.5374775232692992
-0.4595848859699797,1.500011326995183,1.5000145739373913,1.5582701292543895,-0.3322889182521007,0.5433039103351456,1.567261463538265,1.558265585661472,-0.8702324919499436,0.20579077679141056,0.7841321515519558,1.665508870770874,1.6127095182627542,-0.22325402703837857,-1.7404684788822071,0.5374775232692992
0.0488992702724462,1.3274692138204827,1.327474646500806,1.233396442936465,0.6290322637460132,0.5153493220674101,1.567261463538265,1.233390328860719,-0.548244223276869,-0.3249922343688905,-0.34993688335984924,0.06761882765540274,-0.4264764649512942,-0.6618559948880257,-0.08643605728838559,0.5374775232692992
-0.6201588300465353,1.3656268080192673,1.3656278633050316,1.34067145019474,-0.2425270006558913,0.9318726872566682,1.567261463538265,1.3406648701579602,-1.4857345150409753,-2.150716215404717,-1.4629629013042693,-0.9108104868180916,0.0013489445487636575,-1.2986884143561535,0.8902644897063299,0.5374775232692992
0.2525902919251139,0.02045285572906437,0.020453885076440276,0.05976149059330386,0.2236558616986157,-0.2589927729488614,0.2725909621141842,0.05976792267507004,-0.23598562218937957,-0.33240283210162624,-0.8594692293101013,-1.0195879460271884,-0.8607533280998217,-0.6586465760599072,0.7127057644443179,0.5374775232692992
-0.16817291338660112,1.6313858814238362,1.6313891308992816,1.5920764755960353,0.04992311796401683,0.3643945454216388,0.2725909621141842,1.5920808436825993,-0.35464826899651003,0.21756277625447942,0.69531681093439,1.076242693913068,1.6537080009863714,0.14915018898259952,-1.0913828928497735,0.5374775232692992
1.2546906466250993,1.592508084798834,1.5925091444594488,1.386880183311654,1.1444394034919898,-1.2541761152802429,1.567261463538265,1.386879550712211,-0.24275700482038412,-0.37756457923790127,-0.7070297988085861,-0.8747157948763142,-0.5627115386117241,-0.5854439187889968,1.224135008841853,0.5374775232692992
-0.2722486178806649,1.3136737254009576,1.313674779684934,1.2728767476879799,-0.5436637564625294,-0.012992396192789583,1.567261463538265,1.2728736117015351,-0.46620098142946487,-0.6289613266139211,-0.8760921860835783,-1.02211366952369,-0.5722280390653098,-0.706452962603967,0.9354436754329073,0.5374775232692992
-0.533924674894311,1.3554936255543384,1.3554946806447092,1.3062775286621142,-0.5233949363601595,0.4985765691067689,1.567261463538265,1.3062808312866898,-0.5817498911718991,-0.6316950885471097,-0.9209388569307864,-1.014740467643336,-0.4049827787976821,-0.7612084386106487,0.7277812495096677,0.5374775232692992
-0.01651974398096532,-0.1954436922518391,-0.1954448561326674,-0.13892992886972147,-0.06879425692129242,-0.035356066806977934,0.2725909621141842,-0.13892206604128662,0.05236134923084595,0.7905761006011595,0.7274772129132011,1.009349489121689,-1.3952420036119013,0.25698666160737965,-1.920323944249163,0.5374775232692992
-0.2261579487475795,1.4750494173715962,1.4750482857021403,1.4762588768406144,-0.38730428710139037,0.05130315682300192,1.567261463538265,1.4762572789116828,-0.6443038898358958,-0.22616043180273981,0.21271573916901115,0.7616586863929872,1.7802008754178331,-0.07813248002780544,-0.4389599432447507,0.5374775232692992
-0.6127248511541021,1.3477990616389735,1.3478001165809732,1.3879010210171951,-0.6594855856189287,0.5153493220674101,1.567261463538265,1.3878984103220329,-0.6613161584011876,-0.7013597541799331,-0.953829612961215,-1.0417210451917929,-0.20404240654435404,-0.8514628776553012,0.6746093526067454,0.5374775232692992
0.7149837790344544,-0.07207017085609017,-0.07207133235796195,-0.038140010756338404,0.32789550793937505,-1.027743950311586,-1.0220795393098967,-0.038146464196987036,0.12954801676558103,0.24470272356965755,0.03203428250198268,0.27113098195580626,-0.8422102424485896,-0.21108614348133792,-0.25219062282822735,0.5374775232692992
-0.1785804838360075,-0.02262137874110281,-0.02262035022430813,-0.0267366996425014,-0.3033334609630009,0.04291678034268129,0.2725909621141842,-0.0267386987112872,-0.5234346577073271,-0.6693200643229633,-1.141381850344632,-1.3731439054621555,-0.7022118870871857,-0.8481139188781341,0.7680603986140452,0.5374775232692992
-0.06112361733556408,-0.26136957756482154,-0.2613685536517017,-0.18170421575248863,-0.09485416848148225,0.023348568555266482,0.2725909621141842,-0.18169933189249748,-0.17645789704266507,-0.2569215622324954,-0.7009517193660487,-0.8373293713653872,-0.9785146807115641,-0.5846066790947052,0.6057954321440635,0.5374775232692992
-0.5190567171094447,-0.25912140768115727,-0.259120383724687,-0.03399730890478138,-0.11222744285494214,0.8675771342408766,1.567261463538265,-0.033999309911377104,-0.7784559309573207,0.06327766432049622,0.4736652066185544,1.4749076736097015,1.0457500876820263,-0.3421141556379995,-1.318985388358459,0.5374775232692992
0.378967933096477,0.12439404600768804,0.12438632109864552,0.2433203759290323,0.47267279438487414,-0.25619731412208785,1.567261463538265,0.24330361117543525,-1.2758496487703588,-1.508399923157912,-1.3350020689309818,-0.666731465743289,0.3631123855490539,-1.3036839445320945,0.4548320397134814,0.5374775232692992
0.4993983911538937,0.11891262693398277,0.11891146911474697,0.07469223122066816,-0.36124437554120054,-1.2877216212015254,-1.0220795393098967,0.0746971835112222,-0.044219620936823294,0.34382472547948517,0.793289028974702,1.1933001506520704,0.9963987256747988,0.39873134185097564,-1.0224813848407168,0.5374775232692992
-0.0031385819745856918,0.033782073276904384,0.03378310288130164,-0.045169151003989834,0.009385477759277084,0.01496219207494585,-1.0220795393098967,-0.04516967121614757,0.8575855434823785,0.7510837551355586,0.41721419789035663,-0.05801812025801832,-0.47816752752285857,0.5608209466658619,0.4575535099044182,0.5374775232692992
0.692681842357155,0.22318436604652397,0.22318758836824854,0.1700693354535068,0.956228931112841,-0.3791975025001238,0.2725909621141842,0.17006442135872457,-0.02694148405344809,-0.021157727326724555,-0.5214822259014611,-0.577014280467268,-0.9763975097023105,-0.42410782969897337,0.4675079040638598,0.5374775232692992
0.16040895365894312,0.07252852599438972,0.07253174541108501,0.11745464789755693,-0.048525436818922546,-0.3484474554056148,-1.0220795393098967,0.11745713864090697,-0.34799408404136434,-0.01330552189708911,0.35977410168591434,0.7345976928076349,1.1930830171536022,0.15325266348462932,-0.592140134765728,0.5374775232692992
-0.2781958009946114,1.3459514906732357,1.345954734644777,1.42932012606218,-0.6102613082274589,-0.06610611390148691,0.2725909621141842,1.42932296693399,-1.2943524492013219,-1.316876767906311,-1.0633161307288583,-0.44568664284382664,0.06947048114959457,-1.1015742823300616,0.12894728036173375,0.5374775232692992
0.4503341304638351,0.09071090092497917,0.09070974256194209,0.021288174973805554,-0.16434726597532182,-1.0053802796973976,0.2725909621141842,0.02128618872254996,0.05190612146319226,0.00016140996455668246,-0.44082648496512233,-0.5323684065043164,-0.8756668698728538,-0.31013159931605405,0.4704983931472339,0.5374775232692992
-0.232105131861526,-0.32303335307888054,-0.32303451941996325,-0.2301544394127711,-0.5204993906312495,-0.06610611390148691,-1.0220795393098967,-0.2301470955236151,-0.4549819991647529,-0.1178656071601672,0.38727854050659427,0.7719851870676032,1.3879224831059642,0.1950867402094083,-0.5761039672472812,0.5374775232692992
-0.3198260827922369,-0.2733787888421167,-0.27338214329090016,-0.18171410759072062,-0.17592944889096174,0.43148555726420385,0.2725909621141842,-0.18172158853445963,-0.20338727992139943,-0.3682613770898811,-0.8072115724820873,-0.9622483418237026,-0.8269898277159978,-0.6087191822903082,0.7249339591132241,0.5374775232692992
0.0607936365003392,1.4887310744046065,1.488729942998968,1.4760511482377427,0.32499996221046507,0.19946247464199973,0.2725909621141842,1.4760544961738056,-0.8823624514013391,-1.3253682530495536,-1.3460771080217095,-1.4758932267727964,-0.2769599083305578,-1.1251844417090897,1.268361853786417,0.5374775232692992
0.9974749769469132,0.6550518902225906,0.6550507427414887,0.5374878180072161,0.487150523029424,-1.4051308919260141,0.2725909621141842,0.537489431670631,-0.175955720651151,0.5685862200510694,1.037586591129765,1.7052661240951066,0.6290229837253901,0.2653590585502969,-1.6209476253217272,0.5374775232692992
-0.05220284266464433,1.2959838901235565,1.2959849440664277,1.2494014371958233,0.2091781330540658,0.3000989924058473,-1.0220795393098967,1.2494002733121436,0.04731454604964633,0.7472060189780203,1.1588074759492382,1.0930681920129457,1.2263948504346036,0.6424797248491186,-1.6358924242067716,0.5374775232692992
1.3528191680052166,0.23870483778477092,0.23870149321026732,0.15511287604673935,0.3134177792948251,-2.240973081131304,-1.0220795393098967,0.15511290388061028,-0.8670638076069516,-0.7550003690966822,-0.7691615569475456,-0.3323889210406094,0.24122428014857966,-0.7130113402092527,-0.07464510521209727,0.5374775232692992
1.0316712798521055,1.3817405164064656,1.3817415720029433,0.9713082322446218,1.8654302899905753,-0.13878804339759904,0.2725909621141842,0.9713060049555666,1.9912202303835027,1.4385323540055117,1.4303380853142251,0.13870407717362315,0.3861356482965068,1.7917865611932378,1.0026254089202842,0.5374775232692992
1.415264590701655,0.12367822171172094,0.12367487491921049,-0.2410295263650199,0.9851843884019409,-1.7098359040443305,-1.0220795393098967,-0.24103306640331393,0.6345375002678537,0.2277155474955828,-0.5756690771543683,-1.0496150733840302,-0.5176370463632353,-0.177736095658716,1.6420277051034844,0.5374775232692992
0.004295396917847435,1.25827724334058,1.2582761074912032,1.168577205369887,0.006489932030367102,-0.0018105608856954093,0.2725909621141842,1.168576514506783,2.0883117233647055,1.6347323450566598,1.708921740504059,0.7520073156670306,-0.7987062774800919,1.9496899675366655,0.3273407194328788,0.5374775232692992
-0.13695020203838199,1.3276027467931248,1.3276038013456881,1.3751128525508798,-0.3236022810653708,-0.054924278594392736,-1.0220795393098967,1.375105787114245,-0.6368974835962316,-0.9455898395034095,-1.1794683945906086,-1.5255104530590342,-0.5739854745555489,-0.9050462180899743,1.2166761646148414,0.5374775232692992
1.2502302592896395,0.7889876508478235,0.788986505949345,0.5783866123611981,0.8143471903962519,-1.5644720450521061,0.2725909621141842,0.5783897207163691,-0.09950771146515269,0.1913438964214064,-0.010496101467388478,0.33063971224438093,-0.6128023925705135,-0.3487004412330949,-0.3644500517106677,0.5374775232692992
-0.25589386431731204,1.2262468424274588,1.2262478950256215,1.207347276136345,-0.5060216619866996,-0.0074014785392424965,1.567261463538265,1.2073451118445928,-0.5750630160638432,0.09217983663568358,0.5740165069924286,1.3172820013811457,1.9334832414410772,0.007433416728813478,-1.1089754771645186,0.5374775232692992
0.02511053781666019,1.4024950428592609,1.402496098855939,1.4089330474660504,0.18601376722278595,0.13237146279943468,0.2725909621141842,1.4089334099364623,-0.6079355730719265,-0.3272465365168737,0.18307444421874822,0.8313030999329151,1.7807021519433728,-0.1769825799338534,-0.16758800442257085,0.5374775232692992
2.1244661770397752,1.5814423605905352,1.5814434200377745,-0.635500208115573,1.7901461010389157,-2.2661322105722657,0.2725909621141842,-0.6354949507787704,0.8270466808477407,0.504670866053121,-0.40013356825884255,-1.177106531394616,0.7807583922623461,-0.07352766170920058,1.8888619232947892,0.5374775232692992
-0.2767090052161248,-0.6987798146381012,-0.6987787991593677,-0.5405187774120139,-0.34387110116774067,0.18828063933490555,-1.0220795393098967,-0.5405184406457143,-0.39512406869688704,-0.09212618711229954,0.3782884371044296,0.8794767510762461,1.229888746510876,0.14493608252133142,-0.6063466957598975,0.5374775232692992
-0.3807847097101885,1.4469308758373531,1.4469275545605327,1.4136771730821123,-0.35834882981229055,0.36998546307518587,0.2725909621141842,1.4136765476346136,-0.36262883951760766,-0.38726312541933633,-0.6725588268665716,-0.7727631271415941,-0.69862864491825,-0.5861416185342401,0.6674661016023863,0.5374775232692992
-0.4313357661787338,1.521982973657635,1.5219862210235129,1.5177056790326486,-0.5610370308359892,0.2693489453113383,0.2725909621141842,1.517704092165602,-0.9193264940369591,-1.3727843023338118,-1.1055086286352458,-0.886114870957171,-0.03805778440672317,-1.1223936427281171,1.0622537592417047,0.5374775232692992
-0.27968259677309804,-0.20753389893876972,-0.20753506305272806,-0.11560101758339844,-0.4017820157459403,0.13796238045298176,-1.0220795393098967,-0.11559710526497602,-1.1692581886929023,-1.9650475164777288,-1.603023752166198,-0.9952517128774044,-0.4131145004684701,-1.377668025517677,1.2659392934759661,0.5374775232692992
0.9112408217946889,-0.295111827405913,-0.2951129932085974,-2.081107295911981,1.1849770436967295,-0.5692887027207247,-1.0220795393098967,-2.081108359502937,1.825417165893325,1.011989788251485,1.237212689564013,-0.4615990233612632,-0.405461871211369,1.9282287233729862,1.4932783312062696,0.5374775232692992
-0.4952679846536587,1.089351465752845,1.0893525157113153,1.0627602550670072,-0.6884410429080284,0.2665534864845648,0.2725909621141842,1.0627585467779523,-0.48538418913881937,-0.6159822661126597,-0.7248720334694506,-0.527266492496462,-0.49765893116254495,-0.7400820903246864,0.7722173313705718,0.5374775232692992
-0.267788230545205,-0.3898348644419756,-0.389836032071162,-0.3534700515480397,0.08177412098202662,0.5824403339099752,0.2725909621141842,-0.35347362159598683,-0.18328596578988623,0.6782899835361316,0.6261114836194697,0.9562690521497366,-1.2926217288884092,-0.04034506182543685,-1.8519653399997797,0.5374775232692992
1.1387205759031427,0.4043470176845834,0.40434805443441896,0.23840413232773372,0.25550686471662554,-1.8943361866113844,-1.0220795393098967,0.238407149943767,-0.10759330779666394,0.41204680596910304,0.9041148234615131,1.4034308336549632,1.0166118347546076,0.28464347950881724,-1.2430073627137097,0.5374775232692992
1.1223658223397897,0.04456321901891655,0.04456205976603433,0.045877306450883996,0.1657449471204161,-1.9502453631468553,0.2725909621141842,0.045882251050919906,-0.1842809288481423,-0.14073247428439212,-0.6355705230797678,-0.6481202143827123,-0.6944739430965283,-0.5647082823603707,0.35364756947267684,0.5374775232692992
-0.11910865269654247,1.402619819571402,1.402620875570486,1.3432176093556543,-0.12380962577058206,0.10441687453169925,0.2725909621141842,1.343219438063169,-0.5536895681095056,-0.6664180708861939,-0.7532560597967155,-0.5786711270114143,-0.5304828409012241,-0.7936654307593596,0.739747376678706,0.5374775232692992
-0.2767090052161248,1.1979531756831934,1.197954227735782,1.267093979057559,-0.12091408004167209,0.4035309689964684,1.567261463538265,1.2670943036720357,-0.5796801523948243,0.3660733418280505,0.8105432565088462,1.556614751934899,1.0951509680446485,-0.01866055374328005,-1.7446268019172477,0.5374775232692992
1.315649273543051,0.8173666911319749,0.8173633577155494,0.4367394456144075,0.9127957451791913,-1.5924266333198416,0.2725909621141842,0.4367385594285116,1.0937002581362096,0.9622058805543267,0.41614286848211474,-0.011318857765127406,-1.0217876230971084,0.6710575064142781,0.15885981772730165,0.5374775232692992
1.1907584281501744,0.7290138336104819,0.7290083094252202,0.7336271432063883,0.9446467481972011,-1.326858044776355,0.2725909621141842,0.7336100147204708,-0.2437943955239066,0.5031063130698191,0.029028123454780216,0.07491819963831,-0.5552887192878463,-0.32511818984387664,-1.0109274752510464,0.5374775232692992
-0.17114650494357436,1.2588245096219004,1.2588255628482439,1.227279330173803,-0.26858691221608116,0.06248499213009609,0.2725909621141842,1.227279644162006,-0.5802877023643361,-0.1353490661698054,0.4846708387363215,1.1709553320105248,1.7924023081530434,0.010224215709785742,-0.666376141432575,0.5374775232692992
0.7357989199332672,0.4995822959599619,0.49958114548100935,0.34222095294010546,0.5074193431317939,-0.8935619266264557,-1.0220795393098967,0.3422195469357881,0.01670717320093077,0.3574851235702489,0.7831662467458459,1.1002812176527084,1.164598312336704,0.4371048278393481,-0.8669099142758513,0.5374775232692992
-0.020980131316425198,1.4060610299483447,1.406062086013784,1.4164369959488372,-0.08327198556584232,-0.04094698446052502,1.567261463538265,1.4164338982776996,-0.8372757751864958,-0.053441352863886675,0.40369675819651146,1.0408257695730299,2.5065605564989144,-0.18945745137880052,-1.1896846205920304,0.5374775232692992
-0.050716046886157704,-0.07794781071747142,-0.07794678326751162,0.0018427993773614342,-0.025361070987642693,0.07087136861041672,-1.0220795393098967,0.0018462484487397676,-0.3543573614123677,-0.4726994945128631,-0.6347044336732326,-0.3652621045013311,-0.7176959062061633,-0.7216349090604578,0.46387232575004134,0.5374775232692992
0.3105753272860923,-0.09624182796945024,-0.09624517900258078,-0.0996177853681505,-0.16145172024641183,-0.7398116911539109,0.2725909621141842,-0.09962178225660381,-1.2505431233230653,-1.8563615535893307,-1.2982888553455216,-0.6946585253056287,0.06111238405381637,-1.1836516803604646,0.763449539922734,0.5374775232692992
0.010242580031793937,-0.25411501573963813,-0.25411399168663185,-0.1968466417180175,0.2757756848189954,0.24698527469714995,-1.0220795393098967,-0.1968437402676169,0.10159828379494758,0.573242026912669,0.9466026040894663,1.231498170364221,1.012863698986045,0.518707790042986,-1.3954500114830692,0.5374775232692992
0.4756096586981077,0.06311773502080388,0.06311876519086759,0.033338412308014646,0.5884946235412734,-0.32608378479142647,-1.0220795393098967,0.03334186978536953,0.1535568474726151,0.06519129767372821,0.5600608065806465,1.1391505668935868,1.5143664472809262,0.17147658083038012,0.22562446766051183,0.5374775232692992
-0.21575037829817312,1.3290168828640567,1.3290157483787208,1.4122309863325955,-0.32939337252319073,0.08764412157105798,1.567261463538265,1.4122298659070753,-0.7737226402532332,0.07723667333011595,0.5029445178201946,1.3201580101981498,1.1432432159377284,-0.29319144950155085,-1.3960186353952495,0.5374775232692992
0.3001677568366859,-0.18753241088907122,-0.1875313855521823,-0.057547797367500965,0.9214823823659213,0.3252581218468092,2.861931964962346,-0.05754931006752701,-0.5565104848683466,0.1265200923041214,0.4797423847116328,1.1629126646045813,1.535548533700748,-0.18041526268044947,-1.1960374982612438,0.5374775232692992
0.9275955753580418,1.4220061803208963,1.422007236693799,1.1147754972260986,1.0083487542332208,-0.7705617382484199,1.567261463538265,1.1147747920036646,-1.2388410918839674,-1.7769352549612292,-1.1353886784989031,-0.7017662196706604,0.887173791536679,-0.8898642716334836,0.8985568059024178,0.5374775232692992
-0.2737354136591515,1.1782362660997814,1.1782285615115078,1.1351981864398633,-0.3959909242881203,0.13237146279943468,0.2725909621141842,1.1352113352453346,-0.520965507859855,0.4265946252412557,0.469190217885404,0.9486286664797554,-0.9224215846313626,-0.25012942122514414,-1.7520119613830234,0.5374775232692992
-0.37037713926078214,1.4448643983590874,1.4448632661075873,1.3170022596732367,-0.3380800097099207,0.36998546307518587,1.567261463538265,1.3170011138317816,-0.6945872570607079,-0.9805399343723278,-1.1598716221180048,-1.3740094721905265,-0.4010922408033648,-0.9074463052136108,1.1319817878272682,0.5374775232692992
1.8330542044563967,1.389710902527616,1.3897141473429506,0.8409971121116905,2.1057605854901036,-1.4135172684063348,0.2725909621141842,0.8409958392275226,2.5303288437992477,1.5952189706531112,1.5503042441449302,-0.27029450130328336,-0.5884312218352745,2.2344351875652957,1.669924338623914,0.5374775232692992
0.0429520871584997,-0.26548502000035107,-0.265486185231755,-0.23579674394029768,-0.14118290014404195,-0.21706089054725825,-1.0220795393098967,-0.2357953366615597,-0.22888559919135232,0.15641062470284614,0.6366811085019833,1.2154314908858816,1.2127017800179454,0.198435698986575,-0.9620876861974006,0.5374775232692992
-0.2841429841085579,-0.07121862452235561,-0.07121759694263992,0.06595180295888262,-0.34966219262556064,0.19666701581522616,0.2725909621141842,0.06596021506097778,-1.2514737493782533,-1.6086743108672683,-1.4399054890010992,-0.9812590285362268,0.34721769701507466,-1.30413047236905,0.5697038019235182,0.5374775232692992
-0.5071623508815517,-0.28876791667284674,-0.2887668932880369,-0.18400703569289567,-0.42494638157722014,0.5433039103351456,0.2725909621141842,-0.18400413081568678,-0.22297007258494345,-0.27154929146884893,-0.738186296005642,-0.8831712094280724,-0.8427335042887525,-0.5891556814336903,0.5119843040016666,0.5374775232692992
6.883699463975463,-0.0605381757761064,-0.060537147990444386,-3.3074380488845945,5.395100533531843,-7.734049675741318,-1.0220795393098967,-3.3074394397753424,2.139325402516235,1.2816817116419206,1.2696476035018023,-0.025210802886162176,-0.2963398271395043,1.7821303967190723,1.0458116303972023,0.5374775232692992
-0.4506641112990599,1.2891036584347964,1.2891025231798314,1.312717115351139,-0.12091408004167209,0.730599651728973,0.2725909621141842,1.312717946734181,-0.5898594834667168,-0.06313989904532177,0.6038112078623032,1.5622584892265983,1.2420392469706065,-0.10124029559025807,-0.8953508418344682,0.5374775232692992
0.224341172133868,1.3925304184089788,1.392529285148346,1.3815069367840376,0.4639861571981442,0.026144027382040025,0.2725909621141842,1.381510754078902,-0.4602350285233541,-0.07033179582340245,0.4239701799850074,0.9473233285871745,1.6105813723859252,0.10008794289710209,-0.5701528800685814,0.5374775232692992
-0.30347132922888403,1.3451568600327584,1.3451557258586424,1.373985182992433,-0.05431652827674251,0.5181447808941837,2.861931964962346,1.3739880090957026,-0.660845281092247,0.2609833273286928,0.8151557219093026,1.756851538860067,1.2443549043530524,-0.0451173280828999,-1.6095869644454874,0.5374775232692992
0.8725841315540367,0.1631251752692964,0.16312182923742394,0.007973760713548262,1.295007781395309,-0.39037933780721795,0.2725909621141842,0.007979189789415161,-0.512970504984015,-0.6400435769123086,-0.796863127675361,-0.433684669078979,-0.21689715818379726,-0.8886363200818556,0.48316522068727197,0.5374775232692992
-0.6439475625023212,-0.0892893571315557,-0.08929270803062485,-0.06607456192347555,-0.5523503936492593,0.6774859340202757,2.861931964962346,-0.06607854985945824,-1.316042539541029,-2.0442256736380484,-1.790796715946,-1.313587109618901,-0.4576560045331203,-1.5501673105315907,1.0172059548346897,0.5374775232692992
0.0013218053608741846,1.412825241185465,1.4128262973813357,1.3995199742044895,-0.16145172024641183,-0.15835625518501384,0.2725909621141842,1.399523796306918,0.1636146337738468,0.7766339147418978,1.1854565934053727,1.1340499575416205,1.2831832530628315,0.67186683811876,-1.493737836440187,0.5374775232692992
-0.38227150548867517,1.342635057008434,1.3426361118508587,1.3698048921555943,-0.13828735441513196,0.5852357927367488,0.2725909621141842,1.3698087063272584,-0.4348313020362903,-0.06218939105009006,0.5522569179762965,1.2638588255951242,1.7553561773325752,0.05345369192505061,-0.5514147062583923,0.5374775232692992
-0.037334884879778076,-0.25622965265066017,-0.256230817703597,-0.1689536362714547,-0.042734345361102585,0.028939486208813568,-1.0220795393098967,-0.16895616788906995,0.1066096146825638,-0.0883073319810146,-0.3433416091684615,-0.410827631166486,-0.18939986599101485,-0.29871723148387647,0.6092919826064931,0.5374775232692992
-0.6394871751668614,1.3360415928510856,1.336044836631539,1.4264594064454885,-0.6826499514502085,0.5433039103351456,1.567261463538265,1.4264592790015294,-1.7260766055058503,-3.3346201871293015,-2.067077231034079,-1.721094606912035,0.6183544481201498,-1.6493523063153555,1.6825487626692783,0.5374775232692992
-0.32279967434921014,1.3960329226094295,1.3960296003511663,1.3754986342419273,-0.17303390316205175,0.43987193374452443,0.2725909621141842,1.3754989877889092,0.3919397023102792,0.8243990443960861,1.3854232298028166,1.6580691093086444,0.7525392518676017,0.7828010976124188,-1.1798713397017484,0.5374775232692992
-0.24697308964639225,-0.346679634562173,-0.3466808013592164,-0.2920753683773763,-0.20198936045115157,0.2693489453113383,-1.0220795393098967,-0.2920749653031285,0.16008618386505052,0.1568312034617982,0.7331831101604795,1.1915047932311673,1.1358347489680898,0.29965797802645006,-0.19181847350187647,0.5374775232692992
-0.22764474452606612,-0.2639855103895331,-0.2639844865268552,-0.22909996945724106,-0.20778045190897151,0.22741706290973515,0.2725909621141842,-0.22909608743095902,0.01862093821651384,-0.21332016229193262,-0.6746319752165897,-0.8270691928295404,-1.1939674432057787,-0.44249919498358264,0.8590360537273666,0.5374775232692992
1.3691739215685697,0.37822709260972265,0.3782259397907319,0.26987600484663016,1.431098430654078,-1.1926760210912248,0.2725909621141842,0.2698805146384346,0.1663957311443025,0.11585421497709648,-0.48587181782861855,-0.6396737667965937,-1.0116401497555323,-0.33167656744916235,0.462468144451014,0.5374775232692992
-0.35104879414045603,1.505227869188729,1.5052289271663584,1.625942172967073,-0.6536944941611087,0.028939486208813568,2.861931964962346,1.6259480338683046,-1.5012179973063393,-1.4846035769764028,-0.9184900071146136,-0.3546965854521569,0.48468252677896173,-1.3474157645639344,-0.05041672155056249,0.5374775232692992
0.3328772639633916,1.3529980913115174,1.3529991463537678,1.3468855029720757,1.0083487542332208,0.3476217924609975,1.567261463538265,1.3468893110267022,-0.6195751802296692,-0.1405684485684008,0.3576949236431798,1.086980400953148,1.6764697126640722,-0.17391270105478368,-0.7161717469645191,0.5374775232692992
-0.14884456826627498,1.395632323691503,1.3956333795558502,1.3022218749869987,-0.18461608607769167,0.1016214157049257,1.567261463538265,1.3022276494893645,-0.6552982142412462,-0.9363539299568217,-1.160843275803111,-1.40282945724479,-0.5414055548928933,-0.8858734290906928,1.1507144005234018,0.5374775232692992
1.0970902941055172,1.5656701463628808,1.5656690164408242,0.8058494325057869,1.2139325009858293,-0.8907664677996823,0.2725909621141842,0.8058526015693218,-1.420951847813947,-2.811319272090758,-1.6529628802633651,-1.3080586400044947,0.9649314162661655,-1.240388623643637,1.6846918769984374,0.5374775232692992
1.3825550835749492,0.394465577709062,0.39446223613802317,0.29360652476517196,0.7187941813422225,-1.9055180219184784,1.567261463538265,0.29360609497006357,-0.08108959244093045,-0.004191580190597407,-0.572270155262687,-0.6881718279545476,-0.725276890953917,-0.45846256515474565,0.4012145585468578,0.5374775232692992
-0.1741200965005476,-0.3065693942716372,-0.30657056029525276,-0.16540048797852422,-0.08037643983693234,0.2497807335239235,-1.0220795393098967,-0.16540746997621947,-0.33929989443758884,0.14395728765027488,0.06944430402060156,0.7060885280176722,-1.093206322556153,-0.4415224153402422,-1.0505601448464656,0.5374775232692992
-0.16965970916508774,1.585411135662671,1.5854078170561032,1.5277360029998857,0.07308748379529667,0.3895536748626007,1.567261463538265,1.5277344188098678,-0.6215781476305869,-0.07609793060863554,0.4092927924105629,1.1384872994255957,1.7850375391638107,-0.11979910881372574,-0.8093280539268746,0.5374775232692992
1.553536598100911,-0.2862570589741487,-0.2862560355409231,-1.6211941907862346,1.5005915281479176,-1.4722219037685793,-1.0220795393098967,-1.621192164077079,1.084899651651684,1.0687216570465319,1.7294666757093131,0.4983463729835762,1.3833262605547885,2.4641737596789564,-0.3729682881652625,0.5374775232692992
0.17676370722229598,-0.21959345871394637,-0.21959243399527634,-0.20574138265622208,0.24971577325880553,-0.0912652433424488,-1.0220795393098967,-0.20574145113203224,2.989836934878666,1.6892603811547977,3.6299392557202403,0.5510601095298243,0.6937009781200879,5.5184520724451325,0.6024392998115367,0.5374775232692992
0.16040895365894312,1.4108791622890897,1.4108824075126025,1.5134620804311254,0.14258058128913623,-0.16394717283856095,1.567261463538265,1.5134703842723616,-0.9747990752686806,-0.36792491408271943,0.0947392852749098,0.7736877267350961,2.2762265361706473,-0.34551893039478615,-0.556767278536863,0.5374775232692992
-0.22169756141211963,-0.10943532347952278,-0.10943429663672263,-0.08830943590134059,0.12231176118676636,0.534917533854825,-1.0220795393098967,-0.08830798925918852,-0.2513788587666562,-0.47196348168469693,-0.6220648926476204,-0.4440961537367884,-0.40313332718554606,-0.6208870658473483,0.671084301434781,0.5374775232692992
0.30760173572911903,1.3704887216625177,1.3704897770420323,1.3848741185182065,0.5740168948967235,-0.024174231499883757,2.861931964962346,1.3848739799754013,-0.8971604837583413,-0.8257837742283183,-0.7717841545024552,-0.921342115800828,1.2367679886123177,-0.2059231653665386,0.33397026252635603,0.5374775232692992
0.9097540260162023,1.4187072591770968,1.4187061264212204,0.8839613222885119,0.39159751397539466,-1.332448962429902,0.2725909621141842,0.8839635230155206,2.1856261353673494,1.525735153886637,1.2074039023942915,0.08953644835851778,-0.8251674115836897,1.635446002279155,1.12300475946309,0.5374775232692992
-0.3302336532416433,1.5448915401937073,1.5448904098709861,1.4327209400463377,-0.28306464086063104,0.3476217924609975,0.2725909621141842,1.4327307061144137,-1.5347977396967936,-3.554145476151932,-2.108355938176618,-1.8883994492421206,0.8013361234049869,-1.6179279097896047,2.2668550164863346,0.5374775232692992
-0.16817291338660112,1.4360753018810815,1.4360741694601051,1.4201325867123085,-0.12380962577058206,0.19666701581522616,1.567261463538265,1.420130973803631,-0.4699144436930295,-0.4679763950498312,-0.6124453353137477,-0.5121616809329641,-0.10646832846356363,-0.6621071667963132,0.5930646517923865,0.5374775232692992
-0.29752414611493755,1.5351633347769558,1.5351643933318173,1.431613054164355,-0.42784192730613013,0.1463487569333024,0.2725909621141842,1.431615401056089,-1.2130555165895058,-1.4875097762007619,-1.0711508082552348,-0.6578537114162507,0.525792480373255,-0.9011670075064223,0.5730453363316492,0.5374775232692992
-0.022466927094911823,1.3823403202507927,1.3823413758588363,1.3298121901836626,-0.11222744285494214,-0.06610611390148691,1.567261463538265,1.3298085748008777,-0.5593456600981379,-0.6293608764349256,-0.9175591180119553,-1.0413786869722368,-0.5431694965322599,-0.748649843196272,0.7519463754988206,0.5374775232692992
1.6799142392722743,0.607148578086052,0.607147429681252,0.520424397057035,1.260261232648389,-1.9418589866665346,-1.0220795393098967,0.5204210602458965,0.5692907371997756,0.7355475757798685,0.5489551529986674,0.4700689330413775,-0.5104372685459969,0.4189088184834073,-0.4752469075964973,0.5374775232692992
1.9876809654190057,-0.020410422964568336,-0.02040939440514078,-0.4871760505621896,1.6453688145934167,-2.1487229398477767,-1.0220795393098967,-0.48717668874314646,1.2571590213416253,0.870931878286545,-0.17795812462323315,-0.5831602088968469,-0.9955498554775659,0.16268556404031662,0.7251140001807727,0.5374775232692992
0.17230331988683611,-0.4446578114395294,-0.44465898012584226,-0.3646280450737234,0.4292396084512244,0.09043958039783152,0.2725909621141842,-0.36462667217923117,-0.23770533289300638,-0.34740908222103667,-0.7478534018028626,-0.7954170841554977,-0.9135225150321152,-0.6235383248792724,0.5218469397791915,0.5374775232692992
0.923135188022582,-0.1419670203063335,-0.14196599409082752,-0.1407342001632363,1.10679730901616,-0.6671297616577988,-1.0220795393098967,-0.1407372188413091,-1.019731690443745,-1.8366868792455522,-1.8222052406406315,-1.6860998022280052,-0.3508569024204919,-1.402701492377001,1.3241384374851093,0.5374775232692992
0.06971441117125896,-0.22198172876562866,-0.22198508222334554,0.03878090170325503,-0.1961982689933316,-0.3204928671378794,0.2725909621141842,0.0387774363445649,-0.8854315003314719,0.3989920412912303,0.8535022639562655,1.6653347551885858,1.1589028410117777,-0.3019545583018044,-2.059853686181526,0.5374775232692992
-0.3911922801595949,1.5847172020179565,1.5847204505935106,1.5654278633990568,-0.42205083584831016,0.3280535806735827,1.567261463538265,1.5654248054926234,-0.36725414838681625,0.1442432812063623,0.6302072913718486,1.2306229776596713,1.4999423514077677,0.08217101343925821,-0.9211405082670998,0.5374775232692992
0.20352603123505525,1.3577549298287543,1.3577516068323938,1.3078760497204036,0.06150530087965675,-0.3232883259646529,0.2725909621141842,1.307875890627309,1.9040171608900498,1.4231097309147387,2.0270219879498015,-0.0135663733640843,0.45693186521157325,2.8123817485349023,0.7882305592935395,0.5374775232692992
0.3046281441721458,-0.22642334190482513,-0.22642450638302017,-0.13046647207843162,0.3973886054332146,-0.18910630227952283,0.2725909621141842,-0.13047196097633185,-0.05664083573994533,-0.09848113216006556,-0.5823204015948666,-0.7536090472523119,-0.8192124457748232,-0.42614511295508334,0.5156205774547419,0.5374775232692992
-0.13546340625989536,1.3667322859075344,1.3667333412146152,1.3225772997007859,-0.4017820157459403,-0.13319712574405196,0.2725909621141842,1.3225801120836218,-0.49219782553129826,-0.008893650715681729,0.4987602811967972,0.9219528479774072,1.2969566185798314,0.1596994091306762,-0.7730515166639821,0.5374775232692992
-0.4462037239636001,-0.2990017961335385,-0.29900952920673396,-0.07197405424503382,-0.28016909513172106,0.5684630397761075,2.861931964962346,-0.0719815058998583,-1.366024392270382,-1.5339711117021988,-1.3599699606598776,-0.7033807611054781,0.22958765195319647,-1.3350804330680357,0.32002229333576976,0.5374775232692992
-0.16965970916508774,1.3208735605980089,1.3208746150208166,1.2586404141045011,-0.12960071722840202,0.19387155698845263,0.2725909621141842,1.2586367797264268,-0.5026198983769281,-0.7251981582373375,-0.7611774278810051,-0.7047889810962564,0.3057068712150944,-0.7440450248776674,0.9921934540913218,0.5374775232692992
1.2502302592896395,0.2532292848910147,0.25322594059657955,0.023802680252377178,0.8867358336190014,-1.4945855743827676,-1.0220795393098967,0.02380118926427047,2.293314454405218,1.3078753567494565,0.9903568695342494,-0.0620906875706794,-1.1154193048259842,1.6574654062390284,1.3862498252323348,0.5374775232692992
-0.38673189282413506,-0.15606459971314737,-0.15606357376947871,-0.08565842325516751,-0.132496262957312,0.5992130868706165,0.2725909621141842,-0.08565450294525921,-0.07618746057473764,-0.12445187052535686,-0.5969263553390712,-0.7244121675332201,-1.1291101604586828,-0.4523228073966059,0.5203662931619003,0.5374775232692992
0.22880155946932787,1.5218647641408696,1.5218548771134632,1.4942026713934426,0.2786712305479054,-0.16115171401178738,0.2725909621141842,1.4942035512138123,-0.4369017363485334,-0.8163543984526125,-1.0810683844621924,-1.2649964558011275,-0.597413310427922,-0.8341320159834616,1.5318981829043212,0.5374775232692992
0.36261317953312416,-0.23247172884597836,-0.23247508250596924,-0.20230891478972185,-0.0021967051563628417,-0.68390251461844,-1.0220795393098967,-0.2023164012300825,0.1416750201925113,-0.06982289552507043,-0.34318647440671957,-0.39406789534959397,-0.41002152705728806,-0.22381218683457305,0.6610617836281589,0.5374775232692992
-0.3941658717165682,1.3660055162859408,1.3660109497093427,1.3507551900884298,-0.5697236680227192,0.1910760981616791,1.567261463538265,1.3507496019270224,-0.5775502498256914,-0.8605572260184767,-1.097641156981738,-1.313875324915276,-0.5540102727362396,-0.8436765484983877,1.209684453968496,0.5374775232692992
0.36856036264707065,1.2411412415398753,1.24114229442524,1.0810918096785294,0.43792624563795435,-0.2701746082559556,0.2725909621141842,1.0810930738343103,1.6733091888670146,1.202608699171339,0.8959630752630995,-0.0996456557120834,-0.6610959798677745,1.33286757676211,1.2191890930286948,0.5374775232692992
-0.15181815982324823,1.4775537078749184,1.4775547653189192,1.4611955855809415,0.015176569217097048,0.3000989924058473,1.567261463538265,1.461196951183976,1.291534108197033,1.6714194302000502,2.5895951869170384,1.8727951280978803,-0.39818740274789866,2.2803159228124845,-1.3584894571913435,0.5374775232692992
-0.28711657566553117,-0.39416264619465746,-0.3941616248421271,-0.2939627311120398,-0.294646823776271,0.25537165117747057,0.2725909621141842,-0.2939544150688193,-1.2649285294414723,-2.287875360274171,-1.9461581845161051,-1.7321434442799768,-0.11218125482319206,-1.5398134463121829,1.3669395518136807,0.5374775232692992
0.2763790243808999,1.3818477805976042,1.3818488361961505,1.3688117515971028,-0.06879425692129242,-0.586061455681366,0.2725909621141842,1.3688195222400528,-0.3034563589581034,-0.34510431062197927,-0.6520680793222936,-0.7769181080503408,-0.8095774076519324,-0.5711829359962272,0.7454190178761141,0.5374775232692992
0.6034740956479575,0.7045357073795824,0.7045301827223199,0.508140712340551,-0.291751278047361,-1.4163127272331084,-1.0220795393098967,0.5081502316441097,-0.7665528898545837,-0.8739190131903846,-0.7804077593471932,-0.35497780818769353,0.473031578449932,-0.6745820382412605,0.4225984323689767,0.5374775232692992
-0.09978030757621634,1.5105735662246669,1.5105746243053748,1.4487239559380496,-0.26858691221608116,-0.071697031555034,0.2725909621141842,1.44872581280453,-0.4260696455211894,0.14768361545459036,0.6921158559718833,1.254507108621275,1.6223276125581911,0.1433453271021769,-0.9894087444130804,0.5374775232692992
0.13959381276013036,1.596719846099876,1.5967187167765367,1.5743503014843108,0.1657449471204161,-0.10244707864954297,1.567261463538265,1.574347245959219,-0.5397995569147218,-0.5609200949906527,-0.8666621737330797,-1.0137501527756834,-0.5677230806491187,-0.7693854796248981,0.7528208606840565,0.5374775232692992
1.0138297305102661,0.43315073660303943,0.43315177390828424,0.41068632207899464,0.06150530087965675,-1.8468133865562342,-1.0220795393098967,0.41068839649194927,-0.28924344556143533,0.2695547224361363,0.6681777496969784,1.0911121072972514,1.3752521414519723,0.20108695801849905,-1.179352070676811,0.5374775232692992
0.07566159428520546,1.379855731333598,1.3798545978285648,1.3686317201412805,0.01807211494600703,-0.12481074926373133,0.2725909621141842,1.3686340502237018,-0.8383928046667889,-0.26143437231605127,0.3480208875106829,1.0428095425099102,2.1297752119614266,-0.13827419806776406,-0.6828592834932369,0.5374775232692992
-0.5086491466600384,-0.41883778828683227,-0.4188367674101017,-0.34471973144802215,-0.6392167655165588,0.3392354159806769,0.2725909621141842,-0.34471686946399827,-1.261008841000506,-1.7292079773953466,-1.2764534506688112,-0.6817748277298921,-0.038057740677818586,-1.166934794464439,0.6343851195036665,0.5374775232692992
0.7937839552942455,0.35719674395114176,0.35719996885696714,0.35182197112807406,0.9214823823659213,-0.6028342086420072,1.567261463538265,0.35182947034299156,-0.22687863246321677,0.564472959788518,0.9962199448468687,1.6704362884084838,1.0142014904197394,0.236278933168563,-1.7721584873277816,0.5374775232692992
0.10391071407645133,1.2135677772218274,1.2135688295755054,1.2052007472400035,-0.028256616716552677,-0.22265180820080535,0.2725909621141842,1.2052010553355745,-0.3803519450249041,0.07075555465466431,0.47384713259700934,0.8803789021464093,1.3137958404514214,0.19623096779160665,-0.6840479716226116,0.5374775232692992
-0.22318435719060625,1.5547248207364726,1.554719312473027,1.4964006378485906,0.1947004044095159,0.6075994633509371,1.567261463538265,1.496402012847627,-0.28900313816078693,-0.2822109630082843,-0.6215567741486584,-0.7383285640298929,-0.6436690617202747,-0.5301023749963112,0.7160320057887961,0.5374775232692992
-0.38227150548867517,1.2168185389328707,1.216817402284064,1.1877515445987747,-0.5320815735468895,0.2050533922955468,-1.0220795393098967,1.1877518480372657,-1.4124583201062264,-2.097563471848352,-1.2906900731399948,-0.7290679747397886,0.16683147251814584,-1.117314388582747,0.8547824966141248,0.5374775232692992
0.1381070169816437,0.2989325865766452,0.29892924316348635,0.2801615382402524,-0.08037643983693234,-0.3372656200985206,-1.0220795393098967,0.280165556185156,-0.39977163469148125,-0.36644027106361854,-0.6715678589365969,-0.5863663073806388,-0.7567375149558634,-0.7855442057247293,0.30352524848996887,0.5374775232692992
0.5410286729515192,1.5054971241991386,1.5054959931167924,1.437362190544787,0.29604450492136525,-0.7314253146735903,0.2725909621141842,1.4373650335629724,0.8013501340548217,0.8192511603865127,0.4396780009970694,-0.19308218971341107,-0.6479664386695565,0.6241999915237485,0.6701722787296702,0.5374775232692992
-0.23953911075395914,1.3266395581380008,1.3266406126719916,1.359254257497355,-0.18172054034878168,0.2749398629648854,1.567261463538265,1.3592640039576456,-1.4962901306389194,-2.8057844556229488,-1.8663961845232204,-1.416959650995255,0.18507791189007264,-1.546790443764614,1.6307914741542375,0.5374775232692992
-0.914544394186887,1.501675016490397,1.5016738853343508,1.7493725304258327,-0.9982644359013965,0.7557587811699349,1.567261463538265,1.749388316110705,-1.0718742231734284,-0.3925834467200802,-0.5859222520088371,-0.5254934636453685,0.6127079284185478,-0.9674763912943304,-0.6214409495851849,0.5374775232692992
-0.05368963844313095,1.3690855309172123,1.3690843972045021,1.3328766816679327,0.2381335903431656,0.33084903950035627,0.2725909621141842,1.3328725725109973,0.4233020785841866,0.5402392116976988,0.2569592136569152,-0.28971174029872626,-0.3440297931348294,0.5602906948594769,0.37885679462575994,0.5374775232692992
-0.12505583581048899,1.3667279077772838,1.3667267740191127,1.3209055790395796,-0.10643635139712218,0.13237146279943468,0.2725909621141842,1.3209059180160263,-0.7785016623946366,-0.32768814421377335,0.3690236445840857,1.1163254460780363,2.165973285078038,-0.12005028072201326,-0.6595338857264728,0.5374775232692992
1.2442830761756931,0.6380428541991521,0.6380438954552401,0.508692676913896,0.16864049284932606,-2.1766775281155124,0.2725909621141842,0.5086893369716369,-0.137589305232442,-0.0667736995226678,-0.5776352585733913,-0.6346008650532577,-0.8629527282218331,-0.5043712083917442,0.421659299232845,0.5374775232692992
0.7908103637372723,0.13431926728571508,0.13432029882872615,-0.06273705570400243,0.492941614487244,-1.0109711973509445,-1.0220795393098967,-0.06274005356513897,0.7828648958868584,1.1495484829419438,0.9155888547589988,0.8097989479089542,-1.0880576912671196,0.5306245016917386,-1.291155488206696,0.5374775232692992
0.5023719827108669,0.49849214152757165,0.4984909910275981,0.41422166506310754,0.2439246818009856,-0.7090616440594019,0.2725909621141842,0.41422225664349166,-0.08906564198343413,0.0018941944514392767,-0.45474949116522523,-0.502771640538398,-0.6060892696863106,-0.40917705515077013,0.27998783324983667,0.5374775232692992
-0.5398718580082574,1.31648886315207,1.316489917490329,1.454767869097795,-0.49733502479996966,0.534917533854825,1.567261463538265,1.4547647816569207,-0.770682629916377,0.3251552343696021,0.7016197278175444,1.430757805788661,1.1831785102763055,-0.2277193054079347,-1.8279934627240573,0.5374775232692992
0.4979115953754071,0.37321632253795295,0.3732195477526767,0.33917822349994564,-0.0398387996321926,-0.9746302326028885,0.2725909621141842,0.33918027882784857,-0.7811952962176782,-0.5529795680216373,-0.6632338249247623,0.018766731761067787,-0.1851953780181264,-0.8635749452327222,-0.3031179150704768,0.5374775232692992
0.13215983386769722,1.4801324265925002,1.4801334840862252,1.4651186886237484,-0.25121363784262124,-0.49101585557106553,0.2725909621141842,1.4651190660897464,-0.7451128444078811,-0.35116064475088926,0.22043237260905243,0.8191581393414245,1.7927955759224694,-0.11879442118057562,-0.46182446368416086,0.5374775232692992
-0.5160831255524715,-0.5461560050383388,-0.5461549866166284,-0.3796141799951868,-0.48864838761323975,0.4985765691067689,-1.0220795393098967,-0.3796152840606157,0.36104298683155,0.7693957543003324,1.0536358581462937,1.0753382439885404,0.9647607922435472,0.7095426243618893,-1.3916448191905564,0.5374775232692992
-0.035848089101291454,1.4650037975116785,1.4650070437788525,1.467340395490653,-0.37572210418575047,-0.29533373769691745,2.861931964962346,1.4673348384450873,-0.46442267188790864,-0.6164406969599175,-0.8679644693304295,-0.9971578971823057,-0.5805415781968942,-0.7418961096623184,0.9221790281318972,0.5374775232692992
-0.510135942438525,1.325280148695201,1.3252812032029788,1.398378456072518,-0.4944394790710597,0.4818038161461276,2.861931964962346,1.3983738698055412,-1.449879677115005,-3.001584896853092,-1.954401290306413,-1.6606070975461122,0.2289211779439607,-1.5082774178271927,1.9722188521520017,0.5374775232692992
-0.07747837089891696,1.3976593979975136,1.3976604539009483,1.4618662522130703,0.28156677627681537,0.4175082631303361,1.567261463538265,1.4618621774826217,-1.4201135540523508,-1.6529612541849228,-1.2547077828710254,-0.6134360267425213,0.1067247928794572,-1.2226391421246514,0.41937993760932485,0.5374775232692992
-0.44917731552057333,-0.43096958721114326,-0.43096856656834465,-0.2829986176157031,-0.23963145492698132,0.6131903810044842,1.567261463538265,-0.2829967283427981,-1.0086813754573463,-1.0570600337760703,-1.1695708611168265,-0.6772057538593224,-0.48597856696065916,-1.2891996978208469,0.35984404080907784,0.5374775232692992
0.6005005040909842,-0.3192418922818927,-0.3192430585498664,-0.5093139845253811,0.5913901692701834,-0.5581068674136306,-1.0220795393098967,-0.5093171015750282,0.2814744591129646,-0.03410314152726976,-0.5206481536953821,-0.7212335355978273,-1.1860016273830087,-0.2701394499187176,0.9836967669536922,0.5374775232692992
0.7194441663699143,0.02239236743006392,0.02239339681483856,-0.026566560024911184,0.04702757223510684,-1.3072898329889402,-1.0220795393098967,-0.026563118535808186,-0.30896395418830314,0.24080816426176122,0.7245477838927633,1.3345689000439465,1.237319780376569,0.2161851805055607,-1.1756289048166177,0.5374775232692992
1.3736343089040295,0.21604582467298047,0.21604247966155327,0.21460239117392163,1.7003841834427063,-0.941084726681606,0.2725909621141842,0.2145999619249436,-0.07980702559058148,-0.07126548066827608,-0.574754703462736,-0.6389814733989747,-0.9353827733033464,-0.5147808885907718,0.48833149564488165,0.5374775232692992
0.5365682856160593,-0.44199153011693637,-0.4419883206215015,-0.6867419085249228,0.8346160104986218,-0.20308359641339055,-1.0220795393098967,-0.6867421053766801,-0.6140837561921324,-0.8722114634290391,-0.7531381334828847,-0.38476136774759034,-0.13538403171401706,-0.9256981305491713,0.5727422556156215,0.5374775232692992
6.855450344184217,1.5090937581999764,1.5090926271869824,-1.1458696016950491,5.8178502099527,-7.2727989693236825,0.2725909621141842,-1.145874372413428,1.5544032786347706,1.2089846731570526,1.1260669561246441,0.012768288953855279,0.2134558308307982,1.1784805771347082,1.0181951379973213,0.5374775232692992
-0.5131095339954982,1.45184094891336,1.4518398167963857,1.3904392667075236,-0.5668281222938092,0.4175082631303361,0.2725909621141842,1.3904430863863695,-0.559815667988118,-0.755862555552534,-0.7878533144001293,-0.602868005993435,-0.3094589889296727,-0.7701948113293804,0.8454231416586274,0.5374775232692992
-0.2425127023109324,1.4856291691220824,1.4856280376566313,1.3889930799580068,-0.14118290014404195,0.3196672041932621,0.2725909621141842,1.388986512817959,-1.3951062826112193,-2.2637761973862163,-1.3078035295920216,-0.7730223871398054,0.09642827469182194,-1.1385244608381384,1.151345586968707,0.5374775232692992
0.7655348355029996,0.46974314923724764,0.4697441872480876,0.35842378396410357,0.3134177792948251,-1.1367668445557542,0.2725909621141842,0.35842238228421763,-0.3476517068547677,0.19582726599183564,0.6204175224653924,1.1244566415937043,0.853397847265258,-0.033730868240531765,-1.196821615343077,0.5374775232692992
0.41465103178015605,0.18815494591176687,0.18815597849286728,0.16576045071965237,0.1947004044095159,-0.591652373334913,-1.0220795393098967,0.16576394353959775,-0.2375446642691286,0.23829310328322775,0.696866722523033,1.132239476735626,1.2449858147436084,0.21372927740230482,-1.0863146325273931,0.5374775232692992
0.12472585497526409,1.4951516024170577,1.4951504711352233,1.4508071770697066,0.26129795617444546,0.017757650901719393,-1.0220795393098967,1.4508080453080978,-0.43273982778520603,-0.10325470107417173,0.4476316238622988,1.1490125955477308,1.542901532278879,0.008745092249870518,-0.3651841187660008,0.5374775232692992
-0.3079317165643439,1.5386527045866547,1.5386537632088002,1.5452900591263734,-0.2975423695051809,0.29171261592552666,1.567261463538265,1.5452899633975512,-0.5927050917240325,-0.09694601968989044,0.39987775825699806,1.1952892953749075,1.638801248884491,-0.120189820671062,-0.6842446960323268,0.5374775232692992
-0.3659167519253223,1.4495971571599462,1.4495982140648733,1.4739283597531578,-0.22225818055352142,0.47341743966580696,2.861931964962346,1.4739351692669673,-0.624392282921537,-0.006483734426886276,0.5530606127409924,1.274781922833,2.1892788611581544,-0.03959154610057427,-0.9684982604249405,0.5374775232692992
0.4280321937865357,1.573504810446264,1.573505869740447,1.497128677142465,0.7130030898844026,-0.1164243727834107,0.2725909621141842,1.4971290631517231,0.5378261172561278,0.5129941196927827,-0.11682431874517765,-0.47116616911507364,-0.8245010794139933,0.066040195329237,1.003424123926513,0.5374775232692992
-0.050716046886157704,-0.5536513640273032,-0.5536503457501225,-0.44286259365052494,-0.2714824579449911,-0.16674263166533448,-1.0220795393098967,-0.4428661875567667,-1.0901650592618515,-1.4672547031696292,-1.1362932105270405,-0.5952524034642834,-0.16500123709357714,-1.0497491452534016,0.5305473027191058,0.5374775232692992
-0.7376156965469787,-0.7489356747885546,-0.7489346602769541,-0.511436773009966,-0.5378726650047094,0.8675771342408766,0.2725909621141842,-0.5114389014420845,-1.43342175007885,-2.551847412542858,-1.7425075831647643,-1.2906853921612136,-0.47668639624876313,-1.4818485514773825,1.299369930620929,0.5374775232692992
0.04443888293698632,-0.045845170655215914,-0.04584414258623524,0.03970677776176921,0.15705830993368614,0.06807590978364318,0.2725909621141842,0.03970726938653827,-0.5624051454197064,0.31696236014521545,0.6749328259892292,1.4260492578596755,0.7375447798040894,-0.13609737486260515,-1.6525229357899058,0.5374775232692992
1.859816528469156,1.3880953724651581,1.388096428184174,0.4717961203085767,2.181044774441763,-1.3911535977921465,0.2725909621141842,0.47179277051886387,-1.3571024148989876,-2.755579969166838,-1.6353597805322824,-1.2966816139220243,0.631855153913555,-1.2207972147972095,1.8288449901287367,0.5374775232692992
0.16338254521591636,-0.0820566859576251,-0.0820556585868949,0.06604082950297052,0.4234485169934044,0.1016214157049257,0.2725909621141842,0.06603934978795423,-0.2281344212095861,-0.1834506588311555,-0.6743896646349317,-0.7149050994071761,-0.9618746679168436,-0.6505811670048963,0.3840140327730293,0.5374775232692992
0.020650150481200315,0.21189754626057175,0.2118985792994901,0.19611652388598044,-0.005092250885272823,-0.04374244328729856,-1.0220795393098967,0.19611458429528691,0.1460475020280421,-0.018760428400697665,-0.46270680237249434,-0.5632411455080409,-1.1547002711482204,-0.35687748224734456,0.7117124104461445,0.5374775232692992
-0.3911922801595949,1.2092181048178927,1.2092169680225304,1.30650504094145,-0.34966219262556064,0.3979400513429213,0.2725909621141842,1.3065058706665291,-0.65029609919461,-0.06756438758949772,0.5379559710088981,1.2520174230705479,2.1985104406822735,-0.028567890125732954,-0.9186957035004268,0.5374775232692992
-0.19790882895633363,-0.1547730512892312,-0.1547720253206582,-0.6420703670692601,-0.34966219262556064,0.034530403862360656,-1.0220795393098967,-0.6420779708791244,-1.079071447211226,-2.1378843574690887,-1.5830118237027206,-1.3920519322333358,0.46262607422891955,-1.3439272658377186,1.550229005109941,0.5374775232692992
-0.12802942736746223,1.2969624022345574,1.2969568890007943,1.3351142154760087,-0.28596018658954103,-0.035356066806977934,1.567261463538265,1.3351155474287362,-0.5942463976569898,0.31594035376096186,0.7303497547104613,1.4373404066258855,0.9266782120983319,-0.0645133810006595,-1.61878365681486,0.5374775232692992
-0.3852450970456484,1.04827584774206,1.0482768969084875,0.9787983321538839,-0.24831809211371128,0.4845992749729012,2.861931964962346,0.9787990744161499,-1.3524658035832942,-1.9635754908213965,-1.3700480754922115,-0.7348137087829093,-0.00697135176728437,-1.2052524644731923,0.8591125190456305,0.5374775232692992
1.1714300830298483,0.35164965292367806,0.35165287772254133,0.3155209031843206,0.8259293733118919,-1.4051308919260141,0.2725909621141842,0.31552394138232404,-0.15947397153548162,-0.09024199427219419,-0.5909333067460395,-0.6567501717211445,-0.554486122144788,-0.47992380931842465,0.3648407017879931,0.5374775232692992
-0.48188682264727906,1.3674743789850048,1.3674754343063953,1.3427546713263971,-0.6507989484321987,0.27773532179165894,0.2725909621141842,1.3427619404228364,-0.5491383337357213,-0.741053977449831,-0.7740520348416791,-0.5962111052921383,-0.5256294120059548,-0.8115544522273935,0.8423603580925311,0.5374775232692992
-0.25143347698185214,-0.16780893411028347,-0.16780790839307558,-0.0934591268849141,-0.2627958207582612,0.21903068642941453,-1.0220795393098967,-0.09345421947287623,-0.47775695048321914,-0.061074857338867035,0.17679755249705473,0.6663893184398805,1.3580209696287542,-0.1694195146954176,-0.6962184697331915,0.5374775232692992
-0.23359192764001263,1.4080815370589796,1.4080825931633796,1.3498886650593076,-0.5060216619866996,-0.04933336094084565,0.2725909621141842,1.3498890117711535,-0.22898888616384516,-0.24032131861665654,0.3433843423477414,1.0544813941180504,2.0846912137416536,-0.07751850425199158,0.5537281115204256,0.5374775232692992
-0.36442995614683565,-0.3523536913669031,-0.3523548582733568,-0.21592404093223164,-0.3815131956435704,0.31687174536648854,0.2725909621141842,-0.215922628349597,-0.06868611378460011,-0.1606300553704153,-0.5961709704140491,-0.7594351899189875,-0.989452031912922,-0.47255610000865694,0.5446544587995323,0.5374775232692992
-0.09383312446226984,-0.24577905574256556,-0.2457780315288207,-0.16383164243493076,-0.019569979529822732,0.15753059224039656,0.2725909621141842,-0.16382724839690835,-0.27406060837257,-0.26916881569318013,-0.7379340047903228,-0.8127174509765752,-0.9319701798849956,-0.6229801650830779,0.4315108127822589,0.5374775232692992
1.049512829193945,0.29147663075993585,0.29147766533334213,0.24258244479692592,0.9330645652815612,-1.0724712915399626,0.2725909621141842,0.24257656087133905,-0.05660432014360947,-0.11112793544175478,-0.636634086602806,-0.713095004488026,-0.7692279632222454,-0.47743999822535904,0.6138451447394779,0.5374775232692992
-0.232105131861526,-0.2866270109803213,-0.28662817661939677,-0.14772575142560615,-0.060107619734562474,0.3783718395555065,0.2725909621141842,-0.1477183855367634,0.10384312355064242,0.06399264821071476,-0.47723307105388496,-0.7163840378868486,-0.6299747597411897,-0.2739628445226499,0.5230099077560593,0.5374775232692992
-0.315365695456777,1.4545313099523312,1.454530177887234,1.3948668535001618,-0.24831809211371128,0.35321271011454464,1.567261463538265,1.394864739256179,-0.29375277394132954,-0.29470635793675076,-0.6535245337181256,-0.8079808256259149,-0.7324654741634463,-0.5354328010499687,0.755581953812639,0.5374775232692992
0.1663561367728896,-0.5124247005228737,-0.5124236814507377,-0.37896923214246114,0.5740168948967235,0.24139435704360288,0.2725909621141842,-0.37896736848349594,-0.2616456533859627,0.09048069844951714,0.5709748077742343,1.1662243386334454,1.1711714794701782,0.22986009551232606,-0.7279898094718282,0.5374775232692992
-0.3436148152480229,1.2750148352884836,1.2750158888270178,1.2448947156973291,-0.031152162445462657,0.6159858398312577,1.567261463538265,1.2448920668347034,-0.6154270084859158,-0.9227397955295427,-1.1960430165566482,-1.512935219433996,-0.46885444103971763,-0.873761361513272,1.3160442359772506,0.5374775232692992
0.05930684072185258,1.2778584308862244,1.2778594844795903,1.294933568577669,0.09046075816875657,-0.024174231499883757,0.2725909621141842,1.2949348898064403,-0.640101814116599,-0.8048641867580415,-0.8228204258970968,-0.6170451063189237,-0.386746841227604,-0.8715845383081133,0.7639284908707685,0.5374775232692992
-0.05517643422161758,1.3612508668338292,1.3612497329700468,1.3439753241642245,0.2236558616986157,0.3196672041932621,1.567261463538265,1.3439786368500994,-0.42298407763080953,0.3023640714219885,0.7751192489882619,1.5120630403683721,1.5690095442040186,0.13117744354513625,-1.2655479482593839,0.5374775232692992
-0.2826561883300713,1.3586042870973636,1.3586053422477158,1.2731181085408405,-0.31491564387864085,0.22741706290973515,0.2725909621141842,1.2731184347631184,-0.5266021248637747,-0.10004989093095684,0.43165678190712164,1.0849365181535326,1.7131544982085423,0.04254166790944809,-0.6091814736497162,0.5374775232692992
-0.6930118231923799,-0.480133800859844,-0.480132781165057,-0.3075007009163401,-0.5436637564625294,0.7781224517841232,0.2725909621141842,-0.30750376410331953,-0.43133258625593895,-0.6994797671274173,-1.1502945306892773,-1.4700872992204315,-0.7217005500672795,-0.8240572316621505,0.9468523009178763,0.5374775232692992
-0.21277678674119987,-0.4681289677127994,-0.46813232591686355,-0.35158862391631535,-0.15276508305968187,0.25257619235069706,0.2725909621141842,-0.35158922590985997,-0.23962709656302492,-0.5704209691553802,-0.983483781387096,-1.2114320018007971,-1.1577548526621264,-0.7243698920618109,1.0824440789596503,0.5374775232692992
-0.1384369978168686,-0.4430488485724474,-0.4430478281625679,-0.25437361613997317,-0.3004379152340909,-0.029765149153430846,0.2725909621141842,-0.2543722138192829,0.016303067268147283,0.8461093199331928,1.2021271862730076,1.4284189143525547,0.4025774393136256,0.475785301715628,-2.0273197786780215,0.5374775232692992
-0.20831639940574,-0.29084096134648846,-0.2908443161319872,-0.13344787212155312,-0.19909381472224158,0.19946247464199973,0.2725909621141842,-0.13345435099925707,-0.19578681936977885,0.21752492416617375,0.5999084047923211,1.2922460456209683,1.2099547090948946,0.11376285790386792,-0.884056914326895,0.5374775232692992
-0.7034193936417863,1.3395243954654088,1.339521072117517,1.3817799515192404,-0.4075731072037603,0.9290772284298946,2.861931964962346,1.3817803067426655,-1.5078615753501683,-2.6627960891544182,-1.83178880632459,-1.4549912018117184,-0.12358150556651093,-1.5673307242645722,1.4802764465443845,0.5374775232692992
0.41911141911561595,0.14809286505398728,0.148087329667086,0.21635720327627647,0.8085560989384319,-0.0074014785392424965,0.2725909621141842,0.21635576367973372,-0.2834645916155978,-0.23196021288868907,-0.7089774924470976,-0.7222882857352071,-0.8318141416028817,-0.6367667120490823,0.33594167745904996,0.5374775232692992
-0.38673189282413506,-0.11857467037757372,-0.11857802184133848,-0.10671221174813306,-0.2280492720113414,0.5069629455870895,-1.0220795393098967,-0.10671175920165073,-0.30711609112991667,0.05023131121780251,0.4748426274835394,1.0816859370733842,1.1595805037307305,0.05038381304598087,-0.7959014391789965,0.5374775232692992
-0.4179546041723542,1.574546805445898,1.5745478647601734,1.5734264037934431,-0.34966219262556064,0.4482583102248451,-1.0220795393098967,1.5734223588376814,-0.43191874851902545,-0.5088524446323844,-0.774371215127334,-0.8646080802118082,-0.5033399141092058,-0.6887313890747913,0.7967529665836759,0.5374775232692992
-0.38821868860262165,1.2631325897884547,1.2631336430978688,1.3336027425941608,-0.6971276800947585,0.056894074476549004,2.861931964962346,1.3335971498548755,-1.5001114008535708,-1.7225838619418512,-1.534505214095592,-1.2077121194889657,0.5525322766969363,-1.5263059792442755,0.5739907257210934,0.5374775232692992
-0.4239017872863007,1.0191678487711897,1.0191667083111733,0.9654621558495162,-0.16724281170423178,0.6355540516186725,0.2725909621141842,0.9654574540399629,-1.2808489816763218,-1.8948865679093418,-1.2112233701164763,-0.6459184852936114,0.11613343718362835,-1.0832387330250721,0.8655036293739758,0.5374775232692992
-0.040308476436751325,-0.07883219302808521,-0.07883116559517855,-0.053173626501315394,-0.23673590919807133,-0.15276533753146676,0.2725909621141842,-0.05316969752142374,-0.3597585397618172,0.19584829492978323,0.7116407162326499,1.3384661706509897,1.4723918745435187,0.20502198458167017,-1.1718188465493062,0.5374775232692992
-0.1265426315889756,-0.1289245702899054,-0.12892573288807516,-0.06321186393913791,-0.15276508305968187,0.09043958039783152,-1.0220795393098967,-0.06321238896677969,0.17748117065670047,0.4205340853247561,0.23199600753334754,0.37091582598741385,-0.2827187116210629,-0.01782331404898862,-0.6107455369778407,0.5374775232692992
-0.24102590653244577,1.4285055146778576,1.428506571176084,1.3976642653521685,-0.43942411022177,0.028939486208813568,2.861931964962346,1.3976740220638433,-0.628891873809075,-0.11715482905753817,0.34453779779286875,1.0382633657240874,1.8924529869095348,-0.08089537101896825,-0.5940649753682066,0.5374775232692992
0.4042434613307497,-0.21724459183451916,-0.21724356707055695,-0.2048926629359174,0.12231176118676636,-0.6419706322168368,-1.0220795393098967,-0.20489569873747138,3.0556651653474445,1.6514924086009004,1.5565574438948626,0.041345209563631934,-0.6149566531006915,2.378914850810245,1.129389613538123,0.5374775232692992
0.9736862444911272,0.2650349131116587,0.26503375811003366,0.2601543062322313,0.6029723521858232,-1.2485851976266957,0.2725909621141842,0.2601593080214205,-0.367009493891366,-0.33342483848587984,-0.8738321047007351,-0.9285436943687054,-0.6820107927309541,-0.704331955378428,0.4881000142723192,0.5374775232692992
-0.3792979139317019,1.389912296519142,1.38991554133836,1.3518195518821918,-0.39019983283030035,0.33643995715390335,-1.0220795393098967,1.3518253396218587,-0.5023342073065481,-0.07402868311459128,0.3486308374912041,0.9242004343194195,1.4874842777700186,0.016419789447545113,-0.509875269681175,0.5374775232692992
0.248129904589654,1.5066244927386587,1.5066255507432185,1.4690299214606768,-0.3815131956435704,-0.8348572912642114,1.567261463538265,1.469026343234209,1.8511557925639262,1.6213831752475205,1.643907070143434,0.6429910855726153,-1.0019956729056818,1.9227029413906604,0.15123135952159547,0.5374775232692992
-0.13100301892443547,1.440556318192533,1.4405551858579622,1.4507141937903258,-0.016674433800912748,0.2302125217365087,0.2725909621141842,1.4507091268993773,-0.2642005279429282,-0.1531942229121424,0.44098855310334883,1.2239636609538027,1.7670198086421827,-0.021730432622349787,0.2180119976577154,0.5374775232692992
-0.12951622314594885,-0.23934539333936278,-0.23934436900156045,-0.1647832372728481,-0.14697399160186192,0.1016214157049257,0.2725909621141842,-0.16477686512062584,-0.2719517457422782,-0.45450946318818536,-0.9175585375707014,-1.055372784421023,-0.7857786308048029,-0.7316538774021492,0.8070236491050272,0.5374775232692992
-0.6097512595971288,-0.2582085675239148,-0.2582053544846752,-0.15309306285028343,-0.28306464086063104,0.8731680518944237,-1.0220795393098967,-0.1530921280905084,1.0226934205718383,0.6880221760182827,0.24310343633211615,-0.15904178835711247,-1.1728244852858096,0.4774597811042114,0.6962413911435934,0.5374775232692992
-0.31685249123526366,0.13958396891201746,0.1395850005565454,0.19242884659309492,-0.2425270006558913,0.3615990865948652,-1.0220795393098967,0.19242740061022764,-0.320661638532599,-0.529738385801945,-0.9843021787430238,-1.1161259736139089,-0.8640544096189032,-0.79157233152363,0.8966173673755434,0.5374775232692992
-0.22169756141211963,-0.1705890468193912,-0.17059239928612593,-0.11495013462773356,-0.03404770817437264,0.3839627572090536,-1.0220795393098967,-0.1149541356082923,1.675785641833754,1.305932282883098,1.171737513766978,0.4311256166684573,-0.9067312298460275,1.628106200959197,-0.0037951218658257386,0.5374775232692992
-0.09383312446226984,1.4138300220779694,1.4138288892280473,1.403152257203276,0.2410291360720756,0.4091218866500155,0.2725909621141842,1.4031541019069629,-0.5716585452987969,-0.762112355910562,-0.7980055585189221,-0.6366000258054798,-0.3104217630113177,-0.8365879190867175,0.8581421046429363,0.5374775232692992
-0.7569440416673048,-0.6916609748506853,-0.6916643373650173,-0.5738740559302811,-1.0185332560037663,0.43987193374452443,1.567261463538265,-0.5738687821458548,-1.2006403877191065,-1.485646612298604,-1.2338392906797369,-0.7479427272242399,-0.36457653795363104,-1.1869448231580122,0.4004450393894205,0.5374775232692992
-0.3778111181532153,-0.1687983915469108,-0.16879517678361466,-0.09148867270910187,-0.28596018658954103,0.43428101609097736,-1.0220795393098967,-0.0914906890597729,0.4128193202951224,0.7555166552549135,1.05603917219687,1.1228664521374232,1.0033555981232953,0.7079239609529253,-1.2017612749029227,0.5374775232692992
-0.2618410474312585,-0.0678299517084196,-0.06782892406336165,0.049650053552564626,-0.16724281170423178,0.33084903950035627,0.2725909621141842,0.04964609650273762,-0.03468626815249134,-0.049231359486776295,-0.4961652371911535,-0.6134425140903511,-0.9430408627043321,-0.40956776700810643,0.4425725637780127,0.5374775232692992
-0.16073893449416798,1.3378891638168233,1.337890218567735,1.2955409274451133,0.13968503556022624,0.4370764749177509,2.861931964962346,1.2955358191394177,-0.6462367820686072,-0.9528153825822063,-1.1985162525404969,-1.5715009441575374,-0.46858599839084913,-0.8691007272150477,1.2316265246139413,0.5374775232692992
-0.4239017872863007,1.5345547746721275,1.5345514550849193,1.556030617078667,-0.607365762498549,0.2106443099490939,0.2725909621141842,1.5560349755448233,-0.6720673932652164,-1.098432366294187,-1.238328177730384,-1.4985794326992268,-0.3735706750406505,-0.9368334184832516,1.4100006482243488,0.5374775232692992
-0.046255659550697825,-0.2682848342955863,-0.2682838105158103,-0.16251998468536902,-0.16145172024641183,-0.06890157272826045,0.2725909621141842,-0.16252152540179682,0.4556169902710837,0.7298697625340154,0.36765633355854616,0.24522912138030498,-0.9551962462170744,0.2855644431725385,-0.42745469340306647,0.5374775232692992
-0.3718639350392688,1.3727171899600545,1.3727182453825395,1.4345153195016205,-0.4828572961554198,0.23300798056328223,2.861931964962346,1.434526075232692,0.06167804281025182,0.7327549328204267,0.352776818386669,-0.09769526921477752,-0.030575329838112845,0.1282191966253058,-0.6547714866771477,0.5374775232692992
0.028084129373633443,1.124411532799356,1.1244103943687065,1.0635694074343838,0.6869431783242127,0.6103949221777106,0.2725909621141842,1.063562258848807,-0.49397596118906245,-0.6537838849672732,-0.6806695753046471,-0.5589098784132024,0.028908338715176292,-0.6660142853696747,0.7712601246137596,0.5374775232692992
1.398909837138302,0.5300300027875045,0.5300332310259964,0.3374530869122867,0.5913901692701834,-2.0592682573910235,0.2725909621141842,0.3374566255558926,-0.9408613061503428,-0.8269740121161527,-0.8851822798311011,-0.18315286717417675,-0.10441719113073682,-0.9385916218412643,0.02282245542182642,0.5374775232692992
-0.006112173531558942,-0.23374138661864172,-0.23374036217277985,-0.17399649540212273,0.1512672184758662,0.15753059224039656,-1.0220795393098967,-0.17399606081338304,0.7233389095780646,0.5279877524494245,0.10296767918014285,-0.2856935087673676,-0.9181784961503077,0.3038999924775281,0.4439551957600748,0.5374775232692992
-0.0968067160192431,1.4281574533229378,1.4281585098144527,1.4951423960254815,0.3800153310597547,0.5488948279886926,1.567261463538265,1.4951383301762218,-0.5229281342210113,0.37086373389251476,0.7392322877117342,1.3800939345703271,1.0587208016998964,-0.04402891648032094,-1.5592561016856963,0.5374775232692992
-0.3852450970456484,1.3777783085297057,1.377774985919447,1.4753785032379674,-0.3351844639810107,0.40073551016969483,1.567261463538265,1.4753744321138518,-0.5068184964203835,0.1994694780443607,0.21415653167125395,0.8209727127523296,-1.1404012493446842,-0.463597635279735,-1.2762892400576864,0.5374775232692992
1.748306845082659,1.0029819012348573,1.002982949527902,0.6984220909387392,0.9388556567393811,-2.380746022469981,0.2725909621141842,0.6984272096987818,-0.20784183490678987,0.04594561366408076,0.3695272316994662,0.7651350334898331,1.1331605566209224,0.16229485218298034,-0.3327169446311628,0.5374775232692992
0.29124698216576617,1.5134062164967814,1.5134072746321101,1.3349658379025289,0.5769124406256334,0.009371274421398764,0.2725909621141842,1.3349671698156553,1.9343292790598212,1.3605444347330262,1.2537516853814277,-0.014276155509292818,-0.25367664366889137,1.761757564157973,1.3144760018135844,0.5374775232692992
-0.11762185691805585,-0.15959556176022668,-0.159594535884644,-0.027670489171601167,-0.3988864700170303,-0.16394717283856095,0.2725909621141842,-0.027678423594132622,-0.3694511700996903,0.282399197734533,0.6410859461744499,1.2026413630671333,1.492986998157829,0.10246012203092864,-1.1943246751321333,0.5374775232692992
-0.6246192173819951,-0.6615810309641901,-0.661580014768169,-0.4678869660098109,-0.2135715433667915,0.9682136520047242,0.2725909621141842,-0.4678851260824171,-0.300503290517285,-0.41045383818795433,-0.8219152299434782,-0.9999337850469986,-0.9992339946265449,-0.6784333408350026,0.6009822879289816,0.5374775232692992
-0.25738066009579863,-0.21183760097507345,-0.21183876517201816,-0.17102696556487962,-0.13828735441513196,0.35041725128777107,-1.0220795393098967,-0.1710285085517659,1.6895854073404506,1.1020567294810744,1.0023944961448203,-0.23097786465029782,-0.06810596669900927,1.4793845232631695,0.7612897422514082,0.5374775232692992
-0.30495812500737063,1.5126619343541856,1.5126629924751627,1.5202300761494523,-0.4017820157459403,0.185485180508132,2.861931964962346,1.5202240386277586,-1.4294184235338956,-2.9182051578908412,-1.921025948278924,-1.6211726740726746,0.9035084870359775,-1.5412367537924785,1.8929688060248158,0.5374775232692992
-0.7926271403509838,-0.5211152890702418,-0.5211142701656827,-0.17677016684237248,-1.079339716310876,0.4482583102248451,0.2725909621141842,-0.17676824921777703,-0.5573967705565556,0.3583304868757426,0.8126555357851204,1.5433989316362502,0.5823011102247282,-0.08296056226488788,-1.744597606068456,0.5374775232692992
0.4637152924702147,-0.30846074653988054,-0.3084597235347987,-0.12466787650683962,0.2844623220057253,-0.5972432909884602,0.2725909621141842,-0.1246580315037803,-0.5324161033356114,-0.16788503896233878,0.1990417374914316,0.777532617224003,1.518678963808084,-0.12183639206983542,-0.4444369454502144,0.5374775232692992
1.0554600123078917,0.2321442096043018,0.23214305396846002,-0.258500491050359,0.7043164526976726,-1.3044943741621666,-1.0220795393098967,-0.25850205738336673,3.0351482689528706,1.7735695991743328,2.159943377626017,0.44977708486214113,-0.7856238813093136,2.894542870534734,0.7386886795903799,0.5374775232692992
-0.08639914556983672,1.3401679806122415,1.3401712244722621,1.2878193585212225,-0.31202009814973086,-0.13878804339759904,0.2725909621141842,1.2878152373387772,-0.353351791442795,-0.024577032637005013,0.620296295057513,1.3368031277942052,1.1783731980384227,-0.01547904290497152,-0.4432051586869092,0.5374775232692992
2.332617586027903,0.8947391979850551,0.894740244190904,0.6723966645503759,1.9899387563337043,-2.4646097872731874,-1.0220795393098967,0.6724017763643996,-0.24419189387259124,0.2945371007178902,0.7863389882622253,1.2917448564449507,1.3669983333889022,0.2635450392126648,-1.1539996468367975,0.5374775232692992
0.319496101957012,-0.3459287852242014,-0.34592776294159905,-0.22557451831136016,0.7361674557156824,0.11000779218524633,0.2725909621141842,-0.22557953800094274,-0.08915084504155112,0.42444967357060004,0.9186103683806078,1.6068915592780442,0.2537115279583874,0.32491470880425166,-1.310045897514156,0.5374775232692992
-0.07004439200648384,1.5333267091368443,1.5333255785911235,1.5163722592389766,0.15995385566259612,0.2861216982719796,2.861931964962346,1.5163686936478742,-0.59004658242699,0.09556970143283738,0.733496424503307,1.7052462416755696,1.352166097563803,0.010503295607883217,-1.1677084881229949,0.5374775232692992
-0.05368963844313095,1.2506155154020941,1.2506143794049798,1.280228361861994,0.1165206697289464,0.21343976877586743,1.567261463538265,1.2802257224296913,-0.12777008749393792,0.7071543037630131,1.1344316294593244,1.1843593520976736,1.7278709136171857,0.47452944217419035,-1.8738531897831832,0.5374775232692992
0.5603570180718453,0.4558535310173355,0.4558545687603482,0.289946544619336,0.12810285264458632,-0.9299028913745119,-1.0220795393098967,0.28994364088718444,0.5950516209957626,1.0280432794806862,0.9656068462092016,0.9636567804950069,-1.4273961897895433,0.7203151084284436,-1.373146468424013,0.5374775232692992
-0.5264906960018778,-0.5303859798758097,-0.5303871502151806,-0.29141261521583306,-0.294646823776271,0.7054405222880111,0.2725909621141842,-0.2914146849249187,-0.04269987659408333,0.578070271065439,0.926768752041398,1.039149434946486,1.2249162251266121,0.40886194215190613,-1.6007295000335038,0.5374775232692992
0.9855806107190203,0.4241821367847605,0.4241766067215653,0.35520695817106074,0.4552995200114142,-1.4135172684063348,0.2725909621141842,0.355205061040581,-0.9777232790000145,-1.3158463499468784,-1.148857544187005,-0.4107471066786791,-0.26427724859194224,-1.1141607857342481,0.6585905635697221,0.5374775232692992
-0.7420760838824385,1.4880918673880243,1.4880929250352277,1.5491933784927163,-0.760829686130778,0.6607131810596344,1.567261463538265,1.5491972405420138,-1.4217433668354746,-2.0208204657023647,-1.3477588757852863,-0.813854944893583,0.22054713705003678,-1.259477688673489,0.7408304036410251,0.5374775232692992
-0.47593963953333257,-0.21298904923097162,-0.21299021345011918,-0.11234264606978124,-0.49733502479996966,0.41471280430356255,1.567261463538265,-0.1123377436976332,-1.2243682222181465,-1.6563342958317187,-1.445033240779895,-0.904425743517619,-0.11250639350001952,-1.298353518478437,0.6274768255681545,0.5374775232692992
0.4414133557929153,1.3145756202325736,1.3145788635991082,1.2038020413140003,1.0315131200645005,0.1659169687207172,0.2725909621141842,1.2037988868919605,1.5558374721518093,1.2060826797202833,0.8575523905994816,0.031916612485893794,-0.4359945227197225,1.1835319232902688,0.9593564658717895,0.5374775232692992
-0.4462037239636001,-0.11643376468504825,-0.1164371161075309,-0.009050092883704933,-0.44231965595068,0.41191734547678904,0.2725909621141842,-0.009054560192267143,-0.09419277947657263,-0.11533792881886516,-0.5584284637118512,-0.677943647921231,-0.9247756438031048,-0.4689559693232025,0.4411322352376242,0.5374775232692992
-0.2261579487475795,1.584331926555907,1.5843329860588646,1.5177828353708582,-0.135391808686222,0.2945080747523002,1.567261463538265,1.5177881728130145,-0.43518428613420357,-0.5799512838332346,-0.8571185364037668,-0.9699192383810142,-0.7611895339859589,-0.6978014857629522,1.0021742635425273,0.5374775232692992
-0.24697308964639225,1.294806173086155,1.2948050379411493,1.2823333450377614,0.05571420942183679,0.5181447808941837,1.567261463538265,1.2823351574956576,-1.3927084251184978,-2.307272452637041,-1.377467104676094,-0.7810789233027954,-0.06780111106584906,-1.1614090124821135,1.2109649004797873,0.5374775232692992
-0.3064449207858573,1.2768120577563398,1.276813111329529,1.3092965176905171,-0.37861764991466046,0.2106443099490939,0.2725909621141842,1.309290423872013,-0.5302103874331336,-0.6550960906952037,-0.7169002177293713,-0.5413254185297948,-0.10974657298888345,-0.7667900365725938,0.7614287701027971,0.5374775232692992
-0.15627854715870812,1.565919699787163,1.5659207589350859,1.5518800017565244,0.015176569217097048,0.3084853688861679,2.861931964962346,1.5518779294183411,-0.020277561605946216,1.05671413347845,1.6179812196946135,1.5504785624546018,1.0856400079424597,0.7988481917530112,-2.427775601818463,0.5374775232692992
-0.38821868860262165,1.4982753983508346,1.4982742671292348,1.473675128694419,-0.048525436818922546,0.6830768516738227,1.567261463538265,1.4736680895634218,-0.5868898960656512,-0.12435093162320837,0.6125289229536341,1.3107114810612133,1.3637883973014955,-0.25372955191059887,-0.8345011318385966,0.5374775232692992
-0.046255659550697825,1.3211471937386692,1.3211482481667531,1.5626106678705862,-0.6942321343658484,-0.5832659968545925,1.567261463538265,1.5626155226849592,-1.1770840026390528,-0.6517945474374298,-0.6374242128609281,-0.12501742158349374,0.14801188373599508,-1.1305148677627472,-0.4312244335934751,0.5374775232692992
-0.28860337144401776,-0.12303817416802301,-0.12304152571785552,-0.08104091316847502,-0.6247390368720088,-0.06051519624793982,0.2725909621141842,-0.08104490509888061,-0.2615232391963415,-0.45668385537196765,-0.9195622273493463,-1.0557529536216828,-0.8821755927017377,-0.701262076499358,0.8549882578341802,0.5374775232692992
3.916055090116159,1.4066279978157927,1.4066224866966621,0.6240255755959494,2.5951078136758907,-4.85752254299134,1.567261463538265,0.6240183096989504,0.7321603821176395,0.4146375711242479,-0.4242463588502948,-1.031718595263308,-0.5402691576497872,-0.07165782639194909,1.896195642455551,0.5374775232692992
0.2823262074948464,0.04257116975491024,0.042572199528783716,0.08254635077686749,0.14258058128913623,-0.3931747966339915,0.2725909621141842,0.08255377812385355,0.02073153968472639,-0.018953894629815626,-0.44750671032678696,-0.5301814254573457,-1.0651336322428353,-0.3855389877819325,0.4234951620104348,0.5374775232692992
1.3766079004610028,0.5281977552776438,0.5281922272201353,-0.005461333973139298,1.1647082235943598,-1.4638355272882586,-1.0220795393098967,-0.005458876035274392,-0.7962244201343488,-1.1621794887885548,-1.0506514987780158,-0.5664860276004502,0.3834196786856645,-1.024966850302365,0.8304644399884441,0.5374775232692992
-0.21277678674119987,1.3826599237590838,1.3826587903081227,1.3828087026953673,-0.6160523996852789,-0.1946972199330699,1.567261463538265,1.3828090581933594,-0.8968657507307733,-0.31257674940462493,0.33856948764568556,1.3357288144291883,1.448222298259289,-0.4998780220323784,-0.8445090517208229,0.5374775232692992
-0.0908595329052966,-0.43385696411138974,-0.4338537544590997,-0.3284674412328641,0.36843314814411476,0.5265311573745043,-1.0220795393098967,-0.32846952083164455,-0.25780595148935126,-0.5041083162314048,-0.6714407368766361,-0.5430841703396634,-0.827748018321753,-0.6596512636930574,0.6752836376859813,0.5374775232692992
0.31652251040003876,-0.28796671883699365,-0.28796350637156715,-0.1952164667773857,-0.21646708909570148,-0.8041072441697024,0.2725909621141842,-0.1952165324441635,-0.22633089851817892,-0.3061082480919418,-0.7893433965831301,-0.983825282727349,-0.8054421995855542,-0.6261895839111964,0.6512582346874742,0.5374775232692992
0.15000138320953674,-0.1622552758874439,-0.1622542500631473,-0.07971738521303487,-0.22225818055352142,-0.4966067732246126,0.2725909621141842,-0.07971445250158893,-0.5008153323827685,-0.13618601790012005,0.2953431887692078,0.7615769883862079,1.3168690830934997,0.05819805019270421,-0.6404794235543739,0.5374775232692992
1.3364644144418638,1.0478073878052496,1.0478084369626441,0.7950594153623333,0.2902534134635453,-2.2325867046509833,0.2725909621141842,0.7950680220585615,-0.07836274681360228,-0.08624649606214937,-0.5548558579839873,-0.6570347989325244,-0.7280376550250377,-0.4334011903056119,0.680137099977966,0.5374775232692992
0.521700327831193,-0.059443643213465576,-0.05944261540669817,0.032841842028768796,-0.45679738459522995,-1.4219036448866555,2.861931964962346,0.03284727774176668,-1.1717440313844139,-1.2030008631324443,-1.162013132117762,-0.5433103125993668,0.01390562280708395,-1.1984150069698094,0.08757259178841219,0.5374775232692992
-0.1087010822471361,-0.03436352407311362,-0.034362495782737486,0.024594027310936302,-0.05721207400565249,0.14914421576007594,1.567261463538265,0.02459748245447107,-1.1241532546798911,-1.3320386321665336,-1.1381847974235924,-0.39133819811369747,-0.19128809433218805,-1.221160018664736,0.3343727481561268,0.5374775232692992
-0.581502139805883,-0.26651169154410814,-0.2665106677301414,-0.07597827036134301,-0.4162597443904902,0.6914632281541434,0.2725909621141842,-0.07597286369173334,-1.3644503961845145,-2.3494649137351145,-1.8884862962692555,-1.5551905847451548,0.2645611182978867,-1.6120672319295621,1.2435099302114032,0.5374775232692992
0.6733534972368289,0.02045504479418965,0.02045607414160777,0.049505632714377586,0.26708904763226543,-1.008175738524171,0.2725909621141842,0.04951008369074684,-1.1272605580442805,-1.639195711404421,-1.4657972889609774,-0.8035019482561915,-0.24881085330320796,-1.399240901640595,0.9728261792535982,0.5374775232692992
0.8383878286488443,-0.49777328763936357,-0.49777226828471094,-0.8770786814172101,0.6145545351014632,-0.9830166090832092,-1.0220795393098967,-0.8770734885561486,-0.6570641780335651,-0.8912636812095686,-0.8410929435852668,-0.61648696753734,-0.6215782713326299,-0.8812686107720882,0.5724350040640521,0.5374775232692992
1.6382839574746488,0.780535670399111,0.7805367144028243,0.6143276173933073,0.7216897270711325,-2.3835414812967546,-1.0220795393098967,0.6143341974852065,-0.14721968517275208,0.2915762262548675,0.7387450905705717,1.241724152436323,1.161105426042265,0.26351713122285536,-0.9530098626409657,0.5374775232692992
-0.20385601207028012,1.4532966772216722,1.4532977341979356,1.4603251038165264,-0.49733502479996966,-0.0968561609959959,0.2725909621141842,1.460323996227017,-0.32933704868683034,-0.4681488323410015,-0.770868641331758,-0.8804296550040127,-0.8543803453798129,-0.6277524313405409,0.968638660369766,0.5374775232692992
0.12472585497526409,1.6398050258956696,1.63980608646829,1.628005610422266,0.5218970717763438,0.2693489453113383,-1.0220795393098967,1.6280055367696926,-0.6497685357694529,-0.3306616360395646,0.22695948173341648,0.7187874023963866,1.7549267806235873,0.005312409503273961,-0.2882711308206616,0.5374775232692992
-0.5681209777995033,1.185166846286423,1.1851678980924587,1.2293961835554488,-0.4017820157459403,0.6802813928470492,2.861931964962346,1.229396498108626,-0.37545798569693883,-0.37446491378442437,-0.7051585780556279,-0.8236271420016181,-0.8189221727133155,-0.6504974430354673,0.6453370384968231,0.5374775232692992
-0.16519932182962785,1.3263593578019648,1.3263604123305526,1.1850095270408674,0.09914739535548651,0.40632642782324196,0.2725909621141842,1.185009335155488,-0.3519537657545079,-0.5921817141435611,-0.6272837492725408,-0.6287440490084273,0.13962751808971519,-0.5797785968576228,1.10966503712233,0.5374775232692992
-0.34658840680499614,1.3346953177990373,1.3346963724883636,1.307773174602791,-0.5204993906312495,0.14914421576007594,1.567261463538265,1.3077720262981525,-0.6223048079976705,-1.1065915942178575,-1.2570477561697895,-1.5245822235049833,-0.6098723972778805,-0.9461267790898904,1.4865834450226396,0.5374775232692992
1.2353623015047732,1.3484032436135511,1.3484021095020338,0.8794921897752992,1.0604685773536005,-1.2989034565086195,-1.0220795393098967,0.8794998298220048,-0.15524129226877956,0.19218084815172104,0.32591841658398285,0.7228344125764626,-0.8688020086402231,-0.2155235138610846,-0.6852429160052987,0.5374775232692992
-0.043282067993724575,1.6088231871775582,1.6088176799572673,1.5865429812890606,-0.26858691221608116,-0.17792446697242864,2.861931964962346,1.5865414127942472,-0.8375906787339445,0.05034066169513006,-0.05398072581466203,0.6469325458895903,-1.0061416354517865,-0.5483821083216814,-1.4050589214318094,0.5374775232692992
2.1869115997362134,0.874072234137271,0.874073279944608,0.5421171982997871,0.9880799341308508,-3.157883576313026,-1.0220795393098967,0.5421188131987538,0.7504748664017846,0.8271580410548118,1.3576506997684952,-0.0051358891626158325,0.9470548181909139,1.827815776037593,-0.4381619233777787,0.5374775232692992
-0.1741200965005476,1.4809511369493555,1.4809478163285323,1.4580915267437433,0.15995385566259612,0.4818038161461276,0.2725909621141842,1.458093386110368,-0.7596444867954236,-1.3421451397441524,-1.370637949342703,-1.614872629093857,-0.7562445252607923,-1.0417116441882006,1.5231137081143167,0.5374775232692992
1.7453332535256858,0.6222837743622494,0.6222826262492946,0.540560222962072,0.5305837089630737,-2.7693147993915033,-1.0220795393098967,0.5405657941818408,-0.029609209191470576,-0.030120260679993505,-0.4611639318948476,-0.5067336787861442,-1.0065726137582156,-0.3996325226358441,0.40537288158189827,0.5374775232692992
1.7393860704117392,0.9778076522941181,0.977808700101739,0.679558355430336,0.5827035320834534,-2.7078147052024857,-1.0220795393098967,0.6795634691557689,1.1165924071305349,0.8199072632504779,0.49436890507984843,-0.2545162653749535,-0.007145289981934713,0.86102719304908,1.0476301146933684,0.5374775232692992
-0.0031385819745856918,1.6670588867054261,1.6670577587384032,1.701747286074098,0.02386320640382699,0.028939486208813568,2.861931964962346,1.70174673751066,-0.6526044065344124,-0.9213771203505379,-1.126636532395509,-1.305976965494191,-0.5339609943697542,-0.9497548177651547,1.168990306727723,0.5374775232692992
-0.23656551919698587,-0.14086810961344212,-0.14086708337674633,-0.05496207085365902,-0.5639325765648993,-0.09965161982276943,0.2725909621141842,-0.05495764775904805,-0.164814986092873,0.3166553376511804,0.7633927529448223,1.2439790034190634,1.343749197631333,0.27498731503465235,-1.1216784519459178,0.5374775232692992
-0.5889361186983161,1.4377280460506692,1.4377291027267296,1.4541723804362292,-0.4162597443904902,0.7054405222880111,2.861931964962346,1.4541712712045973,-1.4324599988248805,-2.00067474314856,-1.3712137511324696,-0.8684137475023992,0.2773689254256446,-1.3136191889043567,0.7191573518880174,0.5374775232692992
-0.07301798356345708,1.29577811800178,1.2957791719406833,1.3250957617146502,-0.07748089410802236,0.06248499213009609,0.2725909621141842,1.3250975855855605,-0.34145396685382023,-0.32436136623046236,-0.6711127741715188,-0.800884690968241,-0.7443580652070523,-0.5938163157319146,0.6463790522429825,0.5374775232692992
-0.25143347698185214,-0.17627842707999822,-0.17628177965643874,-0.10164956894100105,-0.25121363784262124,0.2302125217365087,0.2725909621141842,-0.10164219075472147,-0.3549842124827999,0.11496679379570758,0.41469924440617995,0.9275789771067173,1.2006160757352053,0.03693216195769312,-0.7832499047026111,0.5374775232692992
0.011729375810280562,1.5006198871000112,1.500616566858452,1.4683315576814984,0.20338704159624585,0.17430334520103782,1.567261463538265,1.468333914373165,-0.42712981500147384,-0.20138413711287242,-0.35576931783373156,-0.1301325070013825,-0.12856482752099962,-0.512520341416184,0.09599142332926396,0.5374775232692992
-0.0908595329052966,1.4968743966706541,1.4968754544872074,1.4457148587478785,-0.2280492720113414,-0.04933336094084565,-1.0220795393098967,1.4457013824578984,-0.37270627468734385,-0.45807597106409903,-0.7362458252465401,-0.8278910541905116,-0.8162109533145748,-0.6438832494505624,0.8045670269709863,0.5374775232692992
-0.12208224425351573,-0.21776121120408562,-0.21776237551525265,-0.14539919107344232,-0.11222744285494214,0.12118962749234051,-1.0220795393098967,-0.14540122181248402,-0.2280572168059046,-0.5856669491673934,-0.9958960968782421,-1.2609278984806112,-0.7641944206133517,-0.7125369043824873,1.1150475003888494,0.5374775232692992
0.0607936365003392,-0.0354164643983741,-0.03541762519346883,-0.03512893519852093,-0.44231965595068,-0.5413341144529893,0.2725909621141842,-0.03512203385035558,-1.3449616746524835,-1.9376552219071794,-1.6229426573967172,-0.971003949117504,-0.023279001033620902,-1.5623072860988216,0.795579571517954,0.5374775232692992
-0.1860144627284406,1.538740267191666,1.5387391367503325,1.495249227878387,-0.28016909513172106,0.07925774509073735,1.567261463538265,1.4952520863462504,0.5445404660033316,0.8008298107444113,0.3635771150369912,0.08229969294066522,-0.904597512322513,0.3806190564644636,0.08115228561127512,0.5374775232692992
-0.2856297798870445,-0.40383174685302653,-0.4038307256869411,-0.2800825037049128,-0.019569979529822732,0.5181447808941837,0.2725909621141842,-0.28008358120597726,-0.3153828743727706,0.2462252186770641,0.7764862111618308,1.3262872443239757,1.6686111443477514,0.2523260273091554,-1.222169173208292,0.5374775232692992
-0.6454343582808079,1.297301707328976,1.2973005722320905,1.3671004635829687,-0.3959909242881203,0.8312361694928205,2.861931964962346,1.3670711393659167,-1.696471411892762,-2.9626014516858232,-1.8171207866518544,-1.3570654205515678,0.6771827930284724,-1.4532428619224138,1.3375956383602932,0.5374775232692992
-0.14141058937384185,1.5587789693484944,1.558777839293558,1.4915773775266727,0.33947769085501495,0.5936221692170693,-1.0220795393098967,1.4915747945020632,-0.5661267802214986,-0.6487327340722586,-0.7074855995211642,-0.46075234746942734,-0.5697348095845983,-0.7909304477580065,0.6419649179613865,0.5374775232692992
-0.3198260827922369,-0.15790998161375983,-0.15791114477084234,-0.08057401840392513,-0.5842013966672691,0.0373258626891342,-1.0220795393098967,-0.08057751561767591,-0.29573435363582207,0.1253719122921822,0.6407622782820698,1.2851626928521063,1.2495337962378137,0.10047865475443836,-0.9445451519091556,0.5374775232692992
-0.34658840680499614,1.3089146978185953,1.3089157520108055,1.282137486640768,0.04992311796401683,0.699849604634464,1.567261463538265,1.2821299017975625,-1.3781329640153523,-1.9058720850931703,-1.3239625122821965,-0.685261098107774,0.3140201820109722,-1.236928032907231,0.8250145482140012,0.5374775232692992
1.0078825473963196,0.44752851634588936,0.4475295539283745,0.3962521517308762,1.0430953029801404,-0.8879710089729087,0.2725909621141842,0.3962487817789639,0.04462873699724799,0.04999578711278935,-0.4152112083459063,-0.4743277228089604,-1.0236742605020401,-0.37306411633698516,0.4250293343505107,0.5374775232692992
-0.5740681609134498,1.3769990013451054,1.3769956787198196,1.3158666766442044,-0.5407682107336194,0.5572812044690133,0.2725909621141842,1.315868498051931,-0.7145931089903717,-0.261375491289798,-0.17423255451404646,0.5430775575331505,-0.8677515315170716,-0.6644793459301398,-0.7081373274327575,0.5374775232692992
0.8086519130791118,0.21052938055727072,0.21052603543947235,0.17404189768747363,-0.042734345361102585,-1.5616765862253326,0.2725909621141842,0.1740359954688555,-0.1533720415039678,-0.10068917064456401,-0.5902101152591522,-0.6504390758234956,-0.7785146374627012,-0.5444749897483198,0.4028488309399337,0.5374775232692992
0.22880155946932787,-0.0032941227499910532,-0.0032930938605175274,0.03154403285273183,0.11941621545785638,-0.31490194948433226,0.2725909621141842,0.031536608826219115,-0.011040159035726783,-0.0206824733291087,-0.4521850566055831,-0.5108560652982111,-0.9191667161233461,-0.41026546675334963,0.3808441977613636,0.5374775232692992
-0.34510161102650955,-0.2397241016060365,-0.23972745540587162,-0.12995407485801458,-0.15276508305968187,0.5013720279335424,0.2725909621141842,-0.12996500413163894,-0.09079891562284281,-0.11493417321027116,-0.5760475015213261,-0.7381129176239084,-0.9608823134203979,-0.4525460713150838,0.4627691397492708,0.5374775232692992
0.017676558924227065,-0.6253607594012798,-0.6253597425068393,-1.251670725056758,0.2786712305479054,0.2358034393900558,0.2725909621141842,-1.2516799753411685,1.0138044811209381,1.1669772667129183,0.6016416600675253,-0.33599534682311166,0.03323285525633954,0.8727206407793551,-0.38886195213603575,0.5374775232692992
-0.19939562473482025,1.5033562185066132,1.5033572764481524,1.4755446861202648,-0.42205083584831016,-0.03256060798020439,0.2725909621141842,1.4755475393291126,-0.701919414921156,-1.9741698697593995,-1.7697725578603791,-2.271291042731122,0.055038682532067,-1.140701284043297,3.108464285704276,0.5374775232692992
-0.291576963000991,-0.2435418311845277,-0.24354737412314592,-0.22086204657764058,-0.4770662046975998,0.08764412157105798,0.2725909621141842,-0.2208611299049715,-1.065876797300952,-1.5870986205330262,-1.148185845358353,-0.5644733362256423,-0.11025002560936159,-0.9360519947685794,0.7849759172925265,0.5374775232692992
0.3001677568366859,-0.17052337486563274,-0.17052016013559868,-0.05910081596992325,0.6637788124929329,0.07646228626396381,0.2725909621141842,-0.05909985612422196,-0.34971118648811,0.16166785918974722,0.5727707588925813,1.0956027737845995,1.290523474893361,0.1848165999594291,-0.9617512387970396,0.5374775232692992
-0.047742455329184454,1.6047821729562883,1.6047832328535787,1.6312066092741377,0.49873270594506397,0.571258498602881,1.567261463538265,1.631208020252021,-0.6029748423678043,-0.9996846794798268,-1.216752383269349,-1.5715320085682396,-0.5336226152475171,-0.9092324165614332,1.4834650503159876,0.5374775232692992
-0.5592002031285835,-0.2524097340070437,-0.2524087099211552,-0.134466731459448,-0.19040717753551165,0.8675771342408766,-1.0220795393098967,-0.13447073764886094,-0.37525175951953726,-0.5392014078783669,-0.6856288968429118,-0.46131897163465324,-0.5751875738544948,-0.7333004488009232,0.5118383247577083,0.5374775232692992
0.3536924048622044,-0.15130338306565977,-0.15130235703018272,-0.05992381691082474,0.4205529712644945,-0.2589927729488614,0.2725909621141842,-0.05992335187682071,-0.07736813152293036,0.4587773118762693,0.9521719157771376,1.5651843390392939,0.45871904017870807,0.34994817566357517,-1.330132641482817,0.5374775232692992
-0.4045734421659746,1.3405335544881636,1.3405346092900658,1.3491368853536765,-0.3322889182521007,0.43987193374452443,1.567261463538265,1.349137231864877,-0.8713368279134152,-0.3961457488084044,0.14215330759535394,0.70046517425679,2.10175113639358,-0.1643123525602382,-0.5894555069554093,0.5374775232692992
-0.05368963844313095,-0.11883298006235694,-0.1188341424659351,-0.007898682913501405,0.04992311796401683,0.14914421576007594,1.567261463538265,-0.007902160730672491,-0.3445544887503187,-0.6214329668286788,-1.0360060913431608,-1.3536572997170389,-0.43321140816588427,-0.7461102161235871,1.0037299851995685,0.5374775232692992
-0.08045196245589022,-0.26340759719645873,-0.26340657332263717,-0.4183664454528272,-0.45390183886631996,-0.28694736121659686,-1.0220795393098967,-0.4183616247564633,-0.9519430941031072,-1.7833869331235543,-1.6622863449393321,-1.6926926820715962,-0.4425054733846187,-1.382663555693618,1.2927633271229308,0.5374775232692992
1.7869635353233113,0.2615740011485884,0.2615772242105632,0.2751997921830867,0.9388556567393811,-2.453427951966093,0.2725909621141842,0.2752047979878193,-0.2772332920427798,0.5933835436788845,0.9447063108791771,1.5514494198399293,0.7932125535783239,0.15403408719930184,-1.7997923582090862,0.5374775232692992
-0.06112361733556408,-0.6544337333301454,-0.6544327169963061,-0.5049358569239027,0.2873578677346353,0.39234913368937424,-1.0220795393098967,-0.504937489028925,-0.41669052766042847,-0.07506751264920293,0.4760997238658764,1.06795337109212,1.5087472898573315,0.10734402024763097,-0.6956734805557472,0.5374775232692992
-0.22913154030455277,1.5226440713254699,1.522645129638928,1.5170805148563868,-0.06300316546347245,0.36998546307518587,0.2725909621141842,1.5170784332304443,-0.5508411777115167,-0.169436974582872,0.3478267214430735,1.0525570938102364,1.7416672331543144,-0.13523222717850378,-0.5381180825515628,0.5374775232692992
-0.3004977376719108,-0.1515025879920604,-0.15150156196042452,0.06799347836996517,-0.2570047293004412,0.31687174536648854,0.2725909621141842,0.06799051539996749,-0.6204838969270557,0.20517252601575098,0.7404963478594836,1.5922497327210765,1.192269028838421,-0.22077021594531274,-1.508510935928766,0.5374775232692992
0.12323905919677747,1.3665155684601316,1.3665166237630335,1.3638262651281803,0.28156677627681537,0.04012132151590774,0.2725909621141842,1.363826615559882,-0.5778310721498934,-0.7268089748841239,-0.7823861092193843,-0.5556192366078134,-0.35513378536952517,-0.8325691685541171,0.750307237130946,0.5374775232692992
-0.3763243223747287,1.4346283298332703,1.4346250083192253,1.4798140035011913,-0.34387110116774067,0.37557638072873295,1.567261463538265,1.4798133957051873,-0.5868490333745134,-0.6350765417690845,-0.920121311733447,-1.0192883182219337,-0.3718491946035317,-0.8014796679060826,0.7347451545857352,0.5374775232692992
0.026597333595146818,1.5232438751697972,1.5232383662993185,1.5185761607970636,0.02386320640382699,-0.0269696903266573,0.2725909621141842,1.518569628241907,-0.560921047254342,-1.0705437887880742,-1.2914707852984781,-1.7084433781581765,-0.2526944192001693,-0.857797991342109,1.7485779552686416,0.5374775232692992
0.07714839006369208,1.1376728893283123,1.1376739402185432,1.1359420526749087,0.02386320640382699,-0.12201529043695777,1.567261463538265,1.1359334396289946,-0.31565239425048763,-0.31544509654067815,-0.6669216928853021,-0.7485411885039976,-0.7751151482842649,-0.5971652745090816,0.6868299007438252,0.5374775232692992
-0.3525355899189427,-0.16478364610714422,-0.16478262033160104,0.08007932632180942,-0.6507989484321987,0.034530403862360656,0.2725909621141842,0.0800857638262753,-0.7653534394568468,-0.037808440393637635,0.38174373521249955,0.9385441019260717,1.569327783117084,-0.18543870084620007,-0.9574358142899297,0.5374775232692992
0.7343121241547805,-0.30408042722419193,-0.3040794041346464,-0.2336027342204425,1.2197235924436494,-0.20308359641339055,-1.0220795393098967,-0.23360182094818102,1.8776261222315813,1.3680685887306792,1.2725914538538927,0.839258598306414,-1.10323161893077,1.4702307026055796,-0.1160142326713633,0.5374775232692992
-0.24548629386790563,1.2869518074166444,1.286952861185354,1.3045484353391625,-0.13828735441513196,0.3280535806735827,1.567261463538265,1.3045472861738618,-0.7595203337678818,-0.24452290041858787,0.28168546379684517,0.8755475710267369,1.8712727625097028,-0.09803087676213959,-0.6825277020676745,0.5374775232692992
0.16338254521591636,0.10740033344012653,0.10740136446407181,-0.018655067806966324,-0.13828735441513196,-0.4406975966891417,0.2725909621141842,-0.018649645838162518,0.5972922875404476,0.7079407860422536,-0.289247752756083,-0.5174383163043971,-0.7804873637373306,-0.11234767553452872,-0.2048711033295186,0.5374775232692992
-0.4015998506090013,1.6373335713692265,1.6373324428290237,1.4991861794947188,-0.42205083584831016,0.3476217924609975,1.567261463538265,1.499184093092893,-0.39614615762670685,-0.3723998720779696,-0.7055842210009458,-0.7944322213389063,-0.6538545933068214,-0.6117332451897585,0.677044425423821,0.5374775232692992
-0.1785804838360075,-0.21726648248577196,-0.21726764678739938,-0.07970749337480289,-0.09774971421039223,0.24139435704360288,0.2725909621141842,-0.07971197954137091,-0.33234002177597444,-0.40062911837883364,-0.8286610706300964,-0.9855352060134032,-0.8029654057584531,-0.7296724101256586,0.5774768490946688,0.5374775232692992
-0.34956199836196944,-0.6356975249228597,-0.6356986972929061,-0.4150843335274532,-0.1498695373307719,0.5125538632406366,1.567261463538265,-0.4150898983880304,-0.3379914189022206,-0.32005884552638253,-0.7337389172572737,-0.8494838127137854,-0.772421998832771,-0.6102262137400334,0.31910331923808943,0.5374775232692992
2.43074610740802,0.5960018584681178,0.5960028989135481,0.3801838497068331,1.3297543301422285,-3.286474682344609,-1.0220795393098967,0.3801869051629612,-0.4278698644205472,-0.30212116145707607,-0.6760666809366008,-0.5993729849318015,-0.6400080993010886,-0.7478684194815998,0.18617879052521055,0.5374775232692992
0.5781985674136848,-0.06552924426174858,-0.0655325947026621,-0.005955925884738752,0.3539554194995649,-0.745402608807458,0.2725909621141842,-0.005953468078877246,1.4124675034448775,1.2580241564508658,1.2019392958763622,0.8270943648905442,-1.3656315375008352,1.260502159185492,-0.3630027717777098,0.5374775232692992
-0.0566632300001042,1.5885349315964479,1.58853599118045,1.5400493632310654,0.03544538931946692,0.1407578392797553,1.567261463538265,1.540049760695579,-0.8916528885281416,-0.3651490942736357,0.23960837982690716,0.8194663541374453,2.313977106810852,-0.06309007352036317,-0.5965069995778517,0.5374775232692992
-0.17709368805752088,-0.23796409324531004,-0.23796306888087274,-0.013968314852649901,-0.18172054034878168,0.15753059224039656,0.2725909621141842,-0.0139683321454615,-1.3833138316002422,-2.25558332316183,-1.9272953600083211,-1.559613850277495,-0.24012376904231778,-1.6107276484186952,1.2093785926954406,0.5374775232692992
-0.19493523739936036,1.560806043654505,1.560804913638656,1.510059288079321,0.09625184962657653,0.4594401455319393,0.2725909621141842,1.5100576991715018,-0.1984802793090285,0.5998183986908513,0.9984480768994967,1.4956194167167551,0.8511289827933305,0.3074163991935535,-1.6603091906069383,0.5374775232692992
-0.3138788996782904,-0.475882636386547,-0.47588161660978673,-0.3433744414484716,-0.23094481774025138,0.3671900042484123,0.2725909621141842,-0.3433715791053985,-0.348446877435929,-0.562892609370138,-0.9225572982655416,-1.0720907170377538,-0.9919892294222408,-0.7318771413206271,0.7583604254226451,0.5374775232692992
-0.24994668120336552,1.3963372026618435,1.3963360694746152,1.4003034077924632,-0.37572210418575047,0.10721233335847279,0.2725909621141842,1.4003027787755924,0.2954129838857375,0.9329924799575148,1.4185385089780849,1.1486873419820296,1.1367044978521288,0.8759021516176636,-1.6479225041874488,0.5374775232692992
0.2615110665960336,-0.26844463604973184,-0.26844142320786973,-0.1723148829026846,0.5769124406256334,0.06528045095686963,0.2725909621141842,-0.17231197490491532,-0.264202440664641,-0.3171862926027398,-0.7474740236942525,-0.9029959704446308,-0.9522114650074575,-0.6414831623269259,0.5534152988548007,0.5374775232692992
0.0726880027282322,1.2927790987801442,1.2927779635960512,1.343460948576161,0.45240397428250423,0.3000989924058473,1.567261463538265,1.3434642611247525,-0.6243458559490529,-0.8715090969015891,-1.1564073821311458,-1.4441598525428905,-0.4998005198336808,-0.8981808525967817,1.169764691859959,0.5374775232692992
1.4405401189359275,0.6992622494927789,0.6992632919293331,0.565903112512428,0.4147618798066745,-2.308064092973869,-1.0220795393098967,0.565901271615397,-0.2889281942464024,-0.006433264975812025,0.2687796496672131,0.7748517135206193,1.5041708214294949,0.009889319832068873,-0.3587130674231068,0.5374775232692992
-0.3897054843811083,1.4751238455858557,1.47512709204817,1.5161130930772984,-0.05721207400565249,0.6774859340202757,1.567261463538265,1.5161213976260728,-0.7269285990840004,-1.0068261068068332,-1.1949123327271065,-1.380468511856192,-0.47529014481884413,-0.9821280859444363,1.1052974771709494,0.5374775232692992
0.03997849560152644,1.4163189891254144,1.4163178563234862,1.4243385963285502,-0.3004379152340909,-0.36522020836625607,-1.0220795393098967,1.4243374791344732,-0.0004203803185070388,0.5587657060295382,0.8761425560716803,1.4619242994987465,0.6429779857831167,0.2716383562574851,-1.1683459308216129,0.5374775232692992
0.23772233414024763,-0.2740245630540748,-0.27402135031980795,-0.07289003846531601,0.8867358336190014,0.4091218866500155,0.2725909621141842,-0.07288413637943351,-0.35487518734516854,0.5210692318646627,0.9815847569133727,1.6165814466262065,0.4623060273600616,0.14019172425367782,-1.8617563764338394,0.5374775232692992
-0.015032948202478694,1.4785672450279237,1.4785683024914682,1.4275574004892395,0.2236558616986157,0.24418981587037641,0.2725909621141842,1.4275572733383277,-0.11332834302689844,0.32892362004981274,0.12731321243352312,0.3282862202176055,-0.2869273674831557,-0.13246933618734097,-0.5544531599504956,0.5374775232692992
1.8508957537982362,1.0763090157364168,1.0763100654433955,0.578748653640489,1.0170353914199506,-2.4981552931944697,-1.0220795393098967,0.5787532458684171,0.1134195995154091,0.7385757428443235,1.2388899700106122,1.151136734912488,0.8435722618049678,0.8049321335315313,-1.6074932050035713,0.5374775232692992
-0.243999498089419,1.3114934165361771,1.3114944707781115,1.304158696912822,-0.1498695373307719,0.314076286539715,1.567261463538265,1.3041540854991975,-0.3806739778078279,-0.3681141745242479,-0.6897120179298242,-0.8213193133754144,-0.5649905440716118,-0.6134914485477713,0.652670757657585,0.5374775232692992
0.1901448692286756,1.4760717107851027,1.4760749572656944,1.4171749270809437,0.6608832667640229,0.2805307806184325,0.2725909621141842,1.4171782593033218,-0.35560636869084605,-0.03689578448671161,0.5265442234515761,1.119942364601623,1.8339691419513855,0.023927038706361026,-0.3803777775050312,0.5374775232692992
1.5371818445375582,0.47743990221773797,0.47743875131182345,0.33624430428033764,0.35974651095738486,-2.5428826344228463,0.2725909621141842,0.3362399291286296,-0.38564931475048453,-0.25846508627784953,-0.5031928612149419,-0.2561872384743888,-0.2849356641782953,-0.6730750067915354,0.151536525655394,0.5374775232692992
0.2704318412669534,-0.23146694795347408,-0.23146373439858772,-0.13457554167999988,0.2439246818009856,-0.27297006708272914,-1.0220795393098967,-0.13457212901779952,-0.1423060769762823,0.19134810220899592,0.7063315457211335,1.2767413793905373,1.1500777239462574,0.30163944530294035,-0.7783032937501959,0.5374775232692992
-0.42241499150781403,1.3722334065673671,1.3722322729153562,1.3778489350058478,-0.14407844587295193,0.6551222634060873,1.567261463538265,1.3778581918368948,-0.6878756904541773,-0.9020515263766895,-1.1383263156852976,-1.3259551545510528,-0.2612648936815644,-0.9303587648473953,1.04828493587341,0.5374775232692992
-0.041795272215237954,-0.2093639573835052,-0.20936512153275172,-0.10937113786489172,0.20049149586733586,0.27214440413811186,-1.0220795393098967,-0.1093751373564521,-0.36909575162868796,-0.12377894451103352,0.2558794549284159,0.6545400003648026,1.1028810041210237,0.09291558951600255,-0.3935256414108747,0.5374775232692992
0.5900929336415779,0.164116821771049,0.164117853888633,0.22789504339006855,-0.3641399212701105,-1.461040068461485,0.2725909621141842,0.22789706901720633,-0.5036600712211239,0.021543634069680732,0.45902100576628285,0.9338478351641977,1.4204932889284068,0.10315782177617183,-0.9165560648675525,0.5374775232692992
0.02511053781666019,1.4341029542032027,1.434108388939697,1.4001649220572152,-0.2251537262824314,-0.2645836906024085,1.567261463538265,1.4001667659636017,-0.6747617226234265,-0.018327232278977017,0.44884357933120583,0.9716452905843405,1.9221552966516486,0.046979038289194266,-0.9257840385034873,0.5374775232692992
-0.08193875823437684,-0.10922736229262103,-0.10922852451097834,-0.11105868546726906,0.0701919380663867,0.22182614525618807,0.2725909621141842,-0.11105675030470182,-0.37981255750188586,-0.48625474791388884,-0.6737284779320218,-0.5365799392894841,-0.2575090613318808,-0.6251569882882365,0.466881583593353,0.5374775232692992
1.0465392376369718,0.7875735147768915,0.7875745589163125,0.5961602672964361,0.9446467481972011,-1.0556985385793214,-1.0220795393098967,0.5961579398828016,0.1535937108365351,0.49254137464494274,0.8672964681948135,1.2973186518853097,1.076492871461875,0.4457283966905534,-0.8501285574739602,0.5374775232692992
-0.18898805428541388,-0.19163471893384904,-0.19163369367606312,-0.3804094837890387,-0.025361070987642693,0.33084903950035627,-1.0220795393098967,-0.38040910429059827,2.5754026526134774,1.5526606060347496,3.0288225603808487,0.7473583091647795,0.8009697538350538,4.758210522038398,0.522763133319844,0.5374775232692992
0.7001158212495882,1.2894889338968458,1.28948779864931,1.192711312288294,0.25550686471662554,-1.069675832713189,0.2725909621141842,1.1927126062346025,0.4756216250142029,0.5689184772706416,-0.46208636392122493,-0.9160152980363402,-0.7064447230953664,-0.19738332048476265,0.46501582982771467,0.5374775232692992
0.20947321434900174,0.0510012595523699,0.051004478553964526,0.04200761933452987,-0.2570047293004412,-0.6419706322168368,-1.0220795393098967,0.04201206830972757,-0.03797893163923321,0.3562191815058031,0.7686932416421918,1.1104927442013415,0.8452550236211727,0.46451047383249866,-0.9699816875992595,0.5374775232692992
1.676940647715301,0.7610858267609835,0.7610868703896542,0.7065709872742518,1.2544701411905692,-1.9418589866665346,0.2725909621141842,0.7065731406569208,-0.36863843725552936,0.5214771932608463,0.7742286155650081,1.3203997203673223,0.6984394991941041,-0.01207426814818491,-1.6453108659991091,0.5374775232692992
1.439053323157441,0.8359759337619943,0.8359769788347374,0.6740189260204221,0.6840476325953028,-2.045290963257156,0.2725909621141842,0.6740166193867629,-0.34901669462256046,0.5930386690965437,0.9714895692381732,1.5111319785666284,0.8938481856317656,0.1433453271021769,-1.8360723711682634,0.5374775232692992
0.48601722914751405,0.05040802290341857,0.05040905282840659,0.1957050234155297,0.35685096522847487,-0.5692887027207247,0.2725909621141842,0.19570159993887853,-0.24001590072210577,0.6149508224379474,0.9861804124094024,1.4929347677842675,0.5835015632226599,0.1870492391442069,-1.858879195049347,0.5374775232692992
-0.10572749069016285,-0.20754484426439612,-0.20753944118306306,-0.15111271683623922,-0.22225818055352142,-0.015787855019563125,1.567261463538265,-0.15110139511500692,-1.1495397666715395,-1.9387276977425072,-1.7274281871960706,-1.5582186233722435,0.44063216478955797,-1.5338132285030914,1.2535526070564766,0.5374775232692992
-0.5636605904640435,1.4314651307272384,1.4314639982173663,1.4213018019913295,-0.7029187715525783,0.38116729838228003,1.567261463538265,1.4213130487878416,-1.279649879046169,-1.6030385554973103,-1.2138197897984073,-0.728602961537866,0.03860991595179252,-1.1659859228109086,0.5607712624717847,0.5374775232692992
-0.1324898147029221,1.6849588722348543,1.6849599336781562,1.6638694591161656,-0.028256616716552677,0.22182614525618807,1.567261463538265,1.6638684058513356,-0.5371869529387873,-0.8582861007201354,-1.0893145020153865,-1.3333417062977913,-0.494647411638106,-0.8678169596838005,1.365735570620653,0.5374775232692992
0.03403131248757994,1.456223457294174,1.4562223252617055,1.4300996029148607,0.06150530087965675,-0.004606019712468953,1.567261463538265,1.4300945305220103,-0.46561881849359604,-0.20146825286466286,-0.34676786896735573,-0.10176667763821595,0.02378557636870197,-0.46892806133339276,0.033144578248191545,0.5374775232692992
-0.28116939255158463,1.1928723555274146,1.192873407482032,1.2429756990803233,0.04413202650619686,0.571258498602881,-1.0220795393098967,1.2429779956259606,-0.24543551075351527,-0.36818146712568023,-0.5158004064449943,-0.48872448970297744,-0.13625777948346873,-0.5291535033427804,0.7755498289683626,0.5374775232692992
-0.0566632300001042,-0.5283851743513023,-0.528384155586925,-0.31194015791485674,-0.5060216619866996,-0.3819929613268973,0.2725909621141842,-0.31194272769465514,-1.4123896360083568,-2.5198455747741937,-1.7199591776337337,-1.228528719671807,-0.40268658714554956,-1.4609454671098983,1.3544708389618716,0.5374775232692992
-0.24994668120336552,1.4729391585908247,1.4729402159458451,1.4695067080634587,-0.6710677685345686,-0.17792446697242864,2.861931964962346,1.4695110434369398,-0.8413044887650933,-0.3018309621133991,0.08141210378977552,0.7822611194266224,2.020818348939392,-0.30332204980248134,-0.43394451350589797,0.5374775232692992
0.1381070169816437,1.625422868022569,1.6254239283178649,1.297115708091646,-0.0398387996321926,-0.298129196523691,0.2725909621141842,1.297116040718729,-1.3200994222939426,-2.702052910515006,-1.6247379142530605,-1.272410249284641,0.7150211414956488,-1.2929951844349694,1.8702182884235445,0.5374775232692992
2.7548675871181043,-0.5894622804117858,-0.589465640955466,-0.7262380402176087,2.7601539202237597,-2.514928046155111,0.2725909621141842,-0.7262451718992401,0.18242399133023893,-0.03757712207621399,-0.9550908660612638,-1.4142073078153559,-0.7537918177506925,-0.5590150524391869,1.0458081547009177,0.5374775232692992
0.3953226866598299,1.685578377665309,1.6855794391205565,1.2057566685486412,0.5074193431317939,-0.25340185529531434,0.2725909621141842,1.2057500525039737,-1.4891652422586252,-3.051074399418984,-1.7703948357927601,-1.40632328377635,1.57291856769063,-1.3610069556012707,1.703998674720807,0.5374775232692992
-0.35104879414045603,1.3399337506438365,1.339934805434173,1.3814456073869992,-0.34676664689665065,0.3252581218468092,1.567261463538265,1.3814464571132337,-0.2675639621330448,0.7534137614601532,1.2437969240048026,1.3403716728300104,1.1457833185051083,0.4529565660512724,-2.0671901858993156,0.5374775232692992
-0.11910865269654247,1.3939379872845348,1.3939368540510435,1.3004274955317159,-0.15855617451750184,0.07087136861041672,0.2725909621141842,1.30042733445065,-0.7325634772499994,-0.22872596223234753,0.4148229831335373,0.9919978629212405,1.9612132828676796,-0.09102597131989874,-0.8149246200845327,0.5374775232692992
-0.33469404057710317,-0.24858105910292608,-0.24858222400837848,-0.14005166332522903,-0.12091408004167209,0.5125538632406366,0.2725909621141842,-0.14005220886091915,-0.34264698355125034,-0.39857669403514745,-0.8380251456802743,-0.9394225322806661,-0.8243412669378035,-0.6831776991026559,0.512340910440479,0.5374775232692992
-0.24845988542487887,1.3523960984020649,1.3523993424978749,1.3710235666257755,0.07598302952420666,0.540508451508372,1.567261463538265,1.3710254027545214,-0.7331052991461067,-0.1122803212412835,0.5097827421269698,1.247783053841023,2.2967353433016515,-0.10874754484907448,-0.9155293441850458,0.5374775232692992
-0.3718639350392688,1.2117180171909643,1.2117168804438068,1.2860487194776966,-0.4104686529326702,0.3028944512326208,1.567261463538265,1.286049543743115,-0.7267950563316864,-0.5653992587734924,-0.6967828576270177,-0.5435397187026897,0.016855352171669006,-0.8277969022966538,0.2997054582730602,0.5374775232692992
0.4919644122614606,1.6074637777347582,1.607464837683757,1.543806283391575,0.6695699039507529,-0.2785609847362762,-1.0220795393098967,1.5438061872667426,-1.346199553368269,-1.9984414699385245,-1.1864345583118274,-0.612369079619885,0.3461716705365267,-0.9802582506271846,0.9190912195525509,0.5374775232692992
-0.20980319518422663,1.4386014830356566,1.4386047287937265,1.3638955079958042,0.4263440627223144,0.8060770400518587,0.2725909621141842,1.3638933854857682,-0.6828887032974517,-0.8658985762571683,-0.851688436430154,-0.5840619314302998,-0.3793109860993903,-0.9072509492849427,0.8064758793705551,0.5374775232692992
0.2615110665960336,1.4211174198800318,1.421118476235797,1.380072620240399,0.02096766067491701,-0.4714476437836507,1.567261463538265,1.3800764371524537,-0.6934488398739895,-0.11825253961840312,0.46407373656194456,1.1569724826435355,2.1618508030902026,-0.0479918510333015,-0.8336468056918122,0.5374775232692992
-0.08193875823437684,1.4651110617028174,1.4651121189068923,1.455563172891647,-0.38730428710139037,-0.2198563493740318,1.567261463538265,1.4555660207675574,-0.29354811271805664,0.35327513019313855,0.6056144925171969,1.1709615400179016,1.1572086499690317,0.05339787594543122,-1.1130865307300868,0.5374775232692992
0.0429520871584997,-0.11105304260710594,-0.11105201579549953,-0.5508517916291497,0.02096766067491701,-0.06051519624793982,0.2725909621141842,-0.5508504684365779,-1.1058109489890138,-1.6247193905212902,-1.2256425475543915,-0.6935994118865673,0.721398775317029,-1.1444967706574196,0.8374040151905185,0.5374775232692992
0.6986290254711015,1.6481431749578674,1.6481420466261012,1.5441960218179154,0.6898387240531227,-0.647561549870384,-1.0220795393098967,1.5441944420209708,-0.07416623537565191,-0.07922283078764954,-0.4841902010875919,-0.5271756960584296,-0.8223281266452472,-0.42265661422886763,0.8233225792625989,0.5374775232692992
-0.46701886486241284,1.3674546773988774,1.3674513545895528,1.3530322912494337,-0.32939337252319073,0.5600766632957869,1.567261463538265,1.3530271982878137,-0.722616976575696,-1.0064602032865448,-1.242558275545619,-1.5929133234340378,-0.3469457539325552,-0.9131953511144143,1.1202714719047853,0.5374775232692992
-0.24102590653244577,1.4824703481463009,1.4824692166199396,1.5073449676684634,0.10783403254221645,0.5572812044690133,1.567261463538265,1.5073374429316861,-1.083792218282284,-1.2429348162949447,-1.1704999508260818,-1.1504157856709247,-0.14881377840877755,-1.1514458601200415,0.515258409901874,0.5374775232692992
-0.5725813651349633,1.3673452241426134,1.3673462794615132,1.4412536397052516,-0.41915529011940017,0.6718950163667285,1.567261463538265,1.4412574729461267,-0.7847174863099599,-0.9765570535250516,-1.2174551149681556,-1.4374647651811383,-0.44212017052349123,-0.9749557325633369,0.957005504904804,0.5374775232692992
0.3611263837546375,-0.3346222638521216,-0.33462780854700314,-0.48994774363479293,0.4552995200114142,-0.23942456116144661,-1.0220795393098967,-0.4899414582668864,-0.00015746802488886654,-0.3224561444524094,-0.8135928633737748,-0.8583709093509222,-0.651200539017978,-0.6169241312943675,1.0446792485476402,0.5374775232692992
3.745073575590197,1.5452352234183766,1.5452340931022823,-0.33618307505381556,3.5014136268247147,-3.661066165132264,-1.0220795393098967,-0.33618515671184906,1.642650694183429,1.0442523848506995,0.04221034749319365,-0.8780826598211572,-0.09625382775832726,0.35659027723829023,2.158936037124254,0.5374775232692992
-0.19196164584238712,1.472917267939572,1.4729183252941702,1.4812423849418905,-0.4336330187639501,-0.057719737421166276,1.567261463538265,1.4812427667111996,-0.5444812041325628,-0.08297439331750214,0.4531861572581432,1.1605033174706159,1.8347571854146691,0.0065961770345215505,-0.5989045348750525,0.5374775232692992
-0.3079317165643439,1.4312199554332068,1.431223201048942,1.4151332516698611,-0.294646823776271,0.2945080747523002,0.2725909621141842,1.415135594163242,-0.5801160790615576,-0.23449630280517017,0.2340093065228347,0.6688556486792829,1.6382512985735895,-0.007776437717486977,-0.39236892968731946,0.5374775232692992
-0.12505583581048899,-0.09527207211895046,-0.09527104500304666,-0.3534621380774541,0.14258058128913623,0.37278092190195944,-1.0220795393098967,-0.3534662027153328,-1.2167825417888523,-2.257682011169001,-1.5610905017333896,-1.0600257855871753,0.3638308642480801,-1.3610069556012707,1.3052883462545521,0.5374775232692992
0.27489222860241325,-0.4136015445071586,-0.4136005235294598,-0.3715721155125797,0.6000768064569133,0.06248499213009609,0.2725909621141842,-0.3715732174316333,-1.1783018847187496,-1.8819411537087964,-1.5208963325285054,-0.9121375911950199,-0.641954758159301,-1.3918731923308274,1.076738375938652,0.5374775232692992
1.3810682877964626,1.4104763743060378,1.4104730523262814,1.3731562469485923,1.6801153633403365,-0.9746302326028885,1.567261463538265,1.3731570944624498,-0.24753463589145086,-0.2554958002396478,-0.7536426716430354,-0.9721954427417392,-0.6266195172735024,-0.6129611967413865,0.6249082860137456,0.5374775232692992
0.03254451670909332,-0.4112942698651117,-0.4112932488429228,-0.2977394349490132,-0.08906307702366228,-0.14717441987791968,-1.0220795393098967,-0.2977405171625992,-0.20820733863773258,0.10760245972645656,0.5838694981888318,0.98247826691842,0.8322955359645201,0.32580776447816245,-0.7266203851356481,0.5374775232692992
-0.21723717407665974,1.50950968057378,1.509508549568806,1.5277854621910456,-0.3351844639810107,0.08484866274428444,0.2725909621141842,1.5277814050540102,-0.709514137307638,-0.23989653407011494,0.39004478050228025,1.008318513996344,2.0932147767027702,-0.02957257775888307,-0.611365601195035,0.5374775232692992
-0.2767090052161248,-0.12015298633290179,-0.12015633782710052,-0.06960792653994204,-0.3815131956435704,0.15193967458684948,0.2725909621141842,-0.0696074640905646,-0.37729958893881055,-0.5911765309096657,-1.0568182934268167,-1.3024582615533185,-0.7851555282451133,-0.7840092662851944,0.9288099615038884,0.5374775232692992
0.3001677568366859,-0.13498828068693558,-0.13498725433686168,-0.1473300778963266,-0.16145172024641183,-0.7202434793664961,-1.0220795393098967,-0.1473251848620991,4.019720727329679,1.9391178102730529,2.127407227351303,0.46775046591087327,-1.1776575973221863,3.1011178111063225,1.2806359276462815,0.5374775232692992
-0.2960373503364509,1.6171635253048813,1.617164585440916,1.6257839035553612,-0.2975423695051809,0.2693489453113383,2.861931964962346,1.6257798725734798,-0.6653386121632704,0.33670012130283683,0.7973344525255179,1.5361286801184642,1.1039061620701114,-0.034679739894062485,-1.825253223773183,0.5374775232692992
-0.43430935773570706,1.178015170522128,1.178016222190261,1.1047431948912152,-0.2627958207582612,0.5628721221225603,2.861931964962346,1.1047345735185268,-1.3469187367322932,-1.6812788220251669,-1.2752089694586854,-0.6184981760989807,0.08761016896779329,-1.2285835439541228,0.5443270482095115,0.5374775232692992
0.33139046818490503,-0.26400302291053535,-0.2640041881133626,-0.202354417245589,0.8317204647697118,0.17989426285458493,-1.0220795393098967,-0.2023534956333527,2.5081875250191046,1.4655923913564888,1.6107171785120808,-0.06829663796841239,-0.4477636284470114,2.5772290263981548,1.055551226526248,0.5374775232692992
1.398909837138302,0.602687263360728,0.6026861148699024,0.5590282849411956,0.18601376722278595,-2.4506324931393193,2.861931964962346,0.5590214962888813,-1.2378791667462057,-0.9374390231549181,-1.0037596444331163,-0.2487133805516439,0.4359949395373059,-1.1814190411756866,-0.20688283633911525,0.5374775232692992
0.2525902919251139,-0.1290296454159189,-0.1290286189509473,-0.08628556579907562,0.5305837089630737,0.0373258626891342,-1.0220795393098967,-0.08628263484063484,4.263526669874595,1.9664806643304755,2.496772413677125,0.12040278548996797,-0.8975736883664065,3.7953569656130566,1.5574369040651959,0.5374775232692992
0.9380031458074481,0.5143475402299867,0.5143463900357457,0.4794702084089539,0.7824961873782421,-1.008175738524171,-1.0220795393098967,0.4794737849560162,-0.07575935867864773,0.03752983269744952,-0.6408067859961489,-0.7225517158105526,-0.701546889421424,-0.6429901937766511,0.5396536269850754,0.5374775232692992
-0.08639914556983672,1.4752748910795002,1.4752759484795595,1.4242456130491694,0.10783403254221645,0.2665534864845648,0.2725909621141842,1.4242459796064066,-1.2721768753141398,-1.5379750214874226,-1.0871316207524078,-0.67446092416628,0.6123827601919983,-0.8709984705221092,0.5061416585470502,0.5374775232692992
0.11877867186131759,-0.14372702866705997,-0.14372600248549144,-0.09510908550200987,0.5045237974028839,0.2637580276577912,0.2725909621141842,-0.09510615689850975,-1.284538274092788,-2.510479285812331,-2.0122423793503175,-1.745685279892343,-0.21739183770073942,-1.6050902344771307,1.5801332008044255,0.5374775232692992
0.319496101957012,-0.4149084163869517,-0.41490739543445276,-0.25205892599368773,0.5247926175052537,-0.09406070216922234,-1.0220795393098967,-0.25205752305522156,-0.062003759655138234,0.3654298563268538,0.8077100599223265,1.2537723625563106,0.9032269999286509,0.36264631102700035,-1.0971191819980775,0.5374775232692992
1.6799142392722743,0.4025213373700985,0.40252018501956277,0.29706668977872175,1.0228264828777707,-2.1710866104619653,-1.0220795393098967,0.29706823927528353,-0.004782081358929151,0.390260826255385,0.8915853923572129,1.265702732317502,1.253976712268464,0.46847340838547974,-1.0231973782753694,0.5374775232692992
1.5163667036387454,1.115123329472786,1.1151243799282036,0.8530611980194244,0.6261367180171031,-2.246563998784851,0.2725909621141842,0.8530638850914323,0.05162651632553484,-0.07594652225541279,-0.5501413985787895,-0.6034660231942047,-0.9825485840726145,-0.41263764588717616,0.8893913947996079,0.5374775232692992
-0.3094185123428305,-0.08942945729957372,-0.08942843007100938,-0.07567755847909054,-0.38730428710139037,0.20784885112232035,0.2725909621141842,-0.07567363550535361,-0.3186044193885536,-0.5318917490477797,-1.0218943230799546,-1.3104655855826113,-0.7713952551884066,-0.7178673304361448,0.9411611958212738,0.5374775232692992
12.728293669206387,1.0033474751107792,1.0033463343457056,-7.3136582516195725,14.238097189622925,-10.185667066821715,-1.0220795393098967,-7.31365106719988,4.335275991231128,2.0972722467893954,0.8005905893602686,0.7234509215970865,-0.21152766999206765,0.4100340777239144,1.6337054979193477,0.5374775232692992
-0.11910865269654247,1.617557557027432,1.6175542390407296,1.5765423328365196,0.07887857525311665,0.3000989924058473,0.2725909621141842,1.5765481805532515,-0.41589605261443546,-0.4242319983312247,-0.7232885867017597,-0.7950249402805599,-0.7211466323304506,-0.6441623293486597,0.6711830112092672,0.5374775232692992
5.270526044317474,-0.21101451248796754,-0.21101348760387353,-0.8783270314020871,4.853633482225676,-5.223727649298675,-1.0220795393098967,-0.8783248064264638,1.5107379285363525,0.9759630117596494,0.5815485916781274,-0.39350767273260945,-0.4025505996153625,1.2018953805850683,0.9740593562954172,0.5374775232692992
-0.3897054843811083,1.5347605467939038,1.5347594162758311,1.52441630208923,-0.45969293032413994,0.2889171570987531,2.861931964962346,1.5244157061972927,-0.6974605128409637,0.04697182583592385,0.3899392243541422,0.9766854480851936,2.0784003932909108,-0.1979414802809571,-1.1684766170019183,0.5374775232692992
0.3105753272860923,-0.14612624404436866,-0.14612740697423063,-0.060531175778268866,0.3105222335659152,-0.2841519023898233,0.2725909621141842,-0.06052922713023421,-0.11102229617639302,-0.04706117309058353,-0.5317610951225257,-0.626923927946319,-0.9148526150320581,-0.4492250205277265,0.30416616688487147,0.5374775232692992
-0.6186720342680486,-0.07295455316670396,-0.07295352562046141,-0.02612934077505727,-0.6681722228056586,0.5181447808941837,-1.0220795393098967,-0.026130350497655688,-0.3108855439745296,-0.7590463367578013,-0.9094057215532396,-0.9194209861628186,-0.021978953194697903,-0.8039076630195289,1.204612022810574,0.5374775232692992
1.042078850301512,1.3903544876744487,1.3903533543718585,0.4916332126990076,0.646405538119473,-1.3352444212566756,-1.0220795393098967,0.49162838442755635,1.8868784788079191,1.35182163127236,1.3121220202479038,0.2320544680084537,-0.14632267745061533,1.5932212136970403,1.2188269254758268,0.5374775232692992
1.653151915259515,0.8718853580771145,0.8718864038422831,0.6830106069733002,1.3007988728531288,-1.852404304209781,0.2725909621141842,0.6830033568190268,-0.46922725494674705,0.16417030280551212,0.5169733025740174,0.9553880118521398,1.3040560720740089,0.06344475227693236,-0.9616706026432341,0.5374775232692992
-0.06707080044951058,-0.26684442944315095,-0.26684559470076774,-0.08991587043021561,-0.45390183886631996,-0.31210649065755874,0.2725909621141842,-0.0899154134008978,-0.3591139525445933,-0.3912670352045602,-0.8202443583241824,-0.9569104859372833,-0.8960075784455818,-0.7435426810610923,0.5277326838677385,0.5374775232692992
-0.05815002577859083,1.40369246148279,1.4036913284373898,1.4432221155134173,-0.2106759976378815,-0.09406070216922234,1.567261463538265,1.44322100335923,0.949432701294584,1.1506335761400401,0.988076991649728,0.6904654153292011,-1.0040026426115694,0.8822651732942811,-0.2250496056800962,0.5374775232692992
-0.1087010822471361,1.4966576792232513,1.4966587370356255,1.4962443468045252,-0.12960071722840202,0.07925774509073735,2.861931964962346,1.4962437433936742,-0.5776610138012435,-0.5967113473774751,-0.9079736570258088,-1.054566024825142,-0.4742121560027793,-0.7732925981982598,0.7061763214038406,0.5374775232692992
2.0010621274253855,0.2815054391142779,0.2815064734954142,0.20917375035220603,1.7959371924967356,-2.0285182102965145,1.567261463538265,0.20916934128618425,-0.8948290498741929,-0.7273725504211197,-0.7414321275798433,0.04290792168312111,-0.05183310400930197,-0.8855943491925955,-0.13367841632957356,0.5374775232692992
-0.13695020203838199,1.5046433888002788,1.504644446766638,1.5190114016792713,-0.051420982547832526,0.20784885112232035,0.2725909621141842,1.5190098151607134,-0.8909119696901078,-0.5342806363986276,0.17818482145372436,0.8851180564438488,2.1705659538573627,-0.2610972612203661,-0.4433796386404022,0.5374775232692992
1.3974230413598154,-0.4368778739842784,-0.4368768534554067,-1.9454545831337755,1.283425598479669,-1.388358138965373,-1.0220795393098967,-1.9454541267437644,3.9908775794353617,1.9464358806788191,1.6104575080111772,-0.21366072096116806,-0.23695175351729905,2.6065603236881763,1.0236304318473683,0.5374775232692992
0.7462064903826735,1.3027218325791734,1.3027206975868018,1.175624150926356,1.407934064822798,-0.04374244328729856,0.2725909621141842,1.1756219781679058,0.9807516066204726,0.7232666760184676,0.16316197776573071,-0.480311750800383,-0.7367646785470195,0.5074050541700472,1.4060765871188985,0.5374775232692992
0.25556388348208714,1.497866043172407,1.4978671010080813,1.4561092023620528,-0.016674433800912748,-0.4966067732246126,0.2725909621141842,1.4561100720155205,-0.34098030740420654,-0.007837998030711993,0.5435457399214209,1.1011456106742523,1.6293851958899388,0.05680265070221783,-0.5004192903689624,0.5374775232692992
-0.31239210389980376,1.3372368224094893,1.3372356880826548,1.348050761515804,-0.39019983283030035,0.2106443099490939,0.2725909621141842,1.348049129368951,-0.3700415055737867,0.3446154135463151,0.6360675329982932,0.9196074546157739,1.8786414945926928,0.13078673168780047,-1.2968333856574166,0.5374775232692992
-0.505675555103065,1.1788119902277305,1.1788130419112282,1.2306682739520824,-0.4770662046975998,0.49019019262644825,0.2725909621141842,1.2306626537402494,-0.706538811741434,-0.9824367445752017,-1.1203265231225281,-1.2962814074006788,-0.33108993105759454,-0.9302471328881565,1.032088886325866,0.5374775232692992
1.5178534994172321,-0.18957043052070843,-0.18956721615795025,-0.49921441769052033,1.596144537201947,-1.3128807506424873,-1.0220795393098967,-0.4992150590844399,0.4489078580376422,0.09522062106290716,-0.3973837670652456,-0.8045451269247758,-0.7932531733103054,-0.15208865302357813,1.3594111936609743,0.5374775232692992
0.40573025710923627,-0.5060807897898075,-0.5060797705953447,-0.36264176395673997,0.08756521243984658,-0.678311596964893,0.2725909621141842,-0.3626384121639477,-0.3917178590939198,0.05916440405794482,0.45885306466407566,1.014485978432578,1.1115543700632484,0.10092518259139402,-0.8260982885006546,0.5374775232692992
-0.21575037829817312,1.2304761162495028,1.2304771689292169,1.2317286790105517,-0.41915529011940017,0.000984897941078134,0.2725909621141842,1.2317235536737776,-0.44321632625775553,-0.533355363128933,-0.6767212950767046,-0.5852846929031307,-0.24174737735237684,-0.6847405465320004,0.6772036123136613,0.5374775232692992
1.2249547310553668,0.6541324828699723,0.6541335244363093,0.3820751691767894,1.0691552145403302,-1.270948868240884,-1.0220795393098967,0.3820688278888701,-0.0749473213696551,0.4313345478546457,0.972061566803208,1.5721835189533075,0.39135841677762334,0.37213502756230704,-1.232941746273157,0.5374775232692992
0.0488992702724462,-0.2554569126614358,-0.2554580776994722,-0.46884053921537466,-0.32939337252319073,-0.40994754959463275,-1.0220795393098967,-0.4688421616867886,3.248360401584852,1.701995505975867,1.5510407725809383,0.11389351391082972,-1.303883718139354,2.4017435864746,1.2777782101609836,0.5374775232692992
-0.06558400467102396,1.4581651580602988,1.4581640260652713,1.4464607033505705,0.1512672184758662,0.2693489453113383,1.567261463538265,1.4464630542050467,-0.6553199497152556,-0.24376585865247413,0.2451807046310261,0.6902016854642764,1.807819192783511,-0.02323746407207496,-0.44377656315611735,0.5374775232692992
0.01618976314574044,1.4112316017742599,1.4112304688742336,1.3720523178019024,0.3973886054332146,0.35321271011454464,0.2725909621141842,1.3720467353245613,-0.5489507131240717,-0.049769700298234965,0.4529583723352809,1.2246703915237884,1.6591481811412174,-0.07218807819833359,-0.7746301779165025,0.5374775232692992
-0.30347132922888403,-0.15383175328536008,-0.15383291636380395,-0.07872622302218957,-0.3351844639810107,0.24698527469714995,0.2725909621141842,-0.07873021433481925,-0.28493443131001206,-0.7237555730941317,-1.2010497765430634,-1.6041324951593596,-0.822353124211145,-0.8039634789991482,1.409287435346724,0.5374775232692992
-0.2781958009946114,1.4654853918392405,1.4654864490505335,1.4580717430672794,-0.3207067353364608,0.21343976877586743,0.2725909621141842,1.4580686565081877,-0.416040028394274,0.030405228520801183,0.509726809493588,1.0050226962947408,1.502588270722741,0.1333263587604852,-0.6795260907561893,0.5374775232692992
-0.20980319518422663,-0.05896423795102889,-0.05896321013501733,0.04755298384738294,-0.15566062878859185,0.24418981587037641,0.2725909621141842,0.04754655327764351,-9.38265569892296e-05,-0.04166935340081779,-0.487979455987334,-0.5904481738235959,-0.8845742523629027,-0.4085630793749563,0.48818551640092334,0.5374775232692992
0.30760173572911903,0.037339304105487074,0.03734033377847682,0.11964667924976571,0.652196629577293,0.05130315682300192,-1.0220795393098967,0.11964323547363159,-0.3972230199510305,-0.7847815510180794,-1.1534605221111247,-1.4664571528394619,-0.8360283837672517,-0.8237223357844339,1.222801731747034,0.5374775232692992
-0.4476905197420867,-0.25546129079168634,-0.2554602667646397,-0.16975289680059943,-0.3380800097099207,0.5153493220674101,-1.0220795393098967,-0.16975740699970657,-0.44690718362835036,-0.9922488470215539,-1.2548726079622758,-1.4448617768229097,-0.8965932147209132,-0.9713276938880726,1.3295723410566425,0.5374775232692992
-0.3480752025834828,1.517895989068734,1.517897047290637,1.4524709842603272,-0.6507989484321987,0.026144027382040025,2.861931964962346,1.4524624556939494,-1.2572731216115558,-1.295124434493309,-1.054976205334794,-0.32841287623878335,0.08744116871362621,-1.0808386459014356,0.20468895865912196,0.5374775232692992
-0.48634720998273895,-0.6222873119653842,-0.6222884840768474,-0.3984759371359436,-0.4915439333421497,0.43987193374452443,1.567261463538265,-0.39847655164341056,-1.145469320982844,-0.9966396892650137,-0.9090894917623956,-0.14912624344851294,-0.29107955097119814,-1.1216680349930643,-0.12254506599035449,0.5374775232692992
-0.05963682155707746,-0.2631755562931789,-0.263174532414883,-0.20215262374565643,-0.19040717753551165,-0.071697031555034,-1.0220795393098967,-0.20215071289547554,-0.3904813714484709,0.10983573293649214,0.5090988312713891,0.9835273222858809,1.326943436310475,0.07949184641752474,-1.0127181539769348,0.5374775232692992
-0.07896516667740358,1.2872779781203114,1.2872746537649753,1.3479379945599594,-0.43942411022177,-0.27576552590950265,0.2725909621141842,1.3479403191193582,-0.7598773171930128,-0.23818477852117995,0.30504306133102,0.9255045020390503,2.1933534079374057,-0.11611525415884165,-0.5989087057105941,0.5374775232692992
-0.4506641112990599,1.5246295533941003,1.5246306117458437,1.6546680711927693,-0.09195862275257227,0.7585542399967085,2.861931964962346,1.6546492101585784,-1.4112858216962614,-1.5268128612248342,-1.1702687093951998,-0.5322112720643913,0.28150144200421684,-1.2233368418698944,0.3042009238477187,0.5374775232692992
0.12769944653223733,-0.15112606879051196,-0.1511250427516158,-0.08208746965341945,-0.013778888072002768,-0.25340185529531434,-1.0220795393098967,-0.08209096727110064,-0.7165866866665174,-0.806273125600531,-0.776620870357959,-0.6487246170209487,0.7194481196446871,-0.5808391004703922,0.3281915698833785,0.5374775232692992
-0.24845988542487887,1.622507033275694,1.6225080935147649,1.5957542610506887,-0.0716898026502024,0.3979400513429213,2.861931964962346,1.5957531896063504,-0.5434373797287335,-0.8379511177248021,-1.0687189195550715,-1.3090123757924872,-0.5818432267300614,-0.8540583207076057,1.273060300024103,0.5374775232692992
-0.6469211540592945,-0.07408629983647458,-0.07408527231205499,0.04812077536189912,-0.7955762348776978,0.4482583102248451,0.2725909621141842,0.048122753008440836,-0.48180079195172726,-0.09347624492853573,0.2797194474873958,0.8183472350837114,1.5115681226484283,0.03536931452834855,-0.579247386967183,0.5374775232692992
-0.3436148152480229,1.3552046689578012,1.3552057240426,1.4184826280952127,-0.3380800097099207,0.3196672041932621,1.567261463538265,1.4184889282188693,-0.3257187008575311,-0.33125044630209755,-0.6310721077888634,-0.7516864791139569,-0.6396723249708861,-0.5819833280525911,0.6529036293086612,0.5374775232692992
-0.3257732659061834,-0.33764098465988507,-0.3376421512826402,-0.2560492935364721,-0.46548402178195986,0.16312150989394367,-1.0220795393098967,-0.25604393492666055,-0.020875721850685973,-0.14222132309108249,-0.5967838307889777,-0.7510836147608466,-1.0283186314382866,-0.41230275000945954,0.5542508562416476,0.5374775232692992
-0.10721428646864947,-0.19421343765143084,-0.19421241244336918,-0.10129741949994224,-0.031152162445462657,0.17150788637426428,-1.0220795393098967,-0.10129597632419948,-0.34751972905658235,-0.095747370226877,0.3986537907171196,0.8430231240436489,1.157633364963922,0.19257502112653252,-0.46173687613778586,0.5374775232692992
1.4256721611510614,1.4918045218405018,1.4918055795592948,-0.23570771739620977,1.280530052750759,-1.4442673155008439,-1.0220795393098967,-0.23570383713349316,-1.3919857640786322,-2.099439253113278,-1.219829370419965,-1.4940092914478391,1.1655673792182835,-0.9479128904377129,0.8848285007170259,0.5374775232692992
-0.050716046886157704,1.3949208775257864,1.3949219333764151,1.4576661776997677,-0.17303390316205175,-0.071697031555034,0.2725909621141842,1.4576655639926515,-0.6326369829227974,-0.0388094178399436,0.45882906047652067,1.200090486730461,2.000400383651141,-0.0872583926955858,-0.9662140328266217,0.5374775232692992
-0.25292027276033874,1.6556691808585857,1.6556702417371076,1.638210030742386,-0.5407682107336194,-0.046537902114072105,2.861931964962346,1.6382114435894375,0.13468350068073917,0.9924118470222655,0.8643362053708125,0.9550602289084934,-0.8239972834765626,0.42569046000717053,-1.735359205343667,0.5374775232692992
1.156562125244982,0.6105657087466166,0.6105645604077077,0.41510995213634017,0.4466128828246843,-1.743381409965613,1.567261463538265,0.4151174682424128,-0.8431222699274507,-0.6342059437380536,-0.7211442450798333,-0.04704049403054647,0.22888195495190947,-0.8223548442837575,-0.1825293276113305,0.5374775232692992
0.02213694625968694,-0.36600907961841006,-0.3660102467881745,-0.25826506530043764,0.5855990778123634,0.5237356985477307,0.2725909621141842,-0.2582597072820013,-0.389680288818379,0.18421929224475805,0.6961785319377652,1.295758319817962,1.627967952066076,0.14083360801930161,-1.1427321346209882,0.5374775232692992
0.4919644122614606,0.060300408204566384,0.060301438320304844,0.08934797874518317,0.1309983983734963,-0.7985163265161553,0.2725909621141842,0.08934947280295676,-1.089616108130269,-1.4571608129547793,-1.4184323113483794,-0.6700540572465133,-0.5714546205280028,-1.4344328767906587,0.6751487806701341,0.5374775232692992
-0.31090530812131717,1.4115774740640545,1.411578530235865,1.3627223359814902,-0.4162597443904902,0.18268972168135847,0.2725909621141842,1.3627286212230836,-1.4000125876884217,-2.890514252401436,-1.8553706318522998,-1.49708060315483,0.6372953554777206,-1.5323061970533662,1.904249525886507,0.5374775232692992
-0.2856297798870445,0.9851497767243128,0.9851552028038435,0.9741808220671914,-0.2454225463848013,0.3000989924058473,2.861931964962346,0.9741721658482452,-0.30951968678777647,0.6685451736912117,-0.14222420757572662,0.04001311421351069,0.6666975404647055,-0.03833568655913663,-0.11207001252746164,1.366245456720748
-0.2960373503364509,0.3362036093996907,0.33620464483554735,0.39967868449443716,-0.3207067353364608,0.24698527469714995,2.861931964962346,0.39967877760134973,-0.010500771512708548,0.8464289597899964,0.2757401850689671,0.405524508487561,0.5702487912742584,0.0032751262471642827,-0.31104806371369675,1.366245456720748
0.06376722805731246,0.8546749280621502,0.8546737844302902,0.7888334923791194,0.2410291360720756,0.11280325101201988,0.2725909621141842,0.7888237975080755,0.7525162621207512,1.0094200520342878,0.269306086823052,0.052009558358613324,-0.8179541237629407,0.6156322386521631,0.38621414852125785,1.366245456720748
0.07566159428520546,0.17661638363640728,0.17661741599501474,0.29107025744248993,-0.019569979529822732,-0.16115171401178738,1.567261463538265,0.29106883778638093,-0.3738565159719234,0.4449865343702304,-0.4183933202720426,-0.09551859029582488,-0.029083415230773867,-0.48207272453377337,0.19673587042042281,1.366245456720748
-0.10572749069016285,0.6806376834068826,0.6806387254843076,0.5752133106563762,0.08756521243984658,0.283326239445206,-1.0220795393098967,0.5752119668362208,0.563502493529166,0.7033144196937806,0.04609159030464825,0.018790093992142775,-0.37093256523858525,0.1821374329376956,0.7065384889567085,1.366245456720748
0.22136758057689473,1.0227557265115264,1.0227567751858608,0.9735991819791504,0.6782565411374828,0.23859889821682934,0.2725909621141842,0.9735934931572299,-0.13570231832083857,0.5603050242873029,-0.11092738514730424,0.16530349423766924,-0.22958344116383617,0.10714866431896285,0.21688934775775043,1.366245456720748
0.05782004494336595,1.0500183435817843,1.0500193927818116,0.9359172134182113,0.11362512400003642,0.000984897941078134,-1.0220795393098967,0.9359129983153464,2.212835471151325,1.4316012160579812,1.0308483691562491,0.23645904473823962,-1.109905877934933,1.7674228860893475,1.1785297027507688,1.366245456720748
-0.14884456826627498,0.6533838225971259,0.6533826750838595,0.6682104386105981,-0.41915529011940017,-0.12481074926373133,-1.0220795393098967,0.6682101087948654,0.8155004492863427,1.2467400283481813,1.4676403590047606,1.2148702050487266,0.5442908533808167,1.3992327765296375,-0.7198956079639695,1.366245456720748
-0.20831639940574,0.33442608851796196,0.3344271239195435,0.6584610428491497,-0.18172054034878168,0.216235227602641,0.2725909621141842,0.6584641725756711,-0.16930883881527253,1.1034740798987428,1.1145137618522158,1.3812609065148387,1.1197547215657395,0.1810211133453062,-1.174528499372875,1.366245456720748
0.2436695172541941,0.6988725959004788,0.6988736383295195,0.628961602873712,0.4755683401137841,0.000984897941078134,-1.0220795393098967,0.6289617571747609,0.8103361006617,0.8433461174868777,0.4248512580986628,0.3867081079364196,-0.7519226886146518,0.563137309820069,0.6703405024298508,1.366245456720748
0.3997830739952898,0.42184421523095966,0.42184525231818587,0.42223009729572586,0.7187941813422225,-0.057719737421166276,0.2725909621141842,0.4222297018294219,0.7164099882314396,0.8978909767353737,0.03560192843346812,-0.2004080429675679,-1.2424721401709717,0.25012129611418704,0.5866450407545065,1.366245456720748
-0.24994668120336552,0.5309953805077537,0.5309964196996931,0.7614172735353384,-0.3670354669990205,0.11559870983879342,0.2725909621141842,0.7614159794118234,0.3535781556377483,1.5518488890299722,1.8832835298606796,1.2442431358450554,0.7510010709582984,1.03896853607589,-1.8503345433029885,1.366245456720748
-0.267788230545205,0.3986926624659809,0.39869369910678604,0.33500386776604624,-0.4104686529326702,0.10721233335847279,-1.0220795393098967,0.3350108679002765,0.4550504768765017,0.6143620121754144,0.010450835954933875,0.04087108396319909,-0.6675776558621742,0.022057203389109534,0.7705330089509959,1.366245456720748
0.561843813850332,0.5339002699290024,0.5338991201117881,0.4957244769917583,1.15023049494981,0.05409861564977546,0.2725909621141842,0.495726079508806,0.8185030746079026,0.936062704897865,0.15695464759057748,-0.0645320135331157,-0.9958208749823035,0.3970847704522017,0.5883154603889434,1.366245456720748
-0.34956199836196944,0.31595694605596064,0.3159557920362424,0.4324087988364426,-0.288855732318451,0.3783718395555065,0.2725909621141842,0.43240593312655057,0.30259090682261464,1.1116291020348237,1.1650866103430337,1.2392097089453082,1.077936599265423,0.7529674565058223,-0.7688285456780458,1.366245456720748
0.6257760323252568,0.6315829230144459,0.6315817750808024,0.560084733264372,0.35974651095738486,-0.8292663736106642,0.2725909621141842,0.5600848691826275,0.5123218859372444,0.6633678491685115,-0.1912339407570575,-0.5178436202407126,-0.18668236659872497,0.3130817211249279,0.9671830387657248,1.366245456720748
0.2079864185705151,1.019526855451736,1.0195279040638097,0.9269453161417972,0.5161059803185238,0.10721233335847279,2.861931964962346,0.9269435716046086,-0.2730884240910758,0.6700298167103126,-0.12906590202928755,0.09317079615500704,0.153721639614567,0.006093833217946493,-0.1252630604850065,1.366245456720748
0.39234909510285665,1.1342513805374972,1.1342524313617524,0.9881995352095663,0.29314895919245526,-0.45467489082300944,0.2725909621141842,0.9882012691650401,0.7664217489730297,1.008637775542637,0.25809940857020114,0.07047866229181701,-0.8747365047535952,0.5897894400883571,0.38327440460364065,1.366245456720748
-0.12802942736746223,0.8308031728709537,0.8307998397136178,0.829740200203687,-0.39309537855921034,-0.13878804339759904,-1.0220795393098967,0.8297389243151216,0.7827758673853157,0.8974283401005264,0.24513889177596246,0.05651875122606792,-0.8276690727317982,0.5379643030116963,0.6316337583246812,1.366245456720748
0.10688430563342459,0.36524374735167714,0.3652447833475018,0.38117501189767844,0.1657449471204161,-0.04094698446052502,0.2725909621141842,0.3811711433297309,0.549812274811477,0.7980077272718428,-0.11829467903648222,-0.2958513641899217,-0.8767902287490229,0.05750035044746102,0.599331332193739,1.366245456720748
0.10391071407645133,0.8467811592203845,0.8467778263711451,0.799002302081604,0.08177412098202662,-0.1164243727834107,0.2725909621141842,0.7989975558449862,0.7240640049910195,0.890795813071852,0.18986546814051433,-0.02751313782204932,-1.0064032507672003,0.5286430344152483,0.6620551376263323,1.366245456720748
0.4696624755841612,0.5830951304894572,0.5830961706860127,0.5131697228976942,0.5769124406256334,-0.32608378479142647,-1.0220795393098967,0.5131728138468967,0.42244657032717514,0.8815136398617794,0.9736656147527081,1.0493720541848643,0.8822047048696602,0.9717381886242612,-0.21710416397322346,1.366245456720748
0.0013218053608741846,0.16839644409097465,0.16839309816074569,0.1895562567705253,0.15416276420477615,0.1463487569333024,-1.0220795393098967,0.18955629379711306,1.2633211151651973,1.002493119874347,0.20361202444500373,-0.21923668298698323,-0.8929458339383783,0.590877851690936,1.0815160680516298,1.366245456720748
-0.5116227382170115,0.4552537271730083,0.45525695396962274,0.4366187651879772,-0.5147082991734295,0.46503106318548637,0.2725909621141842,0.4366198573380469,0.7702791870164328,1.2384335978588776,1.6116081713166597,1.5413267243151763,0.398303480827892,1.2295242904966965,-0.878208707758223,1.366245456720748
0.22731476369084125,0.7405808537324702,0.7405818969657526,0.6561483310705107,0.11072957827112644,-0.3204928671378794,-1.0220795393098967,0.6561494818116098,1.0457664087099219,1.1399340525122992,0.906343944601519,0.7422558669940398,-0.6577322280226147,0.9941483044414707,0.005984097200865927,1.366245456720748
0.03997849560152644,0.8713008776886644,0.8712975453122277,0.8004821210811097,-0.022465525258732712,-0.0968561609959959,0.2725909621141842,0.8004788590155768,1.0935806260872618,1.063270956330513,0.5156476045959136,0.29821612048746843,-0.9889802441659269,0.9016891342018502,0.6360847349868952,1.366245456720748
0.04741247449395957,0.5610665681337479,0.561065418840369,0.5393890293154044,0.32499996221046507,0.2246216040829616,-1.0220795393098967,0.539393611038502,0.5345171086929309,0.9595898806736447,1.281194662123027,1.3811178826307986,1.0003311026922914,1.0237028656499703,-0.3057935060704552,1.366245456720748
0.3284168766279318,0.5176245707225333,0.5176256096566494,0.523746076335337,-0.051420982547832526,-0.6671297616577988,-1.0220795393098967,0.5237422458186897,0.3894281248175405,0.9559056107452244,1.1399932410813651,1.2593365785320088,1.0636958844152042,0.8014715427951253,-0.45503712397935725,1.366245456720748
0.25110349614662725,0.6246742334790569,0.6246774635425313,0.5792491806550276,0.13968503556022624,-0.3372656200985206,0.2725909621141842,0.579245364951802,0.8170678377881113,1.0347220701728452,0.751698309386897,0.7286639571210322,-0.9183941220059012,0.6071482097500065,0.04545827504570193,1.366245456720748
0.4369529684574554,0.5203609021291354,0.5203619411160149,0.5004033164754891,0.6666743582218428,-0.17792446697242864,0.2725909621141842,0.500404920241289,0.7760590842650229,0.7969226340737464,-0.033707006582909954,-0.24577251559890892,-1.0970621545859593,0.22330171790704084,0.9018260458278267,1.366245456720748
0.5291343067236262,0.556101768429609,0.5561028081056637,0.5274495805693936,0.2728801390900854,-0.7314253146735903,-1.0220795393098967,0.5274442672650571,0.5850873841746675,0.9271632583584388,0.9674059593507549,1.1342268612576036,0.6412571399978556,0.7787823470798184,-0.06729192215214103,1.366245456720748
-0.05220284266464433,0.4743817782377195,0.47437843820766906,0.47850278662986534,0.21207367878297578,0.3028944512326208,0.2725909621141842,0.4785043845505546,0.7994589739322084,0.8542180784057891,-0.011333629288894595,-0.2613724750961356,-1.173984066777728,0.22773908828678702,0.7274976326928345,1.366245456720748
0.1708165241083495,0.9554025707368604,0.9554058071776216,0.8855519298762157,-0.2106759976378815,-0.524561361492348,0.2725909621141842,0.8855536364357037,-0.059934890297023806,0.651978576376089,-0.2161078626824299,0.009892059968034701,-0.09313421846192144,-0.07104385061613523,0.009858108279816214,1.366245456720748
-0.232105131861526,0.8016929848349582,0.801696218311806,0.8302585325270432,-0.18172054034878168,0.2609625688310177,-1.0220795393098967,0.8302582459609046,0.35859400750395853,1.0408246679652402,1.5495961234752824,1.5880229380580895,0.6137220063744746,1.1773084415627,-0.7412002359107968,1.366245456720748
0.1901448692286756,0.2789661235689512,0.278967157901123,0.32916768320917267,0.4466128828246843,0.07366682743719026,-1.0220795393098967,0.3291647899448908,0.6202752038742362,0.8476949018544422,0.03568353623722007,-0.1374619547124493,-1.148042916743446,0.1517177240450947,0.500245487369649,1.366245456720748
0.887452089338903,1.089235445301205,1.0892364952574383,0.9900216118118987,1.6308910859488668,-0.09406070216922234,0.2725909621141842,0.9900188949252806,0.8187399043327094,0.9951708436809912,0.20247917993671727,-0.03270990653242148,-1.0706965088680134,0.5396945983798995,0.5115776475363542,1.366245456720748
1.2546906466250993,0.4692462314538087,0.4692450803898993,0.037674994188918655,0.8838402878900915,-1.505767409689862,-1.0220795393098967,0.037679442007766566,1.6600682858680487,1.2188977145055533,0.6457129768437486,0.06843680750516488,-0.810901832807791,0.9978321590963548,0.8560782361890688,1.366245456720748
0.0488992702724462,1.0593941095133654,1.059392969829014,0.9844109611667146,0.07598302952420666,-0.01858331384633667,0.2725909621141842,0.9844102211508242,0.799457930629456,0.9348766727976201,0.19889172167488445,-0.04353510102956127,-0.8498237176727825,0.5434342690144025,0.650175207725155,1.366245456720748
0.004295396917847435,0.5771890327814473,0.5771856947337832,0.5993513743100758,0.0701919380663867,0.05968953330332255,1.567261463538265,0.59934805856404,-0.31182399480036116,0.4511227784633413,-0.32974078918758104,0.015621146095905982,-0.18221128815663512,-0.20243466664032314,0.22793997652539313,1.366245456720748
0.212446805905975,0.47215330994018273,0.47215653706266425,0.44172295371568354,0.492941614487244,0.07646228626396381,0.2725909621141842,0.4417265201882464,0.6905816375241274,0.7989498236918955,0.019235022389230968,-0.15545146445351563,-1.151535698047874,0.3268682680909325,0.7624367220253663,1.366245456720748
0.33139046818490503,0.8694007691599199,0.8694018148771793,0.8278310754249131,0.7651229130047823,0.11559870983879342,0.2725909621141842,0.8278273260665966,0.9264292666733306,1.0281105720821186,0.35673324568908876,0.09415001659048342,-0.588337491497981,0.7376180621104731,0.5325666822605287,1.366245456720748
0.7893235679587857,0.5989308276057447,0.598931868107653,0.5145565586178191,1.3963518819071583,-0.1359925845708255,-1.0220795393098967,0.5145601445292027,0.8007345854308744,0.99553254141369,0.5685057500072555,0.5743896952198997,-0.8149346225816915,0.5115912526415058,0.10677442348298312,1.366245456720748
0.1901448692286756,1.1210535068971739,1.1210567465321082,1.0437006611616106,0.14547612701804621,-0.21706089054725825,0.2725909621141842,1.0436969694174985,0.4234961328961429,1.1578969713071428,1.5893175773974828,1.6135512036697017,0.9109864927037444,1.15593092136845,-0.9428795982495172,1.366245456720748
0.08012198162066533,1.0337514006358162,1.0337524495221753,0.9860826818279207,0.02386320640382699,-0.12760620809050485,0.2725909621141842,0.9860720504173298,-0.13579934547681669,0.6353236575215864,-0.41705379035101925,-0.3375526716315137,-0.2791378679316293,-0.331202131622397,0.07514211159573517,1.366245456720748
0.3001677568366859,1.0319432328423335,1.0319442816938267,0.9943265398104604,0.6811520868663928,0.09323503922460506,0.2725909621141842,0.9943243186648435,0.9114637842245596,0.9614824850889291,0.3180579906759244,0.09445279727444911,-1.012283037150002,0.6521079813334741,0.6919489062319627,1.366245456720748
-0.01651974398096532,0.7298588127488406,0.7298620448405422,0.6849513856344165,-0.16145172024641183,-0.12481074926373133,0.2725909621141842,0.684952049470822,0.8605276572442961,0.8712304892054009,0.1299073032108164,-0.0628130121443059,-0.9839235510023685,0.5115354366618864,0.8602831335543245,1.366245456720748
-0.11167467380410935,0.42224043601863565,0.42223928404833455,0.3704997400777158,-0.27727354940281107,-0.057719737421166276,-1.0220795393098967,0.3704978470287813,0.5506771727932606,0.938872171007665,1.0939457263284837,1.0862554914272033,0.5037706271892012,0.9612168764659945,-0.21618866557182786,1.366245456720748
-0.043282067993724575,0.7623708079895238,0.7623696625778047,0.688832942956649,0.04702757223510684,0.1267805451458876,-1.0220795393098967,0.6888321240528864,4.747114884015797,2.0676466790088104,3.0938712720264734,0.13806944791356557,-1.3906802651241563,4.634271139293407,1.1537257437844841,1.366245456720748
0.3477452217482579,0.7682068556135246,0.7682100884446745,0.7689627677386996,0.23523804461425565,-0.42672030255527404,0.2725909621141842,0.7689560351165489,0.3359891145341421,1.0290316395642236,1.0240820546746459,1.0789241002327672,1.0911007493446543,0.8059926371443008,-0.4930070204721659,1.366245456720748
0.3224696935139853,0.5518330914353098,0.551831941963886,0.4558049746227432,0.9012135622635514,0.2637580276577912,0.2725909621141842,0.45581002862983766,0.5861908507191786,0.8794696270932724,0.44656280505195567,0.49157984829398865,-0.8484998482492188,0.3400687472709322,0.20697735709298243,1.366245456720748
-0.4268753788432739,0.32821133262728736,0.3282123679090325,0.31844295219805013,-0.4104686529326702,0.40632642782324196,0.2725909621141842,0.31844203443958086,0.4970976644058651,0.8319442273316866,-0.06596489890484437,-0.24294189632908914,-0.9159384673682596,0.14086151600911107,0.4903279355908255,1.366245456720748
0.09945032674099147,0.8704296297688022,0.8704284864407331,0.8010578260662115,0.649301083848383,0.43987193374452443,0.2725909621141842,0.8010525857861561,0.8250487560767931,0.9456855469026887,0.2798199518722574,0.06305319010869921,-0.9676126008296528,0.6415587611853979,0.6302831027484385,1.366245456720748
0.05187286182941945,0.4793071747696032,0.479308212964862,0.5571013548536041,-0.5378726650047094,-0.6168115027758749,1.567261463538265,0.5571049521199203,-0.33171925663826485,0.6775413533451968,-0.20008935011785334,0.08859232682870531,0.1928919786648691,-0.3085966598765194,-0.26259338180839803,1.366245456720748
0.656998743673476,0.34305976137207284,0.3430564188097986,0.3229892410494723,0.9591244768417511,-0.3093110318307852,0.2725909621141842,0.32299475420094514,0.7617953968010687,0.7605720119375177,-0.1148118202623636,-0.28450369078060966,-1.4298611086695576,0.1622669441931709,1.0142578692459892,1.366245456720748
-0.12802942736746223,0.7665606786393129,0.7665573442432178,0.7824552350871328,-0.07458534837911238,0.16871242754749075,0.2725909621141842,0.7824534519864708,0.6167992668706467,0.8876414723797114,0.1554097495227844,-0.022523938653078505,-0.8181425105022143,0.42823008707985577,0.5284570189734744,1.366245456720748
-0.08193875823437684,0.43450138978533825,0.4344980489862921,0.4336195598360381,0.25840241044553547,0.4035309689964684,0.2725909621141842,0.4336226295538136,0.4595839751034944,0.7917705442765833,-0.2164334471202852,-0.4334327474236235,-0.9083191614304823,0.05083034088293654,0.5904008781597763,1.366245456720748
0.7120101874774811,0.294703312754601,0.294704347390226,0.25236547280836313,0.22076031596970574,-1.12558500924866,-1.0220795393098967,0.2523670103744576,0.4986396658739907,0.9350701390267381,1.087522161177829,1.0555639432025674,0.699045093661845,0.9685008618063328,-0.316069749705862,1.366245456720748
0.3299036724064184,0.6669604045041228,0.666961446317815,0.5925814002241026,0.5769124406256334,-0.06331065507471337,0.2725909621141842,0.592579566447335,0.5626487241100753,1.0760229043019403,1.448074207305488,1.5805783530576083,0.5442924910802759,0.9309087995326328,-0.6599433227488128,1.366245456720748
-0.09829351179772972,0.6778838394792782,0.6778826924384347,0.5852119807412707,0.1628494013915061,0.3420308748074504,0.2725909621141842,0.5852101449976524,-0.18149704933701338,0.43698712637496173,-0.23020676294051332,0.13251446636845826,-0.2567558718029494,-0.13447871145364118,0.3354224084341126,1.366245456720748
0.1366202212031571,1.5064121534215065,1.5064132114219717,1.3495206886770776,0.20338704159624585,-0.06051519624793982,0.2725909621141842,1.3495180677384513,1.0751322512832184,1.1059344656386125,0.4456867085676254,0.1990424728420611,-0.9865238425265738,0.8430265396218068,0.5777889666210367,1.366245456720748
0.6168552576543371,0.45267938658567713,0.45268042426748417,0.4249246340301197,0.4321351541801344,-0.7426071499806844,-1.0220795393098967,0.4249252284670574,0.4961503455066377,0.8775812284655774,0.9582579459580245,1.0355663207418029,0.9660130269506353,0.7940759254955482,-0.1140254392572458,1.366245456720748
0.9484107162568546,0.704850932757623,0.7048475971716063,0.4068700508890932,0.5363748004208937,-1.2653579505873371,-1.0220795393098967,0.4068701459153352,2.0429450942446206,1.2500626005439028,0.44526294186490517,-0.5601002813934846,-0.8210776908449962,1.2589393117561472,1.7091128142341458,1.366245456720748
0.2615110665960336,1.008458942178312,1.0084534233814655,0.8589369499292259,0.2236558616986157,-0.27576552590950265,-1.0220795393098967,0.8589272737683441,0.6518361554386938,0.7345718330590997,0.22623988535736622,0.11999668096915948,-0.189943151449527,0.34941792385719067,0.7696800730827252,1.366245456720748
5.066835022664807,0.40346701350422015,0.403468050237087,-2.462022202549416,5.047635046062645,-4.653454048636871,-1.0220795393098967,-2.4620246042842204,1.0648724120155948,0.9446509231556666,0.30082537026705736,-0.9741080559920238,-0.3728979490238224,1.426973318400505,1.0485310151703682,1.366245456720748
-0.20980319518422663,0.7028545053633661,0.7028511697388532,0.6480785694408541,-0.31202009814973086,0.09323503922460506,0.2725909621141842,0.6480727937395753,0.5951733396502155,0.8154323052552277,0.14907838251365266,0.10430953969964703,-0.6822397358410979,0.17970943782424917,0.4630624885157013,1.366245456720748
-0.19196164584238712,0.43422994570980333,0.43422879397069053,0.4021753844641912,-0.18751163180660166,0.17989426285458493,-1.0220795393098967,0.4021739944613261,0.5078092537653007,1.0057778399817627,1.1681387950160844,1.262464959777627,0.8923415253121204,0.9392253804959307,-0.45566135903209315,1.366245456720748
0.3417980386343114,0.6836191901075162,0.6836180431772648,0.6280970562122361,0.0846696667109366,-0.5609023262404041,1.567261463538265,0.6280986940586739,0.5608862379935979,1.2317800418922558,1.5194225198309885,1.5025536870425207,0.39240843595261293,1.0521690152558902,-1.0531905517947429,1.366245456720748
0.2585374750390604,0.8212741723806026,0.8212774062350258,0.6815030908267451,0.4147618798066745,-0.08567432568890171,0.2725909621141842,0.6814973240462561,0.033754392408429694,0.49498493723445436,-0.18733968674223367,-0.03411908754392598,-0.14128876976331253,-0.04885699871740338,0.5050405579640505,1.366245456720748
0.3120621230645789,0.569547006429089,0.5695480463644021,0.5643263534982489,0.5334792546919838,-0.071697031555034,0.2725909621141842,0.5643210500360859,0.8020940089173207,1.3028788810931058,1.5648624850086028,1.1589872473612604,0.7717363904610753,1.3166809426724693,-1.0382214230357054,1.366245456720748
0.5633306096288185,0.9457225247528649,0.9457191938114675,0.883688307553309,0.04123648077728688,-1.0193575738312652,-1.0220795393098967,0.8836840785108849,1.5161537131243363,1.5562691717865587,2.046951307843091,1.3003775865419611,0.5459660276412861,2.1719212903915097,-0.905751515396868,1.366245456720748
0.402756665552263,0.6114106878849754,0.6114117286275272,0.580647886581031,0.18890931295169594,-0.5748796203742719,-1.0220795393098967,0.5806475333954161,0.8072465334441024,0.7534474077608693,0.30222447952686937,0.20253957216992832,-0.5999069904632756,0.4977767976856917,0.9142662579701009,1.366245456720748
0.7001158212495882,0.42515189263526026,0.42515292978626695,0.36350027534476037,0.336582145126105,-0.9914029855635298,-1.0220795393098967,0.3634919507311469,0.8073115659823386,0.9020462948738203,0.13442720213779047,-0.10236184743602887,-1.3501492121235026,0.2672288938675489,0.5267059631852319,1.366245456720748
-0.08937273712680996,0.8410939680249028,0.8410950131963347,0.8141308794736082,0.04992311796401683,0.216235227602641,0.2725909621141842,0.8141394912598876,0.27633549752196496,0.9997088884900842,1.1133808582081228,1.1170225923800687,1.185355654799231,1.0254052530283635,-0.4563412052253846,1.366245456720748
0.17973729877926922,0.9079874201232596,0.9079884665845681,0.8168748753991619,0.5566436205232635,0.19946247464199973,-1.0220795393098967,0.8168721123007934,0.5527839488180474,0.9754414940985489,1.2498885361757237,1.1111960556585652,0.9042485318431767,1.2591625756746248,-0.28827877735248797,1.366245456720748
0.36856036264707065,0.8868322947525378,0.8868333408059214,0.9829608176819049,0.2236558616986157,-0.4770385614371978,0.2725909621141842,0.9829585935028499,-0.026681353900503125,0.6664717204095779,0.15363329403185264,0.012233010129353884,1.2247961234484759,0.3664697056309327,0.16181068387302996,1.366245456720748
-0.07599157512043034,0.8698911197479829,0.86988997640953,0.9125467564113139,-0.16434726597532182,-0.015787855019563125,1.567261463538265,0.9125459972153295,0.08666340489358196,0.7204319751831305,-0.13031907142236532,-0.17506931957590166,-0.7972040788174856,0.0760033476913088,0.24458856172920784,1.366245456720748
0.42505860222956243,0.2890971169687547,0.2890937733659429,0.2773740182264779,0.8375115562275318,0.009371274421398764,-1.0220795393098967,0.2773785300194539,0.6321281664448555,0.8847731252436581,0.452003609667949,0.5672598509055901,-1.112116171988292,0.32784504773427264,0.21374245234156383,1.366245456720748
-0.17709368805752088,0.7153168531215945,0.7153157068025551,0.7172601076677392,-0.03404770817437264,0.3000989924058473,0.2725909621141842,0.7172612747191786,1.0687211558693943,1.3553376696971995,1.4160398627503745,1.1863879745188928,-1.61765974504115,1.3461796879013495,-0.8007486452176686,1.366245456720748
0.4830436375905408,1.0068871934183596,1.0068860527215409,0.9239441324222117,0.9156912909081013,-0.024174231499883757,-1.0220795393098967,0.9239488167805934,0.6855786530585308,0.7859244995271494,0.3597722304268686,0.33075585489578324,-0.4569760439072177,0.5714259827935575,0.714636166160852,1.366245456720748
0.6228024407682836,0.7173680071439835,0.717369049929663,0.5371871061249637,0.962020022570661,-0.24222001998822015,-1.0220795393098967,0.5371852575638153,1.0141299915797035,0.9427583187403822,0.049469190573683444,-0.17116707652744553,-0.8231022197074727,0.42125308962742436,0.8970789398421544,1.366245456720748
0.03551810826606657,0.35349284575916523,0.3534851252677325,0.41031241059382545,-0.09195862275257227,-0.1555607963582403,1.567261463538265,0.41030508765815704,-0.37258994643044535,0.4546682574013074,-0.33395807042933234,-0.0026747998150558217,-0.10414856326512228,-0.3424769595055261,0.1860884224218078,1.366245456720748
-0.09978030757621634,0.5612066683017659,0.561207708076256,0.5944034768264349,0.2699845933611754,0.4482583102248451,-1.0220795393098967,0.5944070840484476,0.6156137271762758,1.0821423252446931,1.367498201068232,1.357028892973974,1.0481312749914786,1.1248972367000354,-0.6267796190785168,1.366245456720748
1.0331580756305923,0.75911566814823,0.7591167117389109,0.6845220798551481,0.8519892848720817,-1.1199940915951128,0.2725909621141842,0.6845192814326696,0.7549857597358075,0.9463500613418331,0.15921873866739578,-0.05968657947199041,-0.8900963125838209,0.4993396451150363,0.4826153655350291,1.366245456720748
0.08904275629158509,0.5397034815761241,0.539704520935978,0.5361108741253233,-0.21646708909570148,-0.37640204367335023,0.2725909621141842,0.5361070469087611,0.2894661581967551,1.1248016287652032,1.287084876577716,1.5346069874851092,0.5370331489315961,0.8267840895525468,-0.94779492793537,1.366245456720748
0.15148817898802336,0.6085846048082367,0.608583456431127,0.6125391730409637,0.09335630389766655,-0.1946972199330699,0.2725909621141842,0.6125462472475822,0.8128904535672893,0.8522455640263038,0.0878632562371112,-0.09768854205147456,-0.9722065071684012,0.3779119814529202,0.780556917036132,1.366245456720748
0.4756096586981077,0.6144841353208709,0.6144851761226866,0.5298770376715238,0.5537480747943536,-0.359629290712709,-1.0220795393098967,0.5298776601195831,2.115090175111918,1.4244177308550796,1.7798109073973802,0.1557579466632136,0.3152381460191634,2.4161162012266084,0.5606572596336458,1.366245456720748
-0.035848089101291454,0.26061300155858974,0.26061403553686646,0.3292547313856142,0.2786712305479054,0.33643995715390335,0.2725909621141842,0.3292538165127393,0.5045249367005784,0.7047612106245759,-0.28112543277031143,-0.5407657278841907,-0.9802422410677611,-0.052819933270384437,0.8511559551106466,1.366245456720748
0.36409997531161076,0.5696608378156036,0.5696596886879443,0.5160245074114462,0.47846388584269406,-0.22265180820080535,0.2725909621141842,0.5160290828987032,0.8809701313758616,0.9202237088357295,0.11875961395873717,-0.13507432897929994,-1.266340344573148,0.34260837434361746,0.6775602187524736,1.366245456720748
-0.0626104131140507,0.7663067470847802,0.7663077908141236,0.7015597820259262,0.02096766067491701,0.13796238045298176,0.2725909621141842,0.701562923255224,0.8055341258597427,1.1723901153406315,1.3016683564070801,1.2565636172628505,0.7880310815109238,1.0690254411009648,-0.480661347268836,1.366245456720748
0.6495647647810429,0.631000631691121,0.631001672811417,0.42677045104420885,1.0170353914199506,-0.23942456116144661,-1.0220795393098967,0.42676758382947805,0.5256827687527424,0.5527009603254491,0.10817068756748897,0.12014058668745392,-0.0629268252125932,0.24537693784653342,1.0479470981945351,1.366245456720748
0.49642479959692043,0.941775640331982,0.9417766874448137,0.8685617085289513,0.17732713003605602,-0.7621753617680992,-1.0220795393098967,0.8685594538175097,0.6260780537833801,0.7346349198729425,0.35974006110071116,0.3995180641081805,-0.464862024338231,0.5699747673234518,0.7446119611988018,1.366245456720748
0.26894504548846676,0.9101939977695436,0.9101906661430655,0.8233935967940428,-0.2743780036739011,-0.7705617382484199,-1.0220795393098967,0.823398254316133,0.5587106039871491,0.6627664215432101,0.24707826326611915,0.28044022661712503,-0.44275243940263825,0.3661069017634063,0.8269234006135702,1.366245456720748
0.343284834412798,0.36329985752042704,0.36329870441360107,0.3673284167405401,0.3800153310597547,-0.2785609847362762,-1.0220795393098967,0.367327512029287,0.4509137814630253,0.5804549526286973,-0.04867262060263955,-0.05911134484021482,-0.6578914821445946,0.012819658762090371,0.8693262001479123,1.366245456720748
0.25556388348208714,0.7293662730956523,0.7293673161126889,0.7175430142411741,0.11362512400003642,-0.37081112601980315,0.2725909621141842,0.7175580299453402,0.1225436298531953,0.9445037205900334,1.0585687432495294,1.0980904903158044,1.3934915030017503,0.8116579590756752,-0.5576897283308281,1.366245456720748
0.3878887077673968,0.848144946793435,0.8481481811659953,0.6705409556980548,0.4263440627223144,-0.3176974083111058,-1.0220795393098967,0.6705396373202349,3.1451965388167884,1.76060315603584,2.316368394639006,0.7640291178434742,-1.2048246365489772,3.3552200583238743,0.7708110646537736,1.366245456720748
0.38640191198891016,0.7774841136144683,0.7774829684941724,0.7115960410961023,0.17732713003605602,-0.555311408586857,-1.0220795393098967,0.7115981958199258,0.604523766685284,1.0046296599698237,1.2164588259951308,1.2785670309622765,1.042066710814335,1.0631368552511127,-0.3410467983471257,1.366245456720748
-0.15330495560173485,0.3345224073834744,0.3345212537217457,0.29291607445657913,-0.22225818055352142,0.07366682743719026,-1.0220795393098967,0.2929210849896736,0.453676447151521,0.8182375655774381,0.8550754062098547,1.0766298276334219,1.1367644394382421,0.6339119719775332,0.04065972875501579,1.366245456720748
0.05187286182941945,0.8654626409995382,0.8654636866408604,0.8006344553898823,0.36843314814411476,0.25816711000424414,0.2725909621141842,0.8006321825490936,0.6607828243085629,0.8524095897422951,0.14929487168448133,-0.007899404082113929,-0.8576046608393376,0.5000373448602795,0.6440649336566151,1.366245456720748
-0.02990090598734495,0.352161894162994,0.3521607408413996,0.3607463875809746,0.07887857525311665,0.13237146279943468,0.2725909621141842,0.36074696488915103,0.4127845435367073,1.000781364325412,1.1948337578119064,1.3266705054392616,1.176743273282453,0.8978936475877273,-0.5492194564849624,1.366245456720748
2.0040357189823585,0.637817380491248,0.6378184217429883,-1.0067646373738797,1.9696699362313346,-1.866381598343649,-1.0220795393098967,-1.0067654142296891,3.68134495455624,1.8275635002486017,1.7529718612958112,0.5217655673966531,-0.7213757524276159,2.559898164726315,1.1075990832506917,1.366245456720748
0.28827339060879287,1.1524928602264692,1.1524917223372992,0.9616894087478356,0.24682022752989558,-0.3037201141772381,-1.0220795393098967,0.9616936085881451,0.7490083304994198,1.0356936071060245,1.3871967109171728,1.5207114691588737,0.6169646457021969,0.9995066384849381,0.03458699220635086,1.366245456720748
0.20203923545656863,0.36871560464037384,0.3687144516379773,0.3637455929329137,-0.08906307702366228,-0.46585672613010365,0.2725909621141842,0.3637441926733843,0.3029828408899528,0.946858961640165,1.090241920651776,1.2160320439460897,1.0227849884731472,0.764912076144385,-0.5079740638134325,1.366245456720748
0.06525402383579908,0.6095215246818574,0.6095247544531488,0.5311075823475833,-0.007987796614182805,-0.13040166691727842,-1.0220795393098967,0.5311091943081542,0.4979569981063023,0.9895266767358541,1.0784996492957653,1.0491240984703034,0.9094240473155535,1.0054510403144095,-0.4287455670032119,1.366245456720748
-0.19790882895633363,0.3911009846115041,0.3910998320407548,0.4028064837433921,-0.08906307702366228,0.2861216982719796,0.2725909621141842,0.4028120181975738,-0.2605534892879364,0.2907855381880376,-0.3661606699742229,-0.014223527699678514,-0.0579106290847365,-0.11932467298696013,0.5534632634635298,1.366245456720748
0.21542039746294825,0.49620237940652706,0.4962034179275685,0.5107699629426137,0.44082179136686434,0.02055310972849294,0.2725909621141842,0.5107715694752049,0.38355815576465546,0.7222951390852883,0.2109447514474612,0.19245514909849679,-0.3862702519710284,0.26630793020382765,0.46871953178871356,1.366245456720748
0.0667408196142857,0.6444524368859768,0.6444534782656579,0.567489763364839,0.2786712305479054,0.14355329810652886,0.2725909621141842,0.5674864391151442,0.45911866207590035,1.0475160760201678,0.859360848305843,1.0685196857067476,-1.2786748416836065,0.5230056204736834,-0.6419600701716652,1.366245456720748
0.011729375810280562,1.2095902458891907,1.2095912981661716,1.1040705498914398,0.07887857525311665,0.05409861564977546,-1.0220795393098967,1.1040644012994447,1.2191115087975828,1.042002288490306,0.6603207034611562,0.3998418220760855,-0.39479644838817257,0.9083033277867548,0.7510294868189111,1.366245456720748
2.9615322003277456,0.522549967254417,0.5225488172183398,-2.609254301161988,3.3855917976683156,-2.299677716493548,-1.0220795393098967,-2.609247344943264,4.025554180786228,1.9392439839007385,1.7403007731027946,0.053041874157262865,-1.184267286965604,2.5962343674585777,0.7868583544003315,1.366245456720748
-0.0016517861960990664,0.5338630558218727,0.5338553388084382,0.7502493881714227,0.4176574255355845,0.40632642782324196,1.567261463538265,0.7502555099479249,-0.6735509697792047,0.6913237192760566,-0.5059086261155629,-0.2801797187347778,-0.24590211790218133,-0.6841544787459963,-0.30102971674261625,1.366245456720748
-0.11167467380410935,0.9715907073383182,0.9715917550260605,0.9380281316969178,-0.20198936045115157,0.01496219207494585,-1.0220795393098967,0.9380273793017486,0.4324779262920113,0.958025327690343,1.112644275796969,1.0012212089388648,1.002509372898459,1.0996125979324238,-0.34931269925144975,1.366245456720748
2.2820665295593576,0.9730902169491362,0.9730912646657928,0.6230898076992032,2.7311984629346595,-1.6539267275088596,0.2725909621141842,0.623090949617195,2.5728329979341855,1.6802978478015287,1.699412307617553,0.8824523589636039,-1.3420067800795856,2.2875999081528224,0.5259218461033988,1.366245456720748
0.41019064444469616,0.6756400477258645,0.6756410897069224,0.7010295794966915,-0.3409755554388307,-1.100425879807698,0.2725909621141842,0.7010287638481328,0.5763618954883184,0.9113032333583557,0.06750668810007783,-0.13916779894359785,-0.7363324539730526,0.284503939559769,0.39718414113509504,1.366245456720748
0.09796353096250483,0.7786640197169952,0.7786606855542834,0.7491652427011968,-0.08906307702366228,-0.2701746082559556,1.567261463538265,0.7491624615315626,0.6470268775174693,1.1881912593144615,1.3844485187379563,1.398754595245854,0.9469037301554032,1.2114399130999944,-0.6909235940130471,1.366245456720748
0.10539750985493797,0.4689485185967704,0.4689451784619529,0.4202062271934609,0.490046068758334,0.2749398629648854,-1.0220795393098967,0.4202092933313042,0.7049854753244944,0.832019931508298,0.010613415693134894,-0.1996649910952639,-0.941886954504717,0.263433407253426,0.6971471575953917,1.366245456720748
0.4399265600144287,0.8642783567667608,0.8642728351897445,0.7538915630084412,0.2844623220057253,-0.5525159497600834,0.2725909621141842,0.7538858155479699,0.6231668913364519,0.9183395159956241,0.13263271232910118,-0.060503492860325574,-0.6688242719944941,0.4452539608637883,0.43239781047411974,1.366245456720748
0.04443888293698632,0.9514009596878455,0.9513998179211104,0.8813676823040844,-0.042734345361102585,-0.12481074926373133,0.2725909621141842,0.8813693877468236,1.5412061943514075,1.3148275236349345,0.8913694389808567,0.5532223878849749,-1.3604491940645898,1.2036814919328904,0.5282352695505091,1.366245456720748
0.604960891426444,0.7505936376155085,0.750594681041863,0.6286015399620676,0.1512672184758662,-0.9914029855635298,0.2725909621141842,0.6286007049829309,0.7862942320341716,0.9626811345519425,0.1405717969232341,-0.058313917085675855,-1.0246319770681975,0.3321149701751606,0.40796366559252945,1.366245456720748
2.9645057918847186,0.3054800803663626,0.3054789261446237,-1.1581829619262292,3.049708493114758,-2.6295418580528263,-1.0220795393098967,-1.158179822458267,3.9298026363067593,1.8770992664779782,1.9578756431367808,0.03836994872046047,-1.488411043128185,3.0232545195371885,1.1212008730913199,1.366245456720748
-0.06409720889253734,0.3696766042303725,0.36967545124650647,0.4219392772517054,0.03544538931946692,0.15473513341362302,0.2725909621141842,0.42193541956347813,0.4905745878299444,1.0763888078222286,1.3893717179875742,1.543052804136825,0.5946317312425701,0.8574270623636253,-0.7463004726389967,1.366245456720748
-0.14289738515232847,0.8638514890673309,0.8638525346775859,0.7729847891638264,-0.18172054034878168,0.09323503922460506,0.2725909621141842,0.7729820143514761,0.4475957309426404,0.996445197320616,1.1177536572026054,1.05361443894366,0.8855192536105874,1.1033522685669273,-0.38653879673932806,1.366245456720748
0.19163166500716225,0.7452632640354476,0.7452643073590189,0.647073558676484,0.6174500808303732,0.2358034393900558,0.2725909621141842,0.6470737178114975,1.5164673994852405,1.3243746614631469,0.7852636093668776,0.2905595794086702,-1.2679054454224814,1.2438410892690857,0.3759184409866566,1.366245456720748
-0.0685575962279972,0.8959256712829577,0.8959245284465174,0.7729867675314729,0.05281866369292681,0.17989426285458493,0.2725909621141842,0.7729919061923481,0.5707923976281397,0.8441452171288866,-5.7895810907796776e-05,-0.18712727805347873,-0.7329260698485844,0.43738390773744557,0.6206081545702885,1.366245456720748
0.05038606605093282,0.8437624384126211,0.843759105505173,0.6051934939698885,0.09046075816875657,-0.0074014785392424965,-1.0220795393098967,0.6051966094796438,0.6999282391157703,0.7352279359230649,0.12509278510604935,-0.27442708826499096,-0.22006691218178978,0.737171534273518,0.9940494759073629,1.366245456720748
0.0667408196142857,0.5861444982089745,0.5861455384643297,0.5139432646474358,0.09046075816875657,-0.038151525633751474,0.2725909621141842,0.5139419044746991,0.8102338569919596,1.167612340638936,1.5073179814740902,1.6777322834279154,0.1275479912635383,1.2026768042997404,-0.5961323195183588,1.366245456720748
0.9870674064975068,0.5079116887616586,0.5079039712478155,-0.01790724483662795,1.5063826196057375,-0.4015611731143121,-1.0220795393098967,-0.017902811852322207,-0.06112529873757275,0.3990214818043569,-0.008082505475298334,0.11327767409860623,0.22243377695048724,0.21015705470666002,0.4284834813182667,1.366245456720748
-0.06409720889253734,0.8683215600531561,0.8683204166844379,0.9242270389956466,0.17153603857823604,0.2861216982719796,0.2725909621141842,0.924228261285229,0.17686492649758487,1.263596825006981,1.5830421627079543,1.459435530554726,1.0755980158444913,0.9405649640067978,-1.403742327679157,1.366245456720748
-0.37037713926078214,0.5963061385205319,0.596304989906662,0.8194685153835894,-0.15566062878859185,0.5460993691619191,0.2725909621141842,0.8194662475694904,-0.13892542829075022,0.8754741288832275,0.3192499449967833,0.436218756335915,-0.5200928174444701,-0.0985053125889052,-0.32466792717500537,1.366245456720748
-0.3287468574631567,0.47531650904621475,0.4753175471645233,0.4038312781842262,-0.11222744285494214,0.509758404413863,-1.0220795393098967,0.40382593188695964,-0.0015106316948204912,0.33632160041977993,-0.5410036392779808,-0.3100533479667441,-0.5624346586832136,-0.3290811243968577,0.7953466998668777,1.366245456720748
0.6257760323252568,0.6539157654225694,0.6539168069847276,0.5773044452586186,0.29314895919245526,-0.8935619266264557,0.2725909621141842,0.5773016182204428,0.7567642431611559,0.9182596060314232,0.20009633864714532,0.02281138233087473,-1.0961586512997048,0.5233405163514002,0.6009906296000649,1.366245456720748
0.8800181104464698,0.4587168282012039,0.4587156769342608,0.17194087124699914,0.4176574255355845,-1.2513806564534693,-1.0220795393098967,0.17193892520397938,1.5041480805842746,1.231119733240701,0.8873373034086082,0.620005125901815,-1.7013703984791497,0.8924236815850211,0.42057905282755365,1.366245456720748
0.22285437635538138,0.3309695546851422,0.33097059002007295,0.39332614598185384,0.015176569217097048,-0.4043566319410857,2.861931964962346,0.393325742801271,-0.3255110836097929,0.6510322741684468,-0.16487028207162216,0.17394032144753105,-0.24462655813274736,-0.34289557935267206,-0.16837768261845953,1.366245456720748
0.2585374750390604,0.6417204836096252,0.6417193358714598,0.6091897966156121,0.5161059803185238,0.012166733248172308,0.2725909621141842,0.6091854943113008,-0.06701578607792276,0.46118722816506474,-0.08957864252752393,0.19934384741560626,-0.40134930833008564,0.05085824887274648,0.3451689559557279,1.366245456720748
0.03254451670909332,0.9197536451716486,0.9197568809250074,0.7853139763361776,-0.17882499461987172,-0.2338336435078995,-1.0220795393098967,0.7853171399189313,0.8328815253746266,0.8618347597304113,0.4222513221422147,0.3811629607777787,-0.7767109971791035,0.6668713079428189,0.6517573446739602,1.366245456720748
0.426545398008049,0.4955653614550701,0.49556639996382823,0.5142400197943955,-0.09485416848148225,-0.8935619266264557,0.2725909621141842,0.5142460785815149,0.4079439665329092,0.9366178688596818,1.0767011426852195,1.0691155187930126,0.7746868034313104,1.016418880309632,-0.3415306152699589,1.366245456720748
0.04443888293698632,0.8164516619096072,0.81645489567104,0.7851576852921122,0.01807211494600703,-0.06610611390148691,0.2725909621141842,0.7851588704649783,1.150912894475231,1.1932550275722447,0.5703102033382915,0.270461075187738,-0.9301126583776652,0.8393705929567327,0.22178034756961015,1.366245456720748
-0.07153118778497046,0.7540479823832029,0.7540468368109985,0.7179466012410393,0.015176569217097048,0.14914421576007594,-1.0220795393098967,0.7179462846995684,0.6087206258908184,1.0053656727979898,1.1952274089291268,1.0735838107292197,0.7265490900901795,1.1724524513358077,-0.31592655101893147,1.366245456720748
0.03997849560152644,0.7144587395924842,0.7144575932568981,0.6866310197662082,0.07887857525311665,0.000984897941078134,0.2725909621141842,0.6866361353792898,0.7312196708025109,0.8698804313891647,0.06191710405996076,-0.14776996581790208,-1.0346995738848823,0.3586554684842098,0.6759641790185297,1.366245456720748
0.3090885315076056,1.130022106715453,1.1300165902626547,0.549377807562067,0.6058678979147333,0.0037803567678516775,-1.0220795393098967,0.5493843703192797,0.25937417690775133,0.5586647671273897,-0.03318797429481227,-0.036294305828451674,0.0657406519458851,0.1332705427808658,0.516292777116207,1.366245456720748
0.16784293255137622,0.44056510018236844,0.4405661376305811,0.4132779836957758,0.26419350190335544,-0.06051519624793982,-1.0220795393098967,0.4132825317606462,2.5087995959672105,1.4834880175499001,1.5094341868003773,-0.22431008003785202,-0.3991507332051083,2.3396204011581507,1.2421203468367716,1.366245456720748
0.05187286182941945,0.6613695321741534,0.6613683848148718,0.633442605592803,-0.09485416848148225,-0.18910630227952283,-1.0220795393098967,0.6334452340500208,0.6809922941587472,1.0353613498864525,1.2653197178755704,1.1607122250141861,0.45956173076745777,1.2551996411216437,-0.30872490831698907,1.366245456720748
0.87109733577555,1.036555593061302,1.0365456966758957,0.5763983528765684,1.4976959824190075,-0.19190176110629636,-1.0220795393098967,0.5763989877408676,3.231784407453878,1.7037282904627493,1.2846679173964464,-0.05249529825852461,-1.3085328916281154,2.257961622974894,1.5930377659703385,1.366245456720748
-0.19196164584238712,0.7499303508825481,0.7499335833612802,0.8833124177004934,-0.20778045190897151,0.1603260510671701,0.2725909621141842,0.8833106615179648,0.2735039738518073,1.1945335869994589,1.4323816353716097,1.6257654432619617,0.5890301390420192,0.9032798896210043,-1.0486297431299316,1.366245456720748
-0.05517643422161758,0.654029596809084,0.6540284493082698,0.6492438279845824,-0.08327198556584232,0.023348568555266482,0.2725909621141842,0.649242503922696,0.7871890380281922,0.8993840313296536,0.09417123301002821,-0.13468172073353793,-1.2215399502233861,0.3386454397906364,0.6587010907115762,1.366245456720748
1.053973216529405,0.7926740365187978,0.7926750807565698,0.5335943904791053,1.5295469854370174,-0.5049931497049333,-1.0220795393098967,0.5335871004466045,0.22818255451766206,0.9179357603870301,1.2521398692228336,1.2055629398637036,1.2966234664508816,1.0036928369563969,-0.5048570593852945,1.366245456720748
0.10391071407645133,1.0353910104146522,1.0353920593326271,0.9207411552026936,0.07598302952420666,-0.12201529043695777,0.2725909621141842,0.9207389144176108,0.13531261224046837,0.864698901078875,0.3068505775079497,0.5666939991216222,-0.32892520719452134,0.2853690872438704,-0.24870102375836725,1.366245456720748
0.5767117716351983,0.5491208397450859,0.5491240683516978,0.34478689577748345,0.13678948983131628,-0.9522665619887002,-1.0220795393098967,0.3447889526023049,2.8326981519800265,1.5100475661777244,1.298405121294149,-0.34040387253751775,-1.1161655947166413,2.272864489533287,1.6770328326654258,1.366245456720748
0.7863499764018124,0.4644237209828132,0.4644269479562485,0.11977527314678157,0.8577803763299017,-0.6503570086971575,-1.0220795393098967,0.11977677532540436,0.6635340136667818,0.6247713364594786,0.06829361518356476,-0.07894196484338598,-0.17314964988097348,0.2011706819879284,1.1187797030593831,1.366245456720748
-0.018006539759451944,0.6582544925008776,0.6582511560163626,0.793854589465677,0.14258058128913623,0.17150788637426428,0.2725909621141842,0.7938439067506445,0.2059876795295597,1.2026381396844656,0.22059273608015764,0.02322332022959216,-0.2876631569378996,0.055295619252492656,-0.5975121709433932,1.366245456720748
0.5395418771730326,0.459828873284847,0.45982991110451443,0.16430041539661078,0.5363748004208937,-0.4966067732246126,-1.0220795393098967,0.16430489701096934,2.9183950400665215,1.5645125154620194,1.4337295611341894,-0.3493575476105189,-1.1231577880783288,2.6014252535631868,1.5627769638370415,1.366245456720748
8.578646651450216,1.1319900762630812,1.1319933161089002,-0.2004749679815111,9.405431368072167,-7.049162263181799,-1.0220795393098967,-0.2004690999472258,2.8518469306985503,1.7336230286490637,2.1309332964519947,0.5673014682251577,-0.8032249222221496,3.0281663257437006,0.5987272561794544,1.366245456720748
0.212446805905975,0.5807265620239024,0.5807297912399534,0.5218844323800766,0.5363748004208937,0.11839416866556696,-1.0220795393098967,0.521885052694961,1.149485308542291,1.0818731548389637,0.7101286470686181,0.5965715119437947,-0.9697212825942836,0.7157102901098388,0.26963720971393684,1.366245456720748
0.04592567871547295,0.5497075091986613,0.5497085487514183,0.45835113378365716,-0.019569979529822732,-0.10524253747631653,0.2725909621141842,0.45834481285330225,0.508850817679833,0.7336633829397632,0.27722914804034304,0.4110151569948637,-0.6774076625781367,0.23647428909723114,0.48897728001458285,1.366245456720748
0.3596395879761509,0.6148847342387974,0.6148857750483377,0.657014856099633,0.19759595013842587,-0.48542493791751845,0.2725909621141842,0.6570150178879148,0.7255750551441557,0.9412736757212814,0.13953342565111934,-0.09196277088069821,-1.0090217922992881,0.3899682330507216,0.5280976319776343,1.366245456720748
0.9647654698202075,0.8736716352193444,0.8736748700841245,0.7082367728325187,0.7043164526976726,-1.1339713857289806,-1.0220795393098967,0.7082300240029904,1.8632880125046187,1.4207082262011221,1.030189523420469,0.6931876785934752,-1.3969584685635856,1.4866964165933179,0.2671986612005764,1.366245456720748
0.32544328507095854,0.24891025939883402,0.2489134822166195,0.15865217576614501,1.0459908487090503,0.3979400513429213,-1.0220795393098967,0.15864923699237068,1.8721647800900736,1.3840926394467536,0.9731014721245113,0.13105539499943944,-0.7706166216940619,1.4976084406089203,0.528536959988023,1.366245456720748
0.3061149399506324,0.6665992087584512,0.6666002505651787,0.6302534769468097,0.37422423960193474,-0.2142654317204847,0.2725909621141842,0.6302575883290004,0.650487164979772,0.9013986035850341,0.1259997741152174,-0.0722430163900598,-0.7397606679034139,0.4158110316145276,0.5080685845672996,1.366245456720748
3.055200334372403,0.49127479380951805,0.4912736431703756,-0.4353190778148101,2.806482651886319,-3.03488338793499,-1.0220795393098967,-0.4353211859316052,3.979979238883237,1.8488784317522933,1.6687216959136588,0.005576715517478881,-1.4663499512153777,2.686042278666274,1.5116724110842714,1.366245456720748
-0.040308476436751325,0.7890314321503291,0.789030287252695,0.7483185013485385,-0.20488490618006155,-0.12201529043695777,1.567261463538265,0.7483191820972197,0.7817468231038128,0.9804337639673101,0.01498827398523644,-0.24136233034630633,-1.0741686265771158,0.19321690489215632,0.394117186733457,1.366245456720748
0.004295396917847435,0.7883396875707401,0.7883385426597673,0.7212148645928884,0.18601376722278595,0.17150788637426428,1.567261463538265,0.7212180110680013,0.45640503161676993,0.7639072014960077,0.15124827646706474,0.16587153321990578,-0.45251075381301786,0.3312498224910593,0.4441873722718942,1.366245456720748
0.6138816660973638,0.3001037364186709,0.3001025820932623,0.09219682815599603,0.5827035320834534,-0.591652373334913,-1.0220795393098967,0.09219090409345516,1.634780365986507,1.183123285269089,0.9933604525841917,-0.3536545098748188,0.06682653848649596,1.6329900991758992,0.9073725619589847,1.366245456720748
4.11379892865488,0.5880227160864662,0.5880215673128707,-0.004088346826539214,4.0689405896910715,-3.806430024124488,-1.0220795393098967,-0.004093801994930513,1.6760906340050545,1.08383725764327,0.11556237523504628,-0.3899571505791871,-1.520230498355952,0.6566290756826496,1.6240263789056562,1.366245456720748
0.1782505030007826,0.804792701052357,0.8047937455238079,0.8053192299765524,0.03544538931946692,-0.3009246553504646,0.2725909621141842,0.8053159692020126,0.5769280611153162,1.0462921918316173,1.1206441563560126,1.1887718287679505,0.7329893912508302,1.0657881142830363,-0.30786224049912125,1.366245456720748
1.2338755057262867,0.27927915988186647,0.2792801942200744,0.17250470602622253,1.604831174388677,-0.7705617382484199,0.2725909621141842,0.17250523309390467,1.9072587025419214,1.4695374201154594,1.067003190850551,0.5295245073211278,-1.492249862042419,1.3031734756045623,0.34827414301649784,1.366245456720748
0.03997849560152644,0.7510927444640727,0.7510915988348837,0.6508918082340317,0.09335630389766655,0.01496219207494585,-1.0220795393098967,0.6508919683881115,0.26620224565497247,0.4829732078787828,0.02978061687940896,0.009481141067124568,0.11324095293433646,-0.019637333386620714,0.8137192304279142,1.366245456720748
5.616949460704858,0.5529648381050805,0.552965877720647,-0.10447269957241073,5.9162987647356395,-4.84913616651102,-1.0220795393098967,-0.1044712572441298,0.564255410348853,0.6483237469607954,-0.10109332485247483,-0.1701462690515163,0.4001669981697956,0.1882771906958351,0.8815717732982421,1.366245456720748
0.36261317953312416,0.4494724061771395,0.4494712547319403,0.42007565492879867,0.6927342697820327,-0.012992396192789583,0.2725909621141842,0.42007080755909537,0.4086082026186377,0.7502762439183706,-0.2611400648461075,-0.48132340476605834,-0.869246902190699,-0.001776219908396236,0.6011240963373982,1.366245456720748
-0.24845988542487887,0.5903650157705176,0.5903682451724226,0.5855997407999646,-0.18751163180660166,0.2861216982719796,-1.0220795393098967,0.5856008727120987,0.7194957300056116,0.8279571406968208,0.041439460276678775,-0.08580738935993285,-1.1258278209943553,0.30769547909165096,0.6581498452808194,1.366245456720748
0.22136758057689473,0.8053246438778005,0.8053213102291735,0.8187622381338254,0.40607524261994454,-0.024174231499883757,0.2725909621141842,0.8187565079869202,0.6544951863871126,0.9374337916520488,0.09485310649179463,-0.141123095385902,-1.0018496271449662,0.333789449563744,0.46013456196545216,1.366245456720748
0.343284834412798,0.8780081732325273,0.8780114081809269,1.0124464090838179,0.2410291360720756,-0.4127430084214063,0.2725909621141842,1.012438752261798,0.0024640040244415335,0.984753107821748,0.9535976659188323,0.9592690305771623,1.354635321678923,0.6211301126446788,-0.587639108077014,1.366245456720748
0.3284168766279318,0.953099674225064,0.953100721556252,0.758704931492127,0.5161059803185238,-0.11921983161018423,-1.0220795393098967,0.7587031420526616,3.528310524685751,1.7853584217877598,1.9539671259630529,0.6171577185116197,-1.1316999174623685,3.1632130884329626,1.2809070319564897,1.366245456720748
0.25110349614662725,0.8611414264422322,0.8611446610653978,0.7013738154671647,0.01807211494600703,-0.45467489082300944,-1.0220795393098967,0.7013898160399629,0.3199309463359687,0.44670670149434444,0.07233430639427516,-0.03967662791698395,0.4027383452598668,0.16768109421625774,1.0299214421227139,1.366245456720748
-0.023953722873398448,0.6792979755502102,0.6792902613411322,0.6118922468205916,-0.10933189712603215,-0.06051519624793982,1.567261463538265,0.6118884398295904,0.7125344662736607,0.9461103314492303,0.129665200457898,-0.07665674754606973,-0.8606506725030871,0.39599635884962275,0.4413233985332839,1.366245456720748
0.3299036724064184,0.7414236438057036,0.7414246870552372,0.6716646685212088,0.6087634436436432,-0.03256060798020439,0.2725909621141842,0.6716648342194314,1.0249709504804434,1.025052964504537,0.22382011975864002,-0.07904178848191722,-1.1510165476059007,0.49074398425364096,0.629216759128286,1.366245456720748
-0.028414110208858322,0.5832220962667235,0.5832187583353923,0.47831682007110393,0.3105222335659152,0.35321271011454464,-1.0220795393098967,0.4783090206933315,-0.1118531129349298,0.2636245619349119,-0.6061965776762216,-0.4978748367808515,-0.20041582722603662,-0.4182192438491212,0.8088310111730822,1.366245456720748
0.27489222860241325,0.9155856651731124,0.9155845227157668,0.8236329792792569,0.24682022752989558,-0.2785609847362762,-1.0220795393098967,0.8236356584970624,0.9724806501666089,0.9686365297787041,0.6921711542685872,0.6351331819034253,-0.772618565896583,0.8485523216041324,0.48000581276446036,1.366245456720748
0.41911141911561595,1.1154100970041978,1.1154089583999778,0.882718907406574,0.6058678979147333,-0.20308359641339055,-1.0220795393098967,0.8827171510656414,0.2516596485885292,0.6130413948723049,0.1638826538257472,0.20352082127315074,0.49396490463641046,0.49953500104370446,0.47635702680476005,1.366245456720748
-0.028414110208858322,0.7372053153092859,0.7372063584774793,0.7332097076329984,-0.06300316546347245,-0.0074014785392424965,-1.0220795393098967,0.7332143410855886,0.5841870138993005,0.9704912821056828,1.1743928087234612,1.1503952341352148,0.9271762153275093,1.2062490269953852,-0.18954397785315488,1.366245456720748
0.4919644122614606,0.48061404664939633,0.48061289580468747,0.45722742096050323,0.7680184587336922,-0.18351538462597575,0.2725909621141842,0.45722950779497784,0.6373318128065072,0.8360995454701332,0.021497889372061794,-0.13119670730595354,-0.973143318147232,0.18498404789828726,0.5876960913110062,1.366245456720748
0.0667408196142857,0.6044735405029579,0.6044723920465762,0.5484914988564809,0.09046075816875657,-0.038151525633751474,0.2725909621141842,0.5484916316805766,0.639014660146214,1.0605245770345557,1.3470372028449729,1.504077556427503,0.6878901976928068,1.111975837418132,-0.5070015639929675,1.366245456720748
-0.1205954484750291,0.27111613602969115,0.2711149811453276,0.28664860575279083,0.1483716727469562,0.36998546307518587,-1.0220795393098967,0.2866471849165714,0.4827046074006068,0.7901723449925654,-0.12616689772571146,-0.31008132448084474,-0.9156854963314222,0.06523086362475501,0.4906734198015268,1.366245456720748
0.13364662964618385,0.483580229894153,0.4835812681718072,0.4445718031264964,0.35685096522847487,0.09323503922460506,-1.0220795393098967,0.4445704244389628,0.6247415829574877,0.9987205284065468,1.138637630582354,1.2711972872405906,0.6113901761048204,0.9394765524042182,-0.2602319937525584,1.366245456720748
0.5202135320527065,0.6830784910215716,0.6830795331460616,0.663122077024063,0.2091781330540658,-0.7761526559019669,0.2725909621141842,0.6631207566661921,-0.27855793877081103,0.3537756189162915,-0.5688163365536942,-0.41119725891810893,-0.3530063067790979,-0.3810458014225667,0.5657088366138596,1.366245456720748
-0.019493335537938573,1.2562041986669383,1.2562030627775878,0.9694782421717038,-0.12670517149949204,-0.08567432568890171,-1.0220795393098967,0.969476014394236,1.3176535403722796,1.127585860149466,0.48783548841164687,0.030924394842186228,-0.7125144239092884,0.9502490364707725,0.9025580274653889,1.366245456720748
0.0488992702724462,1.0632008937662303,1.063201943220451,0.9650862659967007,0.24682022752989558,0.1463487569333024,0.2725909621141842,0.9650865100072608,0.8066991472666486,1.0311303275713946,0.20975751385833688,-0.014093616788201032,-0.8714670325350429,0.5143541436326686,0.3308553435159889,1.366245456720748
0.5796853631921715,0.4049665231150381,0.40496537081165185,0.3348515334572736,1.1531260406787198,0.023348568555266482,0.2725909621141842,0.3348501254861056,0.45734052641813616,0.9296783193369723,1.0525717176824096,1.1760711507433923,0.9782365703756072,0.8889630908486151,-0.2841475647484683,1.366245456720748
-0.14587097670930174,0.45744498136341527,0.4574460191371152,0.6723590755650944,-0.025361070987642693,0.2497807335239235,1.567261463538265,0.6723152227567691,-0.3902754930386535,1.0381413754831257,-0.3601791529841183,-0.6413539985990724,-0.5644624258176995,-0.5342327574881505,-0.6418578847008944,1.366245456720748
0.18717127767170236,0.5002171248462935,0.5002181634447496,0.16684459618987837,0.3771197853308447,0.012166733248172308,-1.0220795393098967,0.16684215419465198,2.4262545254958767,1.4167085222034879,1.0863239492788552,-0.08808316569230955,-1.0478115324234338,1.7809303531572547,1.4049309976234545,1.366245456720748
-0.19790882895633363,0.7683776026932967,0.7683786464625714,0.9247255876425389,-0.03694325390328262,0.33643995715390335,0.2725909621141842,0.9247277992492678,0.12528716832456271,1.215213444577133,1.5017368195496559,1.593824518375467,0.8906744229575148,0.8873444274396511,-1.2844015151862256,1.366245456720748
2.0159300852102517,0.8139232916899068,0.8139177691419163,-0.6569813240201604,1.7032797291716162,-2.1459274810210034,-1.0220795393098967,-0.6569849750733144,0.10111558238814596,0.5021305703490503,0.07747164574629425,0.14447812863866435,0.13284723980510765,0.2769408743213332,0.4976804235115248,1.366245456720748
0.36261317953312416,0.49068812435594256,0.4906869737054876,0.5257580762317235,0.5305837089630737,-0.16953809049210802,0.2725909621141842,0.5257502895157172,-0.2124226295252271,0.3536957089520906,-0.6931588998206853,-0.5063834126682213,-0.7457295012846542,-0.5119342736301798,0.6103138373142011,1.366245456720748
0.06376722805731246,0.6529481986371949,0.6529470511155284,0.5452529110193276,0.1947004044095159,0.06807590978364318,0.2725909621141842,0.5452495808347598,1.1797640410239838,1.191505419935004,0.42909466430585913,0.07050642516244483,-0.959253308820771,0.7019516511336441,0.35573229210425267,1.366245456720748
0.4310057853435089,0.7421153883852927,0.7421164316481648,0.6599408618486553,0.2439246818009856,-0.5748796203742719,0.2725909621141842,0.6599380568656077,0.47323420054900617,1.1359511716650228,1.5060917952059434,1.5626820038871672,0.7247079653461609,1.134692941123249,-0.883060084632437,1.366245456720748
0.06228043227882583,1.05437677224622,1.054377821530289,0.9542190925150374,0.3163133250237351,0.18828063933490555,-1.0220795393098967,0.95421537688887,0.8967045279531903,1.1818194911163373,1.615788759829859,1.5368026399352268,0.27895389372772184,1.408526137136276,-0.5792877050440858,1.366245456720748
0.8933992724528494,0.6545593505694022,0.6545538249484679,0.6235349404196427,1.0720507602692404,-0.6447660910436104,-1.0220795393098967,0.6235336094962196,0.768867946159948,0.8052374761382292,0.117472729018878,-0.0312633372563688,-1.0624267165743069,0.46685474497651575,0.7790144030249726,1.366245456720748
1.7453332535256858,0.5869632085658298,0.5869620597718044,0.2885122280756976,1.6801153633403365,-1.6595176451624067,-1.0220795393098967,0.28851179692095413,0.3662212461595587,0.6697438231542251,-0.15454860176835097,-0.014969301263471072,-0.6269397314906825,0.11920491591676421,0.5085266813376259,1.366245456720748
0.26002427081754703,0.9411014082733953,0.941102455373226,0.8808097826278002,-0.12091408004167209,-0.6056296674687808,0.2725909621141842,0.8808080257773344,0.9901861934109056,1.332020783300896,1.663412357071711,1.2457286433198156,0.613942913031343,1.635446002279155,-0.6163295906288739,1.366245456720748
0.1708165241083495,0.7386216404453431,0.7386226836408469,0.7293360637813514,-0.14697399160186192,-0.4630612673033301,-1.0220795393098967,0.7293416853841782,0.8497555563252183,0.8671172289428496,0.1581633040450056,0.003066148671464181,-1.1469336977949796,0.5497414747114007,0.8254580470599316,1.366245456720748
0.0726880027282322,0.7841673294419532,0.7841683735156942,0.7498141472892152,-0.08037643983693234,-0.2142654317204847,-1.0220795393098967,0.7498177959893364,0.5353496642893885,1.1473194155194977,1.5467553003240677,1.6748395556546927,0.382932288402628,1.2485296315571193,-0.8084674715267776,1.366245456720748
0.5306211025021128,0.9652380403447509,0.9652390879099975,0.9073990437953868,0.04992311796401683,-0.9494711031619266,1.567261463538265,0.9073948210812058,0.5600140368925471,0.8246934495273527,0.01798268091972218,-0.17105744170322362,-0.7763454002778333,0.4199972300859867,0.6506645857620438,1.366245456720748
0.27191863704544,0.4170304610204653,0.41703149801487005,0.0771968446610078,0.24682022752989558,-0.27297006708272914,-1.0220795393098967,0.07719981925185264,2.476198123790973,1.3948468383131585,0.9647732553278794,-0.09625820214908298,-1.3058706218928342,1.6771405390548848,1.5798315103669116,1.366245456720748
0.6614591310089358,0.9872928714819635,0.9872939194724837,0.5856076542705502,0.6174500808303732,-0.647561549870384,-1.0220795393098967,0.5856082915927527,1.7898106340224385,1.330641284971533,0.7123033045105766,0.15320969380797586,-1.0332396787538172,1.235552416295597,0.8464178859353145,1.366245456720748
-0.3138788996782904,0.7060505404462774,0.7060537720788946,0.7302579831045728,-0.23673590919807133,0.3615990865948652,0.2725909621141842,0.7302591536250616,0.42241527124460154,0.8117101832385017,-0.12697908382211065,-0.3085086526800244,-0.5716568719676578,0.23284625042196694,0.5171505789592762,1.366245456720748
0.13215983386769722,0.510214585273455,0.51021343499952,0.4828868493342829,0.17732713003605602,-0.07728794920858108,-1.0220795393098967,0.4828864700568759,0.5387282263694155,0.9667439253634197,1.146148975617548,1.1860729484735264,0.7161398900215575,1.03288459429737,-0.2432344486417577,1.366245456720748
0.12026546763980421,0.3186538742903076,0.3186483421922581,0.22887235700738906,0.1628494013915061,-0.06890157272826045,-1.0220795393098967,0.228878834223758,-0.11079555171152655,0.2788200724958508,-0.7315020846689895,-0.6272213486418997,-0.41374269344528625,-0.5367165685812161,0.7474759349374122,1.366245456720748
0.3522056090837178,0.5578311298785815,0.5578321695879827,0.5513957425613928,0.333686599397195,-0.3400610789252942,0.2725909621141842,0.5513948869765253,0.4257527967496989,0.9739316163539108,1.1801373358850078,1.1880274576959757,0.8935996209775074,0.9753662272995254,-0.47133883469395677,1.366245456720748
0.26002427081754703,0.5998786928049916,0.5998797333251772,0.509941026898773,0.5363748004208937,0.028939486208813568,-1.0220795393098967,0.5099406548419521,0.6333623936010074,0.9268520300768143,1.000318489204051,1.266880569915869,0.7843168497115347,0.7624282650513196,-0.0775709463445756,1.366245456720748
0.05782004494336595,0.5038290823030084,0.5038279319059447,0.4582344100925197,0.34237323658392493,0.22182614525618807,0.2725909621141842,0.45823600260370967,0.6646562596608371,0.7880820685605736,-0.03268697572883305,-0.23033963160759152,-0.8926254617832718,0.23348813418759023,0.7821578227448746,1.366245456720748
0.09945032674099147,0.7009565858997469,0.7009576283689722,0.5866601458584338,0.14547612701804621,-0.046537902114072105,-1.0220795393098967,0.5866518808047547,1.8812968090822952,1.2748809531096654,0.7854632961053891,0.29651051695036706,-0.8451605649799193,1.3570358959373325,1.0430373296227378,1.366245456720748
0.521700327831193,0.8037025466199668,0.8037035910703967,0.6907816350883509,0.4176574255355845,-0.5776750792010453,-1.0220795393098967,0.6907832896648997,1.182341346590127,0.9694146004827654,0.17970366313596858,-0.15913112201681234,-0.8852731398388994,0.6820253464095,1.1133583119944748,1.366245456720748
1.125339413896763,0.8703245546427888,0.870325600377861,0.39399681261398267,1.2023503180701895,-0.9550620208154738,-1.0220795393098967,0.3939959150203529,0.5413702167062109,0.7698752140855377,-0.15667128703305971,-0.4838354756992678,-0.4804290599689973,0.11928863988619355,0.6143623283466444,1.366245456720748
0.1366202212031571,0.8847220359717662,0.8847230819844587,0.9432332169745904,0.22944695315643568,-0.035356066806977934,0.2725909621141842,0.9432304876004506,0.37709524298079283,1.237701790818301,1.3780523585938755,1.5655067003672476,0.2605238293180046,0.76030725782578,-1.0516271836058753,1.366245456720748
0.20203923545656863,0.6871195052428415,0.6871205474452526,0.5426909249172425,0.2265514074275257,-0.16115171401178738,0.2725909621141842,0.542690067009115,0.6174923676658597,0.8684252288831905,0.40538694300861844,0.43372758849190235,-0.7072799638672935,0.4236810847408703,0.3377587714767022,1.366245456720748
0.38640191198891016,0.7817177655667631,0.7817188095932702,0.6541086340270745,1.0228264828777707,0.2609625688310177,-1.0220795393098967,0.654111762591966,1.1711348839584443,1.1346894353881667,1.4693555673705916,1.4322465521918295,0.5200764683474334,1.3484402350759372,0.04478051427018129,1.366245456720748
0.4741228629196211,0.6050536427611575,0.6050524943159618,0.5310047072299705,0.09046075816875657,-0.8041072441697024,0.2725909621141842,0.5310102758994336,1.0734341021698088,1.4457242507835923,1.9350692769436495,1.311866373267875,0.6579913613912644,1.8012752777285443,-1.1750498538155831,1.366245456720748
-0.05368963844313095,0.7309993156791124,0.7309937915321358,0.6892345515888677,0.17732713003605602,0.27214440413811186,-1.0220795393098967,0.6892376895286408,0.7497209062793453,1.071556357881869,1.324144808941052,1.204283273174005,0.4432405840872527,1.3018059841038858,-0.31674890075989653,1.366245456720748
0.7937839552942455,0.6101300847866856,0.6101333145697116,0.585979587388073,1.2979033271242189,-0.23942456116144661,0.2725909621141842,0.5859817085856729,0.11391203841456694,0.4009014688568727,-0.518905145770167,-0.3103264977350022,-0.5089223434536968,-0.286437715967597,0.8283560826221322,1.366245456720748
0.04741247449395957,0.7407669242681191,0.7407679675049895,0.6523775623364765,0.5276881632341638,0.42030372195710963,0.2725909621141842,0.6523806904393561,1.8523357679769508,1.6790066710115459,2.712227787584676,1.9971946807186274,-0.8075305000868064,2.9195484294042484,-0.833884543317687,1.366245456720748
0.13215983386769722,0.3604759635088137,0.36047699941270334,0.3425177080870651,-0.16434726597532182,-0.4071520907678592,-1.0220795393098967,0.34251877512216783,0.7898365926463339,0.7724659792406826,0.2726784258465857,0.11663427444515155,-0.39836730215606403,0.47564576176657924,0.8041534191131043,1.366245456720748
0.10242391829796471,0.8655961739721804,0.8655972196160774,0.7638941898286284,0.2410291360720756,0.04012132151590774,0.2725909621141842,0.7638988314707097,0.49870261180672204,0.9865994485735476,1.0801736534682718,1.0036358214368484,0.9528034306145617,1.118729570952086,-0.31682814663518816,1.366245456720748
0.6911950465786684,0.7795746708091124,0.7795735257291276,0.7062445566125962,1.0430953029801404,-0.29253827887014394,-1.0220795393098967,0.706246709908143,1.7058578003704612,1.3721019390290297,0.9632792239234234,0.536451272574486,-1.2002854361457873,1.3508403221995733,0.5118828136701528,1.366245456720748
0.18865807345018898,0.3795361535546411,0.37953500076089236,0.4060965091393517,0.08756521243984658,-0.2701746082559556,0.2725909621141842,0.40609363640687873,0.6644820281011774,1.3277981725610168,1.6035080983174577,1.1948943301479371,0.6127832805154262,1.2113003731509457,-1.1609725887232052,1.366245456720748
0.13364662964618385,0.5880533629982201,0.5880522142252156,0.4419385957891409,-0.19909381472224158,-0.4434930555159153,-1.0220795393098967,0.4419416677272136,3.34558300294528,1.770671811525153,3.455770599260035,0.2384244316740686,0.3553158350394871,5.275261849243184,0.8295030623960902,1.366245456720748
-0.16519932182962785,0.6276907652216951,0.6276896172130009,0.5562031759421395,-0.3959909242881203,-0.071697031555034,-1.0220795393098967,0.556202321640345,0.4383604149779259,0.48060114367829304,-0.11248613659866759,-0.09272395862330426,-0.3210828541874215,-0.03110751719841769,1.0945311603593968,1.366245456720748
0.3759943415395038,0.5539105142392021,0.5539071757426688,0.44735536640497814,0.3829108767886647,-0.3372656200985206,0.2725909621141842,0.44735497764444687,0.6222373085840163,1.3380687058546268,1.6932483705430432,1.2816912639392355,0.4137620936371575,1.1273810477931006,-1.0670690070596347,1.366245456720748
-0.046255659550697825,0.9968393844933169,0.9968404326679181,0.9444459563418323,-0.051420982547832526,0.0373258626891342,-1.0220795393098967,0.9444447110674956,0.8684661478877115,0.8260645362815364,0.39525900040034906,0.32780106855216223,-0.6511618339537257,0.6429262526860743,0.8938090047774886,1.366245456720748
0.46222849669172805,0.6992928964045328,0.699293938841678,0.4262916860737806,0.5682258034389035,-0.3204928671378794,-1.0220795393098967,0.42628782954718325,3.1475717914165395,1.7971135981004707,2.7286235537096037,0.9416323729278612,-0.3380991491798822,4.044686946573145,0.44539621943972024,1.366245456720748
-0.018006539759451944,0.7112123560116914,0.7112155877438417,0.6449230730448495,0.07308748379529667,0.10441687453169925,0.2725909621141842,0.644919769461607,0.3309144899462104,0.6167635168890309,0.18193567805562588,-0.11452429143438154,0.8146782222263947,0.8070810487468802,0.6429958094794349,1.366245456720748
1.645717936367082,0.8251510067174764,0.8251498625163199,0.4703538902943527,1.1473349492208997,-1.9865863278949112,-1.0220795393098967,0.47034608879132556,3.09692083385528,1.6010860443404928,1.4358163602243579,-0.11244082248003416,-1.2215007726009979,2.428367808753078,1.727291400942495,1.366245456720748
0.5172399404957332,0.8814931649119757,0.8814898327320724,0.8143761970617616,-0.39019983283030035,-1.3492217153905435,0.2725909621141842,0.8143694765601629,0.7262452032788147,1.012368309134542,0.05642234593667229,-0.1978394097841587,-0.8418464093341683,0.23357185815701959,0.30567114337615575,1.366245456720748
-0.07896516667740358,0.540386469895212,0.5403809420727331,0.5495974063708172,-0.23384036346916137,-0.07728794920858108,-1.0220795393098967,0.5495995178582469,0.6725067651054623,0.8201301699927225,-0.03209161807063272,-0.1901261495731314,-0.9011565684455863,0.26636374618344705,0.6523697623593281,1.366245456720748
0.1827108903362425,0.9242390396133507,0.9242422754531994,0.8459964471541378,0.28156677627681537,-0.071697031555034,0.2725909621141842,0.8459912188679114,0.7191479624214606,0.8616118529881668,-0.10718287552089002,-0.3596964584387049,-0.8069302593360749,0.2284926040116496,0.7300209881955421,1.366245456720748
6.853963548405731,0.28707223172786916,0.2870732662163474,-2.0752176954286545,6.081344871283507,-7.015616757260517,-1.0220795393098967,-2.075223950664172,1.9140867712891427,1.4469355176093743,1.3540701751759738,0.6442357266357468,-0.5227826091200706,1.6787871104536587,0.03296523231989992,1.366245456720748
-0.18155407539298074,0.5660926616613945,0.5660937015300991,0.5734960875393028,-0.23094481774025138,0.11839416866556696,0.2725909621141842,0.5734957324449188,0.31904796443980926,1.0907305435024945,1.2769324910887456,1.4546370294355906,0.6268501582638678,0.7369482703550398,-0.8398724728770048,1.366245456720748
0.02213694625968694,0.6514399327658758,0.6514365961499586,0.6125886322321236,-0.23963145492698132,-0.27297006708272914,-1.0220795393098967,0.6125882875712885,0.7509485258513984,0.7733197541213553,0.022006878864532273,-0.12110415508969898,-1.3555696976990244,0.29681136306585787,0.9185149491085441,1.366245456720748
0.07566159428520546,1.0691157477347413,1.069114608237848,1.0045922895276187,-0.2570047293004412,-0.39037933780721795,0.2725909621141842,1.0045895765298207,0.4222076539968634,1.2050774964863877,1.4100243492302076,1.540468874195362,0.5489393859026501,0.9529002955026966,-0.9911417265806424,1.366245456720748
-0.05815002577859083,0.6290173386876158,0.6290183797696688,0.6420920289428542,-0.21936263482461146,-0.10244707864954297,0.2725909621141842,0.6420956488926347,0.33195535832557443,0.9538237458884116,1.2026381564679516,1.303670038443798,1.3685446538109598,0.9447511624782564,-0.47597610867703183,1.366245456720748
-0.13992379359535523,0.3559643002856082,0.35596314703733395,0.2772810349470972,-0.18751163180660166,0.08205320391751089,-1.0220795393098967,0.2772820845709513,0.8394978036630998,0.7390930547178346,-0.27848132316645285,-0.6130115329903482,-1.1257537480930995,0.1588621694363843,1.2556533178909621,1.366245456720748
0.12026546763980421,0.39703772923126796,0.39703657677499427,0.314767145111043,0.11362512400003642,-0.1164243727834107,-1.0220795393098967,0.3147696885158297,1.026943835985332,1.3470690912962016,1.744214174655252,1.25909362974376,0.6218933209376981,1.4980828764356855,-0.9913752933709756,1.366245456720748
0.3284168766279318,0.7505629907037545,0.7505618450643505,0.6169113655395029,0.3192088707526451,-0.3093110318307852,0.2725909621141842,0.6169060761119414,-0.183987760774703,0.34035495071813043,-0.07968275579713244,0.19815933896774657,0.06550491270537467,0.12330739041879402,0.4994175765146285,1.366245456720748
0.07417479850671883,0.400551178757345,0.4005522154339871,0.3675282318728263,-0.022465525258732712,-0.16115171401178738,0.2725909621141842,0.3675302947671642,0.7030845777095249,0.8099353408757239,-0.15283499177676668,-0.43372101356282877,-1.0486045316427766,0.16832297798188103,0.8671281698174546,1.366245456720748
0.20055243967808198,0.5293316910125396,0.5293327301723988,0.41385962378381674,0.2265514074275257,-0.15835625518501384,-1.0220795393098967,0.4138612044516616,0.7284493542271638,1.0208093248267103,1.2296476611320026,1.347715754877304,0.707335906216607,1.0260750447837967,-0.24337000079686183,1.366245456720748
0.22880155946932787,0.9830176272922885,0.983014297070036,0.9394248592552746,0.12231176118676636,-0.31210649065755874,0.2725909621141842,0.9394295477453627,0.5460998558506648,1.2367596943982484,1.5641245258431666,1.5582441306250827,0.31216661609405155,1.1879972016598248,-1.002752637589382,1.366245456720748
0.2302883552478145,0.7810347772476752,0.7810292540655102,0.7213395017546115,0.5942857149990933,0.1407578392797553,0.2725909621141842,0.721341659078902,0.6683064282240861,0.9084643267354291,0.11645140615054059,-0.07308136480344588,-1.0518667800344073,0.4362396801552467,0.5045755098011548,1.366245456720748
-0.07153118778497046,0.6885314522486482,0.6885259272827828,0.6590228992607268,-0.05721207400565249,0.07925774509073735,0.2725909621141842,0.6590205886247243,0.5597319973818007,0.8478294870573069,0.01352678055228983,-0.1580887688562459,-0.7541086517926404,0.3436409699665775,0.49375705754533145,1.366245456720748
0.10985789719039785,0.778966110704284,0.7789693437428997,0.6609795048630142,0.18022267576496598,-0.03256060798020439,0.2725909621141842,0.6609692812765197,-0.01937301811956941,0.5526000214233007,0.009050711806760517,0.3540890894278507,-0.7463633999415884,0.18130019324340368,0.21392666424465406,1.366245456720748
0.0726880027282322,0.5692843186140552,0.5692853585443031,0.5027021796806034,-0.10643635139712218,-0.23942456116144661,-1.0220795393098967,0.5027047732440423,1.775999739953049,1.6396825570495257,2.236485735647644,1.2295646786703194,-0.004637475296147543,2.310847263664324,-0.9197947186656557,1.366245456720748
0.10391071407645133,0.9183241856448396,0.9183230432402999,0.9285695559794898,0.24682022752989558,0.04291678034268129,0.2725909621141842,0.928570779428062,0.8507157426250592,0.9464762349695186,0.2839234436947307,0.049973758788482134,-0.9357704030439112,0.6365353230196473,0.6581978098895487,1.366245456720748
0.39234909510285665,0.2537043120232008,0.2537031568030929,0.28059282238716715,0.5740168948967235,-0.18351538462597575,-1.0220795393098967,0.28059337830287245,0.7448490301929735,0.8810678263772902,0.07908769251944929,-0.13947373051610498,-0.8789767100615243,0.3376407521574863,0.595067347991643,1.366245456720748
-0.2023692162917935,0.4914630534102922,0.4914619027747799,0.4548078773289587,-0.08327198556584232,0.3000989924058473,-1.0220795393098967,0.45481095270175986,1.1044678380766937,1.4472677748289464,1.9447453137273916,1.4301243802671995,0.2996137023914272,1.7940750163576349,-1.134507246932824,1.366245456720748
0.44290015157140195,0.5500993518560867,0.5501003914163994,0.5080457506935239,0.6145545351014632,-0.23942456116144661,1.567261463538265,0.5080463673149531,0.6323239595947324,0.8053972960666309,-0.049691868778282126,-0.26780732601527113,-0.9408922524656033,0.29075532927714726,0.7495057415676893,1.366245456720748
0.7937839552942455,0.35502081321661183,0.3550218490153122,0.3239111603726937,0.6203456265592832,-0.8935619266264557,0.2725909621141842,0.32391222244182843,0.36704928077742227,0.9265113612820631,0.9489483266212245,1.0381952597085762,0.8861171729626548,0.7857035285526304,-0.3773685196617196,1.366245456720748
0.378967933096477,0.3337212095476213,0.33372005587044345,-0.24496845634899794,0.5913901692701834,-0.14158350222437258,-1.0220795393098967,-0.2449650731499566,1.760649626556207,1.2304720419519146,1.4561255988334587,0.14823336345744392,-0.2690616688281194,1.8879574940775516,0.7222993813294054,1.366245456720748
1.049512829193945,1.3066621498046804,1.3066566367579533,0.6424263730750954,1.3065899643109489,-0.7118571028861754,-1.0220795393098967,0.6424319714822847,0.00019447277027196723,0.34392145859404416,-0.01594092628718139,0.16160656290647196,0.2095010120652658,0.29820676255634426,0.7414817491247819,1.366245456720748
0.11877867186131759,1.1739238078029766,1.1739248593922176,1.0717084119316644,0.2265514074275257,-0.004606019712468953,0.2725909621141842,1.07170324388651,0.9274631797010116,1.026289466055856,0.40484568568592105,0.15423097256363658,-0.8828390463112699,0.7713030058108119,0.5539422144115643,1.366245456720748
-0.004625377753072317,1.3217885898203767,1.3217896442608283,1.151822409772544,0.1628494013915061,0.1659169687207172,-1.0220795393098967,1.1518197360695184,0.49730528165360327,0.7139634738704475,0.24588660578454496,0.11459098594051734,0.07851386662998419,0.2579634412507198,0.5555083631574598,1.366245456720748
0.014702967367253813,0.7764005263774539,0.7763993812362636,0.7375997054403551,0.1512672184758662,0.11839416866556696,0.2725909621141842,0.7376013725123459,0.5659128706549168,1.1937218699946814,1.306726376785766,1.1041540487783241,1.0973213055027495,1.0029393212315343,-0.8666645301181499,1.366245456720748
-0.11910865269654247,0.7197124958931601,0.7197113496588798,0.7216204299604,-0.1035408056682122,0.12398508631911405,0.2725909621141842,0.7216285224641917,0.6719312097536922,0.8446625290023977,-0.12473420585693973,-0.38604955817178516,-0.9734948638238398,0.1815513651516912,0.763350135008991,1.366245456720748
0.7774292017308927,0.6448004982408966,0.6447949724317866,0.6401393800758596,0.7535407300891424,-0.7342207735003639,0.2725909621141842,0.6401370643999674,0.409511702802262,0.7763226864602732,-0.24179830341461594,-0.4459546418766139,-0.6922170740388496,0.045472006839469094,0.5657276053737972,1.366245456720748
-0.17263330072206098,0.9207649932595287,0.9207638509020539,0.8755710651001387,0.11941621545785638,0.43987193374452443,-1.0220795393098967,0.8755752419560162,0.656815143940984,1.0175750741703689,1.3202095525549635,1.3472463803861257,0.7603538470330966,1.2916474758131453,-0.23853600240407152,1.366245456720748
-0.1741200965005476,0.3631510010919079,0.3631520370473791,0.3327742474285559,-0.03694325390328262,0.29171261592552666,-1.0220795393098967,0.3327753118631916,0.6324355929892449,0.7581747130114908,-0.1543033876811035,-0.3786764488541683,-0.9371410757473735,0.2617868358546521,0.8346498734545055,1.366245456720748
0.36409997531161076,0.8542524384929708,0.8542534839181316,0.8748746796886067,0.20338704159624585,-0.48822039674429196,0.2725909621141842,0.8748655023734461,0.050566520729042524,0.7860885252431407,0.3387674518591989,0.5550142871232041,-0.33300231254957624,0.31740745954543526,-0.19031141159282133,1.366245456720748
0.2525902919251139,0.9360884491365004,0.9360873070745009,0.829148668277414,0.45240397428250423,-0.038151525633751474,0.2725909621141842,0.8291503597832343,1.013903594882421,1.033338366055893,0.34227637588932436,0.07429177812351204,-1.0483023359183454,0.6953653655385489,0.6199700167324137,1.366245456720748
0.561843813850332,0.56069442706245,0.5606954668270627,0.3695224264603953,0.4147618798066745,-0.6559479263507045,-1.0220795393098967,0.36951855478244766,1.1441442939848996,1.024384244277803,0.3417492094802795,0.04393180586306602,-1.0393946416955657,0.5838450382588852,0.7393031826935187,1.366245456720748
0.6005005040909842,0.441968290927674,0.44196932840294373,0.42640840976491806,0.20049149586733586,-0.9354938090280589,-1.0220795393098967,0.42640653163764797,2.4793304664214215,1.7312299355106264,1.8885950497259958,1.1049671429037862,-1.5732699952998885,2.3157869778606455,-0.14376002097303597,1.366245456720748
0.13513342542467047,0.7851327071622025,0.7851337512545584,0.6891771789271223,0.4176574255355845,0.14914421576007594,-1.0220795393098967,0.6891758655231904,0.8648253690492345,1.16713708664132,1.4114885826536991,1.4088610121612506,0.6472678998286711,1.2315336657629967,-0.5308809877475162,1.366245456720748
1.0168033220672394,0.9979952108794656,0.9979940700111866,0.8927037289179438,1.4542627964853578,-0.5077886085317068,0.2725909621141842,0.8927103833066371,0.9959222719438926,0.9724595906975785,0.2623540272835058,-0.002421651960642154,-1.1525630169435184,0.6858766490032422,0.7612716686307277,1.366245456720748
-0.36442995614683565,0.7140384390884301,0.7140372927447395,0.7069805093770561,-0.4162597443904902,0.283326239445206,-1.0220795393098967,0.7069787061326752,1.242001918953987,1.4778312332419945,1.99659138322244,1.42004183306193,0.25998378247852955,1.876040782428799,-1.029297920394312,1.366245456720748
0.23474874258327438,0.9652533638006279,0.96525441136617,0.8862483152877477,0.39449305970430465,-0.06051519624793982,-1.0220795393098967,0.8862510112171837,0.8110931906923967,0.9685608256020927,1.1258950156919862,1.109738372737521,0.6299569750554134,1.1843133470049407,0.194776272855097,1.366245456720748
0.935029554250475,0.6126956691135157,0.6126945208156778,0.5227509574091989,1.3326498758711387,-0.4714476437836507,-1.0220795393098967,0.522750588771266,1.015041142650179,1.062715792368696,1.4301095522703005,1.5269399721155161,0.6254180895602481,1.342774913144563,0.07445809456690203,1.366245456720748
0.2942205737227394,0.8582715620629879,0.8582704185004802,0.8008224003162902,0.40028415116212457,-0.16674263166533448,-1.0220795393098967,0.8008250734460988,0.72225526578585,0.8895803404584804,0.20570310648978918,0.0367753879396489,-0.7989443864726863,0.6603966543069626,0.6363155212202006,1.366245456720748
0.37450754576101714,1.0973897128928793,1.0973907630063475,1.0604099543030865,0.21207367878297578,-0.4994022320513862,0.2725909621141842,1.0604067616106208,1.1004587733666007,1.5440219183258739,2.0469865270226815,1.3781698577687824,0.3518937462545548,1.8927297603350153,-1.0940682157993493,1.366245456720748
-0.1860144627284406,0.6263992167977789,0.6264002578293478,0.5241002041440421,0.015176569217097048,0.3643945454216388,0.2725909621141842,0.5240958791298658,0.992634824970913,0.9690529027500666,0.23660370785745113,-0.0037794843898328176,-1.1518608299573596,0.555406796642775,0.6847980086957772,1.366245456720748
0.20055243967808198,0.6426792941344986,0.6426781464148215,0.7203760367108157,0.811451644667342,0.40632642782324196,2.861931964962346,0.7203697857132224,-0.36487472257605497,0.6196444813878527,-0.11197185752422883,0.23154970068721742,0.030042817365042097,-0.09794715279271075,-0.07660053194188143,1.366245456720748
0.2079864185705151,0.9992429780008761,0.9992440262218247,0.8893701794337635,0.3858064225175747,-0.01858331384633667,-1.0220795393098967,0.8893669410918817,0.9556601754239764,1.0483908798387882,0.26858707744064886,0.011343447945218434,-0.8467489457839347,0.5678258521081028,0.5381138935309439,1.366245456720748
-0.1443841809308151,0.8930317271873354,0.8930305842950924,0.8819137117744901,-0.18461608607769167,0.09323503922460506,0.2725909621141842,0.8819134389947867,0.620723824057791,0.830299764384184,-0.002474501197754123,-0.2103000635090952,-0.7008879007445229,0.41293650866412596,0.7761685029070429,1.366245456720748
6.452528688214342,1.0289726714673264,1.0289737202615394,0.0202534886947395,5.444324810923312,-6.875843815921839,-1.0220795393098967,0.020254964311638007,2.2590534353174117,1.5009462418340012,0.6834834926651612,0.11338918502483464,-0.9239135654402489,1.3466262157383047,0.8978262145433694,1.366245456720748
0.7699952228384596,0.21228063265749603,0.21228166570380128,0.2154333055854087,0.7796006416493322,-0.6950843499255341,0.2725909621141842,0.2154333495184144,0.7671197185144208,0.803008408715783,-0.033615709046951346,-0.2525723136773133,-1.2276777772322418,0.19073309379909098,0.8014347294791955,1.366245456720748
1.2933473368657518,0.6802173829028285,0.680218424972149,0.06872943113442516,1.6916975462559762,-0.7985163265161553,-1.0220795393098967,0.06872993050515376,0.12438227707060175,0.5394905815067641,-0.040574470232959084,0.12314759098949148,-0.001056586340925456,0.1216608190200201,0.41409548897803466,1.366245456720748
-0.08342555401286346,0.2412507205254735,0.24124956506522852,0.1957900932243248,-0.2599002750293512,-0.09406070216922234,-1.0220795393098967,0.19579062650672704,0.8380594369350511,1.3115638324654664,1.6771950652684067,1.1733622732798867,0.6992763925654746,1.508911176481859,-1.12367072105632,1.366245456720748
0.49047761648297394,0.6516478939527776,0.6516489354712055,0.5837796425652786,0.805660553209522,-0.14437896105114612,1.567261463538265,0.5837881928722942,-0.18668748053046738,0.536226890337296,-0.17964341476655443,0.07178058666267279,-0.40088364144997335,-0.12596677456167515,0.1416154981802857,1.366245456720748
-0.3718639350392688,1.033937471171465,1.0339363309962446,0.9620989308506399,-0.3351844639810107,0.37557638072873295,-1.0220795393098967,0.9620967011036815,0.4519136132674595,0.9864438344327354,1.2977174269628708,1.1926392880361263,1.2914121148971858,1.1916810563147084,-0.45606662521889163,1.366245456720748
0.10688430563342459,0.5563359983980142,0.5563282818179154,0.5085324291345378,0.26708904763226543,0.056894074476549004,1.567261463538265,0.5085261215972479,0.7721682605335413,1.3463919594942886,1.1978573894047617,1.0836782752515364,-1.3242823974496756,1.0611553879746218,-1.0523473478760694,1.366245456720748
0.7848631806233258,0.771908564740376,0.7719074195125691,0.6458588409415956,0.652196629577293,-0.8460391265713055,-1.0220795393098967,0.6458594943444524,5.945350181813646,2.280001100191308,3.2184756861249326,0.9519168393616189,-2.052182896208102,4.780676453835227,1.0808598565930743,1.366245456720748
0.5291343067236262,0.7215031511656406,0.7215041940310561,0.7008792235555653,0.33947769085501495,-0.6671297616577988,1.567261463538265,0.700877913274834,0.6527831265703371,1.3097090801384876,1.4746813882186744,1.1464520259558661,0.7363769667307971,1.2426410457072674,-1.0301376486167007,1.366245456720748
-0.02990090598734495,0.6683679733796789,0.6683646370901776,0.5869707495789183,0.04992311796401683,0.10441687453169925,0.2725909621141842,0.5869758385933146,0.5163410359072778,0.8235747100285401,-0.16089315973114804,-0.38286966556573676,-1.0105495884414997,0.18015596566120481,0.5985486053904198,1.366245456720748
0.17676370722229598,0.5218932477168325,0.5218942867332595,0.47147958148515307,0.21786477024079576,-0.12201529043695777,-1.0220795393098967,0.4714787045711761,1.7286661373770058,1.2874856985154595,0.799578956185816,0.22350284699576733,-0.7715443952136032,1.2450690408207137,0.7125257233767693,1.366245456720748
0.24069592569722087,0.49723561814566,0.4972366566866249,0.4789182438356089,0.36264205668629484,-0.10244707864954297,0.2725909621141842,0.478917368906963,0.9845019322479572,1.027315678227699,1.405898306720705,1.5207371284338158,0.8340291411926473,1.149930703559359,0.1697623818332152,1.366245456720748
-0.20682960362725336,0.5777122193463896,0.5777132594391489,0.48546664074518564,-0.06589871119238243,0.3252581218468092,-1.0220795393098967,0.4854632946040468,0.7229974018104283,0.8914897680241229,-0.045132755216761584,-0.2680676403059512,-1.191134744370292,0.2038777569994718,0.506492703871807,1.366245456720748
0.23326194680478776,0.7711817951187825,0.7711806498769617,0.42748464176455847,0.003594386301457121,-0.43510667903559463,-1.0220795393098967,0.4274872152529202,4.067912968070991,2.015995401621905,2.7046415359548206,0.7742739558248993,-0.7997280617974731,3.976451911488366,0.7142420222021646,1.366245456720748
0.028084129373633443,0.8853152726207175,0.8853163186448492,0.889785636639507,-0.028256616716552677,-0.08008340803535463,0.2725909621141842,0.8897823984085081,0.8541409055613627,0.9197989242891879,0.309318641523185,0.09520141838134018,-0.9100136380124662,0.6787601116017621,0.705883667776667,1.366245456720748
-0.1443841809308151,0.507953280999039,0.5079521306815004,0.5511524033408859,0.04123648077728688,0.31128082771294147,-1.0220795393098967,0.5511525368751599,0.42076233191713175,0.9005910923678461,1.0028795256775855,1.0408992001130584,0.8691473541189513,0.9764825468919144,-0.23002958331684478,1.366245456720748
0.43249258112199557,1.3488498128991087,1.3488486787962022,1.265507328205148,0.3973886054332146,-0.42951576138204756,0.2725909621141842,1.2655041902518525,0.8757911765126845,1.109151893144596,0.3285378735191467,0.094292115717915,-1.0510702402415568,0.5760866170917818,0.34543102345559584,1.366245456720748
0.799731138408192,0.7264679508697793,0.7264711828960965,0.507230663223208,1.283425598479669,-0.2645836906024085,-1.0220795393098967,0.5072327634032264,2.547466482578626,1.7722447760836337,1.967044114298138,0.9827504365076454,-1.1764279958914234,2.50854746347642,-0.30508098833208736,1.366245456720748
0.5380550813945459,0.8651649281424999,0.8651659737780814,0.8523509640343676,0.4610906114692342,-0.5664932438939512,2.861931964962346,0.8523541455088621,0.13429713089474737,0.9328116310911654,0.3661449815732098,0.4299436402176408,0.6461331815258593,0.28266201223232695,-0.33237285069897543,1.366245456720748
-0.031387701765831576,0.6982268216885207,0.6982256750399417,0.7488843144954083,-0.34676664689665065,-0.27576552590950265,1.567261463538265,0.748880544066709,-0.19449381949190536,0.650670576435748,-0.0436648414487895,0.28575194081407357,-0.08852765922757282,-0.08642115300129388,-0.05222686417564531,1.366245456720748
0.2808394117163598,0.4639990423485086,0.46400008024858747,0.426477652632542,0.5190015260474339,-0.0269696903266573,0.2725909621141842,0.4264683556430983,-0.1443161736126752,0.4080681309094163,-0.6730238879467322,-0.5162844300551176,-0.6746459427878466,-0.4624534076975364,0.5528925541335785,1.366245456720748
0.6897082508001817,0.8192492871397171,0.8192503318899278,0.7043591722455791,0.35685096522847487,-0.9522665619887002,-1.0220795393098967,0.7043598412617981,0.7052525608291225,1.0459136709485604,1.2632807483350001,1.1400948507284125,0.5448572113145289,1.2902520763226595,-0.2887903998455989,1.366245456720748
0.1485145874310501,0.4814240007457506,0.48142722804699467,0.393516069275908,0.2236558616986157,-0.06331065507471337,-1.0220795393098967,0.3935087418574041,-0.08391833397041486,0.5441043304924685,-0.08167211474418952,0.0594430723471027,0.2582012732584991,0.032355251628898206,0.20833009808699593,1.366245456720748
2.4575084314207793,0.6458249807195283,0.6458260221256756,0.2724478827869473,3.0294396730123876,-1.6958586099104627,-1.0220795393098967,0.2724449743845154,2.9420265429447516,1.764745856811518,2.0161563993477722,0.6976794506383297,-1.1427378708721605,2.8944870545551145,0.5248638441543296,1.366245456720748
0.09052955207007171,0.6839344154855567,0.6839354576265512,0.3816893874857419,-0.013778888072002768,-0.18351538462597575,0.2725909621141842,0.38168551905507786,-0.17271661337236838,0.3276450606225984,-0.49401751191581045,-0.36838021769612606,-0.24737166960443682,-0.17500111265736265,0.6616109436411449,1.366245456720748
0.16784293255137622,0.7707067679865963,0.7707078118007833,0.6418526464576401,0.40028415116212457,0.07087136861041672,-1.0220795393098967,0.6418483528708333,0.6344474284635586,0.8358177577016354,0.12956737641273092,0.07652008142472669,-0.31780436015462654,0.2345207298105503,0.3795574949967598,1.366245456720748
0.11134469296888447,0.8794135530429582,0.8794145989532896,0.7454023874377481,0.14547612701804621,-0.06890157272826045,0.2725909621141842,0.7453986160797449,0.8797449461768975,0.8883270157568033,0.22743221728597246,-0.0034778014048437887,-0.9720648299172382,0.6104971685271732,0.7999672905077861,1.366245456720748
0.1901448692286756,0.8445920940951028,0.8445909502688201,0.7030752116430669,0.22076031596970574,-0.14437896105114612,-1.0220795393098967,0.7030739019484307,-0.03324964026236347,0.44262288174491965,0.05238026682111805,0.3240450292662775,-0.2797635521777893,0.2485863566746519,0.422532394139567,1.366245456720748
-0.32279967434921014,0.32747142861494216,0.3274724638824201,0.284854226297508,-0.3351844639810107,0.283326239445206,-1.0220795393098967,0.2848592346789471,1.1458824363704863,1.0808763831802473,1.316352306727787,1.106626997829113,0.4748376511429442,1.0825329081688717,0.12812562576002565,1.366245456720748
0.21690719324143487,1.0669244935443345,1.0669255430703555,0.9713161457152074,0.2265514074275257,-0.18910630227952283,-1.0220795393098967,0.9713158967964387,0.7007774875562671,1.0061647724399987,1.2906763697142027,1.1964798191388233,0.842988275441374,1.3414632376235058,-0.15457152183628983,1.366245456720748
0.15892215788045647,0.46675945347148873,0.46675830235962795,0.4319062934542576,0.5305837089630737,0.21343976877586743,0.2725909621141842,0.43189650332163965,-0.28969467400187127,0.3286292149185463,-0.5956420230611867,-0.4057219002897621,-0.20640757732799508,-0.4114934183049773,0.5795344612952238,1.366245456720748
-0.11316146958259597,1.019487452279481,1.0194863118256272,0.9332028930073535,-0.06300316546347245,0.15193967458684948,0.2725909621141842,0.9332100527970568,0.8876778725389665,0.8706879426063527,0.1153659371934536,-0.16400177199509192,-0.8520645417328168,0.612450727813854,1.0052801457425542,1.366245456720748
0.5321078982805995,0.8484842518878537,0.8484852972017891,0.7238520286655367,0.3539554194995649,-0.6587433851774781,0.2725909621141842,0.7238517137001865,0.14488769713489844,0.5595648056715472,0.09603089337901684,0.4466342122185657,-0.5832360015561264,0.1881655587365963,0.49191076767888753,1.366245456720748
0.08458236895612521,0.6647078564902079,0.6647045201301303,0.4230986006924945,0.14547612701804621,-0.01858331384633667,-1.0220795393098967,0.4231051297465989,0.9197629098527397,0.7940711100880513,-0.11498023854866309,-0.36660459569973547,-1.1538465705115228,0.25804716522014914,1.3271303168469974,1.366245456720748
-0.232105131861526,0.39808848049140316,0.39808732805539065,0.3657081336381403,-0.16724281170423178,0.2749398629648854,0.2725909621141842,0.36570277716605165,0.753948021264701,0.8791710161744163,0.10482515350264705,-0.11309378605324667,-1.193033487707882,0.28952737772551956,0.6544002641288622,1.366245456720748
-0.13992379359535523,0.4487894178580516,0.4487882663996826,0.40181136481725405,-0.03694325390328262,0.22741706290973515,-1.0220795393098967,0.401810469309278,0.9484999886338911,1.0693903772732658,0.8189989821128311,0.7210141634140985,-0.5709892213226959,0.8400403847121664,0.029832239688852204,1.366245456720748
0.007268988474820686,1.056957680028927,1.0569587293627625,1.001397225778686,0.1483716727469562,0.12957600397266114,0.2725909621141842,1.0013945119281462,0.5307667830654462,1.0930941961278053,1.2737233405232646,1.1663533001832702,0.9702798328539577,1.2248357482086623,-0.5995030497752815,1.366245456720748
0.20055243967808198,0.9783198935334341,0.9783187522857647,0.9137139933226885,0.43792624563795435,0.04571223916945483,-1.0220795393098967,0.9137132344382323,2.6283537449763124,1.5443583813330355,1.4271388302430654,0.33649774994461024,-0.821533040770728,2.3514533888374745,1.254820541061143,1.366245456720748
0.06971441117125896,0.873535913181577,0.8735391480437399,0.8011409175073602,0.12520730691567633,-0.01019693736601604,0.2725909621141842,0.8011391393937866,0.9146121241638789,0.8768368040622323,0.14257170896901072,-0.09613799283518999,-1.1090387492884066,0.5124564003256072,0.9083485374757345,1.366245456720748
-0.08193875823437684,0.7567470996826752,0.7567459541625167,0.7409055577774859,-0.15276508305968187,0.006575815594625221,0.2725909621141842,0.740900301443177,0.4560012734515706,1.178715619875271,1.5865883610030718,1.7012662824053972,0.45470113594129696,1.144935173383418,-0.9878884748581432,1.366245456720748
0.15148817898802336,0.9272358697698613,0.9272303494068266,0.8674597577499077,0.20628258732515584,-0.08567432568890171,0.2725909621141842,0.8674589865204934,0.9846546022173995,1.3659699007235082,1.435345378142407,1.2149187023401793,-1.3693696675622673,1.2784190886433358,-0.8529028582484247,1.366245456720748
0.08904275629158509,0.8563736425993688,0.8563746880654318,0.9200784020411503,0.46688170292705417,0.283326239445206,0.2725909621141842,0.9200712151587469,0.05351871975090055,1.106973295173224,1.1220049838160386,1.0161414425072273,1.294445406389157,0.7245850308693316,-0.8989766881986894,1.366245456720748
0.06376722805731246,0.9809577170093985,0.980960953942928,0.9275823505239372,-0.08906307702366228,-0.2058790552401641,1.567261463538265,0.9275840683010743,0.7173621758768451,1.3326937093152191,1.6424245366570758,1.6336990305096524,0.47954271443845914,1.2327895253044343,-1.0559113268464226,1.366245456720748
0.15743536210196984,0.30819671018683714,0.3081977450826493,0.20170541248705426,0.7796006416493322,0.4566446867051657,0.2725909621141842,0.20170594734821717,-0.25035120555548995,0.28023321712592975,-0.31803669204520085,0.021609277768484172,-0.3939801441518859,-0.2284170051531774,0.5391308822638533,1.366245456720748
-0.19344844162087374,0.8082010754524206,0.8082021199895936,0.814492920752899,-0.21936263482461146,0.15193967458684948,-1.0220795393098967,0.8144955975312816,0.780830803287159,0.8053846787038623,-0.09674307722153279,-0.3615231960862685,-0.9041299419492417,0.4053455354358807,1.0963795356436117,1.366245456720748
0.46074170091324146,1.1191402639776777,1.1191413145105522,0.9185194483357889,0.43503069990904436,-0.44628851434268885,-1.0220795393098967,0.918528087982706,0.7421200979601406,1.095975160626627,1.425759498656655,1.4140406939459307,1.0530267242577929,1.362477953950229,-0.37391298241544974,1.366245456720748
0.19906564389959536,0.9444222200684476,0.9444232672323121,0.8986744424747725,0.10783403254221645,-0.2701746082559556,0.2725909621141842,0.8986751633524874,0.9670617356703677,1.0282283341346252,0.362438349714566,0.11300585682537048,-1.0257244454319145,0.6972910168354198,0.652506704792946,1.366245456720748
-0.09829351179772972,1.021656815818635,1.0216556754066122,0.9436842847979691,-0.08327198556584232,0.10441687453169925,-1.0220795393098967,0.9436855122805652,1.0115996346374208,1.092825025722076,0.8898104143312722,0.8012673620102916,-0.9577688217723964,0.985468919610646,0.18366030099730155,1.366245456720748
-0.14735777248778836,1.0006943281789378,1.0006953764278723,0.9136843178079926,0.1657449471204161,0.4370764749177509,0.2725909621141842,0.9136810859553981,-0.09803422021110482,0.4137543557304485,-0.014977859310975257,0.32043776558947623,-0.21699042630736506,0.1739882999132554,0.41113419574345217,1.366245456720748
0.11877867186131759,0.5828652786513026,0.582866318843426,0.5312816787004663,0.10783403254221645,-0.11921983161018423,-1.0220795393098967,0.5312847744836332,0.7905456907504178,1.1192415775718565,1.3888913942805834,1.3317725674242842,0.6124127185201056,1.2291335786393602,-0.530534808397558,1.366245456720748
-0.11762185691805585,0.6752482050684391,0.6752426798464388,0.6442603198833062,-0.17882499461987172,0.04850769799622837,0.2725909621141842,0.6442619620436152,0.8109147859217273,0.8187506716633597,-0.059170220000951,-0.33964730826269474,-1.0084012314239204,0.31495155644217937,0.9447112720064881,1.366245456720748
-0.004625377753072317,0.5618568206439745,0.5618556713658338,0.5298809944068166,-0.17303390316205175,-0.15835625518501384,0.2725909621141842,0.529872714199147,0.8642487703947122,0.9297792582391209,0.18719550032144652,-0.069693384322061,-1.0829818536164617,0.4409561304330904,0.6211364604055661,1.366245456720748
3.435820053664979,0.3757403146274027,0.375741350825628,-0.5910304601598428,4.083418318335621,-2.5177235049818845,-1.0220795393098967,-0.5910335990190918,-0.0192672967739875,0.36565696885668797,-0.2617145753467401,-0.0996891481277947,0.14227836595326995,-0.08307219422412666,0.6228652717375864,1.366245456720748
0.36707356686858406,0.8363130497912876,0.8363140948705312,0.80128929508084,0.7419585471735024,0.026144027382040025,0.2725909621141842,0.8012899899670854,0.9025070300947501,1.0502372205905879,0.2160767138744328,-0.054182757634833364,-0.886864247317928,0.4877020133643806,0.3956166021106858,1.366245456720748
0.3804547288749637,1.149531055111963,1.1495321062308497,1.0764070350918593,0.2091781330540658,-0.5133795261852538,-1.0220795393098967,1.0764043412609552,1.5457567331900237,1.2152260619399016,0.5564581696909799,0.11680638374393469,-0.7827515341328869,0.9769011667390606,0.8543827915413817,1.366245456720748
0.12323905919677747,0.9013392293377793,0.9013315194102237,0.7865227589681267,0.5682258034389035,0.31687174536648854,-1.0220795393098967,0.7865239445053223,0.8074527596215039,1.1825008287058398,1.1204284738988086,1.1115952790893817,-1.3313392178563288,1.03187990666422,-0.5813015234714533,1.366245456720748
0.8948860682313361,0.3464134091440043,0.3464122557115645,0.05944495176988021,0.8317204647697118,-0.8795846324925881,-1.0220795393098967,0.05943901896607414,1.7828333729816166,1.1424070556149375,0.3171003154654792,-0.43981082356954204,-1.22812687256124,0.8953261125252326,1.4679467615439643,1.366245456720748
0.4399265600144287,0.6142608506780921,0.6142618914756024,0.5775319575379544,0.015176569217097048,-0.8124936206500231,0.2725909621141842,0.5775316035207181,0.43401714561946375,1.0391591760797898,1.0157134667696943,1.1183800207928827,0.9408391581247454,0.7646609042360973,-0.5198345298154152,1.366245456720748
0.4235718064510758,0.5420195124786721,0.5420183628180174,0.4533280583294531,0.3163133250237351,-0.49101585557106553,0.2725909621141842,0.45332717657095134,0.7363822805892328,0.8614730619977126,0.011899122085707538,-0.1503936968241363,-1.257195280810966,0.32725897994826825,0.726967936579043,1.366245456720748
0.13959381276013036,0.6238620903175774,0.6238609422350566,0.5886266432989533,-0.042734345361102585,-0.3037201141772381,0.2725909621141842,0.5886253030587302,-0.08133615965809352,0.51345675632763,-0.07037515570085409,0.3102104301051472,-0.4425083898113145,0.06609601130885638,0.2811097880105447,1.366245456720748
0.18865807345018898,0.9257779523964237,0.9257768101356116,0.833902685731708,0.5971812607280034,0.22182614525618807,0.2725909621141842,0.8339009163620397,0.7146047267021117,0.8029116756012241,0.04263984285587737,-0.17594254551858793,-0.9683675903649018,0.43777461959478187,0.9161528659134476,1.366245456720748
-0.0968067160192431,0.9527341003491421,0.9527351476732808,0.8184476776780483,-0.07748089410802236,0.10721233335847279,0.2725909621141842,0.8184498609198865,-0.059644852131841855,0.6819069608631194,0.12279301754583567,0.3646697362864286,0.006629032177137482,0.2973416148722424,-0.05265159426163824,1.366245456720748
-0.20831639940574,0.33310170411716655,0.3330983613628756,0.34946771362886064,-0.07458534837911238,0.3196672041932621,0.2725909621141842,0.3494653203745699,0.38723823234014154,0.9515526205900703,1.133328105899296,1.3097498491076203,1.1287306330896016,0.806411256991447,-0.45741450023810654,1.366245456720748
0.05930684072185258,0.5739557835914062,0.5739568236117318,0.5099845509869938,0.015176569217097048,-0.0968561609959959,-1.0220795393098967,0.5099826951656583,0.6141148488885849,0.7677975550163144,0.1369672526194949,0.10624986136594536,-0.6719785334855747,0.1840630842345665,0.5746031434064612,1.366245456720748
0.42059821489410254,0.9760169970216377,0.9760180447947302,0.8488809071825858,0.6695699039507529,-0.14437896105114612,0.2725909621141842,0.8488821093627701,0.6017781416084116,0.9748947417119112,1.2242766703044976,1.308711185278826,1.1014898468832541,1.1279112995994856,-0.13075188005783828,1.366245456720748
0.0548464533863927,0.6897704631095576,0.689767127232751,0.6652151899939519,0.02386320640382699,-0.08008340803535463,-1.0220795393098967,0.6652178269310681,0.7104687268238036,0.7684830983934063,0.2905264314868509,0.30810459450279726,-0.8049683060837871,0.3841075551906796,0.7031580267501887,1.366245456720748
-0.006112173531558942,0.9805417946355949,0.980542842495937,0.9288623543911567,-0.042734345361102585,-0.029765149153430846,0.2725909621141842,0.9288700076144417,0.6745965005186257,0.9306835025708678,0.221762249553285,0.024181026261131836,-0.7981528533474735,0.5861334934232829,0.5323623113189871,1.366245456720748
0.004295396917847435,1.1584580626928616,1.1584525467883813,1.0366141482522135,-0.07458534837911238,-0.08008340803535463,-1.0220795393098967,1.0366193572735416,0.7271685262147356,1.1018548516767772,1.3375707653048008,1.3522059311027712,0.9562891609159125,1.2593300236134835,-0.37609363426448383,1.366245456720748
0.4756096586981077,0.6980210495667442,0.6980155247838624,0.7408244447039836,1.4774271623166377,0.5321220750280514,1.567261463538265,0.7408112748753284,-0.17720698841892638,0.6202585263759227,-0.023652051006685805,0.3247186168767313,-0.2548560092419958,0.051416408668940934,-0.00650755524642219,1.366245456720748
0.26002427081754703,0.7743975317878212,0.7743985756731756,0.7294112417519146,0.3192088707526451,-0.18071992579920218,0.2725909621141842,0.7294134012305007,0.5089033305850398,1.1969687380137914,1.6946325523840529,1.8274814352020503,0.412299568190086,1.2731165705794876,-1.0121265904692753,1.366245456720748
0.5023719827108669,1.0980048401930833,1.098005890318413,0.9775242633896037,0.16864049284932606,-0.781743573555514,-1.0220795393098967,0.9775254999038725,0.6494848988022488,1.0163848362825343,1.2364367352869605,1.15056559784487,0.6963919098903236,1.307080594177924,-0.22505377651563785,1.366245456720748
-0.36442995614683565,1.2115188122645637,1.2115220536439,1.1954691567873725,-0.20198936045115157,0.49019019262644825,1.567261463538265,1.1954749027981244,-0.15243341679434422,0.8278309670691352,0.22480931220033068,0.46546343951825614,0.32531523287634523,0.22352498182551844,-0.3431732293341182,1.366245456720748
0.33139046818490503,1.0420632809165107,1.0420621408979767,0.9288109168323503,0.634823355203833,-0.01019693736601604,0.2725909621141842,0.9288131295294274,0.9400158506509427,1.0055507274519286,0.397387100392858,0.1556077494838094,-0.9300455068855008,0.7676749671355477,0.6591084423161456,1.366245456720748
0.6986290254711015,0.8065067390454526,0.8065077835499544,0.6890307797212888,0.7361674557156824,-0.6028342086420072,0.2725909621141842,0.6890324338305456,2.6594612076110367,1.8015759387329522,1.8633158274542387,1.0847802324822324,-1.5657563985189848,2.255784799769735,-0.10907952344408749,1.366245456720748
0.2540770877036005,0.5786841642620146,0.578687393438683,0.533831794596673,0.4118663340777645,-0.08008340803535463,-1.0220795393098967,0.5338319235081879,0.6468929869975713,0.705812657521956,0.14607572896961252,0.1258776063055638,-0.7912559977783931,0.2636008551922842,0.7961766961396691,1.366245456720748
-0.019493335537938573,0.47507352281730847,0.47507456093093164,0.6003326446626892,-0.10933189712603215,-0.06890157272826045,0.2725909621141842,0.6003347696910277,0.3319793542888808,1.1656440320470403,1.3792955744418611,1.5607448209506412,0.44686559578790647,0.7554512675988881,-1.0349667810346923,1.366245456720748
-0.037334884879778076,0.8494386842824765,0.8494397296148158,0.8230414473529839,-0.07458534837911238,-0.0018105608856954093,-1.0220795393098967,0.823042148044739,0.5384872234335989,0.9177675288834493,1.0152996521880906,0.9519076648065634,0.929506854677575,1.1371488442265048,-0.004791256421026844,1.366245456720748
0.10837110141191121,0.545119228696071,0.5451202681603542,0.3833096705881417,0.0383409350483769,-0.16674263166533448,-1.0220795393098967,0.38331272687853124,1.0195502971462813,1.4542619995903197,2.4564625276102277,2.058874299000649,0.2493930683166377,2.034390716609182,-1.3738756695045475,1.366245456720748
-0.1087010822471361,0.6677637914051011,0.6677604551039497,0.6096448211742836,-0.2743780036739011,-0.06051519624793982,-1.0220795393098967,0.6096429919516334,-0.1484337418090233,0.3614764159927042,-0.15209958138911633,0.11543813751898628,-0.33175771091346323,0.028224869137058958,0.43515056193161894,1.366245456720748
0.3477452217482579,0.5676512760305951,0.5676523159293537,0.5200030047483523,0.4147618798066745,-0.25340185529531434,-1.0220795393098967,0.5200006570088341,0.8241935955873657,0.7100983550756778,-0.33827556735533193,-0.7492166392541009,-0.8761353578519863,0.18889116647164894,1.3754814230030115,1.366245456720748
0.23474874258327438,1.1284021985227446,1.1284010601690453,1.0663905596981471,-0.11512298858385211,-0.5525159497600834,0.2725909621141842,1.0663913253382153,0.7751041144789441,1.0578160498269045,0.3290940474843872,0.10390856857761238,-0.9298005671284564,0.6111111443029871,0.3896801128563819,1.366245456720748
0.41465103178015605,0.33112716737416253,0.3311282027121324,0.3388557495735828,0.12520730691567633,-0.6587433851774781,0.2725909621141842,0.3388563210392887,0.46193244959926627,0.7170168756604396,0.14731536567098474,0.15343835185864904,-0.6282511456648594,0.11409775378158431,0.5305097651992308,1.366245456720748
-0.3956526674950548,0.5126991741906496,0.5127002130297914,0.52597965340812,-0.3641399212701105,0.39234913368937424,0.2725909621141842,0.5259753288955565,0.39536521301416677,0.9532307298382892,1.1145365299440122,1.2430655377058353,0.9667291611273957,0.8702089216964798,-0.4217038063303667,1.366245456720748
0.37748113731799043,0.5331625549817826,0.5331635942155106,0.4998177196521554,0.5161059803185238,-0.21146997289371117,0.2725909621141842,0.49981635570940164,0.3427587583272259,0.9227345640266734,1.1867304707651174,1.3509697859816665,1.3040024481088852,0.8272585253793119,-0.5018102640221078,1.366245456720748
-0.05368963844313095,0.8304113302135283,0.8304079970486367,0.755685942463724,0.2844623220057253,0.37557638072873295,0.2725909621141842,0.7556886035469023,0.6309927052826023,0.9521246077022452,1.1450910451149003,1.1951214005753565,0.9038660693727116,1.0946449757462926,-0.04010780637007931,1.366245456720748
-0.00016499041761244086,0.41894808207021206,0.41894911910159344,0.4150426876363626,0.11941621545785638,0.11559870983879342,0.2725909621141842,0.4150408064756544,0.6978579786873192,1.2761006315106265,1.4871584146036074,1.3066232982155541,0.5291935093614513,1.1319021421422761,-1.0527832001901734,1.366245456720748
0.07566159428520546,0.7898654659630614,0.7898665101466771,0.7006378627027048,0.6116589893725533,0.4482583102248451,-1.0220795393098967,0.7006380361336866,-0.11988063207988783,0.4069830377113199,-0.12065804158789488,0.12724594063656117,-0.32343039396886475,0.06537040357380375,0.37330124168426154,1.366245456720748
0.12026546763980421,0.37198168980729407,0.3719827259330435,0.32306639738768184,0.09046075816875657,-0.13878804339759904,-1.0220795393098967,0.3230639970870496,0.6172878803263789,0.905419336520616,0.9619138333829931,1.1334985111238443,0.6598935578464086,0.7225198396234119,-0.0452010917057098,1.366245456720748
0.37302074998253054,1.0284122707952543,1.0284111305134938,0.9438089219596921,0.1947004044095159,-0.5133795261852538,-1.0220795393098967,0.943809160291466,2.5889979307806934,1.8086753081840634,2.7137458064935367,1.8552784389585248,-1.146033899272091,3.06179545346442,-0.3391831299992582,1.366245456720748
0.3180093061785254,0.6599225601263422,0.6599214127391593,0.5729263176571402,0.36264205668629484,-0.24781093764176723,-1.0220795393098967,0.5729269515947756,0.8867482897865308,1.4175160334206758,1.7489608935746135,1.172031831472116,0.6998023536287081,1.5091623483901466,-1.2655229232461338,1.366245456720748
0.3061149399506324,0.18909405485051273,0.18909508744972153,0.21286736274803075,-0.11512298858385211,-0.6866979734452135,-1.0220795393098967,0.2128664168121156,0.6008214329844122,0.6928083622951575,0.07914278220101623,0.04977772249744118,-0.886913966949344,0.13257284303562264,0.7474808009122108,1.366245456720748
0.1663561367728896,0.847693999377627,0.8476928556111568,0.7258442448854593,0.4147618798066745,0.08764412157105798,0.2725909621141842,0.7258473925961241,0.8090737043312318,0.9279245059121422,0.5803070156156358,0.4672983663314098,-0.3004877455169031,0.8632877402236677,0.47979518556960626,1.366245456720748
0.8383878286488443,0.5578245626832057,0.5578256023924802,-0.06867018027554948,1.1704993150521796,-0.44628851434268885,-1.0220795393098967,-0.06867021216793719,2.190949761545533,1.3166822759619132,0.6234671813500615,-0.0903335868969284,-0.8597970417381299,1.3109039887818563,1.4516478313863925,1.366245456720748
0.21542039746294825,0.3067738178554041,0.3067748527237792,0.2623779914667825,0.09914739535548651,-0.3093110318307852,0.2725909621141842,0.2623775533369793,0.8107568994385227,1.0471039088363947,0.6961564196555923,0.6790544477833308,-0.9696823983977656,0.5502717265177857,-0.05152268810836078,1.366245456720748
0.5841457505276313,1.0004885560571615,1.000489604302128,0.9434706210921582,0.15416276420477615,-0.9494711031619266,1.567261463538265,0.943472837701816,0.6342773701149087,1.0708497855668295,1.1892421553122037,1.1400452083922963,0.736075142944694,1.1594473280844755,-0.3510227418235326,1.366245456720748
-0.0328744975443182,0.8255384712446513,0.825537327050966,0.7903172681139177,0.3973886054332146,0.44546285139807157,0.2725909621141842,0.7903125195593201,1.026444093966907,1.0083980456500343,0.27757995873803726,-0.0057402438192893255,-1.1352650488370344,0.6062551540760952,0.7156538500330184,1.366245456720748
0.16040895365894312,0.9004657923527919,0.9004624605387292,0.8332834566583854,0.26129795617444546,-0.04933336094084565,-1.0220795393098967,0.8332727844666641,0.6267781099302762,0.7884059142049666,0.16343387578615698,0.027186701488542308,-1.036174697466289,0.5227265405755864,0.7202452448251352,1.366245456720748
3.180091179765279,0.3868979795709633,0.38689901598433685,-0.5923717934241006,2.392419612652192,-3.6694525416125843,-1.0220795393098967,-0.5923714704970375,2.935238815237292,1.6737872886129503,1.8193207253520123,0.8803465489589585,-1.4520720318891487,2.432777271143015,0.6343948514532637,1.366245456720748
0.29719416527971265,0.5249951529993567,0.5249940030104289,0.5134625213093611,0.4552995200114142,-0.11921983161018423,-1.0220795393098967,0.5134596772321863,0.7447224427923426,1.1542631708297968,1.3046851801729527,1.299565233805151,0.31368895377588246,1.0724581238475608,-0.5987022493512817,1.366245456720748
-0.023953722873398448,0.8102193934979303,0.8102182490088541,0.8890437487721079,0.06440084660856674,0.10721233335847279,0.2725909621141842,0.8890405103431038,0.4720949139433274,1.2618009537062556,1.5832556621366245,1.492763620806515,0.6612962002910077,1.2134492883662946,-1.1330995899375118,1.366245456720748
0.19609205234262211,0.7055164085557086,0.7055152620476915,0.6120643648058282,0.4234485169934044,0.04012132151590774,-1.0220795393098967,0.6120714388857235,0.6680675118937744,0.9022776131912439,1.0109847978203559,1.1423231697646796,0.8457028064394039,1.0301775192858265,0.172919704338256,1.366245456720748
-0.28860337144401776,0.6485525558656293,0.6485492191940362,0.8351985165400986,-0.3380800097099207,0.216235227602641,0.2725909621141842,0.8351942745560611,0.10103733468171198,1.2367050191595845,1.4960331269314853,1.4031670454514116,0.8651097352160085,0.7239152391138979,-1.3327839026088022,1.366245456720748
0.7595876523890531,0.7310146391349893,0.7310156821838107,0.6597331332457835,0.8838402878900915,-0.5748796203742719,-1.0220795393098967,0.6597328011675125,0.342160250314902,0.5484699380103911,-0.06718127312105251,0.01791875449268068,-0.4074383951737848,-0.04402891648032094,0.7655662389601292,1.366245456720748
0.5990137083124976,0.7833836441271024,0.7833846881857319,0.7272924100026226,1.0749463059981503,-0.08846978451567526,0.2725909621141842,0.7272916013634444,0.7854049903214974,1.0385325137289512,0.09885706889638211,-0.15778008498875848,-0.7464342448210064,0.31294218117587913,0.24771668838545696,1.366245456720748
0.11431828452585771,0.3995748557114694,0.399573703304118,0.36287313280085226,0.3829108767886647,0.15473513341362302,-1.0220795393098967,0.36287123771642527,0.8430749410336772,0.8623352484535644,0.0548540103288263,-0.19531315667065116,-1.366027509798995,0.3157608881466613,0.767413919105087,1.366245456720748
-0.004625377753072317,1.104180192911503,1.104176865025574,0.9521457632216126,-0.025361070987642693,-0.015787855019563125,0.2725909621141842,0.952143036226174,1.0642172178870544,1.0826470197554354,0.4011948105777225,0.14485323383409593,-1.0920360293630176,0.7050773459923332,0.5122338589949096,1.366245456720748
0.01916335470271369,0.17513657561171686,0.17513760794178984,0.22517874461156434,0.25840241044553547,0.21343976877586743,-1.0220795393098967,0.22517681277739063,0.31787042339987387,0.7026162589539202,-0.24334281849923053,-0.3770078841933304,-0.6558572534956955,-0.10966850851279525,0.36034523621333464,1.366245456720748
0.15892215788045647,0.4427870012845293,0.4427880387755859,0.4212270648990022,0.26708904763226543,-0.04094698446052502,0.2725909621141842,0.4212281529411261,0.6417519388010666,1.087075714087201,1.2897946653079342,1.2630536985246947,0.5576083284979336,1.0012927498327608,-0.6040541264904954,1.366245456720748
0.4756096586981077,0.9822996139311961,0.9822962836950985,0.8605968003845537,0.49873270594506397,-0.4127430084214063,0.2725909621141842,0.8605891030348497,0.028072913386154457,0.5469895007788798,0.046901891887085906,0.38687326534788213,-0.4506918175198855,0.1651972831231919,0.3380889626237507,1.366245456720748
0.11134469296888447,1.18759014138011,1.1875911932328729,1.1316232761028222,-0.20778045190897151,-0.40994754959463275,0.2725909621141842,1.131625542929214,0.2320789425304901,0.9403862545398924,1.2422704824218618,1.2278889932299726,1.399721518854742,1.0814724045561024,-0.5263187888041911,1.366245456720748
0.01618976314574044,0.9445360514549622,0.9445349095558542,0.778696336558977,-0.1961982689933316,-0.2198563493740318,-1.0220795393098967,0.7786920794948711,0.433059741460296,0.6146017420680171,0.2442638044421797,0.30729789937304497,-0.47455152321461824,0.3312498224910593,0.7428782838919828,1.366245456720748
-0.0908595329052966,0.7205312062500154,0.7205322490966896,0.7606219697414865,-0.09774971421039223,0.07646228626396381,0.2725909621141842,0.7606320510227128,0.6629480252874873,0.8303922917111534,0.14647055440700746,-0.012024051162329186,-0.7782594125026373,0.40944800993791003,0.6219337851332811,1.366245456720748
0.13513342542467047,0.48185743564055633,0.48186066295015817,0.4726507751318206,-0.025361070987642693,-0.2785609847362762,0.2725909621141842,0.4726484147542968,0.8062362686121436,0.8434007927255415,-0.0312388800980365,-0.2946706048321532,-1.0092827419472867,0.23203691871748497,0.7584813796533535,1.366245456720748
-0.044768863772211204,0.3164407294486479,0.31644176450342576,0.28218342997487095,-0.10643635139712218,-0.01858331384633667,0.2725909621141842,0.2821859646832736,0.6778331734243193,0.7450400383694171,-0.1800584627077493,-0.4322135387423475,-1.0452910367123347,0.16112271661097205,0.9331476304672205,1.366245456720748
-0.18304087117146736,1.0314857182311497,1.0314845780086532,1.0580537184362269,-0.06879425692129242,0.27773532179165894,1.567261463538265,1.0580623953239434,-0.20737095759784938,0.8238859383101647,0.29103936623756427,0.585084120664611,0.40660044169538756,0.25472611443279136,-0.335557283635037,1.366245456720748
0.14554099587407685,0.7255463544520357,0.7255473973954146,0.6031280781470493,0.18022267576496598,-0.09965161982276943,-1.0220795393098967,0.6031292147373838,0.5053042838566609,0.632211374705341,0.13788156856252856,0.1824822200829895,-0.5400073886417397,0.26898709722556163,0.8041867857974377,1.366245456720748
-0.19196164584238712,0.5782047589995779,0.5782079881670021,1.021228383066178,-0.2627958207582612,0.10721233335847279,0.2725909621141842,1.0212449635981469,-0.29626104764201877,1.1345842906984287,0.9757914391483311,0.9737222462866165,1.2607406233505323,0.36013459194412506,-1.0908559772930098,1.366245456720748
0.0013218053608741846,0.3620520903990165,0.36205531539846536,0.3803183787067882,0.2786712305479054,0.2665534864845648,0.2725909621141842,0.380320445014734,0.36622785374365757,0.9252496250052069,0.9628469541124977,1.0082308849958508,1.0365588410976514,0.84983608913538,-0.3382022885077099,1.366245456720748
-0.3718639350392688,0.14950481205979393,0.14950584389562108,0.1906305104025193,-0.294646823776271,0.41471280430356255,-1.0220795393098967,0.19062708557151326,0.7760326539286274,0.8817870160550983,0.06985679170092118,-0.13746829746873634,-1.2383279460731689,0.2839178717737646,0.5911300792403107,1.366245456720748
0.15148817898802336,1.1813534948381825,1.181350168440352,1.0534223597760095,0.09914739535548651,-0.18910630227952283,-1.0220795393098967,1.0534280678753847,1.0691475189275634,1.2557067674890399,1.5198391416464367,1.4798259918720822,0.47283293302491364,1.475979748506383,-0.3893402079448134,1.366245456720748
0.42059821489410254,0.5109544892858001,0.5109533390261325,0.4493594528307791,0.6058678979147333,-0.2058790552401641,-1.0220795393098967,0.4493654943016925,2.185339922645593,1.6561061575866047,2.1566099794792013,1.0801740051380473,0.12647722737085998,2.463476059933713,-0.3906588871152366,1.366245456720748
0.28381300327333303,0.4474037396337483,0.44739821001832497,0.3188148853155729,0.3887019682464847,-0.15835625518501384,0.2725909621141842,0.318810505512065,-0.09633433225977463,0.6047055238698745,0.027291585986066395,0.2374866805771898,0.3228641451264789,0.2409674754565967,0.026349592011561528,1.366245456720748
0.3700471584255573,0.8123953242324602,0.8123898016550065,0.7613401171971289,0.4234485169934044,-0.28694736121659686,-1.0220795393098967,0.7613368446848469,0.7506188421816232,0.7877077534651062,-0.03925884687455835,-0.24171099319257044,-1.0673033018398517,0.3537157542878881,0.9525878949269233,1.366245456720748
0.005782192696334061,0.818362715763978,0.8183593823667584,0.7341098649121094,-0.08616753129475231,-0.09406070216922234,-1.0220795393098967,0.7341120256447278,0.8471313021352147,1.1977215739923157,1.6405421402686449,1.6578950012042015,0.20072595339446128,1.4199684129582635,-0.6738377662166145,1.366245456720748
0.031057720930606693,0.719368812668491,0.7193676664275835,0.6612287791864603,-0.005092250885272823,-0.06331065507471337,0.2725909621141842,0.6612239961789751,0.7025232808287052,1.1796324815697865,1.1526403954662858,1.099605445122155,-1.280375650717167,0.8606922971713632,-0.6990685406866629,1.366245456720748
0.19757884812110874,0.7921464718236049,0.7921475160512041,0.7142074863893474,0.3018355963791852,-0.08008340803535463,-1.0220795393098967,0.7142096418101489,0.6210034291954484,0.997559731031839,1.1556877823064755,1.0437339959350518,0.648818286204805,1.2116073610388525,-0.20716297745966378,1.366245456720748
0.22136758057689473,0.851533619607371,0.8515346649801061,0.7392021832339374,-0.132496262957312,-0.5441295732797629,0.2725909621141842,0.7392013777734011,0.3976910826169688,0.6844220218416529,0.16233783077080588,0.15860017469706497,-0.3583527878485553,0.28084799289469486,0.524323025812427,1.366245456720748
0.08755596051309845,0.26698537013828466,0.2669864042394369,0.21971647153986,-0.09485416848148225,-0.25619731412208785,-1.0220795393098967,0.21971898957623315,0.40395124689927137,0.8648671325824558,0.8891782849066319,0.9910919891204806,0.7982720324281116,0.7824941097245119,-0.1525695207762904,1.366245456720748
0.5202135320527065,0.39280845540922377,0.3928007356758964,0.41211866025498667,0.2786712305479054,-0.7090616440594019,0.2725909621141842,0.4121227134183975,0.5254525466120344,0.7145396667702119,-0.3517676373317455,-0.6573208126453512,-1.0900925654949338,-0.01849310580442186,0.9076102995848597,1.366245456720748
0.3938358908813433,0.7340486833986297,0.7340497265059552,0.705706440612776,0.15416276420477615,-0.591652373334913,-1.0220795393098967,0.7057051316203978,0.386861600046506,0.8962969832389452,1.118246241171539,1.1397695784149657,1.0367742937341602,1.0508573397348333,-0.2896822635122584,1.366245456720748
-0.00016499041761244086,0.49270425333632695,0.49270310272474815,0.4515198303006455,0.10493848681330648,0.1016214157049257,0.2725909621141842,0.45152933449245497,0.49559217853407533,0.8216148130118234,-0.14637961472907687,-0.3588759298987607,-0.7452343972952696,0.182193248917315,0.530631414569196,1.366245456720748
0.5157531447172465,0.7852749963953458,0.785273851425278,0.6728160784914123,0.6956298155109427,-0.298129196523691,-1.0220795393098967,0.672814760720808,0.9102775489950206,0.8715333059118464,0.38395058555665834,0.24455260235623144,-0.47668525856191674,0.6479496908518249,0.7287203826457994,1.366245456720748
0.6183420534328238,0.6007433735294779,0.6007400359360017,0.5768157884499583,1.4426806135697179,0.2302125217365087,0.2725909621141842,0.5768094991370579,-0.09974940993613765,0.48116892500287833,-0.15227096351156016,0.2621905112880111,-0.36939674701314407,-0.09390049427030034,0.33036109950430154,1.366245456720748
-0.22169756141211963,0.7478923312509109,0.7478824292993399,0.7269125634145142,-0.08037643983693234,0.3392354159806769,-1.0220795393098967,0.7269157114103062,0.5790814379963793,0.6397775865788891,0.16459245190307734,0.1739973177672909,-0.43229571761196095,0.3993453176267895,0.9180742308196415,1.366245456720748
-0.19642203317784698,0.39042018535754147,0.39042122183883216,0.41834062650290776,-0.17013835743314176,0.2050533922955468,-1.0220795393098967,0.4183397354064854,0.44780265265521024,0.9555355014373466,1.0638377028216506,0.9751834218850137,0.753343496391868,0.9170106206073895,-0.36219223940411277,1.366245456720748
0.6109080745403906,0.8606707774402966,0.8606718229892194,0.7829577404693179,0.3452687823128349,-0.8152890794767965,-1.0220795393098967,0.7829579358709456,0.9517902177475438,1.237684967667943,1.539141966572665,1.2279233245078882,0.5151132669069708,1.4976084406089203,-0.6804367231827863,1.366245456720748
0.8458218075412774,0.7044634682304481,0.7044645107672951,0.35042920030501,0.5942857149990933,-1.0165621150044917,-1.0220795393098967,0.3504273018993775,4.219749686381664,2.024154629545575,2.2509807564507036,0.07241288947815876,-0.8797190481581444,3.5168631353018047,0.9962815680614109,1.366245456720748
0.06971441117125896,0.26990120488515984,0.2699000499773693,0.3179364900805723,0.2902534134635453,0.14914421576007594,0.2725909621141842,0.3179350775948879,-0.2855348520440488,0.4258880529262162,-0.3576560137880538,0.028082483967023886,-0.47512579694022056,-0.3399652404226508,0.28109658036466273,1.366245456720748
-0.07450477934194372,0.6732058073065513,0.6732046601755033,0.6936878571609092,-0.15276508305968187,-0.0074014785392424965,1.567261463538265,0.6936840720006304,0.34169389398455546,1.1960476705316865,1.6376582194870217,1.8097380525638482,0.3839879052646083,1.0665695379977087,-1.1382359739070729,1.366245456720748
0.05335965760790607,0.8457676220673791,0.8457686673289311,0.7710262051938926,-0.19330272326442163,-0.28694736121659686,1.567261463538265,0.7710259028190268,0.6463021298720986,1.000571074945936,-0.10408272604649643,-0.40191023652989877,-0.9979377567498964,0.17209055660619396,0.2807629135213295,1.366245456720748
-0.0566632300001042,1.0475315655994641,1.0475326147515402,1.0865066019267202,-0.08037643983693234,0.028939486208813568,0.2725909621141842,1.0865138026321974,-0.3424193696674235,0.645615219753144,-0.11621786237088384,0.10627718719158784,0.2780235736799982,-0.022372316387973584,-0.051166081669548384,1.366245456720748
-0.0849123497913501,0.39395333646974606,0.3939543730191649,0.39578921370161907,-0.08037643983693234,0.08205320391751089,-1.0220795393098967,0.3957912841386313,0.2876504636399026,0.849856676675456,0.9189197480533313,1.1861526001761509,1.087030335381574,0.6321258606297107,-0.2808428727209553,1.366245456720748
-0.05963682155707746,1.1331415245189793,1.1331425753218338,0.9981823783532897,-0.15855617451750184,-0.04094698446052502,-1.0220795393098967,0.9981846095651637,2.921887322146566,1.6301354192213133,1.3805414386757298,0.4819247500345823,-1.3362515767957168,2.0316836415976387,1.2260209216459428,1.366245456720748
0.7120101874774811,0.6224413870512697,0.6224424280065215,0.48682182258296813,0.9185868366370112,-0.4518794319962359,-1.0220795393098967,0.48682094976373663,1.4272956176979088,1.1785347710089216,0.4970282962193829,0.06995502704399933,-0.9863960697011794,0.9517560679204977,0.7407678411079002,1.366245456720748
-0.07896516667740358,1.0842947253134443,1.0842935861092404,1.1540896190953158,0.10204294108439649,0.24698527469714995,2.861931964962346,1.1540874405894375,-0.24155164237371668,0.7264546630113244,-0.028688827936953498,0.15716160324790132,0.6429551960298818,0.1334938066993439,-0.1944836374130007,1.366245456720748
0.16784293255137622,0.8539021880729257,0.8539032334913329,0.795063372097626,-0.2454225463848013,-0.5525159497600834,1.567261463538265,0.7950581302176895,-0.14934558841466727,0.35529390823610857,-0.41407563868595787,-0.25895417222117617,-0.5742989714967609,-0.13071113282932825,0.7174612121010735,1.366245456720748
0.2540770877036005,0.2969164575962608,0.2969174922745608,0.3338425659576107,0.40028415116212457,-0.0912652433424488,-1.0220795393098967,0.33383868475693773,0.4949540250171582,0.8539867600883654,0.9241234236804131,1.1281297982778502,0.6651327434434807,0.717719665376139,0.007442499361934957,1.366245456720748
0.21690719324143487,0.8147463801770127,0.8147474248403959,0.7718076604142198,0.6811520868663928,0.2497807335239235,0.2725909621141842,0.7718147771285734,0.685346344312318,0.9250519529884994,0.09322474240858306,-0.11673687019280081,-0.9142569298680291,0.3745909306655629,0.4729849062693235,1.366245456720748
-0.10721428646864947,0.7742530534895526,0.7742562864372886,0.6329025112253364,-0.23963145492698132,-0.029765149153430846,-1.0220795393098967,0.6329061287224937,0.8300037486157769,0.9013060762580646,0.48043615627077146,0.5168905891506873,-0.8298453073964086,0.5301779738547829,0.46617532210829765,1.366245456720748
0.48453043336902746,0.625661501850559,0.6256647319330704,0.6199778353914195,0.36553760241520483,-0.5581068674136306,0.2725909621141842,0.6199774927027151,0.30069140027798175,1.00913826426579,1.2432547309479494,1.3343517969268786,1.4868164801633712,0.9242946059477278,-0.625429658641531,1.366245456720748
0.1485145874310501,0.6203836658335049,0.6203847067490786,0.6673953511402823,0.1628494013915061,-0.12201529043695777,1.567261463538265,0.6674014508035747,0.8395360580973563,1.4515240318695415,1.7795913225421998,1.4485758692534911,0.6027681488683935,1.4028608152049022,-1.2341179218959066,1.366245456720748
0.17973729877926922,0.7064511393642039,0.7064521819393783,0.6287914632561217,0.2236558616986157,-0.12201529043695777,0.2725909621141842,0.628786176999282,0.6672401728110792,0.890804224647031,0.10963569791752846,-0.1261010604195784,-0.8165542308981923,0.4770690692468751,0.5573831537334384,1.366245456720748
-0.16519932182962785,0.7529271810390588,0.7529282245104099,0.7350436544412091,-0.20198936045115157,0.11559870983879342,0.2725909621141842,0.7350468046071371,0.8892897752915064,0.9606160928454878,0.33181865599894855,0.13098987437267884,-0.9991080400734709,0.704881990063665,0.6249701534076136,1.366245456720748
0.4547945177992949,0.5477942662791652,0.547790927664695,0.4452167509792221,0.5711213491678135,-0.3037201141772381,0.2725909621141842,0.4452133940956465,0.31436805605988893,0.6126670797768375,0.008437644001159955,0.09317475780993742,-0.6738257699747651,0.005703121360610228,0.6602463852797633,1.366245456720748
1.676940647715301,0.809875710273261,0.8098745657775578,0.2673674346709977,2.525614716182051,-0.714652561712949,-1.0220795393098967,0.26736056817627807,3.2485245478845712,1.860890161107965,1.3749414390750947,0.310712571699127,-1.2631518145593836,2.1326268407394164,0.5787545150489323,1.366245456720748
1.0019353642823732,1.1894683592576016,1.1894694111465813,1.0331163942533823,1.3210676929554988,-0.6084251262955543,0.2725909621141842,1.0331151726446153,0.9301322959093706,1.0272778261393933,0.5618135882192065,0.31373943560169154,-0.0751360571743743,0.8956610084029495,0.42396299073035826,1.366245456720748
0.3997830739952898,0.6492005191427127,0.6491971824836139,0.48968452056730577,0.7506451843602323,-0.0269696903266573,0.2725909621141842,0.4896747458553251,-0.10384576430985254,0.4754953175446147,0.1305666650103558,0.3623105396098784,0.23943408008734243,0.39267530806226497,0.2544685759881564,1.366245456720748
0.2704318412669534,0.6262306587831322,0.6262316998114509,0.5441687655491015,0.3134177792948251,-0.2058790552401641,-1.0220795393098967,0.5441688972194876,0.8497652938175745,1.0520919729175664,1.3389426006096574,1.488087866897715,0.7107838740914844,1.1265159001089993,-0.14014043086212727,1.366245456720748
0.5633306096288185,0.9796858701716098,0.9796869180154475,0.6025325894854835,0.5190015260474339,-0.5581068674136306,-1.0220795393098967,0.6025307583646244,2.7263856015050596,1.5536363487555185,1.2880632622416062,0.5487306389771962,-0.8881399747884204,1.7915074812951401,1.0811997796897201,1.366245456720748
