textID,text,selected_text,predicted_label,confidence
102f98e5e2, Happy Mother`s Day hahaha,Happy Mother`s Day,positive,0.98566544
033b399113,"Sorry for the triple twitter post, was having trouble w/Stocktwits account.  I try not to clutter up the Twittersphere!","Sorry for the triple twitter post, was having trouble w/Stocktwits account.  I try not to clutter up the Twittersphere!",negative,0.5499123
c125e29be2, thats much better than the flu syndrome!,thats much better,positive,0.8086682
b91e2b0679,Aww I have a tummy ache,tummy ache,negative,0.9485602
1a46141274, hey chocolate chips is good.  i want a snack too but i`m out of snacks.,good.,positive,0.9235214
45208fede8,_Honi Might be cute to do a little picture book called 'The little book of boring',be cute to do a little picture,positive,0.8525726
12b042da32, - I produce/direct/film/edit... I write... I coordinate events... I manage Don Fetti... there ain`t much I don`t do!,I write... I coordinate events... I manage Don Fetti... there ain`t much I don`t do!,neutral,0.495624
23dda65ff8,"i love Fly With Me, live chats and don`t like being sick.",love,positive,0.77723575
636d7728af,"  caww that sounds good, I hope you`re right",s good,positive,0.9602331
a511a1b75c,I think i need some new friends,I think i need some new friends,neutral,0.7213365
75da2d8781, funny you should say...am filling it out as we speak ;) cheers!,funny you should say.,positive,0.9041548
a4d3d57337," Ohh noo. Joshua im sooo sorry i was out ,im really sorry i didnt get to see you :``( please forgive me  I`m sorry <3",:``( please forgive me  I`m sorry,negative,0.7476478
8654c16daf," yes, it will finish at 7:30 tonight. Still the food has been great as has been the discussion",great,positive,0.9663471
0833224565,can`t wait to november for Jobros concert ! In examination,can`t wait to november for Jobros concert !,positive,0.98445153
cd62956082,Decode by Paramore is a great song... Love it...,great,positive,0.99303895
d4e6940997, most likelyy. Just need to save the money and practice my **** off.,save,negative,0.5154444
7145ca9905,GASP] pulleaase dont hate me if u ask me a question and i dont answer you ... at any given time. i just cant see you! sorry,pulleaase dont hate me if u ask me a question and i dont answer you ... at any given time. i just cant see you! sorry,negative,0.72753054
f72cf15d82, morning Alex hope you will be tweeting lots today as we do miss you when you aren`t on here  ****,miss,positive,0.73667675
81fed730c6,Life sucks if ur not having fun.,sucks,negative,0.9247654
af30453dd1,morrrning. time for school. (: time to learn!,morrrning. time for school. (: ti,neutral,0.5846252
866af11955, Likewise. But I don`t know anyone who uses gtalk and the likes so I`m not holding much hope,o I`m not holding much hope,negative,0.6012579
f7c6c2148f,is sadly sitting at home when she could be going to a partyyyyy,sadly,negative,0.5525923
3bc468e133, that sounds like the scariest zombie dream ever.,scariest,negative,0.9424648
99091c1127," i had had a baked dinner yummy  cant wait for new short stack tv, what kind of dips shall it be?","i had had a baked dinner yummy  cant wait for new short stack tv, what kind of dips shall it be?",positive,0.9864146
2e0e42474c, silly wendy. You know I don`t speak French  just a few more hours to study before this ride begins!,silly wendy. You know I don`t speak French  just a few more hours to study before this ride begins!,negative,0.5732883
0ec4c9e94d, wheres the music mannnn!!?? my inbox is still empty,my inbox is still empty,negative,0.80123746
b9f5e57121,_Johnson: have a good night,good,positive,0.92592925
d64c730eae,im nervous :/ i want  to gimme a bear hug,im nervous :/ i want  to gimme a bear hug,negative,0.5236544
4db1888261,Done With Exams...Now Focusing on Summer School...DAYUUMM Life`s Hard,DAYUUMM Life`s Hard,neutral,0.48644432
e5791c5868,": I`ll be in Heerlen on Sunday but you won`t be there, right?",": I`ll be in Heerlen on Sunday but you won`t be there, right?",neutral,0.84079707
9b312b1da7,_distel Maybe u have natural ability for languages  I envy u on that !!,envy,positive,0.69561285
4c7a434909,Why is no one online?,Why is no one online?,negative,0.77457
d45948e05a,: yay! Lol. Now I know how you felt when I was gone.,yay! Lol. Now I know how you felt when I was gone.,positive,0.6155456
c3888f1048,Got moommy somn special for mothers day,special,neutral,0.506075
118b735848,I have a farmers sunburn! Ahhhh!,sunburn!,negative,0.6202751
36a02909c7,the mum`s cake is done.. now i need make a good luch and tomorrow will be an amazing Mum` day,the mum`s cake is done.. now i need make a good luch and tomorrow will be an amazing Mum` day,positive,0.9709094
f69d938ff5," ummm, come on, for me twins and slurpees, and being in a car with the twins is going to be pretty epic!!!",going to be pretty epic!!!,positive,0.9645005
7e5850f0e1,Dreaming about cuddling your lady and waking up alone isn`t fun,isn`t fun,negative,0.6493587
3974f55e37,"_Ichigo She tried to carry on aswell, bless, I suppose maybe that`s why kids shouldn`t be in it?","bless,",negative,0.5565642
41f4ab6477,"Nearly finished Angels and Demons, awesome book, feel so lame for only reading it now","Nearly finished Angels and Demons, awesome book, feel so lame for only reading it now",positive,0.8827034
e99b79fbda,Luking for new background pic......,Luking for new background pic..,neutral,0.860719
0979fa1d54, I know what appeals to you with knitting! Believe me I KNOW!,Believe me I KNOW!,positive,0.7841209
acb01fff71,Haven`t used twitter in awhile. BGT!! DRAWING!! SUMMER!! FINALS,Haven`t used twitter in awhile. BGT!! DRAWING!! SUMMER!! FINALS,neutral,0.56472903
307b458f33,On the way to home,On the way to home,neutral,0.78045225
d0c4332f16,Happy Monday tweeples... hope it wasn`t to hard to get out of bed and back in gear!,Happy Monday tweeples... hope it wasn`t to hard to get out of bed and back in gear!,positive,0.9669096
d8d378b3b9,I need to play inFamous... Where`s a free Blockbuster rental coupon when you need one? I miss that Coke Reward,I miss,neutral,0.56030184
d56109169a,"despite rain, having a fantastic day",fantastic day,positive,0.9668532
da27c32d2b,has plopped TWICE! TWICE!  http://plurk.com/p/svs0y,has plopped TWICE!,neutral,0.63952875
fcce64f91f, I am with you. -#FollowFriday is easy enough for those who are annoyed by it.  I recommend relatively few people anyway.,-#FollowFriday is easy enough for those who are annoyed by it.  I recommend relatively few people anyway.,neutral,0.452536
51ec26fba0,Seen the doctor today. Everything was fine! Might go for ultrasound scan just as a precaution,fine!,positive,0.87690926
c9f8de59ea, Musashi`s? Has a great rep. Or did you go to Kitaro,Has a great rep.,positive,0.80817133
2ec041aed4,Its already been a crazy morning and its ONLY 1030,Its already been a crazy morning and its ONLY 1030,positive,0.58714706
3d3f5c8bba, sounds good. Appreciate the suggestion. Been a week now and we`re still offline  Time to ask for a refund...,good.,positive,0.6524801
d474ac0a3f,  One more day baby.,One more day baby.,positive,0.68579334
1f5e92359b,_reznor Trent don`t get mad at me but I keep thinking you`re pretending to be engaged for some reason,mad,neutral,0.48370153
c7a3d8df4d, ...Yawn is it that time already!,...Yawn is it that time already!,negative,0.4930132
5fd65e2cc1,Wishes you hadn`t teased me with movie night,Wishes,neutral,0.5979259
530c6cf86d, Wanna come with?  Before we go to Myka`s party.,Wanna come with?  Before we go to Myka`s party.,neutral,0.82593286
2e012fc093,i am a freshman in this site. how to update? help,i am a freshman in this site. how to update? help,neutral,0.57892257
e2e3f1ccee,() Note to self: never ever leave the MacBook Pro on the stupid iCurve. It fell off.,stupid,negative,0.8847561
64be0f498e,FANTASTIC week in London but ATROCIOUS 8 hour journey home,FANTASTIC week in London,neutral,0.4821918
1fdf0a4c4b, That`s what I like to hear. I am unabashedly not cool. That`s what makes me so cool byw  #logic,That`s what I like to hear. I am unabashedly not cool. That`s what makes me so cool byw  #logic,positive,0.55238646
b84e588704," no I want too, but a couple of people said it wasnt good","no I want too, but a couple of people said it wasnt good",negative,0.87429774
1844bc4cd3,is feeling bad  just got bad news about my Mum,is feeling bad,negative,0.92487335
faec557cad,"the next 2 weeks, exam wise, are AWFUL. there are 8 exams and I don`t see how I can adequately revise all of them  I care least about...",AWFUL.,negative,0.94641924
037ae09e4f,i love you twitskies,i love you twitskies,positive,0.94088334
db397cd6e7," i`m sure you`re sleeping, but you`ll have to tell me your favorite part tomorrow. i laughed pretty much the whole time.",i laughed pretty much the whole time.,positive,0.9388494
2b9bc0eb10,"I just watched 7 pounds, maaaannnnnnnnn!","I just watched 7 pounds, maaaannnnnnnnn!",positive,0.5009209
1f8fec3db2, i miss you!!  stupid work!,miss,negative,0.82189
4646b4195d, i know im inlove with   actually..,inlove,positive,0.88554776
85270e23c3, paramore makes me want to punch babies  lol,paramore makes me want to punch babies  lol,negative,0.77287954
c18b6aac86,LA bound!!,LA bound!!,positive,0.5576352
f327ae0ce5,Ewww just printed my new I.d badge thingie 4 work n eww my picture. I took so many n they were all ugly,they were all ugly,negative,0.9260792
6c794fe331,the mall i once worked at has turned into a very depressing place,very depressing place,negative,0.9664906
5b8f15579e, Not so good  I think that`s my fault though - didn`t use buttermilk. Recipe was on back of the flour.,y fault,negative,0.9151985
3533d7a4ef, awww  thanks lol - ermm what happened to the studying !? ha ha,thanks,positive,0.789103
58299080b4, do you have a password for the San Diego show? Mine is not working,do you have a password for the San Diego show? Mine is not working,negative,0.63831776
3ab0cd4eb0,Don`t 4 get to call your moms tomorrow...mothers day,Don`t 4 get to call your moms tomorrow...mothers day,neutral,0.49225938
897a66122f,Is listening to the new jonas brothers song,Is listening to the new jonas brothers song,neutral,0.81926435
44c71658d4," Haha! I can`t a good vid of it on tubey,you thugh",good,negative,0.5507785
083658a00b, O dear. so you`re going to be **** that kiddoe and I`m going to sit there doing..  nothing! awesome  WHERES THE SHOPPING?!<3,sit there doing..  nothing,neutral,0.46597943
e8c5009736,i really needa find more stastics,i really needa find more stastics,neutral,0.71415013
c1877a56eb,  And it`s only downhill from now until Labor Day!,y downhill,negative,0.7113961
85a75e9635,_mit_glee It is confusing and flippin expensive,expensive,negative,0.93200386
e34ad204e9,I`m totally going to bed right now.,I`m totally going to bed right now.,neutral,0.7102875
8be8babbd7,  sad day. I was lucky enough to realize it before I got out of the parking lot.,sad day. I was lucky enough to realize it before I got out of the parking lot.,negative,0.48733407
f0a917f20d,Justin is SO warm! It makes me worry when they have a high fever and I go to sleep.,It makes me worry,positive,0.5830394
76c51286bb," Si, no bueno  I guess I just don`t entertain him :/",s I just don`t entertain him :/,negative,0.87477815
d5fa003735,Lets get rich and give everyone nice sweaters and teach them how to dance...,nice sw,positive,0.83336633
0a056156fd,Happy Star Wars Day!,Happy,positive,0.9835941
08e2f9df55,i think taylor laughtner and selena gomez are the cutest couple! i love them both! just read it on M! my fave mag,cutest,positive,0.9917618
9285ff827b,sad day*Lakers please make me happy with a W,sad day*L,positive,0.6059399
78c2f0c6ee,.. these holidays are soo boring..,soo boring..,negative,0.9749834
7af95dae29, whaaaat what about your house? You`ve been working so hard on it!,hard,positive,0.6268196
700fc02300,I`m so getting the cold,I`m so getting the cold,negative,0.6235922
96bcf9b966,"neighborhood research today, Day 1 of 5....and a little bit of shopping","neighborhood research today, Day 1 of 5....and a little bit of shopping",neutral,0.8695119
99c07ade84,I need to get some shut eye... But I just can`t let`s try 1 more time. Ta Ta Twitterworld,I need to get some shut eye... But I just can`t let`s try 1 more time. Ta Ta Twitterworld,negative,0.7448914
606dff40a7," Yeah, and that`s where everything becomes difficult and generalisations break down. Not an easy problem  .",. Not an easy problem,negative,0.7403929
24fc63ff85, yay Happy Mothers Day to me  Screw burnt breakfast in bed I`ll take some E.  (erniehalter live > http://ustre.am/2VkO),Happy,positive,0.94664705
62f2718ee0,"OK. Happy Star Wars Day, everyone. As they say, May the 4th be with you","OK. Happy Star Wars Day, everyone. As they say, May the 4th be with you",positive,0.9819162
2a904872ab," hey bettiye,  i did see her. stay tuned for videos and blog  hows was obsessed?? i need to get thru exams then imma watch it","hey bettiye,  i did see her. stay tuned for videos and blog  hows was obsessed?? i need to get thru exams then imma watch it",positive,0.49786866
f322e76399,"Whoops! Start Trek,...not Start! Duh.",Whoops!,negative,0.784162
e4a0e15df9,Sunday my last day at apple but I won`t be in. Come kick it with me at El FAROLITO 4817 mission street @ 730pm,kick it with me,neutral,0.58939034
66ea796503, Yes PM PM you are right,you are right,positive,0.76818544
d4e6823d99,_ ay beezy! finally lol its time to hookah so get off twiiter...love ya,.love ya,positive,0.94607335
85ffda7179," see most people didn`t like deadpool cause it wasn`t true to the comics, I`m guessing you like Ryan Reynolds","see most people didn`t like deadpool cause it wasn`t true to the comics, I`m guessing you like Ryan Reynolds",neutral,0.5006603
950259fc7d,"HOME!!!  from my relatives. my sissy, , posted pics of her and our cupie cousin Audrey.  ???","HOME!!!  from my relatives. my sissy, , posted pics of her and our cupie cousin Audrey.  ???",neutral,0.72730273
42af29b476,its my burfday and i`m all alone,i`m all alone,negative,0.5288587
adcab3f50d,says HAPPY MOTHER`S DAY!  http://plurk.com/p/sv70e,HAPPY,positive,0.97334045
1e2fdcb1df," aww lovely! Hope you had a great mother`s day, our little mother hen  did you get in contact with sharn?",aww lovely!,positive,0.98347914
568c818446,Didn`t bring connector for camera on trip...saving new photos will have to wait another week...,Didn`t bring connector for camera on trip...saving new photos will have to wait another week..,neutral,0.5320569
23e786a830,social was fun. Swam in the water in my boxers,fun.,positive,0.8726034
5355a2ce0c,We`ll write a song that turns out the lights <3,We`ll write a song that turns out the lights,neutral,0.4982064
dc9e1e0632,Smiling!  These guys are!    Turn up your speakers and SMILE~life is good! http://www.imtiredonline.com/smile/,ILE~life is go,positive,0.98762417
2e78aaa2ef,made a little cover for my iphone.  the birds aren`t upside down on the back  http://twitpic.com/67tp9 & http://twitpic.com/67to5,made a little cover for my iphone.  the birds aren`t upside down on the back,neutral,0.55823743
31419f0887,enjoying lazying around eating roses chocolates  x,enjoying lazying around,positive,0.9433144
9b9ae19334," I`m still at Disney (just trained at Soarin), Rose is the same, we applied for an apartment last night, and Eric lost his job",lost his job,neutral,0.6938716
5c77860c1b,i have much to learn,learn,negative,0.60182536
463e0bacaf,likes the reports from testers of his new package for Synology diskstations  http://plurk.com/p/ror5d,likes the reports fr,positive,0.9136089
97646971b1,Being bored is always so much more fun with a companion. Missing my bff alreadyyyy!!!!,Being bored is always so much more fun with a companion. Missing my bff alreadyyyy!!!!,positive,0.8681331
1fc59a5b70, How did your book signing go?  If I lived there I would`ve came!,How did your book signing go?  If I lived there I would`ve came!,neutral,0.54449433
8e6d32c6c3, it`s called retro my dear and I wear fifties fashion sometimes....did you not see my birthday pictures?,it`s called retro my dear and I wear fifties fashion sometimes....did you not see my birthday pictures?,neutral,0.7514607
bbbbbf4dca,Working.  I can`t wait till 4:30. Funeral on monday.,Funeral,positive,0.85565037
001dcb11ef,is now writing 100-word newsbites  http://plurk.com/p/wyb4h,is now writing 100-word newsbites  http://plurk.com/p/wyb4h,neutral,0.8621841
4676de66e1,_Whincop too complex and too much to consider on a day like today. Monday off. My brain is back tomorrow,too complex,neutral,0.42981443
acdb0ef52e,"I`m going through withdrawls,  missing someone!!!!",missing someone!!!!,negative,0.7113811
05b989b465,Goodmorning yall! I woke up to early,Goodmorning,positive,0.9315367
5d2b162b8a,Once again I am looking for a new beard - it just fell out the window  Any bright green ones this time?,Once again I am looking for a new beard - it just fell out the window  Any bright green ones this time?,neutral,0.46622953
cfb2032bad, Awww I HATE that one!!,Awww I HATE that one!!,negative,0.97542304
988eafadb1, AWWWW  we`re gonna miss you!,AWWWW  we`re gonna miss you!,positive,0.4706734
8fbfabc877,The bunny is longing for the hoodie she left in the car   brrr....,The bunny is longing for the hoodie she left in the car   brrr....,neutral,0.5710872
c1341abeba, glad you liked the gmail add-on too. We visual people like the asthetics to be right don`t we.,glad,positive,0.83696425
f9dbc88f85,"I haven`t been replying to people because seriously, I haven`t refreshed twitter for a while.  Sorry.   Thanks.","I haven`t been replying to people because seriously, I haven`t refreshed twitter for a while.  Sorry.   Thanks.",negative,0.5573355
2071227adf,The case for my iPod Touch is literally falling apart.  So junk,The case for my iPod Touch is literally falling apart.  So junk,negative,0.9547235
93d658a4fd,  sowwy. Lover you,. Lover,neutral,0.49924403
05cc8af0f0, i`m sorry but LOL! what is this about? waitt... you think your mum would still let you do bday stuff this weekend?,i`m sorry but LOL! what is this about? waitt... you think your mum would still let you do bday stuff this weekend?,neutral,0.52186435
202af23646,Download movie  '81st Annual Academy Awards Pre-Show' http://tinyurl.com/cdue53 cool #movie,cool,positive,0.91117966
31c50efde3, -- 5/31 marks the end of our roommate era. And you never made wontons for me again.,1 marks the end of our roommate era. And you never made wontons for me again.,negative,0.79032695
f59c924f7e," Me too,but i`m goitn to go to shower!And cleanin` up my room and later eat somethin`","Me too,but i`m goitn to go to shower!And cleanin` up my room and later eat somethin`",neutral,0.6553662
9339c9d1bf,"fine, i give in, docs again today. not being able to breath this morning made me think i should. hate docs",hate docs,negative,0.92173696
6d4111b680,Mm. Goodnight. Going to play Rock Band 2 `til it`s time to watch SNL with Justin Timberlake.,Mm. Goodnight. Going to play Rock Band 2 `til it`s time to watch SNL with Justin Timberlake.,positive,0.6754911
31f4d128e7, this week has dragged a bit for me too  have an essay to write about the seaside then Im seeing eddie izzard tonight x,dragged,neutral,0.49351603
372d486293,I fall asleep and didnt get to see the jonas brothers web cast  ... Still tierd,tierd,negative,0.66086143
ee5af1019b, Awww Thatss Well Sad  x,Sad,negative,0.8265017
adc081a62e, Was pawing thru Elle & saw you innit!,Was pawing thru Elle & saw you innit!,neutral,0.7399189
4d28c2920a,Brought cat to specilist. May be ectopic uritors. Doing ultrasound. Surgury would be >$2000. may need to take him back to humane society,Brought cat to specilist. May be ectopic uritors. Doing ultrasound. Surgury would be >$2000. may need to take him back to humane society,negative,0.6057089
d31363093d,Number 999. My next tweet must be something really special.,My next tweet must be something really special.,positive,0.8758324
74f15ade8b,hey twitter! i`m back online!,hey twitter! i`m back online!,positive,0.7634662
696592b809,"Just had some strawberries for afternoon snack, I love strawberries!! Gonna make a strawberry smoothie tonight after the gym",I love strawberries!!,positive,0.98249316
9506186e07,"Back from the gym! I`m no expert or anything, but I`m pretty sure I am not going to be able to move tomorrow, maybe even in a few hours!!",pretty sure,negative,0.49497882
63a8bd0b85, YES!!! haahaaa.! break out the jellybeaniesss!,YES!!! haahaaa.! break out the jellybeaniesss!,positive,0.85556084
fa41759d50, that`s not great  guy related??,that`s not great  guy related??,negative,0.920249
b7e4b6c760,Summer is finally here! Graduation in a week!,Summer is finally here! Graduation in a week!,positive,0.9262556
e3784b1d63,class color day tomorrow! last time!  I have a lot to remember for tomorrow but I bet I`ll forget -_-,class color day tomorrow! last time!  I have a lot to remember for tomorrow but I bet I`ll forget -_-,neutral,0.43442136
aa28253756," Same here, having a nice, quiet Sunday","Same here, having a nice, quiet Sunday",positive,0.89383066
19410ac1ee,I ate to much lunch...now I don`t want to work,don`t want to work,negative,0.77231383
316bce283f, I`m here if ur here for me!,I`m here if ur here for me!,positive,0.8059803
6ebb33f982, perez....... The YouTube video isn`t working,perez....... The YouTube video isn`t working,negative,0.87615734
286ec6db81, I forgot all of those people,forgot,negative,0.52890015
39a67199c6, ohh i would def give it 2 u but tht was kenyatta`s cam not mine  sry but i want tht pic 2,sry,neutral,0.6508982
7f58b5d239," Hi Susan, read your blog.  It`s really good.  I look forward for the tweet updates",y good,positive,0.98700213
0a112f74e6, addict? Me? Okay I admit I need help  BUT... I have been writing hits big bro. I really really have *smile*,*smile,positive,0.680941
52ec4f8b45,The little wormy from labyrinth sadly passed away today but its ok as hes still around in a happy ghost form aww  http://twitpic.com/67aim,The little wormy from labyrinth sadly passed away today but its ok as hes still around in a happy ghost form,positive,0.5647986
0afc8ab79a,"is tryna find her a 30 yr old junt with a 401 k, stable job, good home with an extra room 4 me and my baggage..so tired of u young dudes",good,neutral,0.4883113
bf4a027b16, no bueno.  hollykins needs to feel better asap.  p.s. i miss you.  you done with uni soon aren`t you?  SOPROUDOFYOU.,no bueno.  hollykins needs to feel better asap.  p.s. i miss you.  you done with uni soon aren`t you?  SOPROUDOFYO,neutral,0.5387332
2c75054582, i voted and i couldnt,couldnt,negative,0.6668205
52c20f6fe9,partying in the study room,partying in the study room,neutral,0.8025295
46ddfc24ca,"Man, my sinuses r really buggin me this morning",buggin,negative,0.9577634
7f7183f849, aw.  I`m glad you do. Where would we be with out one?,aw.  I`m glad you do,positive,0.91980886
6ad354bd4f,I miss my mom..  'May angels lead you in',miss,neutral,0.5793915
3549273079,Burnt the **** out of my hand today.,****,negative,0.9408864
c7c39d2dc9, hahaha.. sadly this one`s supposed to be done individually.. so no chance of social loafing lol,hahaha.. sadly this one`s supposed to be done individually.. so no chance of social loafing lol,neutral,0.5044331
5502960400, Glad you got there safe & saw your daughter.  Enjoy your time there!,Glad,positive,0.9710675
8c5e186d05, If it makes you feel any better.. My Saturday night is lame as well. I heart you,If it makes you feel any better.. My Saturday night is lame as well. I heart you,positive,0.866992
3d899c2dbe,who goes bowling anymore?... me and my friends,who goes bowling anymore?... me and my friends,neutral,0.8402499
2391458d2f,Anddd justin. Eff,Anddd justin. Eff,neutral,0.51158655
77e2ffec43," and yep, you`ve converted me to Blip.  Been great to hear a lot of others suggestions - some pretty great stuff!",Been great to hear a lot of others suggestions - some pretty great stuff!,positive,0.9869451
aca5a311b6,slept all day.. lol. now time to start on my UN article.. what fun (: ...,slept all day.. lol. now time to start on my UN article.. what fun (:,positive,0.91524816
e1aad751a7,D`oh...forgot the ferry turns around before going. So much for sitting in the sun. And the other side deck is closed.,D`oh...forgot the ferry turns around before going. So much for sitting in the sun. And the other side deck is closed.,negative,0.62386435
dbb5139625,found `s Spinning Top instead of outtamyleague mp3. pardon me sir. but i promise i`ll buy a copy of the cd. i`m saving up,found `s Spinning Top instead of outtamyleague mp3. pardon me sir. but i promise i`ll buy a copy of the cd. i`m saving up,positive,0.6932213
04a1c22839,ughh feel rubbish,ughh feel rubbish,negative,0.95326877
085f1256b6," coooooooool, yes, CIWWAF are awesome.",awesome.,positive,0.97561294
29aabbc23c," Yup, us too. Spending time with Mom, Sis and Aunt  Have A great Mothers Day!",Have A great Mothers Day!,positive,0.9822275
98133263e4, think yourself lucky!  I also broke  all my fingers at school when a window sash broke with my fingers like pancakes on the sill,think yourself lucky!  I also broke  all my fingers at school when a window sash broke with my fingers like pancakes on the sil,negative,0.5829097
729eef0fa5, yes please,yes please,positive,0.73951083
794563ad97,owww i think i tore something in my leg,tore,negative,0.9325377
5ce4376e4b, I do too!! Sounds interesting,interesting,positive,0.97086537
2619e98b00,"  Ah  sameway Yet, has 2006 votes ((.We need more vote :`D","Ah  sameway Yet, has 2006 votes ((.We need more vote :`D",neutral,0.6938844
9b0a7b24c6,     Good morning to you !  Its so pretty outside today,Its so pr,positive,0.9884399
ca6404fd64," What Makes Me Happy? My Daughter, My Family & Their Support, Money, Shopping, & Restaurants",Happy?,positive,0.96318996
7381992d4c," strange, that is exactly the chapter god laid on my heart to read in The Message yeaterday morning...He works in mysterious ways","strange, that is exactly the chapter god laid on my heart to read in The Message yeaterday morning...He works in mysterious ways",positive,0.62516886
fcfb04c291, Yeah I know  Things would be so much easier that way. I`m bored the boys are playing tekenen (I can`t spell it),Yeah I know  Things would be so much easier that way. I`m bored the boys are playing tekenen,negative,0.5025622
e5c5854a07,wah....American Chocolate Cheese Cake for my chweet mummy ! muaxxx,Cheese Cake for my chweet mummy ! muaxxx,positive,0.5449499
ea9f18f7f4,I was waitin` so many new and good songs about the end but I didnt like it so much,I was waitin` so many new and good songs about the end but I didnt like it so much,negative,0.66907024
fdea6083e2, you know the .nds torrent file for it? and i am guessing u have gh:mettallica? christine brought it today for the ps3,you know the .nds torrent file for it? and i am guessing u have gh:mettallica? christine brought it today for the ps3,neutral,0.902129
6a4019cc1a, Whaaaat?!?!?  When did that happen?,Whaaaat?!?!?  When did that happen?,negative,0.7712375
f91d836841,I`m twitterring and facebook-ing and blogging and myspac-ing and bullshitting,I`m twitterring and facebook-ing and blogging and myspac-ing and bullshitting,negative,0.5235432
e22df890ea,"Man, Monday sucks. What I wouldn`t give to be a rich beach bum, diving in a tropical lagoon every day, eating fresh fruit and fish...ahhh",sucks.,negative,0.90995437
4e424fe5a5,"Finally in my bed, & I must say, I had quite an evening. I`m ready to tackle this work week & see what next weekend has in store for me","Finally in my bed, & I must say, I had quite an evening. I`m ready to tackle this work week & see what next weekend has in store for me",positive,0.91836715
c89d368d84,im home!  videoke at Funtime.. yey! got loads of tickets! nyahahaha!,im home!  videoke at Funtime.. yey! got loads of tickets! nyahahaha!,positive,0.9242525
769f9e88d3,"failed inspection. Did you know you can pass wo/oven, but not wo/anti-tip bracket, which is only sold w/oven? This is worse than taxes.",This is worse than taxes.,negative,0.9140491
3f7a85a2f8,is liking this feeling,is liking this feeling,positive,0.74443465
bc86a9bdb0,_ yeah,_ yeah,neutral,0.6402893
e837523cd5, I`m in SF right now,I`m in SF right now,neutral,0.90121585
98bad6dc76,"Graveyard charged my card twice (one correct total, one random amt) from last night`s #atltweet tweetup. Check your accounts!","Graveyard charged my card twice (one correct total, one random amt) from last night`s #atltweet tweetup. Check your accounts!",neutral,0.7824392
863c4fb256, fantastic day in the AZ sun,fantastic day in the AZ sun,positive,0.9784742
0a97e0d020, Just ignore it.....and get sum rest...get rid of that headache,get sum rest.,negative,0.48419535
c1279ea153,Can`t I mix and match  Dumb drive in!,Dumb,negative,0.63928115
bf960eea3e," yes yes I AM, networking **** to the fullest.......and this girl is rih next to me","yes yes I AM, networking **** to the fullest.......and this girl is rih next to me",positive,0.68100536
3e47080d87, YIKEYSSS!!  I`M HARMLESS REALLY!! JUST WANT SOME ATTENTION FROM BRODY!!!,M HARMLESS,positive,0.4753665
360abf2655,All ready for costume making! But... there`s no one here...!,All ready for costume making! But... there`s no one here...!,neutral,0.58473915
4fa9c10b20,mothers day..didnt do anything exciting...saw a movie,didnt do anything exciting..,negative,0.81064874
cc6c22ea07,Doing dishes...i miss my kitchen team,miss,negative,0.6290283
02b66038b1,My girl needs a hug! She lost here cell phone,My girl needs a hug! She lost here cell phone,negative,0.4305324
8902bd5e0c,  no room for me smh,e smh,negative,0.7233688
5945f2f0b1, I listening Your album on youtube. So awesome. But i can`t buy it,awesome.,positive,0.8220296
cc1ba7bb94, i am! lol its just i got used 2 talkin 2 ya..!,i am! lol its just i got used 2 talkin 2 ya..!,positive,0.6657144
8fa2a01d9e,Dang I just dropped some of my subway on da floor... Ahh the 5sec rule passed already,Dang,negative,0.69990224
4f4395f869,i have become my mothers slave.,slave.,negative,0.8204894
1ade087aed, Good luck on final!,Good luck,positive,0.96072966
1c6c89edcc," heh, i meant differences between b3 and b4","heh, i meant differences between b3 and b4",neutral,0.8332113
89f3fceb84,is taking mommy to the airport.,is taking mommy to the airport.,neutral,0.8378968
0122bde04a,Well can ya please send some luvin to    im sensing deep fiery anger surrounding his presence right now...,luvin,negative,0.85759276
54e444b01c, not good enough!,not good enough!,negative,0.92964065
9d3e47f679,Good B-movie... Starship Troopers is cool! Citizen,Good B-movie..,positive,0.98933357
d52ef2b1f2," indeed, much fail",fail,negative,0.7246442
0d5dace2b0,Happy Mother`s Day to all to all the wonderful moms out there.  -Matalatine,Happy,positive,0.98831195
75651111ab, You`re the one getting married on me,You`re the one getting married on me,neutral,0.69975394
fe3c7a40ac, Feel hungry now   Cook for me pleaseYour food it`s my energy to work~,Feel hungry now   Cook for me pleaseYour food it`s my energy to work~,neutral,0.60226923
fae923d7df,tamlyn wishes she was as cool as my sock draw,cool,positive,0.78100955
0bc79737c8,Is leaving Utah today  Super Sad Face,Super Sad Face,negative,0.74488354
045a89f7ce,is jealous of his family  their all having an amazing breakfast and all i get is rice crispies,is jealous of his family  their all having an amazing breakfast and all i get is rice crispies,negative,0.59486955
0b979e9d44,I was crying all of Tuesday cos I find out! ;( .... Economics is offically my crying subject lol,crying,negative,0.75436467
53370335cb,Is happy...Skool just let out..! Today was my last day..! Yippee! R.I.P Jackson Tyler Morris..! Always Loved And Never Forgotten..!,Loved,positive,0.97680056
2305fc32cf,"We should have a twitter reunion it would be awesome to meet you all lol, iwonder howd iget that to pull off",awesome,positive,0.96355945
a4d53f9a2e,i tried calling work 5 times and they wont answer,i tried calling work 5 times and they wont answer,negative,0.87252736
f475a922ea, just need to know what to be cautious about.  being cautious is good.,being cautious is good.,neutral,0.5351615
71befea0e7, POOOOOOOOR SHEEEEP!!!,POOOOOOOOR SHEEEEP!!!,positive,0.42263302
cbd531652e," come home, then. Not so boring here.",so boring here.,neutral,0.4407682
79c532a3c4,Can you get me a sub from subway when ur on your way home?,Can you get me a sub from subway when ur on your way home?,neutral,0.8848176
269ba368bc, i`m still crossing my fingers for a fun group,for a fun group,positive,0.86429423
5f1ae700e3," I didn`t like the new Terminator movie, man",I didn`t like,negative,0.9609724
2a96235eb5,"i had a dream last night, and i was singing  first avid dream of myself crooning away!",crooning,neutral,0.5013361
f98a5deafa,I`ve listed lots of new beads on eBay!,I`ve listed lots of new beads on eBay!,positive,0.86522937
8a17e1b494,_da_**** ï¿½ cant im not @ my sister house no ï¿½-net tonite,_da_**** ï¿½ cant im not @ my sister house no ï¿½-net tonite,negative,0.5588501
118951b478, you obviously havent seen my mrs first thing in a morning,you obviously havent seen my mrs first thing in a morning,negative,0.54704463
c70412c192, Thanks for the follow man,Thanks for the follow man,positive,0.97879845
259db46343, Are you blogging yet? I miss you writing,miss,neutral,0.662129
fed43a5137,Everyone MUST watch this...it`s Snowball the dancing bird & he will make your day...I promise!  http://tinyurl.com/37wt5f,he will make your day..,positive,0.9821843
0ad24aa2d6,hooome from work. why am i awake still? up in 5 hours,hooome from work. why am i awake still? up in 5 hours,negative,0.48160914
c3c1323ba6, Thanks for the support,Thanks for the support,positive,0.9742475
1362f68461, go into an anti-gravity chamber then you can tell gravity to suck it.,go into an anti-gravity chamber then you can tell gravity to suck it.,negative,0.55044913
e8f0e8cbe9, DUDE.  You`re a hax0r!!!1!  You should put Final Cut Pro on there and tell me how stable it is,DUDE.  You`re a hax0r!!!1!  You should put Final Cut Pro on there and tell me how stable it is,positive,0.5740157
4cfaec6ead, it was fine. i was still up playing inFamous. sorry to hear how things ended up again,it was fine. i was still up playing inFamous. sorry to hear,neutral,0.5330699
0462065029,Buried under more web changes. Going to make lunch now... I won`t have a chance later. Too much to do.,I won`t have a chance later.,negative,0.5809386
a49b8431d1,  yea dongggg,yea dongggg,neutral,0.6656578
196f2b6fae,could be getting sacked soon not good,not good,negative,0.94283885
8a51318817, hey girl i just sent ya a message on Myspace,hey girl i just sent ya a message on Myspace,neutral,0.8013426
2a2e4e7ace,: saw it yesterday. Pretty good.,good.,positive,0.98278195
df7e42c21f,Its two o clock in the morning!,Its two o clock in the morning!,neutral,0.5954898
6817c013cf,Just looked at the date...today the one year anniversary of my Grandmother...miss her mane   um sad,miss her mane   um sad,negative,0.82915694
22a8ddeca5, because your mean to me and it makes me sad!,sad!,negative,0.9750811
285a643823," Thanks, Wookie-man.  I test stuff out on you. lol","Thanks, Wookie-man.  I test stuff out on you. lol",positive,0.66018075
a09547ad3f,Its so obvious Holly will go thru on the public vote straight away.. SOOO obvious.  Then Aidan and Greg for judges but neither should go,Its so obvious Holly will go thru on the public vote straight away.. SOOO obvious.  Then Aidan and Greg for judges but neither should go,negative,0.48765302
852f33385d, LOOOOL chips and ketchup ya waili 3alaiiik! Let`s have some fish fingers  I`m not too sure about baked beans though.,I`m not too sure about baked beans though.,neutral,0.476984
fde2e3aa21,The puppy is sick  and some one put they hands on my momma >:-|,The puppy is sick,negative,0.9478575
bfc68ad740,getting bored of walking up and down the stairs,getting bored of walking up and down the stairs,negative,0.8690098
301f499600,"   Sure!  My entire blogroll is terribly updated, but this could motivate me to update and redo it!",uld motiva,positive,0.75891095
adfddc21e9, Im soooo intrigued! I want to try this weekend. Kaya lang baka maaddict ako.,intrigued!,positive,0.97987306
5a9fbd5402, and it never arrived. have to wait until Monday now,never,negative,0.8219485
3123976f37,I want some grape juice.,I want some grape juice.,positive,0.6023737
4f153d9e3e, I can`t stream videos on my phone,I can`t stream videos on my phone,negative,0.8146124
fb53d3fcc3,looks like the eprocurement e-mail address from office mate is blacklisted by IT here.. asking them to whitelist now.,blacklisted by IT here..,negative,0.5677868
ffdbe304cf, http://twitpic.com/4w483 you guys look so nice,you guys look so nice,positive,0.9824844
7204612fa3,it makes me  when i see people replying to people that are only after followers and would never reply back,would never reply back,negative,0.78367174
fba16750be," Correction: 'facetious' not 'sarcastic.' Apologies.  Oh, and happy Mother`s Day!","Correction: 'facetious' not 'sarcastic.' Apologies.  Oh, and happy Mother`s Day!",positive,0.8597699
c3132f5b44, that`s sad  what kind of mess are you getting into this weekend?,that`s sad  what kind of mess are you getting into this weekend?,negative,0.92943066
a94bb434fd,_Dreaming what?! miley`s gonna quit hannah montana?...i don`t wanna believe it!,i don`t wanna believe it!,negative,0.8699877
440052e308,http://tinyurl.com/oqsqz6 Grace`s FunZen magic mood tool for keeping her cool in the pool of real life which is now yours too,for keeping her cool in the pool,positive,0.5952701
7c95a06f6c,Im eating a salad  and rember to comment my new myspace pictures plz?,Im eating a salad  and rember to comment my new myspace pictures plz?,neutral,0.77355313
5d21e92058," no email?   just kidding, it can wait filling out form now... seriously.","no email?   just kidding, it can wait filling out form now... seriously.",neutral,0.5969814
3ab908a222,Just talked to Anthony Rapp. Face to face. !!!!!,Just talked to Anthony Rapp. Face to face. !!!!!,neutral,0.7094715
d43529c2c6, moooooooooooooooo? lol i copied that last.fm thing you had  looks good,s good,positive,0.8936303
1227a0d36d, 167 Brian 167 that`s 1...6....7 followers count them and weep. And they ALL know who is the buzz champion by now,167 Brian 167 that`s 1...6....7 followers count them and weep. And they ALL know who is the buzz champion by now,neutral,0.5653545
5c9251dd87,_lopez I love you  kiss me!,I love you  kiss me!,positive,0.9728779
41a492484b,selling my drumset  sad day,selling my drumset  sad day,negative,0.80170274
558969f549," That`s the problem. The earphones I get here don`t last more than 2 months, no matter what brand or price.",That`s the problem.,negative,0.89291096
a81f3dbd32,_crumbles all the best for art attack. thanks 4d follow,all the best for art attack. thanks 4d follow,positive,0.9276864
bfdc015258,"We just crossed into the golden state, its nice being home","We just crossed into the golden state, its nice being home",positive,0.949485
5d2bddb1fc,19 years for Phil Spector  http://bit.ly/199ZWD,19 years for Phil Spector  http://bit.ly/199ZWD,neutral,0.7915215
05385def3c,"Hanging out with sam, billy, and veronica. not going to school tomorrow to take sam to body shops. Dang car accidents",accidents,negative,0.620908
5fa7bd4ffc, Hi Selena i made this team to support you in Greece and Cyprus,support you,neutral,0.52961284
f41fdeaa88,"Last day of holydays, gotta get back to work    Anyway, 2 great weeks",2 grea,positive,0.9314306
af906f96af, given the way kunal khemu etc. starrers turn out..there is a high probability of it being `****` rather than `niche`!,a high probability of it being `****` ra,neutral,0.4803221
510f68ac47,i keep coughing my guts up,i keep coughing my guts up,negative,0.96173525
3311bc3795, I saw an all red Audi on the highway. I sped uo to it hoping it was you. My loss,My loss,negative,0.49139374
650488203f, nah is next week honey ma fault for confusin u,nah is next week honey ma fault for confusin u,neutral,0.61076355
dbf87bd359,For   ? http://blip.fm/~5jbp3,For   ? http://blip.fm/~5jbp3,neutral,0.7665137
9a4ca6f4e1," S`ok, trying to plot alternatives as we speak *sigh*",*sigh*,neutral,0.59460324
d35d1de986, Your post reminded me to sit something out. Looks like steak for dinner,Your post reminded me to sit something out. Looks like steak for dinner,neutral,0.59915245
da3fd9f7a9,_Milano Hey there  Thought i`d tweet you to say Hi..I have so much to write but theres no space in this little box hehe ****,_Milano Hey there  Thought i`d tweet you to say Hi..I have so much to write but theres no space in this little box hehe ****,neutral,0.4873736
b73a9c3b5b, ur not blind  i was just browsing & saw ur tweet & figured i could answer ur query plus i wanted to know too,ur not blind  i was just browsing & saw ur tweet & figured i could answer ur query plus i wanted to know too,neutral,0.6890061
cc1b4c32b2, A hungry fool. Ill probably never see that Krispy Kreme again. Had to enjoy it. They closing down,A hungry fool. Ill probably never see that Krispy Kreme again. Had to enjoy it. They closing down,negative,0.74244314
17733a04c6, i want one so bad  get one for me ?? (:,i want one so bad  get one for me,positive,0.56819314
a5a596cdd0,will just take a bath,will just take a bath,neutral,0.84302086
1c0c9599ea,"HALLELUJAH! I`ve finally finished my Careers assignment! The feeling of finishing a task is great, you have no idea. Or maybe you do. lol","great,",positive,0.9852283
1ca4cef876," o yea? awwww, how sweet!! U r good kids!",good,positive,0.9847488
7f5f8e8906,"A lovely weekend away at Kits Coty, now relaxed and well rested and ready for the week ahead.  Back on NNC in two weeks",now relaxed and well rested,positive,0.96930164
abca48e3ec,Good Morning everyone! Enjoy your day! Thinking of all my tweet friends,Enjoy,positive,0.9866527
63d187a7f5,_archie Haha it`s ok. Glad everything`s good. Happy always! Woohoo!,Glad everything`s good.,positive,0.9865022
716f38c144, Trying to fix my background,Trying to fix my background,neutral,0.63546973
02fa9b3180, oh kimmy really?  I give you one week from when you get home to hangout with me. I better get to see you. <3,. I better get to see you. <3,positive,0.6399846
f83499b834,wow tiz almost midnite o_O bedtime for me!! ha gnite gorgeous ppl  *HADtheBESTdayEVER*,gorgeous,positive,0.98386174
78c4f39b9e, Pfft. FAN THIS *helicopters imaginary penis* ....  HI DRAKE! WELCOME TO THE REAL WORLD!!!,Pfft. FAN THIS *helicopters imaginary penis* ....  HI DRAKE! WELCOME TO THE REAL WORLD!!!,neutral,0.4109473
27af5287ee,still shopping and looking for shoes now,still shopping and looking for shoes now,neutral,0.8464868
1805d9339f,"YAWN! Ow, caught a cramp  maybe I should take a nap","YAWN! Ow, caught a cramp  maybe I should take a nap",negative,0.8199029
159d70a804,Lunch isn`t until 1:00 but I`m already so hungry.,I`m already so hungry.,neutral,0.50138724
cee3508a15,shower before doctor`s appointment,shower before doctor`s appointment,neutral,0.90584916
a1451f921c, huh what the ****? Smelly? Noooo. I love alex Vixon,huh what the ****? Smelly? Noooo. I love alex Vixon,positive,0.37471184
2e0321e6f8," haha, its under 18 :@ so ive got no one to go with  curse none of my friends liking TAI lol",se none of my friends liking,negative,0.5297472
492188393e,HAPPY MOTHER`S DAY TO ALL THE WONDERFUL MOTHERS IN THE WORLD!!! myself included...,HAPPY MOTHER`S DAY,positive,0.9849968
6dbf195c34,Can`t sleep but is happy that the Fugees are keeping him company,Can`t sleep but is happy that the Fugees are keeping him company,positive,0.81655335
e3683859c5,I`m emailing my best friend Deanna with my yahoo account. Emailing is FUN.  <3,FUN.,positive,0.93913245
302a428232," it`s an awesome book, can`t wait for the film - enjoy and don`t be scared  x",enjoy,positive,0.9888632
692ef0c980," I really should put up a pic, I guess.","I really should put up a pic, I guess.",neutral,0.75728345
98c06fe4f5, its almost your birthday!!,its almost your birthday!!,positive,0.89726204
002891c4d1," Thanks!  Actually, when I first got my twitter, my pictures wouldn`t upload either. But they upload, it just takes a",Thanks!,neutral,0.47190288
77060b84b8,"rblpn   , You know, I could listen to every version of War Pigs ever recorded  ? http://blip.fm/~5z10d","rblpn   , You know, I could listen to every version of War Pigs ever recorded  ? http://blip.fm/~5z10",neutral,0.6294495
aaedfa6145, i have no phone  whatchu doing tonight sucka. no dane cook she sold the tickets. lamee.,. lamee.,negative,0.86871463
ce9d4aa128, do you really smoke???,do you really smoke???,neutral,0.72199374
5c319010e9,  night boyssss,night boyssss,neutral,0.551669
ff98a45a8f, that makes me sad for you,makes me sad,negative,0.97183007
ed57744cec,  that`s the worst dream ever. weird to think all of those thoughts are in your subconscious.,e worst,negative,0.9377284
cc61a384d8,4:15 finally home from the city.  - now time to head to sleep!!  goodnight! & happy mommy`s day to all the mother`s out there!!,& happy mommy`s day,positive,0.95916176
6093f644d8,BRAINFREEZE,BRAINFREEZE,neutral,0.7289299
09f5a4202b,"flying is falling, getting distracted and missing the ground","flying is falling, getting distracted and missing the ground",negative,0.8392052
e91ba80c0c," I wish I was there.I`ve just moved from San Diego to WA and I`m very depressed, I miss sunny San Diegoooooooo!!","I`m very depressed,",negative,0.8909253
f5fa737c6c,going to the movies with clancy,going to the movies with clancy,neutral,0.7056897
679644f5a3,Watched The Rescuers Down Under with Dru and ate Mickey d`s. This is how Disney sequels *should* be done,Watched The Rescuers Down Under with Dru and ate Mickey d`s. This is how Disney sequels *should* be done,positive,0.8281988
2fb8653b1a,"how is it, is it good?  _flora","how is it, is it good?  _flora",neutral,0.7054863
f9dbed2134, We`ve just 16ï¿½C today&cold wind..  Want it 2b like 25ï¿½ to 30ï¿½! I love hot weather! But I reaped the 1st strawberry yday!,We`ve just 16ï¿½C today&cold wind..  Want it 2b like 25ï¿½ to 30ï¿½! I love hot weather! But I reaped the 1st strawberry yday!,positive,0.9494178
978f151d0b,Sad thing is samsam loves my sexy crooked body! And she wants to **** it now,Sad thing is samsam loves my sexy crooked body! And she wants to **** it now,neutral,0.37949225
294958fe4b,workin.. still lol i wanted to go to the spring game,workin.. still lol i wanted to go to the spring game,neutral,0.4935481
f6441ae011,"I waited, listening to wind blowing through the tumbleweed? Are none of you old enough to know what to do when someone says 'Crackerack'?","I waited, listening to wind blowing through the tumbleweed? Are none of you old enough to know what to do when someone says 'Crackerack'?",negative,0.5275391
8d0d8ecf40,"Having indian food in the middle of Wales, very very typical, huh?","Having indian food in the middle of Wales, very very typical, huh?",negative,0.5077489
7952668d6e,You know that `rule` that says always point the knife away from you? Just  learned my lesson on that one! Straight through my finger!,You know that `rule` that says always point the knife away from you? Just  learned my lesson on that one! Straight through my finger!,neutral,0.4948392
d7c388d365,is wondering why no one else is following it....  C`mon people!,is wondering why no one else is following it....  C`mon people!,negative,0.6416073
bd143d953f,my last full week of school!,my last full week of school!,positive,0.54545975
1296719080, Hey Pinky I ordered some stuff from that site you gave me. I got it yesterday in the mail so pretty  thanks,so pretty  thanks,positive,0.98078454
c13c7b6550, Yes. when I was talking to you...,Yes. when I was talking to you...,neutral,0.6746453
6fe3332976,_luca LOL!  I`m glad to see I`m not the only one out there!!!,I`m glad to see,positive,0.9648021
1b2ae3ba74,"at the office, trying to solve the mystery of whose blood is that in the  bathroom toilet.... eewwwww","at the office, trying to solve the mystery of whose blood is that in the  bathroom toilet.... eewwwww",negative,0.83923537
f12e7e32ed,Okay I lied! I meant this time next week! That is sooo much longer!!  I miss my mommy...,lied!,negative,0.4668923
d31c04110f, Thanks! I was gonna make a joke and say they look just like mine!,Thanks!,positive,0.8756468
e65842707f, as to sleeping with whom ? You have your rocking sheets  I hope the smoothness is endulging can`t wait for my blankets),g can`t wait for my blankets,positive,0.77687186
751ed745aa, someone`s horsing about. Btw Hubb feels the same about twitter. He`s naming  as the other party,someone`s horsing about. Btw Hubb feels the same about twitter. He`s naming  as the other party,neutral,0.56402797
37848356ef," Poor you  Get outside and sleep in the garden, the sun will do you good. But don`t forget suncream!!!",Poor you,positive,0.689741
1a6c2fc3dc,Ahh saved from mowing the lawn by the rain  Now I have plenty of time to go kayaking. Blessed are the rain gods!!,Blessed,positive,0.9642794
619c8523cd,used a spare USB flash drive as virtual RAM for my PC. now its got 5.6 GB of memory,used a spare USB flash drive as virtual RAM for my PC. now its got 5.6 GB of memory,neutral,0.6811752
b8feb36e7e," Thanks Anita, I am looking for hosting, I will look at them too","Thanks Anita,",positive,0.76399916
780639b555,the sing store won`t work.,the sing store won`t work.,negative,0.8273061
5ca5b70c1e,It`s hella itchy!  http://twitpic.com/66m7f,It`s hella itchy!,negative,0.5771946
298de3a59e,_express i didnt get to see it tonight,i didnt get to see it tonight,negative,0.6513359
0b1c86299a, I am doing fantastic JJJ!  You? Doing your questions already? teacher`s pet!!,I am doing fantastic,positive,0.97297645
c91467994e, same thing happens to me all the time,same thing happens to me all the time,neutral,0.5072918
b6f2683196, A group of people naked  woooh,A group of people naked  woooh,neutral,0.53590065
4da09ed137,i going to go to bed & i failed miserably at booking a holiday  although i do seem to have a new follower. HIGH FIVE. X,failed,negative,0.75046396
4a2a15e1d2," oh dear.  that is terrible. however, moleskine notebooks rule. a lot.",oh dear.  that is terrible,negative,0.85276
73fd730e45, How inconsiderate!,How inconsiderate!,negative,0.94214725
bed890a926,"Can`t sleep, just laying here in the dark","Can`t sleep, just laying here in the dark",negative,0.7197738
197662a0b1, I thought every weekend was a long weekend in California,I thought every weekend was a long weekend in California,neutral,0.66293174
553ca6eef9,"90 degrees, gross skies, and thunderstorms...perfect match for my mood  lol",perfect ma,positive,0.860564
4cd6874512,SNL after party,SNL after party,neutral,0.80499613
772a06d4a6,_M Make one with something about the Charger?,_M Make one with something about the Charger?,neutral,0.9233074
36b3de415f,I love my hair blowin in the wind,I love my hair blowin in the wind,positive,0.95778835
e864a63670,Today is 777 days until LeakyCon 2011. Awesome number but I wish it wasn`t so far away,Awesome,positive,0.90545434
392988cc45,gettin ready for school my new converse come in today!,gettin ready for school my new converse come in today!,positive,0.5627126
8314a32915,Thanks for your definition of throwbie!  Editors reviewed your entry and have decided to not publish it.,Thanks,neutral,0.45258224
567d02858d," You lucky girl! I also wanna see them (again LOL) I wish they`d come to europe again, but I doubt that","You lucky girl! I also wanna see them (again LOL) I wish they`d come to europe again, but I doubt that",positive,0.69941354
3be94645ce," Hahaha...gutted !! it`s his birthday soon,so he`ll have to wait until then. haha","Hahaha...gutted !! it`s his birthday soon,so he`ll have to wait until then. haha",positive,0.62637824
506c25a8ea," Well, guess we just make a pretty great pair.  So, I don`t think our birthday date is going to happen. :`(",".  So, I don`t think our birthday date is going to happen. :`(",negative,0.4417779
f97aa1d908,is playing MYBRUTE!  follow me at: http://yhana09.mybrute.com,is playing MYBRUTE!  follow me at: http://yhana09.mybrute.com,neutral,0.66959184
81765f4a83, It`s time to be all u can be like the reserves....I lost one.,lost,neutral,0.6316911
8235ad986e,My roommate has officially started packing,My roommate has officially started packing,neutral,0.8018493
4722fdda92, I`m chopped liver.,I`m chopped liver.,negative,0.7235945
c7cc674e38, u mean VIP this time ? coz of the KBS thingy ? haha..,u mean VIP this time ? coz of the KBS thingy ? haha..,neutral,0.7342253
ec752d252e,"i wanna move to england! 'ello, i must go to the loo. i will head to my caddy,yes.' gahaha and the awesome accent.",awesome,positive,0.9131895
b39fbe459b, haha..yeah..10th of May..lol..im greeting in advance! haha,.im greeting in advance! haha,positive,0.9206921
1a93e2ea29,nice weather today in Alex,nice weather today in Alex,positive,0.97815543
c9b44fb076, - we wouldn`t miss it for the world!  ICCVB meetings  Mon-Wed....  the fun is just beginning,the,positive,0.96980405
250f3d52f1, Your second episode of Sonny WAC was on in New Zealand tonight. You were (and still are) AMAZING! ily  ****,AMAZING!,positive,0.990999
db3f82c040," Yeah, I`m not really feeling it either. Of course, I don`t like the movie line, I wish that we were getting more Animated.",", I don`t like the movie line,",negative,0.89497226
67d2038ffe,Well it`s official I have strep,Well it`s official I have strep,negative,0.7272714
3afc249c59,At wrk  ...gtta come back tonite,At wrk  ...gtta come back tonite,neutral,0.8874437
8d6efeb9d6, love you ::hugs:but i`m not seeing anything...wondering if i`m doing something wrong),love you ::hugs:but i`m not seeing anything...wondering if i`m doing something wrong),neutral,0.48464304
08525d43a9,"wow, 5 pm rolled around really fast. I accomplished only one thing on my to do list today...","wow, 5 pm rolled around really fast.",positive,0.9007491
30f67dd3bb,has just joined twitter. reeeally dont understand how to use this lol,has just joined twitter. reeeally dont understand how to use this lol,negative,0.6335419
4aca62050e,Arghhh So annoyed-yet again gone 2 starbucks & given skimmed milk instead of soy milk!! I can`t have milk so hav 2 throw away! Expensive,annoyed-y,negative,0.97363347
8667fa1b38," awww, a very happy birthday to him",happy birthday,positive,0.9900954
548456ee5c,someone has hacked into my emails!! **** off!!,hacked,negative,0.9367136
1e204c38e0, haha neither am I. It doesn`t matter though you guys do what you want,haha neither am I. It doesn`t matter though you guys do what you want,neutral,0.59285027
08119d4bf8,"seriously underrated.. `porridge`, the best breakfast in the world... ever. doesn`t need to be gloopy, as long as it is made just right","seriously underrated.. `porridge`, the best breakfast in the world... ever. doesn`t need to be gloopy, as long as it is made just right",positive,0.9380477
411c290cd7, ps- are you a doctor or swine flu paranoid??,ps- are you a doctor or swine flu paranoid?,neutral,0.6486266
a8ef265686, there`s just no air,there`s just no air,neutral,0.48144335
91fac83f2a,"would like june the nineteenth to hurry it self up, as she is waiting very impatiently to see wes carr",she is waiting very impatiently,neutral,0.73771715
b33c2276c2, Thank you very much Rex for FF,Thank you very much Rex for FF,positive,0.9822311
3abeb68f84," I should post some photos of my robots  ok - offline for 4 hours now. ttfn (oh, so IM...)","I should post some photos of my robots  ok - offline for 4 hours now. ttfn (oh, so IM...)",neutral,0.5063668
e4be2c2e6c,finally gone!!!,finally gone!!!,positive,0.7153254
80e1ce235e,  awwwww  would a virtual high five make it any better?,awwwww,neutral,0.4551076
1f5aa7e06c,"Just woke up. I dreamed I had 9 new emails! Sadly, it was just a dream","Sadly, it was just a dream",neutral,0.4734865
9bfda2465c, http://bit.ly/QQe7B  heres the link  i`ll be talking to you on hereeeeee about it during the movie (x,http://bit.ly/QQe7B  heres the link  i`ll be talking to you on hereeeeee about it during the movie (x,neutral,0.55149674
164ccb0be6, Around better..  How are you ?,better.,positive,0.5810946
4d2ccc71fa,Is feeling like he has a bad flu. Yes. Bad. Flu.,bad,negative,0.92892873
3f18be4244,'To boldly go where no one has gone before...','To boldly go where no one has gone before...',neutral,0.66720307
4c2307c237, i love cobra starship!!  thanks for the suggestion!,i love cobra starship!!  thanks for the suggestion!,positive,0.99212766
5aa550463f,Beer pong and dubstep. Good nite,Good nite,positive,0.890666
5eba1ba6db,2 hours 3 mins left.....THE PRESSURE!!!! We need to hurry  #48hours,PRESSURE!!,neutral,0.45111424
c208d6d90c," i suppose this will be in the blog post, but could u email me who was there too","i suppose this will be in the blog post, but could u email me who was there too",neutral,0.9041695
ac06b906ca, http://twitpic.com/4fzo7 - you both have so beatiful eyes  i wanna have them,you both have so beatiful eyes,positive,0.95888174
820451eed0,So many tests todayyy  I don`t feel confident about anyy.,I don`t feel confident,negative,0.8265994
784e38a226,WHY DO I EVEN TRY... WHEN DEEP DOWN INSIDE I KNO THERE PAIN ON THE OTHER SIDE,WHY DO I EVEN TRY... WHEN DEEP DOWN INSIDE I KNO THERE PAIN ON THE OTHER SIDE,negative,0.85251087
f1dfa8c291,just woke up. Happy Mommy`s Day to everyone`s mom and grandma!,Happy Mommy`s Day,positive,0.98578984
61fed6b5e6,my arms hurt!,my arms hurt!,negative,0.90018517
ad5c415ebe,just seen 1 of the fat single Mums from up the road 'seductively' sprawled across some poor blokes bonnet. He probably needs new shockers,sprawled,negative,0.9405138
c7265899d4,well...gotta grab at least an hour and a half sleep before the girl`s get up for school...gawd the life of multi-taskin`  night/mornin`,.gawd the life of multi-taskin`  night/mornin`,neutral,0.58061534
44be6be659, THANKYOU!  <3 iloveyoutwoooo,THANKYOU!  <3 iloveyoutwoooo,positive,0.98185456
17937ee5a2,"Fantastic weekend - hairdressers, stylish luncheons & a Fabulous girlie night with wine, cheeses & chocolates...And dancing till morning",Fabulous,positive,0.97447634
2c6c810c8f,is very disappointed that cadbury chocolate blocks got smaller,disappointed,negative,0.9168561
bcb28eb780,happy mum`s day! i kinduhh have a major crush on alex johnson from the cab,happy mum`s day!,positive,0.94243234
7fda4a82de,i think i just good stood up...,good,positive,0.7604154
d429a12c9a,_cupcakes  sometimes plugging it into 240 can fix problems..,can fix problems..,neutral,0.5078788
5f52d8a404,watching supernatural  those boys can hunt me any day <3 haha,watching supernatural  those boys can hunt me any day <3 haha,neutral,0.5384111
a7c53e5ad1," Lakers, baby Lakers!! I`ll miss the game tmwr. I have to work  you`ll have to keep me posted please",I`ll miss the game tmwr.,negative,0.56634957
192886d68a,Y CANT WE ALL JUST GET ALONG,Y CANT WE ALL JUST GET ALONG,neutral,0.54275054
953a4256ca, Love **** Magix it`s cool!!... great rhythm!!!,great,positive,0.9909559
e8a29e6fc2, Thanks madam.. you`re lucky coz you had a wonderful dog.. and sooo cute...,you had a wonderful dog.. and sooo cute...,positive,0.98747885
840b295204,man.....i`m at a loss for words.....looks like i`ma get an unexpected graduation gift.....in a good way,man.....i`m at a loss for words.....looks like i`ma get an unexpected graduation gift.....in a good way,positive,0.9501391
f596468fa2,My brother just woke me up to help him with his homework. I`m not happy,I`m not happy,negative,0.8715579
c802e484ca," yes unfuzzy, i prefer the fuzzy me and clear caleb..  wanna turn back the clock!","yes unfuzzy, i prefer the fuzzy me and clear caleb..  wanna turn back the clock!",positive,0.6602938
ffde7f3523, my gut feel says its gonna be a boy ababa,my gut feel says its gonna be a boy ababa,neutral,0.86028355
77c2830964,GAH! I have the headache from hell. Reminds me what my lovely wife goes through all too often,GAH! I have the headache from hell. Reminds me what my lovely wife goes through all too often,negative,0.9194134
2691c4788f, Got it! Your in the rundown.,Got it! Your in the rundown.,neutral,0.6064709
f7797f690e,Learned a lesson the hard way. Lost my USB stick and backup was a month old,Learned a lesson the hard way.,negative,0.8190598
14adcc6638,I just want  to Sleep.,I just want  to Sleep.,neutral,0.46761906
7075712d75," Like your pics, Lucky Girl, again",Like,positive,0.5927822
290b3239cb,urban think fail. chai latte is not good there,chai latte is not good,negative,0.93688333
ef4135d3b2, don`t have one yet  but hopefully I`ll be ponying up for one soon because this 15' is definitely hitting a wall,don`t have one yet  but hopefully I`ll be ponying up for one soon because this 15' is definitely hitting a wall,neutral,0.48692548
738907f5cf,Off to Woolsery this morning to (hopefully) see North Molton U16 clinch the North Devon League title. Lovely day for it,Lovely day for it,positive,0.9753371
0efeea7712,says I`m tutoring my cousin!  http://plurk.com/p/rpp57,says I`m tutoring my cousin!,neutral,0.67496127
e372f65126,Feeling pretty tired and lonely,Feeling pretty tired and lonely,negative,0.86428666
a006ba3a9e,I was looking forward to seeing  in Raleigh (fan for 10 years NB too) but scalpers took the tix and sell them for $200  morons,looking forward,negative,0.7138505
68291c52bd, Thats ok  Yeah I had a good night thanks. Glad you did too. Hope you enjoy your BBQ,s. Glad,positive,0.9838067
9e1358c201, cuz airlines are super lame.,lame.,negative,0.9383579
d35979e534,I honestly feel like I`m not healing or getting any better. This is not good,This is not good,negative,0.9604265
a69b93abf7,   ...Thank you Mr. President!....,...Thank you Mr. President!.,positive,0.96868783
abf2bca2cf,"Watching NHL playoff Game1 tomorrow night if anyone is interested, and I know that none of you are.",know that none of you are.,neutral,0.56484246
68d668ba5c, just a question.. are you guys liek famous or anything ? haha and MILEY FOLLOWED YOU LUCKKYY ! im so jealous,just a question.. are you guys liek famous or anything ? haha and MILEY FOLLOWED YOU LUCKKYY ! im so jealous,negative,0.65417147
a70b42ea70," Yes, and I really hoped to do one last gas price story... but I guess it wasn`t meant to be!!!","Yes, and I really hoped to do one last gas price story... but I guess it wasn`t meant to be!!!",negative,0.5698976
258161cfed,@ the San Antonio Missions game waitressing. Not a huge crowd.  Meaning a slow game.,@ the San Antonio Missions game waitressing. Not a huge crowd.  Meaning a slow game.,negative,0.6650568
0c749a789b, Doing okay. How are you doing?,Doing okay.,positive,0.61868024
0a82cc1b04,was gonna go to my brothers show but still feeling like poo :**(,poo,negative,0.93265253
5ed82bcd28,...No more adventure time,...No more adventure time,neutral,0.62418336
0510b41b20, Sorry to hear ur flight got cancelled  that blows!!!,Sorry,negative,0.9343283
bfaa00b2d5," my husband wears the same shirt all the time, think you can send some of that this way??","my husband wears the same shirt all the time, think you can send some of that this way??",neutral,0.7632971
02e31df8bc,finally made it to phoenix!  I am home.,finally made it to phoenix!  I am home.,positive,0.86782366
82f2011b1f, Awake. Suprisingly. Couldn`t get to sleep last night so gave up and pulled an all-nighter.  How are you?,Awake. Suprisingly. Couldn`t get to sleep last night so gave up and pulled an all-nighter.  How are you?,neutral,0.56376433
54e151f770,": I saw US Postal was hiring, but once I was done filling out the pre-application thingy it didn`t show me jobs open in the area.",didn`t,negative,0.507329
f2f27ff751," mmm, athletic!!","mmm, athletic!!",positive,0.5912746
71a1ab4e75, aw ****. ok i got you for tuesday on that. i gotta write a short post for today tho,aw ****. ok i got you for tuesday on that. i gotta write a short post for today tho,neutral,0.7220426
045156d359,I need to get it together before Ricky gets home. He is not going to be pleased about me breaking up this **** bathroom,not going to be pleased,negative,0.9018772
12c66e5bd6,Watched Wolverine yesterday ... a spur of the moment kinda thing. Awesome! So proud that a South African director did that,Awesome!,positive,0.9889121
c55c6e4ca2, Charlie Brown  What are you doing today? What time is it??,Charlie Brown  What are you doing today? What time is it??,neutral,0.8859302
af547b4fe2," It felt nice, but staying outside for too long and your definitely getting burned! Hurricane season is here though",getting burned!,neutral,0.42091805
3ee7ec9284, lmao I need a shopping partner today.,lmao,neutral,0.6592684
6eba89f00f,#fieldnotes I ordered some on the 8th and they still haven`t arrived. 3 weeks and still no books,I ordered some on the 8th and they still haven`t arrived. 3 weeks and still no books,negative,0.85585517
09045af38f,The Veronicas are gonna rock the stage tomorrow  HAPPY MOTHER`S DAY EVERYONE!,HAPPY,positive,0.9902772
7d5d3fba8f,: Chillin` at home-watching a movie on tv & making some 'healthified' streusel coffee cake.,Chillin` at home-watching a movie on tv & making some 'healthified' streusel coffee cake.,neutral,0.6623207
d59ad66afd, Follow me honey,Follow me honey,neutral,0.7265596
bc91a8792a,Summer Glau to appear in Dollhouse next year http://tinyurl.com/mnrezc... I still can`t believe they won`t renew TSCC,. I still can`t believe they won`t renew TSCC,negative,0.5313942
515339c60c,Running errands with my little man. Maybe he won`t act like a 3 year old today.,Running errands with my little man. Maybe he won`t act like a 3 year old today.,neutral,0.5684734
53b14581b6,playing the game of watching straight people hook up but can`t leave because of another reason,playing the game of watching straight people hook up but can`t leave because of another reason,negative,0.48473647
7334eae191,its after 12 an man is texting me telling me that he wants to come over.i say i`m tired..lol..da punk says he`ll bring me redbull and KFC,its after 12 an man is texting me telling me that he wants to come over.i say i`m tired..lol..da punk says he`ll bring me redbull and KFC,neutral,0.62483317
ebe2c51f25," Oh yeah, i`m the poorest person of all. But i shouldnt joke about that, poor other people",poor other people,negative,0.7894826
afa1d71993,good 1km visible shot of TD one shows total decoupling of the low and mid level centers....this system is DEAD!! Waiting for the next one,system is DEAD!!,neutral,0.3790284
f1b28a8ff4,Placed a $2 bet on a sure thing and lost.  no more betting for me!,Placed a $2 bet on a sure thing and lost.,negative,0.6580109
21d8de348a," awww  no problem , sorry for tha loss","awww  no problem , sorry for tha loss",neutral,0.5622048
ccc9e839ff,May the 4th be with you! Hahahaha that`ll neverrr get old,Hahahaha,positive,0.9601677
fc3ba4e2f4,"today was alot of fun. i love my family ,sammy hernandez and caitlin hughes.  goodnight!",alot of fun.,positive,0.9926837
437b6a1dad, I`m good! thx.  and how are u? what are u doing?,good!,positive,0.92466855
b968134f64, Only Tao in the summer?? That is not many,Only Tao in the summer?? That is not many,neutral,0.63131344
63b8e0b10d,New baby doing well.  I will be attempting to do some more 'painting' this weekend.,doing well.,positive,0.8289629
c927ef5688,i miss my boo  on another note im soready for this game to come on tonight...fox grill anyone???!!,miss,negative,0.70103145
67c7ea60e7," thanks for following, it means a lot to me  i love hey monday!",thanks,positive,0.9930058
b295681428," Good morning! Aww, sorry that you were stuck in the airport for 12 hours!!","Good morning! Aww, sorry that you were stuck in the airport for 12 hours!!",negative,0.49873394
41f8d8526a,Ahh im in love.  hes theeee best.,best.,positive,0.9895097
83b3194944, He`s been doing my makeup for YEARS... long before Tyra stole him away from us.,stole him,neutral,0.62859046
b6b4a2dc0b,is cheering on the Arsenal Ladies!!    and missing my M...x,is cheering on the Arsenal Ladies!!    and missing my M...x,positive,0.501817
e0a040e869,"Coming to the end of a looooong day. Good new is, I got everything done! Bad news- I gotta wake up @ 4:45am tomorrow for work!","the end of a looooong day. Good new is, I got everything done! Bad news- I gotta wake up",positive,0.7521927
54cc413898, No I LOVE Jordie`s version as well as Joe`s and Donnie`s ALL 3 are DIFFERENT,o I LOVE,positive,0.9450891
51d330efa0, hehe i will never thorw out these shoes  i`m listening to varsity fanclub surprise surprise  sway sway baby is awesome,hehe i will never thorw out these shoes  i`m listening to varsity fanclub surprise surprise  sway sway baby is awesom,positive,0.9642851
ea0c7eba01,Missing you all deeply,Missing you all deeply,neutral,0.5241077
c2f87244a7, Hello  ...hehe yup we sure do ...lovely to `see` you ****,..lovely,positive,0.95793873
f7d1a18940, You should direct your 'wanting to invest in ' questions to  or .  They are the big cheeses.,.  They are the big cheese,neutral,0.6300844
d5d6f9f333,Bar exam madness:  topic for today is torts,Bar exam madness:  topic for today is torts,negative,0.56299675
4864b4140b,good morninï¿½everybody  happy mothers-day to every mom,good,positive,0.9704808
101dfe50be,Mourning Venus` Third Round Loss....,Mourning,neutral,0.7136013
a2df0356b5,"after 4 years of trying, my cat today figured out how to open the under-the-sink cupboard.  time for a target run to buy safety locks","after 4 years of trying, my cat today figured out how to open the under-the-sink cupboard.  time for a target run to buy safety locks",neutral,0.5158396
cbd4e17817, apparently a looong time seeing as they seem to be everywhere except LA,apparently a looong time seeing as they seem to be everywhere except LA,negative,0.47420147
293144381a, But...but...I`m not!,But...but...I`m not!,neutral,0.57352036
ef44d98255, I could have bought a Vespa with the amount of money I just spent,I could have bought a Vespa with the amount of money I just spent,neutral,0.5433012
a2cae23c14, OHH. haha ok thanks,OHH. haha ok thanks,positive,0.9145636
74fac6a000, the idiom?? doesn`t ring a bell eh? hahaha. y`are really thinking of food?! nope. actually in the bathroom. teehee,the idiom?? doesn`t ring a bell eh? hahaha. y`are really thinking of food?! nope. actually in the bathroom. teehee,negative,0.45289847
8406eff797,mufasa!!!! warriors or the OCEAN!  hahahahahaha,hahahahahaha,neutral,0.51371473
51ea9cf555, that`s a brilliant idea! only one buzz though,brilliant,positive,0.93594223
c2e9fb87d1,had a very interesting day yesterday... wondering if today will be just as crazy. Hope not. Still diggin` Spartacus!.. aka: Mike-E!!!,had a very interesting day yesterday..,positive,0.9764251
dd7d2aeb08, That`s not how we share links on Twitter  Yours is http://bit.ly/QljYb and you can view your stats at http://bit.ly/info/QljYb,That`s not how we share links on Twitter  Yours is http://bit.ly/QljYb and you can view your stats at http://bit.ly/info/QljYb,neutral,0.5548202
32bb4372f3, i live in manchester england but still have never been to london,i live in manchester england but still have never been to london,negative,0.6753936
a091c70518, I wish I was able to talk to you.,wish,neutral,0.59606767
f8feed112e," As much as I loved Texas, my dislike for needles could interfere.","As much as I loved Texas, my dislike for needles could interfere.",negative,0.5856355
8f042c6680,I have so much stuff in my car that I can just feel my MPG going in the toilet.,I can just feel my MPG going in the toilet.,negative,0.71783537
1fe88356c8,OMG disco is PACKED!!!,OMG disco is PACKED!!!,positive,0.74971455
d3547739ab,is still pretty depressed about losing her hello kitty necklace,is still pretty depressed ab,negative,0.82695365
fd4974c9d9, I am definitely ready... actually ahead of you... I already have a sun tan and I was out at the beach yesterday.,tan,positive,0.95089
f681673994,Another night of not sleeping,Another night of not sleeping,negative,0.7450066
50663bddce, no deal I want it as well as my netbook and iPhone please,no deal I want it as well as my netbook and iPhone please,positive,0.60650957
7e3ff5d751,in 7-11  w/o you,in 7-11  w/o you,neutral,0.83049005
e8c188f209," thks 4 the follow, and  tweets, i returned the love",thks,positive,0.93703324
6b79fe4cf1,did I mention my BF bubbled the WSOP employees event after 12 hrs with AA  Working doubles  now for the next 6 weeks,did I mention my BF bubbled the WSOP employees event after 12 hrs with AA  Working doubles  now for the next 6 weeks,neutral,0.8174332
9eec86e5e4,had a great day,had a great day,positive,0.9820562
ecc8f06172,"Yay, I won at the  Bags #Giveaway from . And those bags are so pretty!! Or maybe I`ll have a belt? We`ll see!",won,positive,0.9885225
14a108741c,is excited. Lots of good things happening work-wise here in Melbourne,good,positive,0.99093467
fcaa26659d, F...you very very much  willkommen im Twitterland,F...you very very much  willkommen im Twitterland,neutral,0.5781174
01b2df5d26,"  Yah, they have footlong sausage too mah. But Halal place..piggy sausages are bigger","Yah, they have footlong sausage too mah. But Halal place..piggy sausages are bigger",neutral,0.68289596
9dcbe49b8c, How about I make some more and bring u sum?,How about I make some more and bring u sum?,neutral,0.86470634
090ce33e5a,  I doubt it! Boo! You always leave me behind on your awesome roadtrips!,! You always leave me behind,negative,0.40502575
f1cfd24532," thanks lovely, will let you know when its up and ready! The baby havs are gorgeous, I want something to put in them  x","gorgeous,",positive,0.98725605
6cee1fabb2,"_weber I wrote a leadership essay abt its founder. The expansion didn`t went well, tried to break in America. Lots of money burned.",burned.,negative,0.860291
4f55b4f1e8,"The internet is just being a big fail for me today-- not only is Twitter its usual semi-flaky self, but Facebook and VRBO.com, too  Boo!","The internet is just being a big fail for me today-- not only is Twitter its usual semi-flaky self, but Facebook and VRBO.com, too  Boo!",negative,0.9688516
341f7e4679,"So proud of cg, took 5 yrs in the making to get that number 1 spot  gnight twitter bugs...time to read myself to sleep.","So proud of cg, took 5 yrs in the making to get that number 1 spot  gnight twitter bugs...time to read myself to sleep.",positive,0.89497656
67de9faf36,SCHOOL IS FINALLY OVER NO MORE TEST OR WORK YES!!!!!!! But im gunna miss alot of ppl,SCHOOL IS FINALLY OVER NO MORE TEST OR WORK YES!!!!!!! But im gunna miss alot of ppl,positive,0.4184714
dc366bbca5, hahahah lols you have fun with that aye  i had the div too ) the experience but i love my spongebob ) (L),fun,positive,0.9557982
b4c87c4270," woo! I was at whole earth tonight, maybe tomorrow some, let me know if you come back. Yay for wikipedia","woo! I was at whole earth tonight, maybe tomorrow some, let me know if you come back. Yay for wikipedia",positive,0.93592495
129bec0a6c,just ran through the rain,just ran through the rain,neutral,0.80837303
b977536dfe," Indeed plenty of jokes to be had  Lying on bed hoping it`s going to free up, I`m on Jury service tomorrow...",ed hoping,neutral,0.44679618
c24a303df8,Going home. Hope one of you out there saw the play.,Hope,neutral,0.58723086
987792cb26, lol. u got AC right? u know it`s getting chill here again...  n its gona rain tmr,lol. u got AC right? u know it`s getting chill here again...  n its gona rain tmr,positive,0.511965
06375b4519,ConGrats to all Graduates! Such a Beautiful thing & Big Deal! I wish i cudve attended my lil man Ryan Kdg Graduation..  Feel verY Sad!,ConGrats to all Graduates! Such a Beautiful thing & Big Deal! I wish i cudve attended my lil man Ryan Kdg Graduation..  Feel verY Sad!,positive,0.9676696
16c294eb62, Come online! I need someone to talk to,Come online! I need someone to talk to,neutral,0.69533986
56a33d7f14,Brand new is playing at the epicenter in July when I`m in NY. Jesse lacey why do you hate me?,Jesse lacey why do you hate me?,negative,0.77214015
dfe3d6843a,Happy Mother`s day to all mum`s in america,Happy,positive,0.983148
cbcaedb94a,Going to Leeds,Going to Leeds,neutral,0.9220594
1b12bbd2f4," i did dat 1 time & my boss text me saying, 'tweet me n my office after dis tweeting is ova!' i havent dun it since.","i did dat 1 time & my boss text me saying, 'tweet me n my office after dis tweeting is ova!' i havent dun it since.",neutral,0.70564395
fffdc4901b, this traffic is ridiculous im may not make it,ridiculous,negative,0.97413075
69a7d459aa,Saw a black snake in the garden.  Went back for a picture and it was gone,Saw a black snake in the garden.  Went back for a picture and it was gone,neutral,0.6631219
79e399ecd5,god assignments are stressful ! but its finished now lol and im off to bedd,stressful,negative,0.45494422
8eeb4568dc,graandma`s houseee  i havee too leave now! <3,graandma`s houseee  i havee too leave now! <3,neutral,0.72691125
5f8b0ff766,"I lost 4 followers over night, nobody likes me",nobody likes me,negative,0.9330784
cd3f24ef0d,I jus planted a garden in my backyard,I jus planted a garden in my backyard,neutral,0.6913721
fb0a0d83f8, i have started saving my Tumblr drafts because that happened to me this week and i was so sad,so sad,negative,0.687211
a6e4140bf8, I GOT UR BACK @ BABY!! much love to ya!,much love to ya!,positive,0.98071116
9a7a0d0a96,"Hey Oprah just watched the show with Hugh Jackman, I love him too, he is so sexy","I love him too,",positive,0.9889276
b8c50468be, just called me a cheeseburglar. He made me sad,He made me sad,negative,0.95729613
85ad8e90ff, Well I`m obsessed w/all of them - but I watched the first one again last night  glorious! where can i get a wand?,Well I`m obsessed w/all of them - but I watched the first one again last night  glorious! where can i get a wand?,positive,0.96392405
e89447b599,Music soothes the soul...,Music soothes the soul...,positive,0.90287656
28b16f6645,"Up early so washed and waxed the car. I`m sure the neighbours think I`m mad, I wash it nearly every week.","Up early so washed and waxed the car. I`m sure the neighbours think I`m mad, I wash it nearly every week.",neutral,0.5261648
78a56da509,CoNvErSaTiNg,CoNvErSaTiNg,neutral,0.7026907
60e4b897b2,I`m gonna wear my new purple converse today,I`m gonna wear my new purple converse today,positive,0.73219585
9960e17906,happy mother`s day to all the mothers in the world.,happy,positive,0.98177713
d36ddc0e2c,sun - where are you?,sun - where are you?,neutral,0.8530012
94e82576b0,I think I`m going to go outside and have a very John Cage moment   Music majors rejoice!,c majors rejoice!,positive,0.96740127
147095827b,Guess I`m on Twitter now!,Guess I`m on Twitter now!,neutral,0.7365016
2fa2ad81ea,ugh... hangover. sign that i`m getting old,ugh... hangover. sign that i`m getting old,negative,0.9005971
32a2a230e8,Steve Aoki  sorry. May b nxt time.,sorry.,negative,0.5022109
7da7e0151a,"sigh, my sisters bein strange.. she came all the way from copenhagen to london, and now her phones turned off.. i wanna see her dammit",dammit,negative,0.8348359
1f09ff202f,"It has been 24 hours now, since I had my dog put to sleep.  RIP my old friend.",RIP my old friend.,negative,0.80766433
cc537a6861,"Hey Fused Gaming, FusedGaming Forums have been delayed until 9PM PT/12AM ET tonight... sorry   (abean2007 live > http://ustre.am/1ntp)",sorry,negative,0.6436476
1e1a812740,didn`t know the statue in the Venetian was a real man and screamed so loud everyone laughed,didn`t know the statue in the Venetian was a real man and screamed so loud everyone laughed,neutral,0.48820353
5a853f91d9, Darn. No bacon,Darn.,negative,0.79786754
13acc5bd3e,Pissed I  fell asleep before I pushed `record` and missed !!,Pissed,negative,0.82762897
6224215e76, that was funny! LOVED IT! I almost fell for it. Haha,LOVED,positive,0.98852855
6807f665c1," I will tweet you sometime tomorrow, anothe busy day! Goodnight **** Chickie! LOL!",Goodnight,positive,0.8532933
11aa37b79a,I`m sure all you people with hangovers will be glad to know I`m hangover free   hope you`re not too fragile this morning!,I`m sure all you people with hangovers will be glad to know I`m hangover free   hope you`re not too fragile this morning!,positive,0.8991393
1c08d7fa2a,_ENVY how come you dont think you did good?!,_ENVY how come you dont think you did good?!,negative,0.75902367
d2e0aac594," Hey gio, you are beautiful! I am Brazilian and I love you hahahaha! Please answer me  ****",you are beautiful!,positive,0.98917305
d50cc34485,Office til around 6 today. Good day yesterday...I have a BSc now,Good,positive,0.9640613
b0e8c8fe29,Poor Johnny is sick   Looks like he`ll be going to the vet tomorrow,sick,negative,0.8919381
198f640361, - redbull has the same amount of caffine in it as a cup of coffee. You`re theory is quashed Nicola,- redbull has the same amount of caffine in it as a cup of coffee. You`re theory is quashed Nicola,neutral,0.49287203
47dda1598f,"Enough studying,whew... Time for sleep","Enough studying,whew... Time for sleep",neutral,0.7249394
2b5dfb77cc,I`m not! They frighten me to death............I just like to see all the boys in their leathers!  ;) We go every year. Brilliant atmos!,They frighten me to death...,positive,0.6478185
10b4d6afa7, aww i`m sorry   glad mommy took care of you. erin is in for some fun if there`s a bug on you in colorado,aww i`m sorry   glad mommy took care of you. erin is in for some fun if there`s a bug on you in colorado,neutral,0.45851675
97453e7942,"We are on the slowest train ever, it stops everywhere. Missed a quick train by a few minutes","slowest train ever,",negative,0.92185026
f6ca01f51e, Hey - Thank you!x and You`re Welcome! Must say - I love to travel and where are you at the moment?!x,I love to travel,positive,0.9899761
d97cf56929,yeah but i was trying to send a msg to you  :S also trying to put a pic on but it aint happening   do they have to approve it or summit?,but it aint happening,neutral,0.56480044
94b52e1353,Almost dun choreographing the dance,Almost dun choreographing the dance,neutral,0.59423494
43148dc106, aww...you`re such a softy...I can only imagine you a mess of tears at your own wedding...you won`t even be able to talk,aww...you`re such a softy...I can only imagine you a mess of tears at your own wedding...you won`t even be able to talk,negative,0.9518222
a251e915cd, aww i hope it does fly by because JT episodes are usually really good (and it`s early but so far this ep hassn`t disappointed),aww i hope it does fly by because JT episodes are usually really good (and it`s early but so far this ep hassn`t disappointed),positive,0.90227515
563b51f74f,My lower-left molar stings whenever it comes into contact with sugar of any sort,My lower-left molar stings whenever it comes into contact with sugar of any sort,negative,0.8771703
49bbcd6f70, Just left you a message! Hope you get it,Just left you a message! Hope you get it,positive,0.76073897
18058a3905, Not any more.,Not any more.,negative,0.68809754
6b7bef8170," o_O thats cool. Dang, iHave to clean my room now  lol, but good luck w/those jobs gurl",t good,positive,0.9617754
6a009fcfb5,ah remember the days when you`d sleep in until noon? well guess who did that today? god i feel like a loser,loser,negative,0.910639
1a427d2519, that`s what i was last night,that`s what i was last night,neutral,0.84818655
aa5570bc13,happy mothers day to all..,happy,positive,0.9843018
d1d39ce1b0,Link per my daughter  us.mobile.reuters.com/mobile/m/AnyArticle/p.rdt?URL=http://www.reuters.com/article/bigMoney/idUS1284981420090508,Link per my daughter  us.mobile.reuters.com/mobile/m/AnyArticle/p.rdt?URL=http://www.reuters.com/article/bigMoney/idUS1284981420090508,neutral,0.82113826
42f27b3533,Back to work I go....,Back to work I go..,neutral,0.6773241
45fcd2f49c,"If anyone needs help with images, let me know and i will convo you the forum`s link",i will convo you,neutral,0.84952384
f76c11b871,loving Mondays for so many reasons!,loving Mondays,positive,0.9798967
a8e7d5534e,my twitter looks funny  someone help!,my twitter looks funny  someone help!,positive,0.84072006
9485b7254a,Missing the shotgun match because I was guilted into going to the store with the wife.,Missing,negative,0.5874155
827aab77f0,: So wonderful to spend Mother`s Day with my mum.,wonderful,positive,0.990328
a8e429af0b, the trailer has been removed  i have a look and see if i can find it somewhere,the trailer has been removed  i have a look and see if i can find it somewhere,neutral,0.70435876
b81581a2b8, anywayss to the point i am dying to spend my summer over there or somewhere hot with you guys,anywayss to the point i am dying to spend my summer over there or somewhere hot with you guys,positive,0.4897397
a25dafc526,Happy mother`s day everyone! still playing pet society!,Happy,positive,0.98287946
ffc22c9e6a,goodnight everyone.,goodnight everyone.,neutral,0.49576965
b885f6f130,everyone get #buckonellen one of the topic things!,everyone get #buckonellen one of the topic things!,neutral,0.61603457
90301a215a,"Nice place to eat in sao paulo, brazil  http://twitgoo.com/28hh",Nice place,positive,0.93642664
2e82f744b5,Hugh Masekela pix online + Contern - T71 pix + review @ http://clada.lu -> coming up next Naturally7 Concert this evening,Hugh Masekela pix online + Contern - T71 pix + review @ http://clada.lu -> coming up next Naturally7 Concert this evening,neutral,0.9362762
b9432a8b57,   Woot! lol  It`s gonna be hard to send this one back,Woot! lol  It`s gonna be hard to send this one ba,neutral,0.4210905
0f884cde06," MARRRRRRRRRRY ME! <3 have fun partying tonight, have a drink for me, if only i was 18 i wud come there just to see you!","have fun partying tonight,",positive,0.9690562
c86a33c572,follow friday.. follow me coz i only have 26 followers...  (it`s not 2am),follow friday.. follow me coz i only have 26 followers...  (it`s not 2am),neutral,0.48875058
eee228938f, check out the Conchords `Business Time`,check out the Conchords `Business Time`,neutral,0.9098537
8779389714,elliott claims steak and shake has been doing this for months...not exciting anymore...,not exciting anymore...,negative,0.8989977
7cd9265bcb, aww you poor thing  hope all goes well!,poor,neutral,0.40666702
f2a8855666,"#MQM has opted to strike, May 12th - Altaf bhai to unveil what really happened in #Karachi  http://tinyurl.com/c73ehq","has opted to strike, May 12th - Altaf bhai to unveil what really happened in #Karachi",neutral,0.8285885
a8f8f99014, it took me months to understand your avatar,it took me months to understand your avatar,negative,0.6633886
82c7cbc625, I`m not a hobo.,I`m not a hobo.,neutral,0.72449076
efd78b92bc, blogtv was fun! can`t wait til next time,blogtv was fun! can`t wait til next time,positive,0.98550826
0439ac45ae,_G yup - that`s where I watch all my movies,_G yup - that`s where I watch all my movies,neutral,0.62266916
ec77489ec0,http://twitpic.com/4wbn6 - my hubby and his adoarble baby brother,adoarble,neutral,0.6462737
aae7e9f28c,#HappyMothersDay to all the moms out there,HappyMothersDay,positive,0.97952354
57617c4635,May the 4th be with you,May the 4th be with you,positive,0.86078244
c5fc8c2144,  Make sure ur plantin next to the water in the soil,Make sure ur plantin next to the water in the soil,neutral,0.82778937
e2d180caee,i really wanted to go to surfers today,i really wanted to go to surfers today,positive,0.87485176
3bfc081945, what about Your Body by Tom Novy or Voodoo Child by Rogue Traders. They are from 04/05. Good memories from these songs,Good memories,positive,0.84761906
d8a37a6581," yeah but there are like 5,000 types of snakes..and it`s wicked wicked wicked hot...and idk. i don`t think i`d like it",i don`t think i`d like it,negative,0.9210534
7845e97050,__  that`s not good! hope you get better soon and good luck with the exams!,__  that`s not good! hope you get better soon and good luck with the exams!,negative,0.54206705
2cfb8a9949,_Da_Realest hehe hell. I`m finna qet to drankin DAMNIT.,DAMNIT.,negative,0.73964554
cf69c89694,"Tomorrow is Mother`s Day! What did you get for your moms?! If you don`t have a gift, just tell her that you love her.","Tomorrow is Mother`s Day! What did you get for your moms?! If you don`t have a gift, just tell her that you love her.",positive,0.84983796
006e547145, hey we were doing the same thing this weekend! but it was for the kiddos...gotta love ikea,..gotta love ikea,positive,0.96805286
333faacb0a, look at my background that`s how I want my future date to be like  (well if I ever get him).,look at my background that`s how I want my future date to be like  (well if I ever get him).,neutral,0.5474723
503f922c94, hypnotyst .... hmmmm... i should beware..,beware.,neutral,0.5494892
2fb0cbb901,Officially Mother Day here HAPPY Mother Day to all the MOMS,HAPPY Mother Day to,positive,0.9870781
d1f48ee9a7, maybe one day I can be on your favorite producers list  lol,I can be on your favorite producers list  lol,positive,0.839245
473c0c0597,"today is maintenance day for me, my flat and my blog...yeahhhh a lot of little works","today is maintenance day for me, my flat and my blog...yeahhhh a lot of little works",neutral,0.5753992
79ca8cda65,Invisible car helps to boost recycling. Honest   http://twurl.nl/fdgmyo,Invisible car helps to boost recycling. Honest,positive,0.8391259
f755a1a417,Its payday! Yay! For all the good it does. Bills bills bills....I`m broke again already,Its payday! Yay! For all the good it does. Bills bills bills....I`m broke again already,positive,0.707392
f4d598708e,Listening to `Fountain of youth` by Supastition  http://x.imeem.com/KPEQpG7vUY how ive been feeling about music these days,Listening to `Fountain of youth` by Supastition  http://x.imeem.com/KPEQpG7vUY how ive been feeling about music these days,neutral,0.7346844
ba3faa628a,Cat is anxiously watching wild turkeys in my back yard....I think they have their eyes on my bunny rabbit,I think they have their eyes on my bunny rabbit,neutral,0.692877
1c9038743d, ****  real sorry to hear that ma,l sorry,negative,0.83382535
6ae1037d55,  you should enter the giveaway then!!!! who couldn`t use $25...I know I could,you should enter the giveaway then!!!! who couldn`t use $25...I know I could,positive,0.66405624
e01143024f,Dads should ask their 22 year old sons before drinking.,Dads should ask their 22 year old sons before drinking.,neutral,0.6316954
63f9663b40,"Scary lightning and thunder  I`m glad it`s over now. Going to sleep, I hope I`m not late to school tomorow again. Haha",glad,positive,0.7753943
7fe0f30dad,Just updated #Tweetie and open in browser is still broken.,broken.,negative,0.7734854
21ec31b1c8, Nice we didn`t see the fireworks but we sure heard `em,Nice,positive,0.61140114
604d00a149,  .... It was just alriiightt,.... It was just alriiightt,neutral,0.7764031
233dc2744d, enjoy NOLA definitely one of my favorite cities in the world. Please have a beignet with chocolate for me,y one of my favorite cities in the world.,positive,0.98864895
8bb5b9362f,"California`s budget deficit (now at $24.3 billion) means big problems and lots of cuts, including 220 of our state parks",problems,negative,0.8522325
caf0f8cbb9,"Back from the gym, just checkin` email. Gonna go watch an old movie or something. It`s a little cool out to sit outside and read!","Back from the gym, just checkin` email. Gonna go watch an old movie or something. It`s a little cool out to sit outside and read!",positive,0.93872833
b7bd03dcfc,Top cashier at work today! woot woot! now off to have a drink...,Top cashier at work today! woot woot! now off to have a drink...,positive,0.9531634
debd857cf2,WGN is playing old episodes of Rocky & Bullwinkle. Fractured Fairy Tales for the win,WGN is playing old episodes of Rocky & Bullwinkle. Fractured Fairy Tales for the win,positive,0.54864275
fd373ddf1f,"I woke up at 5:45. Didn`t have a full bladder, wasn`t sick... And to top it off, I went for a run. Now I wanna go back to bed","I woke up at 5:45. Didn`t have a full bladder, wasn`t sick... And to top it off, I went for a run. Now I wanna go back to bed",positive,0.5829658
7dccefa942,"Ps Brian just announced his message title, 'what is in you will flow from you' My friend replied 'cheescake??' Ha!","Ps Brian just announced his message title, 'what is in you will flow from you' My friend replied 'cheescake??' Ha!",neutral,0.67427015
6a9b1ac9a7, Hiya! You might want to delete and retweet - the link to your blog doesn`t work,Hiya! You might want to delete and retweet - the link to your blog doesn`t work,negative,0.80466354
910353af86,listening to the online radio; oldies,listening to the online radio; oldies,neutral,0.8604313
5792e6b024,Man i hate church. Has to be done though. I like the way it makes other people feel good,Man i hate church. Has to be done though. I like the way it makes other people feel good,negative,0.52672666
9b0ab2490d,Good morning/afternoon/night to all.....studying as usual!,Good morning/afternoon/night to all.....studying as usual!,positive,0.92814606
824aef5133,up way too early for a sunday.. watching old episodes of grey`s,up way too early for a sunday.. watching old episodes of grey`s,neutral,0.50496364
f54fe69db7, Hi I have uploaded 5 completely new Chinese Lessons on www.youtube.com/ChineseLearn Please feel free to watch and enjoy,Please feel free to watch and enjoy,positive,0.918767
b3ad971990, ay uuuu  happy mothers day,happy,positive,0.9819748
7864970844,What? I focused on Tom so much I didn`t see my beloved Barack! Oh no! I must vote for both! Poor president only has 626 votes.,What? I focused on Tom so much I didn`t see my beloved Barack! Oh no! I must vote for both! Poor president only has 626 votes.,negative,0.8051593
93d699ffbf,now i dont feel so good,now i dont feel so good,negative,0.9473795
5d79976753,Experimenting.  With puppet again. I think I just wiped my drive on my workstation,Experimenting.  With puppet again. I think I just wiped my drive on my workstation,negative,0.677422
4cf8c411ce,Sad to be leaving so soon,Sad,negative,0.8991868
cca6786fcd,sorry dunners just saw your tweet! totally let you down im so sorry babe  was at work till 8.30 very boooooo,boooooo,negative,0.88460207
db32946e8c, Momentum works!  But Jeff will have a hard time from 42nd.,But Jeff will have a hard time from 42nd,neutral,0.5673487
18bfd1601a,Good Morning!  ? http://blip.fm/~5jnl7,Good Morning!,positive,0.88626707
6cd72017fd,", i missed everyone tonight",missed,negative,0.88840324
1e7b2a9b0b, Mitchel you have no idea how much I want to call you!! but it costs loads to call from england!!!,Mitchel you have no idea how much I want to call you!! but it costs loads to call from england!!!,negative,0.62555295
ea31539c79,New baby arrived yesterday. A fab baby boy at 2.8 kilo  Very proud and happy,fab,positive,0.9921284
70dd75b35b,"  hey y`all, we are waiting for final edits on our cover of 'sombody`s baby.'  can`t wait for some input","hey y`all, we are waiting for final edits on our cover of 'sombody`s baby.'  can`t wait for some inpu",positive,0.89112854
44403986e9,", awe, me in work, no BBQ for moi this weekend",", awe, me in work, no BBQ for moi this weekend",neutral,0.5842115
c53264349a,Last song .. then I really have to go  ? http://blip.fm/~5jbvo,Last song .. then I really have to go,neutral,0.67401385
55ef53ac78,http://twitpic.com/4wij6 - my oldest nephew playin on my guitar hero drums,my oldest nephew playin on my guitar hero drums,neutral,0.7907454
d32ebb2238,  Happy Mothers day!! ****,Happy,positive,0.97777337
2df6b250ac,is working 4 to close,is working 4 to close,neutral,0.81402206
e9beaa94eb,last night sucked... too many bad dreams about spiders and rogue octupi,bad,negative,0.9782996
84f92c09db,i have no idea what im doing and i am completely lost.,i am completely lost.,negative,0.9287409
9570d18799,Happy Star Wars Day? OHHHH...now I get it. May the 4th be with you.  love it. (and mondays). (sorry again) #starwarsday,love it. (and mondays). (sorry again),positive,0.981092
acd998514b,Has finally finished emulsioning the bathroom. Now for gloss work,Has finally finished emulsioning the bathroom. Now for gloss work,neutral,0.6344388
952c19c42e, A week away from 21 huh!? So what do you wanna sip on - I got `cha! Shhh... we won`t tell  Love you!,Love,positive,0.8880542
e18d5ead82," thanks, I found it already","thanks,",positive,0.8866917
2bfad619a4," In other words, a perfect run, right?","a perfect run,",positive,0.7775891
268bce9ead,No more Mtn. Dew in mini-fridge.,No more Mtn. Dew in mini-fridge.,neutral,0.76954067
094c2ab4de,"Such a good little Saturday. Didn`t include Bed Bath and Beyond, but Borders was on the list. Can`t wait for tomorrow. Good day planned",good,positive,0.9901844
26c936a0e6,/ happy mommy`s day,happy,positive,0.96503717
09446fd660, Thanks man.  That sorted it. I only ever remember 222.222,Thanks man.  That sorted it,positive,0.6951591
cfd5aef697,Doing uni work all weekend. Fun times,Fun times,positive,0.8830713
b38e24df20,Just got to work. Only today and three days left.  my heart is breaking.,breaking.,negative,0.8663078
01b736454f,is feeling sad... for some reason..  http://plurk.com/p/wxji3,sad...,negative,0.8157679
55b294260b,  LOL! Girl that video disturbed me  and I love the hk theme too cute!,LOL! Girl that video disturbed me  and I love the hk theme too cute,positive,0.9303196
4c5f282768, 20 at least hugh  happy trails,happy,positive,0.78553957
309d3fc2ea, thx for the suggestion - I don`t think it`ll be easy to convince her cold calling isn`t aweful tho,thx for the suggestion - I don`t think it`ll be easy to convince her cold calling isn`t aweful tho,neutral,0.6448322
e8e664fb5d, where`s the love?,where`s the love?,neutral,0.516032
585048b261,Where`s my baby?!,Where`s my baby?!,negative,0.5382684
d393c28870,"Okay, this weather isn`t 'cute sundress' friendly. I dont get how it could be so warm one minute and cold the next. I was freezing","Okay, this weather isn`t 'cute sundress' friendly. I dont get how it could be so warm one minute and cold the next. I was freezing",negative,0.8609294
6143ecbaee,"Having a hectic day travelling from PJ to UNITEN, back to PJ. Working now at CC office.",hectic day,neutral,0.7138944
0dae6c384e,Off to finish the book 'nudge' then going to write some,Off to finish the book 'nudge' then going to write some,neutral,0.8548251
717382f2b1, that is a good pic  All the guys looked good yesterday tho..don`t ya think?,good,positive,0.9762323
2ab149b34a, the movie on the plane is Mall Cop- (but i saw it with the nephews already,the movie on the plane is Mall Cop- (but i saw it with the nephews already,neutral,0.711656
d73e4bd180,Currently in costa coffee  im liking this place more and more. Were sat in the business lounge. ooo were businessy today.,im liking this place more and more.,positive,0.9699472
51c677eb5f,argh! my embouchure= FAIL! makes me sad,makes me sad,negative,0.98303795
0a1211599b,Am trying to get through the pilot of the first season of friday night lights. Oh gosh  Pass the tissue...,Am trying to get through the pilot of the first season of friday night lights. Oh gosh  Pass the tissue...,negative,0.5141927
c8e59f1f62,GETTING A PUPPYYY!!!!  What should I name him? I think Romeo is cute.,GETTING A PUPPYYY!!!!  What should I name him? I think Romeo is cute.,positive,0.9627467
a3eef7f08f," Yay, so the nekkid writing is working then?You keep warm now! Am in awe of the 6k - am always cactus by 5. Good luck",Good luck,positive,0.9668296
13a54169c6,"i dislike math, but math HATES me","i dislike math, but math HATES me",negative,0.972455
8693e96730," hey hunny bunny, what`s a weekend? is that like a day off or something?","hey hunny bunny, what`s a weekend? is that like a day off or something?",neutral,0.8587528
44b83d0a59,Less or more iTunes tuned up,Less or more iTunes tuned up,neutral,0.79152554
6c32320670,I want a fake BLT....,I want a fake BLT....,neutral,0.5074484
9847100a2a,Yayz! Today`s is the day I call and see if I got that job! x3 I ish so happy... even though I slept horribly... So I`m kinda drained...,Yayz! Today`s is the day I call and see if I got that job! x3 I ish so happy... even though I slept horribly... So I`m kinda drained...,positive,0.96809155
7270ac4894,waiting for PRINCES PROTECTION PROGRAM online in English version  so long,waiting for PRINCES PROTECTION PROGRAM online in English version  so long,neutral,0.62134314
a2289a968a,Fuzzball is more fun than Mother`s Day  http://tinyurl.com/dhpol7,Fuzzball is more fun,positive,0.90112185
315e063fe7,hello thereeeeeee,hello thereeeeeee,positive,0.6615657
e1145bc3fe,Buongiorno !!! woke up and of for my Italian lunch,woke up and of for my Italian lunch,neutral,0.49861535
88246c5656,grumble..weather man.. don`t know wtf they are talkin about.,grumble..,negative,0.73269206
76177e672b, $300 later... I feel so good! But guilty,$300 later... I feel so good! But guilty,positive,0.9733025
c79f468d00,exhausting day. And more to come tomorrow! City for mother`s day!  can`t wait minus the driving.,exhausting day. And more to come tomorrow! City for mother`s day!  can`t wait minus the driving.,positive,0.8626398
efa80dd66e, aww I miss u too! Haven`t ate,miss,neutral,0.46447673
e4fb384145,"about to head to Starbucks. was gonna take the bus to Paradise and Starbucks, but missed it by 2 minutes.",missed,neutral,0.5407383
819a8f8199,good mornig to everone... it`s a great morning ...in the evening i play in the theatre in lord of the flies. it`s so much fun!,good mornig to everone... it`s a great morning ...in the evening i play in the theatre in lord of the flies. it`s so much fun!,positive,0.992747
11d6845e0c, doin fine relaxin at work... Hardly working,Hardly working,positive,0.6864008
1788cc1b29,Packing...,Packing...,neutral,0.76475376
5dad65c8da,  How come everyone seems to make so much more money than me.,How come everyone seems to make so much more money than me.,negative,0.46245244
27a527fd27, I`m so sorry!  I saw it too and it shocked me to the core.,I`m so sorry!  I saw it too and it shocked me to the core.,negative,0.9033545
d0064a1476,wow its follow friday and i havent tweeted... Fail. And nobody has followed me today  dble fail. *suicide*,e fail. *suicide*,negative,0.9000539
54fb8f2924,I dont feel well  i got a dentist appointment later.,I dont feel well,negative,0.93220294
3edbea0775," dear michael sorce, you crack me up! sincerely, me","dear michael sorce, you crack me up! sincerely, me",positive,0.7993342
ee1277bdde,On my way to school!,On my way to school!,neutral,0.5718485
e885e2f918, Yeah we actually went in the room they were at. I just didn`t look under the counter where they were,Yeah we actually went in the room they were at. I just didn`t look under the counter where they were,neutral,0.826906
bac0a1d4c1, are you daft  your now going to recieve a million friend invites on xbox now and one of them shall be me,are you daft  your now going to recieve a million friend invites on xbox now and one of them shall be me,neutral,0.50072515
c7917d4cce, I wasn`t near him.,I wasn`t near him.,neutral,0.7000088
a514f02889,you always seem to know exactly the right thing to say. thanks.  - http://ilikeucoz.com/m/1123 #youregreat,#youregreat,positive,0.87098753
b9a3d21e9f,"Thanks for the concern, guys. A few stitches later, all is well. Whew.",Thanks,positive,0.9152024
cfc84edb1d,ARG! Eirtaku got hit by stupid bots. So much **** on a kid friendly site.,ARG! Eirtaku got hit by stupid bots. So,negative,0.9449873
c0fa87c000,home now!,home now!,neutral,0.5593104
8d9d48a4e6," haha ofcoooursee you do, its pretty much a must, and pluss its dress up night, jst added incentive","haha ofcoooursee you do, its pretty much a must, and pluss its dress up night, jst added incentive",positive,0.9000214
f9ab4d4c20,getting dinner ready not much going on in my life it seems,getting dinner ready not much going on in my life it seems,neutral,0.549162
aa5655e0c7,"Oh, and now Mondays also mean new American Dad!  So glad I watched that show, so funny, and it makes Mondays even better",glad,positive,0.98946136
eeba3dd305,_west one day the hubs and I WILL take one of those. There`s actually a missions cruise that we want to go on. It has music too.,_west one day the hubs and I WILL take one of those. There`s actually a missions cruise that we want to go on. It has music too.,positive,0.8135188
ed7a7cd39d,going to funeral today for friend and classmate who died in a car wreck last Friday,who died in a car wreck last Friday,negative,0.669836
c280733d94,F.Y.I. a lot of you people that are following me i have unfollowed a lot of you  yer kinda boring me or not really helpful to my e-growth!,boring,negative,0.88754934
5b13358f27,"Good Morning, Twitter community! I just got finished eating a delicious stack of pancakes courtesy of my Mom and Bisquick.","Good Morning, Twitter community! I just got finished eating a delicious stack of pancakes courtesy of my Mom and Bisquick.",positive,0.9863179
d78b36e5da, boston needs one too,boston needs one too,neutral,0.7642965
d0ca9c9b8a,i dont think i have ever laughed so hard,laughed,positive,0.78607476
2da04ea575,", Decaf? I can do some teas late but never coffee- Id fly around the room. Justin Timberlake hosted. FUNNY sketch w/ Samberg",FUNNY,positive,0.8550867
6f60791879, aw. you level up. haha but just try to manage your money.,aw. you level up. haha but just try to manage your money.,positive,0.56840587
b30e32f29b," not in this part of Surrey either, feeling quite a bit nippy I must say. Afternoon to you",feeling quite a bit nippy I must say.,neutral,0.5202853
40a4ca8f12,Heading home from Sacramento.  Will continue writing the WIndows Server 2008 R2 Unleashed book over the weekend.  Sigh  #windows,Heading home from Sacramento.  Will continue writing the WIndows Server 2008 R2 Unleashed book over the weekend.  Sigh  #window,neutral,0.6251016
2eb221681f,"Justin Timberlake, How You can easily become a reiki master?  at http://tinyurl.com/reiki88","Justin Timberlake, How You can easily become a reiki master?  at http://tinyurl.com/reiki88",neutral,0.7027294
266100bcfc, and  thanks  hoping its just allergies and not a nasty flu!,thanks  hopin,positive,0.6729568
4dd8838b54,"**** on the beach, cosmo, kamikaze, captain america, ahhh fun night. Still not over.",fun,positive,0.9710578
467578f678,Eating an apple... for once in my life!!! Thought you would like to know,Eating an apple... for once in my life!!! Thought you would like to know,positive,0.84760004
6d7f5f16bb,I wonder why thumbnail pictures aren`t showing up on my TweetDeck?,wonder,neutral,0.51473117
df0d0efe60,@ it hurts me that my sister has so much potential and she isnt using any of it  what a waste of God-given talent.,@ it hurts me that my sister has so much potential and she isnt using any of it  what a waste of God-given talent.,negative,0.8572734
c6d8f5fcf1," I know! I can`t go either...it`s sad  She needs to come back to MI asap, haha",sad,negative,0.6417587
e1e72b2154," Haha, you didn`t do anything wrong.",you didn`t do anything wrong.,neutral,0.6315453
748cbce79c, Aw thank you. I suppose it`s a good thing since it means more tweeting.,Aw thank you.,positive,0.97128063
b8f79076ca, your not in school,your not in school,neutral,0.52706635
9b7424e8a0, did you really just call me Ma`am...wow that was the reality check of the day  lol,.wow that was the reality check of the day,positive,0.50640714
a29a4786d4," I haven`t heard anything negative yet. As a former manager used to tell me: If they`re quiet, be happy",happy,neutral,0.54409266
27fd079cf7,i had a new friend who called himself shame.,shame.,neutral,0.5519968
9480ff0729, OOuUch!...good luck,.good luck,positive,0.96102244
17314276cd,Cashflow forecasts are fun but big red numbers aren`t,Cashflow forecasts are fun but big red numbers aren`t,neutral,0.46715182
fb9d2e8b69,http://twitpic.com/66vld - i don`t like this bangs! I want my hair back!,i don`t like this bangs! I want my hair back!,negative,0.8874618
b00cac3f29, Looking for a new SMS sending solution? http://promotion.itagg.com Get ï¿½6 FREE SMS with every iTAGG!,Looking for a new SMS sending solution? http://promotion.itagg.com Get ï¿½6 FREE SMS with every iTAGG!,neutral,0.5754022
b19c6e41de, I thought I was the only one with the tags on the outside of my shirt,I thought I was the only one with the tags on the outside of my shirt,neutral,0.6392183
f2ca6119c6, I am like the most saddest person on jtv right now because you are not on,saddest,negative,0.9232832
295a89aadf,its my last friday of my high school years!,its my last friday of my high school years!,neutral,0.555086
1f70a78245, I told u I tried but 88 said it was 2 late  cause the girl I was with took 4ever 2 get ready. they wanted to meet up by 11.,d it was 2 late,neutral,0.6023441
11973bbe6a," yeaaaah lol, i`m just insane","yeaaaah lol, i`m just insane",negative,0.48914793
04063db918,watching my ard earn money dissapear.,ard earn money dissapear.,neutral,0.5647757
31b6b2f076, Oh no! Hope it`s not as bad as it sounds!,Oh no! Hope it`s not as bad as it sounds!,neutral,0.4218727
83dafb68d0," I like the idea of eliminating bludgers and beaters just tackling ppl, makes it nearly as dangerous as book quidditch",dangerous,negative,0.66932833
e792a1609b,"_Rigby Well my neck hurts from moving out  you massage me, i massage u?! lol!","my neck hurts from moving out  you massage me, i massage u?! lol!",negative,0.5569723
f9f4083285,http://twitpic.com/4jcjj - Boagsie actually is still this small lol - him at 4 years old,http://twitpic.com/4jcjj - Boagsie actually is still this small lol - him at 4 years old,neutral,0.7289512
6b7484677b, I took my ring out...,I took my ring out...,neutral,0.80698526
8feba625eb,wow. someone`s proud of me.,wow.,positive,0.93527234
15fa89078b,Is having awesome fruits and vegetable juice at the opening of Lam`s noodles at 8  http://tinyurl.com/r65c68,awesome,positive,0.96164864
f852e5049f," Dunno yet, would LOVE to though! I keep missing them any other time for some reason :S & have fun!",would LOVE to though!,positive,0.83760345
e0af2b128e,i joined this because i think my smith chips invent a flavour competion entry wont be recognised  its  SWEETPOTATOE AND SEASALT  flavour ?,i joined this because i think my smith chips invent a flavour competion entry wont be recognised  its  SWEETPOTATOE AND SEASALT  flavour,negative,0.61008275
0c80df73f6, hahahah Thank you  Feel the Love,hahahah Thank you  Feel the Love,positive,0.96956295
917eeb334d,ugh i wish this school year would go faster so i can move on in life,ugh i wish this school year would go faster so i can move on in life,negative,0.6910537
63240da419, Ohhhh! Ok! thought that I was going nuts!! Maybe they will pass through here on the way back!,Ohhhh! Ok!,positive,0.6585956
51d62cf5a3,"@_everaldo on my MacBook I run Linux with Parallels and on my iMac I use VMware Fusion and both are great, especially in 'Unity'-mode.","great,",positive,0.97471344
ba7dabe252, follow her shes lonelyyyy,follow her shes lonelyyyy,neutral,0.65168744
ca003caf89,is now going to see his very ill uncle on saturday and the night at his house as even more bad news has come up,even more bad news has come up,negative,0.9589877
8a67bb546f, Ugh my trousers do that too and I`ve never found a way to combat it! It`s so weird,weird,negative,0.9391864
ba2a2c2475,JUST GOT TO LA  MISS HAWAII ALREADY! DANG,DANG,negative,0.5849084
a1c16771ae,Watching some movie and playin on my computer.,Watching some movie and playin on my computer.,neutral,0.62981427
b64e2d76b7,"  sounds like Sonics...which I never had  ...and for the record, I say spicy bred buffalo wings w/ blu cheese & beer","sounds like Sonics...which I never had  ...and for the record, I say spicy bred buffalo wings w/ blu cheese & bee",neutral,0.47791976
dfcb3bd6f2,"When I start cloggin up my own Twitter feed, it`s time for me to go to bed.. Nighty night. Be sure to go to the TweetUp and meet ME!","When I start cloggin up my own Twitter feed, it`s time for me to go to bed.. Nighty night. Be sure to go to the TweetUp and meet ME!",neutral,0.5691176
79af0c837d, whooop! you got me on twitter!!  dang our line of communication keeps growing!,s growing,positive,0.9647597
11c1305222,"_shantz heyy shantell!  twitter is cool, thats why! and guess what!! i followed britney spears, and she followed me back!","cool,",positive,0.9817183
273814b10d,Through to quaterfinals of charity football tournament. My penalty save sent us through,My penalty save sent us through,positive,0.69376063
22d9d86f36,"I`m needing a girls night, wearing sweats, watching movies, eating chocolate and talking about boys","I`m needing a girls night, wearing sweats, watching movies, eating chocolate and talking about boys",neutral,0.5454915
4040857d37, sure. But be careful also of making statements that we don`t do it. Parallel ideas do happen. I`ve seen it myself.,But be careful also of making statements that we don`t do it. Parallel ideas do happen. I`ve seen it myself.,neutral,0.70087785
42c3d722b4,still feeling BLAH. gave a biiiiig dose of insulin that i needed about 24 hours ago. Now I`m off to take my last exam of my junior year.,still feeling BLAH.,neutral,0.5164243
df49358e37,It`s too perfect outside to be at work,perfect,positive,0.79589313
de41d4ee73,Is going to miss seeing everyone all the time,miss,negative,0.5672038
7de4048034, not cool.   Hope you feel better. I went up there for breakfast buy you were gone.,not cool.   Hope you feel bette,negative,0.62177926
319259a570,Eating pancakes  What is better than a day off with Stevie-J?,What is better than a day off with Stevie-J?,positive,0.8609496
ab4c709297,is tanning with emily! too bad its prob gonna rain,bad,negative,0.5026719
b2eec5deb2,Itt`s the BIG TIME Saturday night  Playing Canasta then a movie then...Psych homework?  Stay shiny and love everybody!!,d love,positive,0.9497227
51ceb275d6, LOL. Academy-ish. Haha. I really really miss O.B.,miss,neutral,0.41104126
06b068e83e," so glad, I hope yall make it back down near New Orleans",hope,positive,0.97490704
30f1bc96b0, just wanted to say hello,just wanted to say hello,positive,0.49250793
88e1fe3891,Excited for Rove tonight! Jennifer Garner and Gina Riley!,Excited,positive,0.9901991
e404cf6638,Sometimes I wish I was a warden,Sometimes I wish I was a warden,negative,0.493474
2061674757,Had the best night I`ve had in a while.,Had the best night I`ve had in a while.,positive,0.98778164
7c14e0baf1,"Boa tarde, chegay","Boa tarde, chegay",neutral,0.6691589
2e10ee171c,"Phone with Kayla, Johnathan, and Cisco!  Woo!","Phone with Kayla, Johnathan, and Cisco!  Woo!",positive,0.9338732
1b5c3e508d,Things that happened today:  My younger brother ran over one of our dogs. Yeah. I know.  She`s going to have surgery this weekend.,Things that happened today:  My younger brother ran over one of our dogs. Yeah. I know.  She`s going to have surgery this weekend.,negative,0.71167344
f6b4cd772f,made breakfast today......Happy mother`s day ..,Happy,positive,0.9778151
d81e6f7d4e,"_Deen   looks like a delicious recipe, will try that tonite",looks like a delicious recipe,positive,0.9668624
224475e2c9, That was nice. I Just ordered my mom her gift from me and my sister.   Something different and unexpected.,nice.,positive,0.96363205
5005a101ef,Ouch...waited to long to get eyebrows waxed,Ouch...waited to long,negative,0.74890494
e1d7bc65a8, :o exams. YUCK    that will be hectic!,YUCK,negative,0.83964854
17c0ab25d1,Omega is tomorrow. Haven`t really planned anything for it. Make sure to come if you can. It`ll be awesome. Then move-in June 1st.,It`ll be awesome.,positive,0.9690718
ca54b41291,"ONE MO TIME BECUZ  HASNT SEEN IT YET!!! AND SHES SOO **** COOL, ILL POST IT JUST 4 HER  http://bbltwt.com/0mqko","SOO **** COOL,",positive,0.85678816
08653a0507,Im only failing 1 class.... Algebra 2 **** it that **** is hard!,hard!,negative,0.8442365
e90aa9f814,Facebook Farm town become slower and slower,Facebook Farm town become slower and slower,negative,0.6408769
49bd224560," Thanks for follow. Was just adding you from your twitter page, after commenting your blog",Thanks,positive,0.9381756
b0039aa0bd,Going to church in the morning...happy mommas day almost,happy,positive,0.97588605
7676e25546,if you cant hide the tweetie icon why not change it   http://twitpic.com/4j92o,if you cant hide the tweetie icon why not change it,neutral,0.5730569
2d851a17e4, she`s not coming to detroit  only grand rapids in october...,she`s not coming to detroit  only grand rapids in october...,neutral,0.7517177
905f559d60," any chance you`ll have  a Madison, WI location soon?  maybe too small...","any chance you`ll have  a Madison, WI location soon?  maybe too small...",neutral,0.6790818
35dc80fbaa,...aw i want classic burger.,...aw i want classic burger.,neutral,0.57626855
be710516b2,"saw kim kardashian on robertson today, ate a hella good sandwich at bay cities in santa monica, and just downloaded a lot of new songs",good,positive,0.9496089
61589484cb,Oooh the hangover,hangover,negative,0.57256526
f81aaedae8, i wish i could but it would cost too much to call you all the way from the UK,it would cost too much,negative,0.62832713
762734da36,Getting ready 2 leave 2 a girl scout metting..Don`t feel like it but I have 2.....,Don`t feel like it,neutral,0.6296663
e2d36682b7,Hubby needs a vacation  Thank God we`re leaving for Myrtle Beach in a week!,Thank God,positive,0.93788147
f0a0727469, i`m sorry  today`s been nothing but a **** heartbreak,i`m sorry  today`s been nothing but a **** heartbreak,negative,0.88024026
391d766029, I want to know when the auditions are Mander! Text or...reply please!,I want to know when the auditions are Mander! Text or...reply please!,neutral,0.8377693
c404ba5019,Parents decided to drop in on their tour-de-US. The whole family is at my house. I am at work,The whole family is at my house. I am at work,neutral,0.7606226
9c85154e1d,_chapman #whuffaoke is the same night as  at Gillette Stadium!,_chapman #whuffaoke is the same night as  at Gillette Stadium!,neutral,0.77246463
b8eaadc187, Glad you are having a blast.,Glad,positive,0.9777809
66d8bc8c7b, that doesnt look good at all.,doesnt look good,negative,0.9576049
5365e33635, lol nice  I loved that concert! Aha u gonna post these pics,I loved,positive,0.9900474
9844e92669,is going to drink a mojito and lay down to watch movies with my hubby. Goodnight fellow tweeters,Goodnight,positive,0.7270013
c2c7767d59,Thank you OpenDNS for saving me from Comcast`s crappy DNS server. My internet is back up to par finally.,Thank you OpenDNS for saving me from Comcast`s crappy DNS server. My internet is back up to par finally.,positive,0.8790075
a0f67e965a,I **** love Alexander William Gaskarth,I **** love Alexander William Gaskarth,positive,0.94373137
c3fbe70399,i gots a summer job,i gots a summer job,neutral,0.70481396
027182031b, LMAAAOOOOO that is horrible. Poor thing,horrible.,negative,0.96189594
44645f00ae,Waiting for the El & listening to a little MJB 'Just Fine'. Perfect song to start my week.,Perfect,positive,0.9710008
944fe79c6c,Thinking my drink is watered down but hey its free,Thinking my drink is watered down but hey its free,neutral,0.5924402
0498d6a462, I will be uploading soon!    http://myloc.me/FEb,I will be uploading soon!,positive,0.6350796
b012934cb9,"What a dreary, rainy, crappy day.",crappy,negative,0.96617126
d6c8d4820b," Girl, you`re crazy... I LOVE! you.  Hahaha, and I GOT! yo` Lp Chap.",. I LOVE! you.,positive,0.98068744
b750a544a5, Congrats on the Invisalign! I need to get refitted for mine - I got lazy and stopped wearing them.,I got lazy and stopped,positive,0.600408
4454574aaf,`Allo there twitter  how are we today?,`Allo there twitter  how are we today?,neutral,0.8688172
2eaf50fb0e, Tell him where...,Tell him where...,neutral,0.805525
96e4560082,sitting in awe that the price to renew my laptops warranty has doubled in a matter of weeks,sitting in awe,positive,0.73380345
2213d57827," Hey girl, yeah I did..thanks a bunch!! I haven`t started downloading them yet...I totally owe you.",.I totally owe you.,positive,0.97435623
dcc93b2032,phones about to die  ttfn!,die,negative,0.66027766
5508b6f75c, YES!! cant wait. hope these vip passes help since people already campin out hahah,hope,positive,0.97259337
bb0cf5d9b1,whoops...  not  in my last tweet,whoops..,negative,0.52856016
c708cad4b9, you`re so cute.,you`re so cute.,positive,0.97449535
e5a5450f48,"ashley tisdale , i mean . cuz shes in berlin on 6th june and i`m not gonna be there . i wanna start cryin right now :/ ashley pick me up",i wanna start cryin right now :/ as,negative,0.73915684
3feae8df02, Ouchies. Sorry to hear it  Are you going to get it checked out?,Sorry,negative,0.6299233
f1d35b5948,is missing out on the sunshine and trying to stay awake after having just 2 hours sleep,is missing out on the sunshine and trying to stay awake after having just 2 hours sleep,negative,0.47302353
116e339fd9,"I feel funny. Hmmp, better be an amazing **** day. why not?  I LOVE HOW I KNOW SAMMY ROVIN GOT A TEXT ABOUT THIS TWEET <3333",funny.,positive,0.95780027
883d5e866a,:20somethin` single,:20somethin` single,neutral,0.87772435
f385f33d73, thanks for finding the amusing rubiks pictures tonight. making my evening via  ...,thanks for finding the amusing rubiks pictures tonight.,positive,0.9812195
8cf9e2fa6a, That would have been fun BUT we were soooo TIRED yesterday.  Long day at the office. Just did dinner and crashed.,soooo TIRED yesterday.  Long day at the office. Just did dinner and crashed.,negative,0.5956148
c745a6e74f,http://bit.ly/PenQl  I`ve added a new icon to the feedicon database  Have some fun with it!,e  Have some fun with it!,positive,0.9685356
384ef94e8b,likes being friends but it hurts when u love your friend but the feelings arent the same. trying to sleep. has to really try to give up.,likes being friends but it hurts when u love your friend but the feelings arent the same. trying to sleep. has to really try to give up.,negative,0.6273211
64e53874a4, Oh God bless you,Oh God bless you,positive,0.9483145
cd314ffb5e," take it. mmm, definitely.","take it. mmm, definitely.",positive,0.52894235
2fd6fe1fc7,Exploring Twitter`s world! me 2,Exploring Twitter`s world! me 2,positive,0.54916984
6f5b738f2a,Learning how to jerk and stanky leg at sunset cliffs. headlights spotlight  with colorado and fam,Learning how to jerk and stanky leg at sunset cliffs. headlights spotlight  with colorado and fam,neutral,0.81034476
36c7298e69, hey guys it`s leann. . i dont know if you remember me but i just wanted to say that i`m very excited to see you guys go far,excited,positive,0.9892014
c92685f492, Tell me about it! What is obvious in real life makes for great entertainment on TV  It is great to try and figure out the killer,e makes for great entertainment on TV  It is great to try and figure out the kill,positive,0.66204154
13fd73b069,checking iDestroy sales.... sales are good,good,positive,0.862364
434607e03c, i wish you could come to Swindon...2 hours away...its my dream to meet you  xoxo,dream,positive,0.9303529
a927229ef0, Actually there was this other guy I thought I didn`t know but turns out I DID know from a previous party...,Actually there was this other guy I thought I didn`t know but turns out I DID know from a previous party...,neutral,0.7315984
9f50aaa3c2,Walmart opening its first store in Amritsar tomorrow (of all places)...the horror..hoping its limited to wholesale,hoping it,neutral,0.5385424
88fb616cba, that and being so careless with her vocals.,careless,negative,0.7829912
ea9dee9231," yay, you get to ride on the tow truck. How cool is that?","yay, you get to ride on the tow truck. How cool is that?",positive,0.9772414
36b8cfcb63,So Bored. Firday Evening And Nothing To Do,Bored.,negative,0.70192796
4cafbd1ee8,I want another shake from Ritas.Badly.,Badly.,neutral,0.4892731
cb9a21323e,Sunday morning and i realised im a film snob  as it said on MSN entertainment,snob,negative,0.67497
03bac3d9b0,puppy I wanted was adopted yesterday  I guess my dogs don`t get a little brother anytime soon. but at least he isn`t in a shelter now,puppy I wanted was adopted yesterday  I guess my dogs don`t get a little brother anytime soon. but at least he isn`t in a shelter now,neutral,0.52497196
956fb82ec0,"is really, really bored... I guess I will go to bed","is really, really bored...",negative,0.81924987
6372265049,'my name is Tony!!!!!! ...not hey!!!!' -  poor tony,poor tony,negative,0.80000514
7e5d1bd197,HAPPY MOTHERS DAY TO ALL THE MOMMIES,HAPPY,positive,0.97973675
bf01459571, really? I hate the mobile twitter..its hard to tweet with a sidekick,hate,negative,0.958279
aaa356d10e,  u don`t know harajuku lovers?,u don`t know harajuku lovers?,neutral,0.6657814
a9d3a8903d,Whoops - I got sunburnt,sunburnt,negative,0.7517862
bfe1d017a8,"I uploaded my  random fandom trailer to youtube, check it out in here. It`s also in HD  http://tinyurl.com/d5oyfl","I uploaded my  random fandom trailer to youtube, check it out in here. It`s also in HD  http://tinyurl.com/d5oyfl",neutral,0.7274823
0329db3294,":O Job interview today, i`m really gonna mess this uuuup",", i`m really gonna mess this uuuup",negative,0.7659085
3c37e7433c,"to be really really... not bored but bad, i won`t now the news  but thats ok. BRB x","bad,",positive,0.53857535
d278038f46, You too - hope your day was good!,hope your day was good!,positive,0.9782583
defcc53355,On my way home in the sunshine with a bag full of my stuff from work...,On my way home in the sunshine with a bag full of my stuff from work...,positive,0.66066253
26057ee9d0,Just finished taking world geograhy final!!! I think I did bad!!!!,I think I did bad!!!!,negative,0.91816914
4a6a6ae3dd,"ugh, not sure i have the patience or remaining intelligence at this point in the day (week?) to refactor and rewrite this package of code",intelligence,negative,0.88102186
b91e19c798,_Aitana K ??? What??? No way!!!! No,K ??? What??? No way!!!! No,negative,0.8273112
8d09d4653b,he killed everyone for nothing. :o  :-ss,killed,negative,0.93070036
8962b3d125, TY my friend. Yes ur right.... a daughter is a daughter forever.,TY,positive,0.8336377
06831f6e85, I think I`ve been killed judging bt my energy after attacking just to see what happened  #spymaster,I`ve been killed,negative,0.87673074
04640d2709, : yes she got all lovey with him& he returned the love&1thing led2 another&  also  wants2 know y ur mad at her,lovey,neutral,0.55057824
fb4ed911cf,"Okay, whats up with twitter,, :/ my laptop is completely broke, and now my computer is acting up   so I dont reckon I will be on for t ...","completely broke,",negative,0.94591725
4768449d8e,is chilling at home,is chilling at home,neutral,0.80124193
2230078af2,  totally missed the chatroom. I`m so lame,y missed,negative,0.89608294
4d085d24b3,Yeahhhhhhhhhhhhh friday..and I work tomorrow,Yeahhhhhhhhhhhhh friday..and I work tomorrow,positive,0.6757829
d8e4992bea, lol takes some getting use to  Just replying to your email. Power keeps cutting out here :S,lol takes some getting use to  Just replying to your email. Power keeps cutting out here :S,negative,0.5677589
721515ddbe,White House?  This thing`s a lifesaver: http://snipurl.com/hkuj9,lifesaver:,positive,0.71555257
6c45ca5d7c,_kelly PJ days are the best days,best,positive,0.9665803
9caf5fdd88,is going to go get some food.,is going to go get some food.,neutral,0.7831825
13e588b5f1, I`m tryin not the be boring today . . . I just can`t seem to come up with thing to say,can`t seem to come up with thing to say,negative,0.7033278
e174ebf554, OK. Happy to hear that you are feeling fine,OK. Happy to hear that you are feeling fine,positive,0.96426237
9ec3da3cb3, I ake it you`re at work then and not lazing at home on a sunny bank holiday.,I ake it you`re at work then and not lazing at home on a sunny bank holiday.,neutral,0.6696463
a61a388d34,Just burned my tongue!!,Just burned my tongue!!,negative,0.9681023
54f2a07fa2," not  you, me, just drank too much.",", just drank too much.",negative,0.6922255
ab8a95e33d, a walk in the clouds; sweet november; lake house.,sweet november;,neutral,0.5434512
b2a39d5fb0,"has tummy pains  n woke stu up for a drink in the middle of the night, I don`t remember it",pains,negative,0.60317266
502e16fac0,Today was not an inspirational photography day  #photography -  http://twurl.nl/jnizbw,was not an,negative,0.79976445
e8ddda0099," Yeah, It`s not available on Public market yet. but will be soon. looking forward. I`m sunburnt  arms are itching. boo hoo!!!!!!",I`m sunburnt  arms are itching,positive,0.5943743
fe34f3d89a, ohh yeahh with the showcase he said his artist will be outta town  so keep me posted as to the next one,ohh yeahh with the showcase he said his artist will be outta town  so keep me posted as to the next one,neutral,0.7323186
0883e18c6e,My convo starts in 12 hours... and I am sitting 6500Km away writing GIS queries,My convo starts in 12 hours... and I am sitting 6500Km away writing GIS queries,neutral,0.7094838
98f95630d8,Gardening stuff I ordered got returned to sender because it was damage  need to work out how to get to a garden centre.,damage,negative,0.6689502
6f766e026c, Home Friday makes me  too!!!,Home Friday makes me  too!!!,positive,0.82719594
e65d15bcb6,wants to greet all the moms a Happy Mother`s Day!!,wants to greet all the moms a Happy Mother`s Day!!,positive,0.9846808
ebf251afad, I agree  pre decided I think...,I agree  pre decided I think...,neutral,0.4897677
2595955dd0,"It`s hot.  I could turn on the A/C, but I`m trying to be green for as long as I can stand it   Right now I`m just a little red and shiny.","It`s hot.  I could turn on the A/C, but I`m trying to be green for as long as I can stand it   Right now I`m just a little red and shiny.",positive,0.48425913
eed879b38b,gotta go! bye twitterland!  good night! i`ll try sleep. so that i will recover easily! still sick!  bye!,gotta go! bye twitterland!  good night! i`ll try sleep. so that i will recover easily! still sick!  bye!,positive,0.6011444
ccf40f9cce, happy birthday  and  congrats  wish you were here for your lady..ill take care of her;),happy birthday  and  congrats  wish you were here for your lady..ill take care of her,positive,0.9893244
326c91c55c,But ... but ... who will produce the next Starsailor record?,But ... but ... who will produce the next Starsailor record?,neutral,0.85741156
b36e7208b4, did you not think of texting me that!? I`ve just read it now lol! Figured out the html on my own.,Figured out,neutral,0.67798585
b840aabaa3,is so  just made a card 4 my mom!!   can`t wait to see the smile on her face when she see`s it!!,can`t wait to see the smile on her fac,positive,0.9868031
60ce97c7ff,Just got back from the karaoke bar in the metreon!!! Watching millionaire matchmaker,Just got back from the karaoke bar in the metreon!!! Watching millionaire matchmaker,neutral,0.5946484
e68bcba02d," I`m having elevated error rates... StreamKeys not found, and then connection problems. Server migration isn`t easy, huh  ?","I`m having elevated error rates... StreamKeys not found, and then connection problems. Server migration isn`t easy, huh  ?",negative,0.8833507
fa255f9fdf, http://twitpic.com/66sbz - thats actually adorable! ooh how i miss dude,http://twitpic.com/66sbz - thats actually adorable! ooh how i miss dude,positive,0.97083414
17836d1953,"really don`t mind (too much)) sittin @ standstill, listenin 2 music, twttrg. But the gas gauge isn`t lookin healthy",isn`t lookin healthy,negative,0.65787894
bb707ef3f1,She doesn`t believe spending many (many) thousands on a perfect wedding makes a happy couple.....A happy couple makes a perfect wedding,happy couple.,neutral,0.45792276
ffa67e0707,I have to work tonight  But I get my paycheck!,I have to work tonight  But I get my paycheck!,positive,0.6174379
459fda806c,just slammed my finger in a car dor  FML ow,slammed,negative,0.88318354
25d26f6cbc,My eyes hurt,My eyes hurt,negative,0.94942826
50b7975adc,annoyed the #ppt didn`t save my changes.  When I explicitly saved.,annoyed,negative,0.67264754
ceb6e34297,And this is what happens when Swine Flu gets to all of us.  http://tinyurl.com/55hq2o,And this is what happens when Swine Flu gets to all of us.  http://tinyurl.com/55hq2o,negative,0.8590208
04d29901e8, awww  i mish u too ladie whats been good?,awww  i mish u too ladie whats been good?,positive,0.8419247
5e1c725d05,tomorrow valeria`s lunch!!! going to get my hair done but im arraving late   got my cousins babtizm or whatever you spell it,tomorrow valeria`s lunch!!! going to get my hair done but im arraving late   got my cousins babtizm or whatever you spell it,neutral,0.68739283
0042884480,Wow seems like a lifetime since I been in here........never change to talktalk! Home phone n broadband not been workin 4 ova a week now,Wow seems like a lifetime since I been in here........never change to talktalk! Home phone n broadband not been workin 4 ova a week now,negative,0.46352452
29f6bc7512, I found a link on WWE.com  http://www.wwe.com/inside/industrynews/kennedyreleased stinks!,d stinks,negative,0.8991019
d17b2d20d0,Been working lots of overtime this week. Only just realized I booked a half day tomorrow so this week will just break even,Been working lots of overtime this week. Only just realized I booked a half day tomorrow so this week will just break even,neutral,0.4645143
dc9c628ffc,  Hey Wanda great to tweet with u and many thx for the info re dobro and what a fantastic sound. Son House is a fav of mine,d what a fantastic sound,positive,0.98885834
d65d2b6bd4," You might have too. One of them accused you guys to being 'One Sided' on the issue. They`re getting way, way out of hand.",way out of hand.,negative,0.832334
e71c800049,I can`t sleep... And now????,I can`t sleep... And now????,negative,0.83901125
fdad1ec7b7,my stomach is bleh!,my stomach is bleh!,negative,0.93769026
f08c1507fb, Yes. Need to listen to sad SP-Songs,Yes. Need to listen to sad SP-Songs,neutral,0.55740607
701ac00d74,was busy talking with mom and bhabhi.. they liked the cards bro and me made for them  now waiting for sis to get back from Church..,liked,positive,0.7524128
fcd8a04769,"at work, with a swollen face  thank god it`s kohls though. I`m feelin fat. flip flops are about to break annnnd I get my hair done tonight","at work, with a swollen face  thank god it`s kohls though. I`m feelin fat. flip flops are about to break annnnd I get my hair done tonight",neutral,0.44125673
680f4f055a,Cannot wait to get all dolled up and go out tonight,Cannot wait,positive,0.9771277
bc8bd31d87, Sorry to hear about the laptop troubles. Hope you can get them fixed and the lappy back to norm.,Sorry to hear about the laptop troubles. Hope you can get them fixed and the lappy back to norm.,neutral,0.50371945
d8e53ab0c0,is gutted she isnt going out tonight,gutted,negative,0.8224514
3492384fdc, It`s is in the July issue of OXM... so I don`t have anything to link you to right now,It`s is in the July issue of OXM... so I don`t have anything to link you to right now,neutral,0.6870957
d804265651,I`m wishing I was outside instead of trapped in my office.,I`m wishing,negative,0.49334404
faea9df1a0,"Back @ home AGAIN .. bathing kids, ironing clothes for hubby .. nephew`s graduation tonight! I remember when he was 2!","Back @ home AGAIN .. bathing kids, ironing clothes for hubby .. nephew`s graduation tonight! I remember when he was 2!",positive,0.6583498
96fe9b5d1a, I don`t have an invite  i might try Mr P Bale for an invite,I don`t have an invite  i might try Mr P Bale for an invite,neutral,0.7696688
e2ca8084b8," by the way, it`s INconvenient...",INconvenient...,neutral,0.52489656
86b9b7ee24,Good morning!,Good morning!,positive,0.8619426
fdcd6b20df,_ i guess we will wait & see..,_ i guess we will wait & see..,neutral,0.8143246
a74bd3caef," Hi, what are you a consultant for?","Hi, what are you a consultant for?",neutral,0.90247643
f3e43f9734,which is why i can`t wait till i move out of home and life by myself next year  WACKY ADVENTURES EVERY DAY!!!!!,which is why i can`t wait till i move out of home and life by myself next year  WACKY ADVENTURES EVERY DAY!!!!!,positive,0.91146755
47df96eaa7,"This week meet me at OFFF, next Thu, Fri and Sat. And try there MIC and Surface.","This week meet me at OFFF, next Thu, Fri and Sat. And try there MIC and Surface.",neutral,0.6988639
bbe1c5d502,I think I have hayfever. Not sure due to wearing next to nothing in horrific weather on wed.,horrific we,negative,0.9046266
5865a1c53a, I can`t Vote 4 u a the MTV movie awards. There is no vote button. Is it cause i live in sweden? I wanna vote 4 u 2  u rock xo,I can`t Vote 4 u a the MTV movie awards. There is no vote button. Is it cause i live in sweden? I wanna vote 4 u 2  u rock xo,neutral,0.47768596
cdde996dfa,"if i make some madeleines, i need to have a bake sale or something. god. boredom needs to = something other than baking","if i make some madeleines, i need to have a bake sale or something. god. boredom needs to = something other than baking",negative,0.51912075
a6463beec4,_whacker skypeeeeee,_whacker skypeeeeee,neutral,0.80656916
f038eb981e, And I thank you.,thank you.,positive,0.79296094
dccdc3e1b5,Finally Ubuntu 9.04 arrived as a disc,Finally Ubuntu 9.04 arrived as a disc,neutral,0.5833439
41c8fc436b,Is watching 'It takes Two'.... such a classic lol,such a classic,positive,0.79869515
52fb5986dd,"i thought ur account  was fake. but, it`s true, sorry david!","it`s true, sorry david!",neutral,0.52874523
eefff48c29,Little one`s cast is taking a beating. It is starting to show some wear and tear and it has been on less than a week. She is too active!,active!,negative,0.6922312
145f2dea22,_PopuLarEnt awww boog u aint been on in a min....hey to ya.  but that`s whats up enjoy ya`ll selves especially your lil cousin.,enjoy,positive,0.7525799
e1524b460b,Born and raised in NYC and living in Texas for the past 10 years!  I still miss NY,miss,negative,0.4755757
b90eadb579," haha yea! Just working and chillin in the eastbay. Unlike u, I don`t get a summer break  boo","haha yea! Just working and chillin in the eastbay. Unlike u, I don`t get a summer break  boo",positive,0.47570658
82f56bf7fa," Lmao, when I was camping, the water in the shower was well water and just smelt nasty",nasty,negative,0.8787951
c045f25005,lol i <3 spongebob,lol i <3 spongebob,neutral,0.5567737
856fc1f612,so now i dont get my car back til monday. boooo,so now i dont get my car back til monday. boooo,negative,0.7198791
d67b908a5d, Anything for . So sorry man  I am not a patsy generally...,sorry,negative,0.71978754
9d86765b05," already did... index finger, left hand... still bleeding, hurts pretty bad. I hate being clumsy",bad.,negative,0.9709043
53df7ac264,"I can only message those who message me, if we`re fwends...so those that want replies..follow me.  hmm..that sounds funny..",funny.,neutral,0.5145724
927704f47f,"The food here looks amazing! Our dessert is Frozen Grand Marnier Souffle, of course we have to eat @ the bar",The food here looks amazing!,positive,0.99023134
5569836ea9,To Lisa: Yes I know who ur talking about and yes he is an ****. Dont let him get to ya...you have a great thing going with this chris,he is an ****.,neutral,0.4398539
3e1bcf49ef,just broke a vase that i didn`t even get a chance to use,didn`t even get a chance to use,negative,0.8484042
e4875f3759,is veryyy upset she cant go to hacienda tonight because the stupid nuggets game,upset,negative,0.9723904
230094bcc2,"now it`s weekend! It`s so great!  I saw the rest of Twilight tonight, and i also have read fininsh  Break for know.. Could I do that?",great!,positive,0.98839533
f4b1ca2dca,"Ok, i`ve eaten some food and now bored to death in my room. Seriously, there is nothing to do. Guitar been taken to the venue!",bored,negative,0.83925796
4bc93e462b,"the day i was planing on doing my work, i havent ...... i leave everything to the last minuet ...","the day i was planing on doing my work, i havent ...... i leave everything to the last minuet ...",neutral,0.53509694
892e5e1b41, Time for some Halo3 then?,Time for some Halo3 then?,neutral,0.82786965
f96ab760ce,Is really sad that shes missing critical mass,Is really sad that shes missing critical mass,negative,0.9542404
889b9a7263, yep... or it should b automatic that if u fall 4 someone that person does 2!or smthng like that... but the way it is SUCKS!,SUCKS!,negative,0.934047
7b68a14a32," Wish I could listen but because I`m from Canada, the website won`t let me!","Wish I could listen but because I`m from Canada, the website won`t let me!",negative,0.8534441
80b70b4a04," If you ever need some help with the Podcasters Emporium, let me know","If you ever need some help with the Podcasters Emporium, let me know",neutral,0.8653211
960693266a, Aww that`s still awesome. You had fun though I can assume.,Aww that`s still awesome.,positive,0.97728616
bf8d0a3c72,can u believe the architect who planned a tar-black promenade in this small town won an international prize?and everyone who walks & jogs,can u believe the architect who planned a tar-black promenade in this small town won an international prize?an,neutral,0.50769
0cb8ea4f74," So sad...found otu about your boot camp too late.   Oh well, may be in LA that day anyway.",sad.,negative,0.8185181
265b7eb003,_NKOTB LOL you r not a loser u drove 8 hours in a day.. U need rest  of was it 2 days? I`m still tired lol,you r not a loser u drove 8 hours in a day.. U need rest  of was it 2 days? I`m still tired lol,neutral,0.48972768
77192978a7, hey hey..i`m only finishing on the 10th of june,hey hey..i`m only finishing on the 10th of june,neutral,0.6720083
13d7f8ae66,just watched that  new T-mobile advert on Youtube.. i love it  'hey jude!!!!!!',love,positive,0.9862395
2bce534647,ish okay my loveee,ish okay my loveee,positive,0.9322106
2efd38358c,I want the rain to go away! There has been too much of it lately,There has been too much of it,negative,0.8758281
1e39cae7cc, Do you think the bead crumb navigation will return to the new Fusion studios? I really miss that at the top of each item.,miss,negative,0.55547017
c3d507e72b, that sux  but mayb 4 the btr u nvr know,that sux  but mayb 4 the btr u nvr know,neutral,0.67096776
bd299195dd,i miss our walks home together,i miss our walks home together,neutral,0.55056196
a456ec5e3a,FINALLY have a working (subbed!) copy of Pika?Nichi.   Heeeee.,FINALLY have a working (subbed!) copy of Pika?Nichi.   Heeeee.,positive,0.6939142
a10d361a09,OUCH!!!!!!!!!!!!!!!.........that really hurt!!!,that really hurt!!!,negative,0.9703882
4dcf9ffee9,im bored.. RC is goin maintenance,bored..,negative,0.79416025
cdd73da3d1,"The trip to Stockholm got cancelled  To make it up I`m planning to do some shopping tomorrow, nothing makes a girl as happy like shopping","The trip to Stockholm got cancelled  To make it up I`m planning to do some shopping tomorrow, nothing makes a girl as happy like shopping",neutral,0.4381945
2f65b90343,upset.. friday night crying!,crying!,negative,0.7171114
c75078892d,"Immediately regretting my decision to come into the office today, miss my bed",miss my bed,negative,0.930765
7248338b6b,_violence heyyyy babyy,_violence,neutral,0.66738224
5688c6b83c,_pyee sure,_pyee sure,neutral,0.64273757
df6abe0a73, I hope the young`ins enjoyed your wisdom!,I hope,positive,0.96450114
45a3a3d920," ohh tell me bout it, couldnt stop munching! my stock is running low, buying more today","ohh tell me bout it, couldnt stop munching! my stock is running low, buying more today",negative,0.65240073
c0a68eb4ca, Oh I know. For a while they cancelled the 5pm Oxford to Paddington every Friday evening because of staff shortages,Oh I know. For a while they cancelled the 5pm Oxford to Paddington every Friday evening because of staff shortages,negative,0.70016307
15d18aba4c,is at the farm doing what i do best...RIDING MY **** OFF!!!...get at me,is at the farm doing what i do best...RIDING MY **** OFF!!!...get at me,neutral,0.38649675
72e84baabe, ****. it should be recoverable. it`s just the boot part that`s messed up. grr argh. my business was on there.,. it should be recoverable.,negative,0.7671383
909deca606, What is everyone saying about the supposed **** pics of Matt Striker? Hope he doesn``t get in trouble,Hope he doesn``t get in trouble,neutral,0.5594888
31308a004e,"ok.. BEST SNL episode i`ve seen in a hot minute. Justin is wonderful and Ciara has muscles..the end. G`nitey, tweet tweets!",wonderful,positive,0.9837944
63cc668d47,It`s natsmith88 last Friday today,It`s natsmith88 last Friday today,neutral,0.9005699
fad8265def,"Looks like a beautiful day...and I am off work til Sunday, yay!! No bbq as yet though, gonna have to postpone my invitations","Looks like a beautiful day...and I am off work til Sunday, yay!!",positive,0.9621993
a4898d0c65," thanks neemah. I`m gonna be soooo close to you and izzy, yet so far",thanks neemah.,positive,0.9423354
502238c7fa,It`s 4 am and I`m hungry,It`s 4 am and I`m hungry,neutral,0.6109357
284f5c062f,"back here, I was busy xD Wirting Stars Loves, almos 400 pages xD and listenint AFH and TV","back here, I was busy xD Wirting Stars Loves, almos 400 pages xD and listenint AFH and TV",neutral,0.7724314
7368483e93,saying goodbye to my parents at the airport.  it was great having them around.,it was great,positive,0.9248561
468a7c0e56,Yeah. It`s sad.,It`s sad.,negative,0.7745492
ca3d7bddef,  Scrub and moisturize... doesnt even sounds like `showering`... maybe u should be inclined to follow me en. rephael,Scrub and moisturize... doesnt even sounds like `showering`... maybe u should be inclined to follow me en. rephael,neutral,0.5687439
2972fe8574, haha i only love you too sissy!!!!!  ring power! lol,i only love you too sissy!!!!!,positive,0.9878727
88851aa993,  no water park today? made me jealous looking at that pic,? made me jealous,negative,0.8758553
c214d53fe1,i think they play michael buble in Heaven. He`s that great.,He`s that great.,positive,0.9556972
2609109a7e,learning to play guitar is one of the best things I have done out of boredom,best,positive,0.9844036
0567f89a13,Well. That first tweet for today failed.  lol. Back to sleep or bacon and eggs? So hard to choose!!,So hard to choose!!,negative,0.7783804
5bcfbf035e, Miss you!!,Miss,positive,0.68739563
c89a74a123,When I check google analytics I can always get to google.com/**** before Safari`s auto-fill kicks in. Makes me laugh,laugh,positive,0.77034354
29a32880c2,needs a non-long distance boyfriend/girlfriend. Watching Sonny with A Chance,needs a non-long distance boyfriend/girlfriend. Watching Sonny with A Chance,neutral,0.8380145
cd87fbf111, p.s. There is such thing as having too much sushi! Bleeeeah!,p.s. There is such thing as having too much sushi! Bleeeeah!,negative,0.6534148
6bd7460b40,not eating lunch with my wife like I wanted to,not eating lunch with my wife like I wanted to,negative,0.6191347
32b22d44c5, Thanks `Mckenzie`,Thanks,positive,0.65164626
892901f40f,I have assignment due by midnight in professional writing class & I really wish I was already done with it Luv writing thought Id like it,I really wish I was already done with it Luv writing thought Id like it,positive,0.59943885
cca9b39787,"http://twitpic.com/67mj4 - Yes, it is nice. Oh and Kevin`s shirtless too but you don`t see it as well","Yes, it is nice.",positive,0.83537894
57a54d5f58,"I miss my dog  r.i.p.Batman... Yeah, Batman (I really hope `all dogs go to heaven` is true)",miss,positive,0.5715414
1f01e8a5a6,Notion video deleted.,Notion video deleted.,negative,0.6171918
93ed8e0d7b,_bach daps were the best lol,the best lol,positive,0.96493226
81eaf63419,Day of writing,Day of writing,neutral,0.83437353
2973f4d567,My mother is taking Gambit to the vet today. I hope it`s nothing too serious.,I hope it`s nothing too serious.,neutral,0.69392926
6c4e4017ce, Haahaha omg.. dude I read that and almost choked.. haha thanks,Haahaha omg.. dude I read that and almost choked.. haha thanks,positive,0.7043999
e44e9bf197,Ryan Stiles is still the funniest man ever. Got some great news and some not great news tonight. So happy I could burst,funniest,positive,0.9824713
1212472b6e," I`m fine, I`ve just been trying to figure out the meaning behind this song, and I cant think of anything.  urlm.in/cnmt","fine,",neutral,0.5275771
eaffa17f38," 'A hike in the woods with four little kids couldn`t be that exhausting, right? Wrong.'  LOL.. Try downright masochistic!","'A hike in the woods with four little kids couldn`t be that exhausting, right? Wrong.'  LOL.. Try downright masochistic!",negative,0.666965
73f99ecb9c,I think I`m about to break my own heart. (as emo as that sounds)... meh.,break,negative,0.9041959
b7b495354f," I am just `okay-okay` .. like the rest of the sane population in the world, I hate mondays","I am just `okay-okay` .. like the rest of the sane population in the world, I hate mondays",negative,0.9136271
955ff7a2c1, I would if I was home,I would if I was home,neutral,0.5559868
e7442777f1,Still gutted that man utd lost,Still gutted that man utd lost,negative,0.8968904
71025ae7f2, hahaha thaanks!  iï¿½m from brazil!,thaanks!,positive,0.75806564
bd2ba55f78,I got into a fight with the pavement. I think it won  poor little knee,poor little knee,negative,0.5421216
bd0127986b,today has been the longest day EVER! going to sleep.. beach bound tomorrow  good night twitter,today has been the longest day EVER! going to sleep.. beach bound tomorrow  good night twitter,negative,0.7131271
7cf3c8b793, I decided you should help me make my first solo album,help,positive,0.5658301
dc2fdc5a8b,alot of new pictures tweets  ; some really old some new. check out the new ones if you wish . Tweeeet. http://twitpic.com/4wtyj,alot of new pictures tweets  ; some really old some new. check out the new ones if you wish . Tweeeet. http://twitpic.com/4wtyj,positive,0.56057674
62270e2b17, we should all be down to earth. don`t none of us walk on water  I`m just some **** nerd trying to find my way thru life lol,we should all be down to earth. don`t none of us walk on water  I`m just some **** nerd trying to find my way thru life lol,negative,0.480063
caafff3a2d, you? hungover? never  I am not hungover & I don`t know how. I think it may be my new superpower. Is la Whalen at home? ****,you? hungover? never  I am not hungover & I don`t know how. I think it may be my new superpower. Is la Whalen at home? ****,positive,0.5226022
249f1b21fd,"But then again I think I`m the only who pays attention to this type of thing, bout to hit this bush and pretend its purple.....",hit,neutral,0.57536143
1a537ebeff,i`m on relapse  mom and dad i need you. jesus **** christ you stay away.,i`m on relapse  mom and dad i need you. jesus **** christ you stay away.,negative,0.75463086
c4ce269540,Soaked in the rain in 30 seconds and I wasn`t even hiking 8.4 miles with 2.5 miles in the rain like last weekend.,Soaked in the rain in 30 seconds and I wasn`t even hiking 8.4 miles with 2.5 miles in the rain like last weekend.,neutral,0.526592
016ac6e1f4," Southridge was moved a week later cause of Swine flu, i think","Southridge was moved a week later cause of Swine flu, i think",negative,0.53444564
b9913afcb5, I`m thinking you deserve an award. A big shiny one.,deserve an award.,positive,0.9279372
91225b3b9a,@_Cheshire_Cat_,_Cheshire_Cat_,neutral,0.5549561
a3a82b51ec,Hey  'keep clear'   (robluketic live > http://ustre.am/2w5v),Hey  'keep clear',neutral,0.79672223
9080385d02,Just dusted & vacuumed apartment.  I think I need another new vacuum...my entire apartment is smoky.  I just bought this one from Kmart,...my entire apartment is smoky.,negative,0.582518
3c3540c9e6,fully understands why these cats have cabin fever! Holy ****.. I really wanna be outside!!,fully understands why these cats have cabin fever! Holy ****.. I really wanna be outside!!,negative,0.5096006
b9eeb656eb," cheers mate, still getting over Wednesday  You ok? You should be, you are an incredibly wealthy man",", you are an incredibly wealthy man",positive,0.92662233
9968151c1e, HaPPy B-DAY Ma Freaaaaaaak  <3,HaPPy B-DAY Ma Freaaaaaaak  <3,neutral,0.5993268
60bb1e5948,Watching the Twins handle the Mariners again!! Whoo-hoo!!!  Tony http://www.trustyfotografie.com,Watching the Twins handle the Mariners again!! Whoo-hoo!!!  Tony http://www.trustyfotografie.com,positive,0.9476717
4b3fabcfa2,  Can`t figure out how to reply on Tumblr sorry! I don`t get into NYC until 6/4 so I can`t go to any events b4 then,Can`t figure out how to reply on Tumblr sorry! I don`t get into NYC until 6/4 so I can`t go to any events b4 then,negative,0.803629
ae1423b300,Zach G. gets an extensive profile in this weekend`s NY Times Magazine. The chances of us falling in love are getting fewer and fewer.,The chances of us falling in love are getting fewer and fewer.,neutral,0.49111974
7cb380b784, more seo voodoo  Google has your cache. NOARCHIVE only hides it from users.,more seo voodoo  Google has your cache. NOARCHIVE only hides it from users.,negative,0.67857707
4c0749b972,_another_1 yeh I can`t even imagine.... good luck to them,good luck to them,positive,0.72068214
1575a4f92a,Jogged in the forest with Nina. Heavy wind reminded I need to set up some turbines: free electricity.,Jogged in the forest with Nina. Heavy wind reminded I need to set up some turbines: free electricity.,neutral,0.7485436
79a28afb11,chillen just started on twitter.,chillen just started on twitter.,neutral,0.84411854
3364f6efbd,"Just finished her tennis match... Lost tho  6-3, 1-6, 4-6","Just finished her tennis match... Lost tho  6-3, 1-6, 4-6",neutral,0.5978328
6525f3a1ff, Road trip to Cincy to the limb store!!!!,Road trip to Cincy to the limb store!!!!,neutral,0.5036362
3a08c0ec11,is sitting in the marshall center w/Mina. Some1 must really not want me to go to the gym..this time i lost my wallet n w/no ID i cant go,this time i lost my wallet,negative,0.9506518
da66044a61,"just woke up still in bed  sundays r the ****, its the do nothing day of the week","just woke up still in bed  sundays r the ****, its the do nothing day of the week",negative,0.5035384
086941c593,I am tres depressed,depressed,negative,0.91613483
a0aa2641f5,i guessed my leg havent healed from the old injuries  but i can still run though and kick ball! haha. but will sometimes fell a sharp pain,i guessed my leg havent healed from the old injuries  but i can still run though and kick ball! haha. but will sometimes fell a sharp pain,neutral,0.57383156
c7ce9a6b5c,"_007 Don`t worry, they`ll get bored of it! Just hang in there and don`t give in!",bored,neutral,0.5086769
54b96dc6d5,"I can`t go out when my heart is home sick  even if it is my bday, family health comes 1st","I can`t go out when my heart is home sick  even if it is my bday, family health comes 1st",negative,0.8396292
cba1725b12,  God bless that oh-so-sexy rahul picture,God bless,positive,0.91648585
9435b34672, cont...and then it goes to waste  no one likes stale sweets. That reminds me of this cute song called Stale Cupcakes lol,cont...and then it goes to waste  no one likes stale sweets. That reminds me of this cute song called Stale Cupcakes lol,neutral,0.38976073
d5da623d50,Just got out of work,Just got out of work,neutral,0.7788172
7e6e1ef44d,Wow Derek Rose got a next student to do his SATs.  so what now? He can`t play no more?,Wow Derek Rose got a next student to do his SATs.  so what now? He can`t play no more?,negative,0.47246403
fd711a07a4," lol we are going to place called frosties its a soft play centre it knackers them lol, then i get peace for the gym  lol","lol we are going to place called frosties its a soft play centre it knackers them lol, then i get peace for the gym  lol",positive,0.7784258
bfda237f02, seems like a win win situation,seems like a win win situation,positive,0.8476071
a83dd9c585,Im glad that wasnt my real diver theory test! I failed  i got 70% 35/50 questions right but i did have 35mins left lol x,Im glad that wasnt my real diver theory test! I failed  i got 70% 35/50 questions right but i did have 35mins left lol x,positive,0.66579753
bdc7bc94bf,ok peeps have good morning I`m going to bed    hit me up later,good,positive,0.85687524
e60f3af8a9,Threee WORDS . . . YOUTUBE BAMBOOZLE SHOW,Threee WORDS . . . YOUTUBE BAMBOOZLE SHOW,neutral,0.7525306
817e6c9f9e," my mac`s hard drive crashed then i brought it to powermac, they couldn`t recover the files  no back up (",crashed,negative,0.8776673
2127a4541e, Warren has just died.. hannah has been killed.. and I`m gutted!!! I love warren (even if he is nasty!!),Warren has just died.. hannah has been killed.. and I`m gutted!!! I love warren (even if he is nasty!!),negative,0.76920956
49f7afd1a1, yeah I LOVE CALI so much,h I LOVE CALI so much,positive,0.9836797
578cc3bc62,Someone in UNITED STATES liked Eleminis http://tinyurl.com/dhlq5t,Someone in UNITED STATES liked Eleminis http://tinyurl.com/dhlq5t,neutral,0.73639196
6dbdc36ff7," exactly the same problem i am having with pure classical music, i cant njoy it",i cant njoy it,negative,0.8409074
19ba033b51,is working it out allll day long.,is working it out allll day long.,neutral,0.81794447
9db5418b01,"This wind is crampin` my style. I have a section of my yard that won`t get any water. I`d move the sprinkler, but it`s surrounded by mud.",crampin`,negative,0.7484289
eca890080c,happy birthday to ,happy birthday,positive,0.97742623
954291c48f,@_kotenok !!  ... maybe they took one look at you and said 'That`s our girl!',@_kotenok !!  ... maybe they took one look at you and said 'That`s our girl!',neutral,0.5461316
e0a3ab8cfc, They have a list of 50 state parks here in PA that are under consideration for closing. Nice ones too.,closing.,positive,0.73927623
35934b0673,_Perez That`s great! I hope I`ll study with my bff too and we`ll live together. well..we will see,great!,positive,0.9840252
66d19254c9, Were you going to come? The venue said that they couldn`t afford to open so cancelled it. I wish we were there now!,. I wish we were there now!,negative,0.6546372
ded15a2409,"i should be finished.... but i`m not.  color drawing, here i come.",i should be finished.... but i`m not.,neutral,0.4698726
a56ffbedd6,can`t go to the movies today,can`t go to,negative,0.78027594
a93270225e, it`s really gutwrenching.  So sad,So sad,negative,0.8870206
1f53fca51b,Sadly I am bprohibiting myself from tweeting tonight. Sorry,Sorry,negative,0.9276789
caf7b2592a,Little kids annoy the hell outa me by being all active and shouting and attacking me Etc.,attacking,negative,0.97814536
6a32389e3f, - No I didnt get your text.....,- No I didnt get your text.....,neutral,0.48890042
5566804c12,may have unintentionally snubbed someone due to my ineptness/shyness. feel badly,badly,negative,0.93290716
ec998b9a87, I couldn`t find any extendable ones.,couldn`t find,neutral,0.49271488
a720b0c399," I had recommended Harney & Sons (http://www.harney.com/) from where I order much of my tea, I think.","I had recommended Harney & Sons (http://www.harney.com/) from where I order much of my tea, I think.",neutral,0.7735078
4c06043fc4," Like the Simpsons? That`s like asking, 'so you like breathing?'","Like the Simpsons? That`s like asking, 'so you like breathing?'",neutral,0.6546825
226cf95349, me too! Yay he got in. And the other kid who cries a lot,me too! Yay he got in. And the other kid who cries a lot,positive,0.7043594
0230774416,work is depressing the hell out of me  i want someone to fukin come on holiday with me in august,depressing,negative,0.9581823
d78b524b55,Heyya guys! does anyone know how to give formulas to create a sudoku? Please help,Heyya guys! does anyone know how to give formulas to create a sudoku? Please help,neutral,0.8460058
93593d8b4c, a wet and dirty one now,dirty,negative,0.514149
0be4a1acce, well I hovered over the button LOL NOT - sleep well Tiff and you are welcome,welcome,positive,0.80571175
32ac5170a5,I love it when it rains on me when im golfing,love it wh,positive,0.937514
13d5d33fa4, yeah! i love this one and doesn`t really matter,yeah! i love this one and doesn`t really matter,positive,0.9767612
79bf773921, oooo ok   why  havent you accepted my friends request,oooo ok   why  havent you accepted my friends reque,neutral,0.55095977
a284144025,_burnett Firmly embedded in her Hampstead constituency then,embedded in her Hampstead constituency then,neutral,0.885583
c8ccbedf0c,"ugh, i was so hungry i scarfed my lunch before i even thought to take a pic.   #feastfriday","ugh, i was so hungry i scarfed my lunch before i even thought to take a pic.   #feastfriday",negative,0.89621794
f58a9d6805, Extremely excited! i`m 15 days behind you,Extremely excited!,positive,0.9904704
66e7863675,"at least two to three times a week i turn on the tv, find comedy central already on and have to endure a brief moment of scrubs","at least two to three times a week i turn on the tv, find comedy central already on and have to endure a brief moment of scrubs",neutral,0.6610127
7877bdfb45,Crabs are amazing...well as long as they`re not in your pants.,Crabs are amazing...well as long as they`re not in your pants.,positive,0.90456104
da294f793e, pebbles thrown at windows should get *someones* attention,pebbles thrown at windows should get *someones* attention,negative,0.50690836
7864e5056c,I dont wanna get out of bed i wanna go back to sleep.. i have to open the store at work though,I dont wanna get out of bed i wanna go back to sleep.. i have to open the store at work though,negative,0.7425567
ce05bf5dd0,: haha i know  it was super easy too. i sat at the toy counter and gave kids what little toy they wanted with they`re tickets.,haha i know  it was super easy too. i sat at the toy counter and gave kids what little toy they wanted with they`re tickets.,positive,0.93415177
84d5aa3fae,OK guess I need to do actual work now.  How long until 5 pm? Oh no. I may have to ditch early.,ditch,negative,0.6881374
3ff2ca7a77,_pax That sucks.,That sucks.,negative,0.9499201
171dc8fd01," ?. Pick up that, as fast you can!","Pick up that, as fast you can!",neutral,0.52296895
7ceb31a28b,"Lady across the way had a miscarriage, say a prayer","Lady across the way had a miscarriage, say a prayer",neutral,0.61994463
bcd1893b9f,nothing to do on a friday night,nothing to do on a friday night,neutral,0.6084696
20dfb7b667,Just got back from the doctor... I don`t need surgery yayyy!!!!!! But my knees are still ****  not gonna get better,Just got back from the doctor... I don`t need surgery yayyy!!!!!! But my knees are still ****  not gonna get better,negative,0.64458925
f15b945c49,pulled up @ walmart aunt got out went in I fell asleep 2 hours later.... were r you?!  lol,pulled up @ walmart aunt got out went in I fell asleep 2 hours later.... were r you?!  lol,neutral,0.6730264
40f4998f50,I sunburnt through factor 30,I sunburnt through factor 30,neutral,0.72907776
1e3561f47e,bye! off to the movies with jake,bye! off to the movies with jake,neutral,0.6393362
79a01cfef0, thanks...do you guys have a showroom as well? Wanted to chk them out in the flesh. Quite cool lamps and the wife is impressed,Quite cool lamps and the wife is impressed,positive,0.98168695
e11049d2a5,@_Flik_ Good one.   Might think about it for this year`s NaNoWriMo competition.,Good,positive,0.8576023
ac1653ba6d,Tired. Going to take a nap. My finger hurts.  143,My finger hurts.,negative,0.82859427
4a62092fa4,"I was glorious at 6.50 when I went outside, so why has it gone cold and cloudy now",glorious,neutral,0.49384475
f2a7fe8f5d, all the photos  niceeeee,all the photos  niceeeee,positive,0.96790284
f064b6d8d2, thanks will try to behave,thanks will try to behave,neutral,0.64790845
cca7c2d75d, sorry about that,sorry,negative,0.64215475
85f2b5a1be,There`s like no one I ACTUALLY know on this shizz! Am dum diggin` it,Am dum diggin` it,negative,0.5084173
f862b97634,I miss my peanut gallery,miss,negative,0.51396626
acdb70ba14," I guess it`ll work under fusion. Otherwise you`ll have to boot directly to Vista just to do some online banking, which sucks","I guess it`ll work under fusion. Otherwise you`ll have to boot directly to Vista just to do some online banking, which sucks",negative,0.7285805
2cf05dbae2,I need to be sleeping.. But i`m not even tired..,I need to be sleeping.. But i`m not even tired..,neutral,0.49076322
d05df02b7b,just played volleyball?,just played volleyball?,neutral,0.88135535
140f375051, he`ll be out of school in 18mos! He just started again,he`ll be out of school in 18mos! He just started again,neutral,0.5603779
17a0e4995c,Epsilon Greater than Zero misses her Mommy.  http://apps.facebook.com/catbook/profile/view/5626035,misses,neutral,0.586529
ff28196b92,i have to put it out there...... I ADIDAS JOSH DENYER  xoxoxoxoxoxo,i have to put it out there...... I ADIDAS JOSH DENYER  xoxoxoxoxoxo,positive,0.76264834
8d6842b0a5," How hard is it 2 be running back an forth constantly? Ya kno workin all the time, havin crazy sleepin schedules? Must be hard",? Must be hard,negative,0.7269968
ee7883a399,"My jeans that were once two inches too long are now about five inches too long. Holy cow, am I getting shorter?!?","Holy cow, am I getting shorter?!?",negative,0.8222316
0308ce0d82,  what`s wrong,what`s wrong,negative,0.71759474
0c3dbd692f,only 2 more days of minnie,only 2 more days of minnie,positive,0.5766288
e57b6a932e,Sorry for the delay in publishing this weeks show  Some technical difficulties during encoding. Will be out asap but may be Saturday.,difficulties,negative,0.69914544
cf863cd4c0,"And here goes my first Twitter from #TwitterBerry Application from my #BlackBerry Bold 9000..  Cheers, long live.. #SMR","Cheers, long live..",positive,0.9004777
bb220c609a,finally gonna get sum sleep  that concert was crazy!!! God Bless those ministers!!!,God Bless,positive,0.9339954
fa6f60de23,Flypside - When it was good..i must creat my presentation in english  by guys ?,good..,positive,0.4799033
8004a55866,OMG i havent been on twitter all day  going thru withdraws,OMG i havent been on twitter all day  going thru withdraws,neutral,0.52276546
f163068ec5,"Working on this **** Financial project, Definitely not having any fun this weekend  , I want to spend it wit my BAAABY waaaah",Definitely not having any fun this weekend,negative,0.74761426
de075d0af4,my parents sold my car.,my parents sold my car.,negative,0.7262518
bc10ab23ee,Work today,Work today,neutral,0.76203066
75ade18f38, Oh no! I guess I`m officially a big nerd now. I heard the movie is great even if you don`t like Trek... and I do,Oh no!,positive,0.75059783
fab8688cc4, purrrrs.... ooooh that will do,purrrrs.... ooooh that will do,positive,0.85130465
5491a269d1," I was saying the same thing yesterday! So I droped 120 tweets! No the smarted thing bussiness wise, but can find real people!","I was saying the same thing yesterday! So I droped 120 tweets! No the smarted thing bussiness wise, but can find real people!",neutral,0.5718533
a2f75bf512, Sounds like a good five days,good,positive,0.9579855
40572abcd1,back to Roseburg...and an empty apartment,back to Roseburg...and an empty apartment,neutral,0.6238369
bfac5f3dd3,wishes the rain would stop so my stupid headache would go away!,wishes the rain would stop so my stupid headache would go away!,negative,0.8910298
ef46bfb728,Off to bed I go to dream of a world where Wal-Mart and Liquor stores all get blown up,blown up,negative,0.580309
7cbf1844c9,"Top 20 ways to go green! http://tinyurl.com/otjttu - this is pretty helpful, and kinda cool actually","this is pretty helpful, and kinda cool actually",positive,0.98571473
d2aaa532c6," woof, I wish I was allowed to go",I wish I was allowed to go,neutral,0.47754887
2a2fcca755,: re 'pot meet kettle' not so sure of that equation.,: re 'pot meet kettle' not so sure of that equation.,neutral,0.6480706
107209c985,Im still in my my pjs  but I haveto get dressed cuz Im going to see Dancing on Ice live,Im still in my my pjs  but I haveto get dressed cuz Im going to see Dancing on Ice live,neutral,0.57330906
3522dc6333,add me on myspace?? www.myspace.com/pwnage_org  -> pcFOpc,add me on myspace?? www.myspace.com/pwnage_org  -> pcFOpc,neutral,0.86105996
6e689049e0," i had to get the same sized jeans, i couldnt get my hips into the 14`s",couldnt get my hips into the 14`s,negative,0.59114534
0124694ddc," I love the humor, I just reworded it. Like saying 'group therapy' instead`a 'gang banging'. Keeps my moms off my back.   Hahaha","I love the humor,",positive,0.9173115
92ac1323a6,"Ok time to study for bus law and ethics, gotta test today","Ok time to study for bus law and ethics, gotta test today",neutral,0.76060075
e9fc65fc58,really not feelin well...,not feelin well...,negative,0.90616053
10ae68e638, I`m not part of that generation unfortunately.  This is really good though,I`m not part of that generation unfortunately.  This is really good though,positive,0.62257516
1fac790a50,feel like going home and sleep till the next day!,feel like going home and sleep till the next day!,positive,0.52995473
f426eb58bc,At pool in Orlando got new kicks  going to seaworld tommrow miss my best friend,miss my best friend,positive,0.7862781
d5a70a1b50," You`re following Ellen, Oprah, and... me! I`m honored!",honored!,positive,0.9779816
746c60fe38,"Home until tomorrow. Did my running and spinning. Now time for chiropractor, laundry, shopping, and visiting family. Missing nathan",Missing,neutral,0.71149063
9d5249399d,_anke What`s wrong with the ski slopes of MK? They`ve got coffee shops as well y`know!,What`s wrong with the ski slopes of MK? They`ve got coffee shops as well y`know!,negative,0.4686544
0daabb03c0, what is it? i cant get onto bebo on this one!,what is it? i cant get onto bebo on this one!,negative,0.8765214
f5c14f2efa,ok thats it.... sleep time,ok thats it.... sleep time,neutral,0.6028313
cfbb81ff26,Tweeten Out  Tix deals for NKOTB 5/28 Was $43 NOW *$38 http://tinyurl.com/NKOTBTweetenTixsDeal <-or other SEAT Prices /NKOTB Dates,Tweeten Out  Tix deals for NKOTB 5/28 Was $43 NOW *$38,neutral,0.88447577
0be40216ab, its cuz you love me. dont make me sad,its cuz you love me. dont make me sad,positive,0.71006495
636ea070e9,saying goodbye to Papa....,saying goodbye to Papa....,neutral,0.76245314
8070ffcc91, That`s great! I will have to do the same as I was forced to miss it. I had to leave for work.,That`s great! I will have to do the same as I was forced to miss it. I had to leave for work.,positive,0.75100946
4111c6407f, seems to have disappeared out of my life,seems to have disappeared out of my life,negative,0.79126
3638b6410f,This day jus keeps getting better and better  FML,better and better  FML,positive,0.97333
9e6ce70934,is wondering what I did to get on the 'do not respond' list,is wondering what I did to get on the 'do not respond' list,negative,0.60935026
7e5f7f81d3,http://twitpic.com/4wc1y - Cracking myself more & more up..  PhootoBoothingisFunForBunny Volumen Eins!,sFunF,positive,0.67780095
02a4a81c4a,  He`s awesome... Have you worked with him before? He`s a good friend.,s awesome,positive,0.98211366
503cc55757,Congrats ...so proud of you girl,Congrats,positive,0.98987234
9b729793c8, ahh when i was there it was closed,it was closed,neutral,0.69380355
6cd0f31027,"Woke up.. Walked out of my room, and a bug flew in my eye","Woke up.. Walked out of my room, and a bug flew in my eye",neutral,0.4867973
e670c015c4,Cats: unimpressed by thunderstorm. Dog: wishes  would come home,Cats: unimpressed by thunderstorm. Dog: wishes  would come home,negative,0.47328812
bfa3b20089,"P9 for Danica and your team... Not a end of the world, now is just hopes for a great race",hopes for a great race,positive,0.89201593
f3c78039e6,"I`m very upset right now, like I can`t even formulate a complete thought....","I`m very upset right now,",negative,0.94678354
c2e5f6d78a,rock pooling.  Can`t believe I get paid for this!,rock pooling.  Can`t believe I get paid for this!,negative,0.4210859
0c068ba050, i cantttt.  my grandparents are here.,i cantttt.,negative,0.573734
7444f5ab07,My Boss is in Las Vegas on the 14th A.P.P. Conference.......pfff,My Boss is in Las Vegas on the 14th A.P.P. Conference.......pfff,neutral,0.49464935
374a21b209, Lame remarks like 'I wonder if they like blondes in NZ'.  Umm...only if you have to ask.,Lame remarks like 'I wonder if they like blondes in NZ'.  Umm...only if you have to ask.,negative,0.6120031
09a1495ffd,pretty bummed that it had to rain last nite! oh well  still had fun! Goldfish is highly overrated!,pretty bummed that it had to rain last nite! oh well  still had fun! Goldfish is highly overrated!,negative,0.44651502
79ecd37e80," I`m originally from Seattle, I`ve just lived everywhere else, including Many places in the south","I`m originally from Seattle, I`ve just lived everywhere else, including Many places in the south",neutral,0.8419048
c81c60e7fd, I`m 25 in december that`s not good at all next big birthday is 30  after 21 it flys by for sure,that`s not good,negative,0.747777
42c07b3c3f,Playing d.j in Ray`s ride! On our way to have some delish sushi,Playing d.j in Ray`s ride! On our way to have some delish sushi,positive,0.8049548
3515730987," I feel the same way, but I guess no matter where you are there will always be memes.","I feel the same way, but I guess no matter where you are there will always be memes.",neutral,0.5887231
e0bbc101ca, Ohmygosh. I KNOW. That would make my night for SURE. lol.  Goodnight!,That would make my night for SURE. lol.  Goodnight!,positive,0.96614355
c6888c95b6," HEY, BABEE. ) LOVE YOOOOUUU. >< RP time.",LOVE YOOOOUUU.,positive,0.97833055
9340411a36, Oh no! I totally forgot he played today.,I totally forgot,negative,0.59126365
6f96ae7f3e,"drinking some really nice coffee, got to go to the dentist at 9am this morning",nice,positive,0.8262099
2730b04f38, haha  Thanks!,haha  Thanks!,positive,0.9179718
688fdc81ce,going to look at a bunch of open homes today. just to get a feel for the market. i think i`ve got a lot of saving to do...,going to look at a bunch of open homes today. just to get a feel for the market. i think i`ve got a lot of saving to do...,neutral,0.58807266
df5fbae62e,Made it home..Night my twitties,Made it home..Night my twitties,positive,0.5269928
82765c8bb2, n e uterus u wanna rub??? lol its ok u can tell me,n e uterus u wanna rub??? lol its ok u can tell me,neutral,0.5793745
19a5775105,"Oopsie, the origami box I just made looks like a strawberry! should I be allowed to teach?","Oopsie, the origami box I just made looks like a strawberry! should I be allowed to teach?",negative,0.6252436
1e0fddab4b,"CSI NY comes back to aus with `****, lies and silicone` (s05e04) EVRYONE ON EAST COAST TUNE IN TONIGHT  pleaseee","CSI NY comes back to aus with `****, lies and silicone` (s05e04) EVRYONE ON EAST COAST TUNE IN TONIGHT  pleaseee",neutral,0.74084187
5d5d2e1217,with harry.. baked. love you cassie.. BUT YOU`RE NOT ONLINE!?,love you cassie..,neutral,0.43656743
35c69785d1,Operation Mischevious (Pinwheel) to commence in 25 min... lol  waiting on Ed to show up,Operation Mischevious (Pinwheel) to commence in 25 min... lol  waiting on Ed to show up,neutral,0.71676457
2332225c0e, Always have wanted to go to Oz,Always have wanted to go to Oz,positive,0.68517864
43d5fb90ea, Goodnight!!!!!!,Goodnight!,positive,0.8879163
2a2b1ea03f,I`m at church now..bout to od on my smoothie bc it might be melted when I come back,I`m at church now..bout to od on my smoothie bc it might be melted when I come back,neutral,0.59255624
139f10b7c9,"Well poop, my guitar lesson was canceled today  I`m so sad. I hope his son feels better soon tho.","Well poop, my guitar lesson was canceled today  I`m so sad. I hope his son feels better soon tho.",negative,0.7787404
3559601be1,"unhooking my pt`s, then home to SLEEP! SLEEP IS GOOD",GOOD,positive,0.96949893
7ff83f5ad5,  shareeee.,shareeee.,neutral,0.6021996
f005ca5a71,Decided not to go...I want to see my sweetie  But I can`t.,But I can`t.,negative,0.63753587
546d022d08,Excited to see the girls today;  its boring at work without you,Excited to see the girls today;  its boring at work without you,positive,0.9186564
a69db5f84c,gawd the rain is too strong,rain is too strong,negative,0.7926231
fa6219da7f," _diva I know, I know...lol   That is the ONE song that stops me in my tracks on a dancefloor.  I just can`t...lol","_diva I know, I know...lol   That is the ONE song that stops me in my tracks on a dancefloor.  I just can`t...l",negative,0.41092074
28218b9834,Ugh cramps  and it`s hot,Ugh cramps,negative,0.72719854
e8d751704e,is hanging out with the roomies. I adore the 4 gentlemen I live with. Great people and a good talk when discussing boy issues!!,Great,positive,0.99248344
648bd1bcf5,stressed beyond BELIEF. need a nap,stressed,negative,0.5230246
52a76536b1,"PLEASE PLEASE, ANYONE?","PLEASE PLEASE, ANYONE?",neutral,0.69110054
1ea41175f3,Checked the bank acct this mornin..got a lil sad..then decided I would imagine a 0 on the end just to make me smile.  #whateverworks,Checked the bank acct this mornin..got a lil sad..then decided I would imagine a 0 on the end just to make me smile.  #whateverworks,neutral,0.46270666
9a941a052e, we r the lost troopers. But I want to know,lost,neutral,0.54267704
e5bcb0768f,Just got refused a bottle of morgan`s in tesco despite saying helen could verify my age...  shocking... Just left all the shopping! X,shocking.,negative,0.75145924
9c37dea400," **** straight you know what the game is, and if you`ve heard the tracks you`ll know why I`ve been rocking out","**** straight you know what the game is, and if you`ve heard the tracks you`ll know why I`ve been rocking out",neutral,0.71772283
73e4d7d135,"Happy Mother`s Day to all the amazing women who put up with us crazy, demanding children. Thank you.  Very very much.",Happy Mother`s Day to,positive,0.9809707
214f81d733,mymaths time....if only i cud read the mind of a nerd durin the exam,mymaths time....if only i cud read the mind of a nerd durin the exam,negative,0.6208196
c0e5054334, my sleep pattern is screwed i need to try and stay up 2 midnight so i can get some decent sleep coz i havent slept,my sleep pattern is screwed,negative,0.862953
24db8e9c5a, I wanna be drinking at the pub,I wanna be drinking at the pub,positive,0.5633644
66740802e8, Who`ve u noticed now Kate ?,Who`ve u noticed now Kate ?,neutral,0.90333563
68c52d3a5b,trying to get a sale in my job...,trying to get a sale in my job...,neutral,0.8376974
9fbf5d8078,About to go on 6 hour journey home,About to go on 6 hour journey home,neutral,0.9051131
cb97f1f165," nothing much, juss really bored! hbu?",bored!,negative,0.54416066
1fa3c23241,Roxie is not feeling very well  http://apps.facebook.com/dogbook/profile/view/6878284,not feeling very well,negative,0.848153
8f11a1edf2,"So much work, so little time","So much work, so little time",neutral,0.51699984
7c483ba8ee, yep im very jelous too  id love to be in miley position haha x,yep im very jelous too  id love to be in miley position haha x,positive,0.92635024
c91cb748f8,"@_Tanyya :O  awww leave off, shes ace! Shes one of my fav actresses!","awww leave off, shes ace! Shes one of my fav actresses!",positive,0.9777655
94e54846b4,adsense exchange rate 1 : 47.060 ($ : INR ),adsense exchange rate 1 : 47.060 ($ : INR ),neutral,0.88451254
5407d72b5c,today has not started out very well,today has not started out very well,negative,0.94586957
bd9ba894b4, just watched it on youtube and its hilarious. i laughed trough it.. seriously guys so funny.. greetings from Germany...,laughed,positive,0.9828834
29f27fcb45,I hate not bringing my ipod to school,hate no,negative,0.91847235
5cc7ff0098,R.i.p. to my lil sis`s cousins babyfather Jimmy aka GemStar,R.i.p. to,neutral,0.6719593
488a3a08e1,Margaritas with my Momo. I`ve missed her.,missed,neutral,0.5908208
5ff7941ec0, Aw poor you..ironing! Eek! lol It`s raining here too.....prob try and get out with the kids later..nt too exciting im afraid!,.nt too exciting im afraid!,negative,0.7924075
e7e79d806e,"trying to learn for my oral exam, but I`m too distracted",but I`m too distracted,negative,0.7624627
6a4ed92fe7,grrh  wii remote dead.. no multiplayer here tonight,i remote dead.. no multiplayer here tonight,negative,0.6352605
b49ea7d1c2, everything is your fault moxy...everything.   x,fault,negative,0.71918434
63c1312ac7,About to go to my last theater lunch  im gonna cry.,About to go to my last theater lunch  im gonna cry.,neutral,0.40184778
c3a4f6593e,  hope he is ok!,hope,positive,0.8040094
638522b1b4,http://twitpic.com/66yb9 Ozzy back from the vet. Not feeling well. He looks so sad.    Possible UTI. Results tomorrow.,sad.,negative,0.9297125
e343e4554c,Well - looks like Hurdle is out.,Well - looks like Hurdle is out.,negative,0.5486307
af914fd221,Watchin Scooby Doo 2,Watchin Scooby Doo 2,neutral,0.5352508
17e6103729, Surely you knew this before hand? A good book or a hand held has to be essential. Just no PSPs unless you have a charger.,Surely you knew this before hand? A good book or a hand held has to be essential. Just no PSPs unless you have a charger.,neutral,0.67562014
daf8450be4, we are going all out!,we are going all out!,positive,0.79546356
d591c59fae,Last free Friday.,Last free Friday.,neutral,0.74928725
c09234e27f,_Rex_513 I`m working all weekend,I`m working all weekend,neutral,0.8817054
9d9a47795c,Time for me to go to sleep! It`s almost 1am. Night everyone! Happy mothers day to all the moms out there,Happy mothers,positive,0.9726748
e625987062, Murphy`s Law?  Sorry that your computer is not cooperating when you have lots of work. My kids are .. http://tinyurl.com/km235x,?  Sorry that your computer is not cooperating,negative,0.762644
1b7bde5a7c,Goodmorning twitter bugs.. happy monday to you all! Today marks my first official day at my first fulltime job.. time to get ready!,happy,positive,0.97886527
4c79fd12f9," did you decide it is a sprain? mine has been bothering me again, but never had it checked out","mine has been bothering me again,",negative,0.8420311
94065137e9,At work making more $$.. The only thing that keeps me going is knowing I can SHOP some more once I get paid  I`m becomin a SHOPAHOLIC hehe,At work making more $$.. The only thing that keeps me going is knowing I can SHOP some more once I get paid  I`m becomin a SHOPAHOLIC hehe,positive,0.9449176
b5f20130d0,awake  slept in a little cuz no construction. now studying bio alllll day but i dont mind.,awake  slept in a little cuz no construction. now studying bio alllll day but i dont mind.,neutral,0.53837085
778e4fc544, Hey guys! can i ask; what item did u guys put up for ur talent show? i am such a BIG fans of both of you! whoo!,fans,positive,0.9486683
3f35287515," it is very unlucky  the day wasn`t the same without you! i hope to see you on wednesday though, right? x","it is very unlucky  the day wasn`t the same without you! i hope to see you on wednesday though, right?",negative,0.453772
ee31015dc7,"having a creative party with me, myself, and moi","having a creative party with me, myself, and moi",positive,0.7148973
9822de911e,Well its a good thing ``march`` wasnt very long and i didnt like it...cuz its deleted. Ugh,Well its a good thing ``march`` wasnt very long and i didnt like it...cuz its deleted. Ugh,neutral,0.37343055
7b0d929f7c,One interlock down one to go,One interlock down one to go,neutral,0.8061203
37eb874297,76 long and painful miles today.  knees ache.  approaching 50 years is rough. not accepting it well.  3 glasses of draft helped.,painful,negative,0.6682981
715d33d253,  if you need to talk or vent let me know,if you need to talk or vent let me know,neutral,0.83985114
463d08c2b6, Hey Ruthie girl... u send me all these lovely twitts but never respond!  I`m hurt... how`s Mikey and Dion?,these lovely twitts but never respond!  I`m hurt...,negative,0.7909824
bd703999ad, i know,i know,neutral,0.47859442
728c35eb9d,_ haha tell me about. I`ve had this feeling everyday of this week,_ haha tell me about. I`ve had this feeling everyday of this week,neutral,0.7182414
80eec92c44, Missed you last night hon,Missed you last night hon,neutral,0.648821
354da96cb1,"it`s overwhelming how i`m finally catching up with my cousin/bff since i was three who i haven`t seen in years. ah, memories. miss her","it`s overwhelming how i`m finally catching up with my cousin/bff since i was three who i haven`t seen in years. ah, memories. miss her",positive,0.63854504
8b4327df2f,missed my friggin hair appt!!!,missed my friggin hair,negative,0.973347
c0bb299cf7, i`m on my mobile so it won`t let me  but i can`t stop thinking about you ;)x,t i can`t stop thinking about you,positive,0.6784514
1ccd260788,"Thought i saw the a-trak van, turns out its the Alcohol- TEAM van.","Thought i saw the a-trak van, turns out its the Alcohol- TEAM van.",neutral,0.72127056
399fd22bea,HAPPY MOTHERS DAY MOM!,HAPPY,positive,0.9821764
18374964e8,"1st- TY to those who follow back.  2nd - grrr to those who don`t, cuz it messes up being able to follow others u want to when ur at 2000+","1st- TY to those who follow back.  2nd - grrr to those who don`t, cuz it messes up being able to follow others u want to when ur at 2000+",negative,0.49866456
006138377d, thanks for the message - just worked out how to see them and reply!,thanks for the message,positive,0.8326656
a846abcef7, no decleration yet but crazy **** Koreans aren`t playing nice anymore  what do u thinks next? I`m thinking war,crazy **** Koreans aren`t playing nice anymore,negative,0.847208
32acdbaa2d, Awww mate. that`s such a shitter,Awww mate. that`s such a shitter,negative,0.92013544
4ebb564e8e,My head hurts,hurts,negative,0.9589894
252834a167,Josh just called me a big bucket of ugly  wish me luck for my audition tweets!,Josh just called me a big bucket of ugly  wish me luck for my audition tweets!,negative,0.6260699
3be19aa6bd,is sooo close to finishing her exams  role on monday and i will have my life back.,i will have my life back.,positive,0.9429166
7a2190c6de,really wants a puppy...,really wants a puppy...,neutral,0.52483046
dba567102d,"I want 2 get my nails done today, but according 2 superstition I can`t. Guess I`ll have 2 wait til tomorrow then..  off 2 French!","I want 2 get my nails done today, but according 2 superstition I can`t. Guess I`ll have 2 wait til tomorrow then..  off 2 French!",negative,0.48003134
ee9a34633e,Haha yea  if i knew yew wanted 2 go i would have told yew,Haha yea  if i knew yew wanted 2 go i would have told yew,neutral,0.6998901
e2229a4d7c, lucky girl!!! I work all day tomorrow! and maybe even Monday!!,lucky girl!!,positive,0.9783182
dbd219cbf7,I just made myself a wonderful breakfast!!!!!!!! Now I have to get ready to workout,wonderful breakfast!!,positive,0.97875094
e579f4f66b," thanks, I couldn`t find a way around it on iTunes though, found a little app called Switch that did the job nicely",nicely,positive,0.83529043
49f2ac4738, Sounds good. 'This patch was brought to you by ...',Sounds good.,positive,0.937105
f39e3ea68d,"House of the Muses 4, page 28 is now live.   http://bit.ly/egVW3",Muses,neutral,0.89359766
398bad8e1a,"I don`t think I`ve ever been so tierd in my life.Ugh,goodnight.So sleeping in tomorrow",I don`t think I`ve ever been so tierd in my life.U,negative,0.62620556
414d90488c," july 21st!?? that means at your concert I won`t know all the songs.  oh well, yay demi!! <3","july 21st!?? that means at your concert I won`t know all the songs.  oh well, yay demi!! <3",positive,0.5621338
cac1a8c2fe, Hahahahahahahahahah! That tickled me so much!,Hahahahahahahahahah!,positive,0.9783376
beb2af0d47,"Everyone going to the hometown show is excited they get to go on Thames Street. I`M GONNA SEE THE ORIGINAL THAMES RIVER, ****. ohhhh.",****. ohhhh.,positive,0.9558247
abd992a3b3," agreed  it did take me a little while to find my way on stocktwits, but once I did, I cant imagine working w/o it","agreed  it did take me a little while to find my way on stocktwits, but once I did, I cant imagine working w/o it",neutral,0.51144296
d3803a4068,"Happy 'Star Wars' Day, Twitters.  http://migre.me/SiE :*","Happy 'Star Wars' Day,",positive,0.9738046
1f0870b137," that`s family for you  imna crash, woke up 630 3 days in a row....lol",a crash,neutral,0.5245275
4294213015,"First impression of Silverlight: sadly, based on what I saw today, it`s quite problematic","sadly, based on what I saw today, it`s quite problematic",negative,0.93051744
ece674befc,I can`t help it if I`m a GRAMMAR NAZI!,I can`t help it if I`m a GRAMMAR NAZI!,neutral,0.46242455
5317a3580a,headache  wanna see my Julie,headache,neutral,0.48480898
5dd8d3c08c, hope y`all enjoy the MusicBoat Cruise.  What a tough job - haha!!!,hope y`all enjoy the MusicBoat Cruise.  What a tough job - haha!!!,positive,0.9401044
07cc8e5f3f, oh thank you thank you! Was hoping the video will be online,oh thank you thank you!,positive,0.9709438
f154245168,SF felt WAY too intense for me tonight. Hope that doesn`t keep up. Upset with myself for not hanging with  and pearl,Upset,negative,0.921503
31139c5f14,is suprisingly okay. or possibly still drunk. goodbyes suck though,is suprisingly okay. or possibly still drunk. goodbyes suck though,positive,0.48542202
b9bd90c196," Other than that, you are totally bereft of faults in every way",faults,negative,0.88442403
7195fff9c7, Hey Tom. Have your plans to make an concert in Denmark this year?  please reply ****,please,neutral,0.91451025
35547f74ae,The jetway feels like the seventh layer of hell. Oh and there are way too many babies on this flight. And I forgot my Bose.,forgot,negative,0.9424325
72231b228b," Hi, I teach some Chinese lessons on youtube... Feel free to have a look  www.youtube.com/ChineseLearn","Hi, I teach some Chinese lessons on youtube... Feel free to have a look",positive,0.5217575
0be6ff2519,i lost one of my best friends iï¿½m sooo sad,sooo sad,negative,0.90901846
3d89c2dc35, I tried replying to your mono lake tweet but dunno what happened. Just said I know that lake very well.,I tried replying to your mono lake tweet but dunno what happened. Just said I know that lake very well.,neutral,0.6296661
714daf92d0,Swollen face.....again,Swollen face.....again,neutral,0.5455511
ba89a92276," last time I looked, they were about 400. They gave us a demo, so cool",so cool,positive,0.98488253
91fadc0874,"this time, i really need to shut it.. i`m going to sleep! my head aches badly and i really can`t take it..",my head aches badly,negative,0.9452991
f6cdfd5839,  I missed one,I missed,negative,0.51612276
087f02e9e5,_FP Awh shoot. Make a detour and come to PR  forget Indiana haha,Make a detour and come to PR  forget Indiana haha,neutral,0.6372507
f67eced7f7, perhaps because it`s 3 am Minday morning,perhaps because it`s 3 am Minday morning,neutral,0.84900737
85eedf7552,Finallyy done !! And done clean`n lay`n down time 4 bed.. goshh its 3 o`clock !! Lol nite nite twitta heads,Finallyy done !! And done clean`n lay`n down time 4 bed.. goshh its 3 o`clock !! Lol nite nite twitta heads,positive,0.61816984
d338276bcb,WANTS TO GO TO SLEEP WITH THE SOUND OF THE RAIN,WANTS TO GO TO SLEEP WITH THE SOUND OF THE RAIN,neutral,0.70534784
4d067880fc,'I`m giving up on you. I don`t care how you mess up your life now.'... :`(,'I`m giving up on you. I don`t care how you mess up your life now.',negative,0.8930463
048afa7311,Cleaning my room and listening to britney.,Cleaning my room and listening to britney.,neutral,0.6323505
ee143fb8ea,The 'shhh..' stuff is finally all done!,The 'shhh..' stuff is finally all done!,positive,0.48676035
ae9f387efc,"Glorious day in Glasgow for a change, and I`m working  Too much to do to even contemplate knocking off early...","Glorious day in Glasgow for a change, and I`m working  Too much to do to even contemplate knocking off early...",positive,0.8373406
9f105efdf6, Yay good for both of you. Enjoy the break - you probably need it after such hectic weekend  Take care hun xxxx,Yay good for both of you.,positive,0.974034
e0f9785d8c,Happy morning to everyone!,Happy,positive,0.98311967
d0a31df531, Well I guess they think of everything   Thanks so much for keeping the fans in the loop,g   Thank,positive,0.816922
d001da55ba,Is at work,Is at work,neutral,0.7202171
41f67a6073,Homey missed da bus.,Homey missed da bus.,neutral,0.50219506
4442314e2f," My daughter went to a Bday party today caled, 'Grace' of Cakes...the little girl is named Grace & they made cupcakes!","My daughter went to a Bday party today caled, 'Grace' of Cakes...the little girl is named Grace & they made cupcakes!",positive,0.875942
6d0614aa46,it makes me want to cry when 2 grown men discuss characters on All My Children.,cry,negative,0.83181477
a3d5746493, Lol Only if you make me that cookie.  I`ll hit you up.,I`ll hit you up.,neutral,0.50748515
1832d2d142,t`internet on blackberry fooked so no checking of the tweets and whether phill has taken up my request,t`internet on blackberry fooked so no checking of the tweets and whether phill has taken up my request,neutral,0.69567317
89ed43d3c5,_JessicaB_**** yip.....aw gonna miss them on bb,miss,negative,0.56298405
ebdf5434e9,"i`m defying gravity. and nobody in alll of oz, no wizard that there is or was, is ever gonna bring me down","i`m defying gravity. and nobody in alll of oz, no wizard that there is or was, is ever gonna bring me down",neutral,0.5101895
13c6d43307,Work...,Work...,neutral,0.692254
9e5a02b7ec,"Stupid jobs, idk what to do.",Stupid,negative,0.9665523
3047b3a852, is it for dinner? the amount for dinner ones is greater than say an afternoon snack. a pack for the day is prob ok.,greater,positive,0.6735707
eafcdbd4b6," belay the swimsuit, hot tub won`t be ready this weekend.  sadness",sadness,negative,0.7578291
1037a5c010,No one loves me  Brittany forgot my flowers...,No one loves me  Brittany forgot my flowers...,negative,0.80456245
08b9bd30a3,is seventeen today  and is trekking from chorleywood to see    and  in cambridge  <3,is seventeen today  and is trekking from chorleywood to see    and  in cambridge,neutral,0.83617
024d06afe5,my picture wont come up  it keeps saying thats a nice picture! but where is it??,my picture wont come up  it keeps saying thats a nice picture! but where is it??,negative,0.49041212
994e70b5cf,_Rocks Just spurted Fanta out of my mouth laughing at that!,_Rocks Just spurted Fanta out of my mouth laughing at that!,positive,0.5779679
dd657b7d5b, I just heard that Regina girls song @ les deux! And I think u should/have 2 come back 2 mc! I miss u,I miss u,positive,0.68549466
d9fbfafe46,Good Morning Tweeties,Good,positive,0.80662495
4fb25c5aa6,_angel I cant i dont have mms  but i will waer it nexxt time i see you,_angel I cant i dont have mms  but i will waer it nexxt time i see you,neutral,0.64695626
9d5ca07425,boys and girls lie? awww is santa not real either?,boys and girls lie? awww is santa not real either?,negative,0.76712096
8dae0c6c8b,Happy Mother`s Day Mama bear,Happy Mother`s Day,positive,0.9834525
ebe7dbb709,Happy nurses week! It`s our first one as rn`s,Happy,positive,0.9866584
1099633919,The seat was a nice place to go,nice place to,positive,0.944483
ef00e560b0," b/c 'we' ONLY have Baby Phat, Phat Farm, Applebottoms & FUBU!! And they come up pretty WEAK!! Double",WEAK!,negative,0.6749729
c35dd917eb,_OKeefe Yay! You`re on Twitter! You`re my secret celeb crush!  (too much info??),_OKeefe Yay! You`re on Twitter! You`re my secret celeb crush!  (too much info??),positive,0.90601295
7c29f8f1df,needs a break from the computer... adios  <3,needs a break from the computer... adios  <3,neutral,0.6533766
5ddda8b866,I want some cookies.,I want some cookies.,positive,0.5250969
100dfa1c6c,Hanging with my cousin Jimmy then hopefully hanging with my friend,hopefully,positive,0.6533052
9b57fa7fae, heyy i finally got one too  oh and good luck on your finals today,nd good luck,positive,0.93398887
dfa6598452, I miss you...  come over and say bye before I leave!!,I miss you...  come over and say bye before I leave!!,neutral,0.49518067
ba5d582aaa,"Ok, time for bed. Good night Twitter",Good night Tw,neutral,0.5396832
0f7d971d93, haha that photo is too funny! I hope he wasn`t disturbed by passengers too much during the flight,hope,positive,0.7573248
5bb84e6c69, excellent good to see,excellent,positive,0.9753391
4d3ccbe52f," omg!!!! I feel bad,  .Was it good?              ;","I feel bad,",negative,0.8955855
6bbb65a341, JACKSON RATHBONE!,JACKSON RATHBONE!,neutral,0.6929588
9356ba6a0e,on way to work,on way to work,neutral,0.7385543
e0102d2a90,"got in a fist fight with a old biker guy.......and how dare you even ask, yes i kicked his ****","got in a fist fight with a old biker guy.......and how dare you even ask, yes i kicked his ****",negative,0.72727615
58f82fa6b7, So Windows LiveWriter`s accessible? Guess that answers that.,So Windows LiveWriter`s accessible? Guess that answers that.,neutral,0.7106417
6adeb8b9c6,i wish paramore would come to ireland,i wish paramore would come to ireland,neutral,0.58007663
bca1eee90e, I know!!!! He didn`t ask me,I know!!!! He didn`t ask me,neutral,0.56364226
612a72340c, Ahhh so Jealous!  Have a nice time and I`ll see you when you get back x,Ahhh so Jealous!  Have a nice time and I`ll see you when you get back x,positive,0.9423316
358fe1c33b," actually, I wish I was back in Tahoe.  I miss it there.",I miss it there,negative,0.5191211
abaa10bfc5," - Me. because my ex boyfriend of 2 years (we broke up 2 months ago) is engaged to his gf of 6 weeks.  sad, embarrassed. Hug?",sad,negative,0.8618946
162f8609ed,I am so sad...,sad..,negative,0.93801636
e1b7e1a913,"around, reading, bed.","around, reading, bed.",neutral,0.6328983
5136848d5f,Last days of maternity leave,Last days of maternity leave,neutral,0.87940544
e96d8ec69b," Hey, you!! ;) Call me this week!! Gotta go hang out ... could use the de-stress!!","Hey, you!! ;) Call me this week!! Gotta go hang out ... could use the de-stress!!",positive,0.91312903
2fec753891,night night dollies  you are al so amazing,you are al so amazing,positive,0.97567636
68d3ea9947,another fun night!!  chilled wit my homie @ green turtle n the park....good times...good times.,.good,positive,0.9850958
540c34b1e1, OMG!!! That`s a nightmare,OMG!!! That`s a nightmare,negative,0.6462709
d464552b68,I WILL CRY!!!!!!!!    I can`t believe that I lost the chat!!!,I WILL CRY!!,negative,0.96220696
44aea92916,   People are cruel sometimes.  I can`t imagine being a Star.,People are cruel sometime,negative,0.9497041
ef18d5c574, nice new profile picture! Glad to see some friends in there,nice new profile picture! Glad to see some friends in there,positive,0.9910506
635052f8b8,ping pong tomorrow,ping pong tomorrow,neutral,0.8627657
5468ad9604, I was just about to put in '@' and then my username.. Wow.,Wow.,positive,0.49564633
cff20b9529,has has an ok day with jo. She bit me and now its bruised.,bruised.,negative,0.54185134
1004435044,_Laurie my thoughts rae with you and your family,_Laurie my thoughts rae with you and your family,neutral,0.69791853
9c8845f9f7, i miss you  !!!! ??,i miss you,negative,0.56892276
fd81e4afaa, Something like that happened to me once: We closed the side door too hard and the engine locked up,Something like that happened to me once: We closed the side door too hard and the engine locked up,negative,0.6068419
780e7e15cb,"Sitting in mels house, just finished eating mcdicks, laughing at all the dumb stuff I said tonight!! Ready for bed? I think so",laughing at all the dumb stuff I,neutral,0.41641283
8d1b62dbbf,In Kelantan! Good to be (sort of) home! :pI`m guilt stricken after having that turtle egg.  Really. Won`t do it again. Really.,Good to be (sort of) home! :pI`m guilt stricken,negative,0.39563942
0096346b61,Very sad that my camera is in the hands of the Geek Squad. 2-3 weeks!,Very sad,negative,0.9584785
f21b92d13c," Yes otherdad   Wait, do I go back to sleep or cause mischief?","Yes otherdad   Wait, do I go back to sleep or cause mischief?",neutral,0.57615244
0b882c5b79," btw, short notice I know, but we`re RSVPing no for your party- thanks so much for the invitation, though!  I`m out for 2nite too",thanks,positive,0.9260406
60c34cb9d8,Sending love & respect to all the mommies out in the twitterverse! You all inspire me!!,love,positive,0.9869197
0c1986facc,twitter is acting weird,acting weird,negative,0.93414855
ecf2eae799,_1988 cool i wish i could av gone 2 da 1 he did where i live but i couldnt,but i couldnt,neutral,0.5144983
1f1b0c0d6f,kewl the JB chat was awesome. I had to miss lots of it though cause i had 2 go 2 skewl,awesome.,positive,0.8893686
08147efbe3,mannnn..... _ got an iphone!!! im jealous....  http://bit.ly/NgnaR,jealous..,negative,0.54269123
21bf0abafd," Hm, maybe Louise Rennison will break tradition and it will be out in October instead  I always order the UK versions anyway","Hm, maybe Louise Rennison will break tradition and it will be out in October instead  I always order the UK versions anyway",neutral,0.7358948
71d48361a6,Finally came around to shorten my Twitter username from  to . If you follow me - no need to change anything.,Finally came around to shorten my Twitter username from  to . If you follow me - no need to change anything.,neutral,0.7100835
d51e6d306d, i really wish i could make it! a 12 hr. drive just isn`t going to happen this weekend.,i really wish i could make it!,negative,0.6335617
e4ac197713,"In bed eating chocolates after 2 super parties, yay  playing with the new camera - could I be an amazing photographer?","In bed eating chocolates after 2 super parties, yay  playing with the new camera - could I be an amazing photographer?",positive,0.95735973
e13ebcb0a2,has finished exams.... has (almost) moved out of halls and is leaving london tomorrow,has finished exams.... has (almost) moved out of halls and is leaving london tomorrow,neutral,0.769427
c79e989647,Rele doesnt want to leave lfpa.,Rele doesnt want to leave lfpa.,neutral,0.53544366
c6d01166ec," I`d have responded, if I were going","I`d have responded, if I were going",neutral,0.8083177
efb00281a2,: Happy Mother`s day to my Mother. Thank you for being such an awesome mother,Thank you for being such an awesome mother,positive,0.99297696
ff89736e2b,_pearlman  mow love mow,love,positive,0.79123116
c1587fdca9,  i love you mooorrreeee,i love you mooorrreeee,positive,0.981128
221e62344f, HAHAH you know you loved the hannah montana movie  it was aweesome,it was aweesome,positive,0.9865025
9155e53ffa, You`re welcome!  How much longer until it`s colored in?,You`re welcome!  How much longer until it`s colored in?,positive,0.9296889
656ae815d0, would like to swap...i`m sitting with 3 grumpies,like,neutral,0.74411845
3b704ff59d, No money... and No Car...,No money... and No Car...,negative,0.56978655
4ba3fe0013,Last day in Dijon,Last day in Dijon,neutral,0.8652339
130559690b, i totally owe you a week of on-call duties.  i appreciate not having those while jill is in town,i totally owe you,positive,0.4727002
cf09b18b7d,jason! bend over so i can hit it from the back,jason! bend over so i can hit it from the back,neutral,0.7593035
11ec555c5d," ouch! I can`t even look at that one, just knowing it exists it enough for me",ouch!,negative,0.5258792
af14fdc087,I fell for Austin Taura Hanafiah even morreee! Shoott!!!  A guy shouldn`t look that yumm! Hahaha...,yumm!,neutral,0.43288574
dd6164da82,"Gone up to 8mm on my plug. Help, this is where I said I`d go maximum and I still want to stretch it more...","Gone up to 8mm on my plug. Help, this is where I said I`d go maximum and I still want to stretch it more...",neutral,0.60511094
f870e795a7, i`m fake. . Is that the same?   ~K~,i`m fake. . Is that the same?   ~K,negative,0.5998985
f7b35fc5dc, yup .. sad eh .. Betty man .. it should have been betty,sad,negative,0.6837407
0d448fbaa0,"Starting my internship today, pretty excited!",excited!,positive,0.9905872
d47fd57346,"  not really, all in all, if im not mistaken, mga less than 1k each lng ang gastos namen...","not really, all in all, if im not mistaken, mga less than 1k each lng ang gastos namen...",neutral,0.7642578
c83c43f478, Have a good day,good,positive,0.97892445
bc0a691733,listening to a new Stolen Sheep record,listening to a new Stolen Sheep record,neutral,0.8784648
4664865df9,okie gonna tweet more because i am loosing you guys or girls,loosing,neutral,0.51317114
3769ac606e,_370 i thought he was off until next week...i think we have another week to do his ohmygod please tell me with have another week,_370 i thought he was off until next week...i think we have another week to do his ohmygod please tell me with have another week,neutral,0.5788233
36db1f8ad8,is a bit tired. I blame the rain.  http://plurk.com/p/x2jc9,tired.,negative,0.68058187
3b191dd747,"#bigfanfriday 2day, & i go & friggin loose 1, life sucks!!",life sucks!!,negative,0.9469618
43e303fd9f,upss..her name is writen like chesca.,upss..her name is writen like chesca.,neutral,0.82951146
b3b5d196ae,The sun is out here in Melbourne! Happy Mothers Day to all the mums out there,Happy,positive,0.9846511
67d0e429e4,Off to school. Who knows what to expect? Bring on life and all of it`s suprises!,Off to school. Who knows what to expect? Bring on life and all of it`s suprises!,positive,0.79958284
a081cba1df,Unfortunately these heffas decided to take an impromptu mall trip without telling me,Unfortunately these heffas decided to take an impromptu mall trip,negative,0.8382405
906f21407c,"Rose Romance is released here on Thursday, gonna get me some BPs","Rose Romance is released here on Thursday, gonna get me some BPs",positive,0.69273925
ea66ecbe33, ive finished them now,ive finished them now,neutral,0.75494486
97b13a13e4,Im.in.the.room Im.watching.the.HANNAHmovie.withMOM.She.said.this.film.very.great.,great.,positive,0.9686923
c108704bba, You right...we are 'arguing' about nothing...I thought it was healthy conversation,.we are 'arguing' about nothing.,neutral,0.5791498
e6b2c90647," Speaking of which, we need to talk soon.","Speaking of which, we need to talk soon.",neutral,0.8217635
8c6efb4ea4,today is a busy day. exhausting!,exhausting!,negative,0.57642525
4cf5cde005,"Wow, can`t believe Monday is here again already. I hope everyone is well today",hope,positive,0.9736583
ce60c0a054, following 865 and followers 539...not nice,.not nice,negative,0.85100186
fb30c25788,"Finally a chance to show genuine love, not dependent selfish love, I hope I can do it. My heart goes out to you and I`m sorry 4 ur pain.","love,",positive,0.7085489
5ed544fbcb, hahah! sadly there is no current activity though in the room,! sadly,negative,0.5186792
5f55610078,I`m too tired,tired,negative,0.84417284
4d1ac28400, Just ripping here.  That ad buy I was going to speak w/you about looks to be on hold for a bit. Company changed hands. :-/,Just ripping here.  That ad buy I was going to speak w/you about looks to be on hold for a bit. Company changed hands. :-/,negative,0.69246936
65b947ea2a,webcam still wont work  evil stuffs.,evil,negative,0.9466625
9afc35d1c0,I WANT RED CRUISERS!!  i don`t like the other ones. LMFAO!,i don`t like the other ones.,negative,0.5159783
73ee80aa8f, I use to own a 32 lbs tabby cat. Got him for North Shore Animal league he had diabetes,I use to own a 32 lbs tabby cat. Got him for North Shore Animal league he had diabetes,neutral,0.64582646
e604259c01,pulling articles,pulling articles,neutral,0.794194
9c41584560," heh, thats the same theme I used on http://leetbix.net","heh, thats the same theme I used",neutral,0.808594
1beebdfd05, I wish you weren`t going to a 19+ venue in Vancouver,I wish you weren`t going to a 19+ venue in Vancouver,negative,0.52074295
737ed8a155, my friend sent u call bck messages. i dunno if you could reply but she has no credit thts all.,my friend sent u call bck messages. i dunno if you could reply but she has no credit thts all.,negative,0.55624723
06b53522af,"Come on Kirk, hook up your Wii to the wifi....you can do eeet!","Come on Kirk, hook up your Wii to the wifi....you can do eeet!",positive,0.61673087
e64ad4e0a3," I will, n btw happy mothers day sissy","I will, n btw happy mothers day sissy",positive,0.9621154
e439440888," Hey, Maria! I`m so sorry!  I think I accidentally disconnected you.     Thank you SO much for trying. Headed to your site soon.","Hey, Maria! I`m so sorry!  I think I accidentally disconnected you.     Thank you SO much for trying. Headed to your site",positive,0.59531754
bc99427696,"planning! and trying to call the doctor, though that isn`t going so well. So mostly, planning",though that isn`t going so well.,negative,0.4873705
e980c9189e, looooooooooooool thanks,thanks,positive,0.68250114
1dca967243,i know i was wrong. maybe i shouldnt did all of those **** things like that,wrong.,negative,0.8841855
a5cbdf5a38,and young ones....'look what I found'....'breakfast'....,and young ones....'look what I found'....'breakfast'....,neutral,0.69817793
208a5a9286,still trying to get better  had to get mommaz lovin..headed to her house.. ahhhhhh i so hate this feelin!,i so hate this feelin!,negative,0.8406602
ea8c1a61aa, ME! oh wait wrong state,oh wait wrong state,negative,0.6164381
cacf4c62d8,thinking 53 more days is the only thing that gets me through work. ahhh i dont want to go,i dont want to go,negative,0.69911146
f92c3815ee,One good deed deserves another. I hope to help someone else some day,One good deed deserves another.,positive,0.927198
5c086e49b1,"  I could go for some Lulu`s or Slanted Door right about now.  Tomorrow is the Farmer`s Market, right?","I could go for some Lulu`s or Slanted Door right about now.  Tomorrow is the Farmer`s Market, right?",neutral,0.60011315
254d3dd5f2,"TWITTER WILL NOT UPLOAD MY ICON PICTURE  it hates me. Eff this, i`ll upload it later",hates,negative,0.95837003
efbca5f3e3,taking mum to lunch for mothers day,taking mum to lunch for mothers day,neutral,0.77133787
1f560161e2,Left 'Up' due to out-of-focus projection.   Hopefully my complaints to theater management will get it fixed for everyone else still there.,Left 'Up' due to out-of-focus projection.   Hopefully my complaints to theater management will get it fixed for everyone else still there.,neutral,0.47555232
55be4400ff, bit excited are u bradie lol,excited,positive,0.9113433
2eaa4e968f," Maybe you have, my memory sucks.",my memory sucks.,negative,0.855989
165d90b680,"is missing her best friend  commme back kayla, going out in a little while",is missing her best friend,neutral,0.6169334
15912eafb8,"*uh* totally forgot the gentoo reinstallation  don`t know what i should backup. the make.conf, my home and /boot. nothing else..?","*uh* totally forgot the gentoo reinstallation  don`t know what i should backup. the make.conf, my home and /boot. nothing else..?",negative,0.6540544
7a5693514e, people are pathetic  how do u know some one is trying?,pathetic,negative,0.9227739
64bd191dff,Happy moms day,Happy moms day,positive,0.98441386
303f65d5bc,watching the games and making some popcornss!,watching the games and making some popcornss!,positive,0.67106736
3ac60d5530, you`ll be fine  don`t worry ... good luck again,e fine  don`t worry ... good luck again,positive,0.9343225
dd44ae05ce,In pillow heaven,In pillow heaven,positive,0.4921847
53caecee4e, sounds like you`ve had a nice weekend lady!,nice,positive,0.9655926
cdc487d933,Where is the sun!!,Where is the sun!!,neutral,0.6838378
64d2bcfe78,has just joined the twitter community,has just joined the twitter community,neutral,0.83736753
d4b8c03499," youre not going, are you   ?","youre not going, are you",neutral,0.51596445
9cce4d3360,   See you later lovely ladies.  Be Good & I love you millions  ****,d & I love,positive,0.9807977
b776f71702,"_Chip That`s right! I totally forgot. Might not be till August, though    Have a great summer!!",Have a great summe,positive,0.9793453
373175cbb8," http://twitpic.com/4w0yj - wow, fancy!","wow, fancy!",positive,0.9170442
20f3bcc99c,Around 3 hours left until a 3 day weekend and I have waaaay too much work to do.,Around 3 hours left until a 3 day weekend and I have waaaay too much work to do.,negative,0.5395226
ddbbc02e1b,i hate having the same hair for too long. i think i want super looong hair now,i hate,negative,0.8405597
b68d71e549,wow...i have to many bookmarks...i just spent a good hour organizing,good,positive,0.5162592
770d53e297,Looks like the #GM Bankruptcy is going to happen. This loss will help offset the gains that I had earlier in the year tax wise. Oh well,Looks like the #GM Bankruptcy is going to happen. This loss will help offset the gains that I had earlier in the year tax wise. Oh well,neutral,0.5210589
4087622ec3," i saw this 6 week diet that was no sugar, no rice, no wheat, no potatoes, as much protein as you want. So i just did no sugar.","i saw this 6 week diet that was no sugar, no rice, no wheat, no potatoes, as much protein as you want. So i just did no sugar.",neutral,0.70852673
77efd1caba,"Fab wedding yesterday, feet still sore from dancing so must be a good sign. V glad to wake up in my own bed this morning",Fab,positive,0.9206012
1af9e0ef6b,My puppy Gizmo h8s me..  haha. He still growls @ me.  I always look back @ my long pruple scar on my fingie,haha.,positive,0.65212554
58eeb094ee,very malakas ang ulan. how will i go to fort,very malakas ang ulan. how will i go to fort,neutral,0.5834111
6d7f97b8bb,losing weight  check the pic,losing weight  check the pic,neutral,0.8461455
7ced8e7ade,I think my phone has officially bit the dust.,I think my phone has officially bit the dust.,negative,0.5556055
e9657b27fb," great thanks hun, i did thr family thing this wknd too! 5 weeks today we hit the USA, cant wait!!",great,positive,0.9891459
089b3e2c45,"Still unbelievably shocked about the firing of THE best radio personality, Martin Streek","Still unbelievably shocked about the firing of THE best radio personality,",negative,0.72887564
cdbc2feb5a, so haven`t seen any videos the last few days  hope everything is ok...,so haven`t seen any videos the last few days  hope everything is ok...,neutral,0.5315459
5149403b55,eeehhh. my right eye`s twitching. gonna go and watch Boystown.  happy birthday!,happy,positive,0.9693675
0e89c8998f,i still DON`T have the internet @ home  ****,home  ****,negative,0.92519206
2ff668443e,http://twitpic.com/67ot5 - the most amazing decoration of a store i`ve ever seen... & it`s almost been 2 years,amazing,positive,0.9787563
eb71a5c1c4,Presenting today...hope it leads to the ability to move up one day,hope,positive,0.90092325
eef22cb715, u understand now why i keep telling u MAKE A TWITTER app that understand MY NEED,u understand now why i keep telling u MAKE A TWITTER app that understand MY NEED,neutral,0.63731754
7918e4c7f4,eating chicken noodle soup...... its one of those days,eating chicken noodle soup...... its one of those days,neutral,0.5970012
91ca3aedcc,I hate Windows.  I miss my lovely Ubuntu   I`m such a nerd haha,I hate Windows.  I miss my lovely Ubuntu   I`m such a nerd,negative,0.91013384
b0a3a50e36,_In_TX I know what you mean.,_In_TX I know what you mean.,neutral,0.7697638
b4932a7d80,looks can be deceiving,deceiving,neutral,0.48064485
53d3b87274, And U are doing Brilliantly sweetie!!!   Blessings and Joy to you!!!,Blessings and Jo,positive,0.9885507
c439e99493, Yucky!  Time to bring out the vaccuum and go to War. Our house is always a spider haven for some reason. Not cool.,. Not cool.,negative,0.92881393
0ff2ada8ef, I am so stoked on seeing you with the Jonas Brothers,I am so stoked on seeing you with the Jonas Brothers,positive,0.9900394
cf53a4c755,We`re not gonna be able to talk again,We`re not gonna be able to talk again,negative,0.8214042
a1d8014e7a,Apparently it`s 21 degrees in Kilkenny now! And some comedy would be a great remedy to my boredom! Why the hell did I leave Kilkenny!?,Why the hell did I leave Kilkenny!?,negative,0.6873454
48558a6d4e,thinks that the limit of 140 letters is really not fair. 300 + would be better,not fair.,negative,0.597635
7480e1b421,going to see star trek with my babe  im actually excited about this hah,excited,positive,0.9912509
d8c00c2c40,"_xo hey hey, ur following me  ur gna relise that i tweet ALOT!! haha more than a normal person wud but im not normal","_xo hey hey, ur following me  ur gna relise that i tweet ALOT!! haha more than a normal person wud but im not normal",positive,0.5235929
aabf552f2b,is online shopping...fantastic,fantastic,positive,0.7732833
4d63d1fb98,"wearing a pair of trousers that were loose last year, tight this year",tight this year,neutral,0.7483587
4a90e16b2e,"Psalm 82:6 I have said, You are gods; and all of you are children of the most High. Happy Mothers Day Momma",Happy,positive,0.9699164
d4965c1cad,sweet situations.,sweet situations.,neutral,0.62752813
f2ceb35f03,is ready for summer!!!,is ready for summer!!!,positive,0.90940475
f3627fb713,"wow, EMC`s new site is - different","wow, EMC`s new site is - different",positive,0.5172713
aa7740eecc,Relaxing with my daughter watching Friends,Relaxing,positive,0.8691267
b28d4de471, goood,goood,positive,0.7700341
50770bf7c5," Oh, I totally want to see Star Trek!  But Kristine had already seen it with her hubby.","Oh, I totally want to see Star Trek!  But Kristine had already seen it with her hubby.",positive,0.95975137
95de3e6e32, well now i do,well now i do,neutral,0.6618495
5d4f585784, - and yes i like the vids,yes i like the vids,positive,0.9527466
c567acdd54, Good work.I`ve only just managed to turn my studio on... I envy your productivity,. I envy your productivity,positive,0.94222164
13ed228a0c, Rocket surgery hey? HAHA I thought it was rocket SCIENCE? Oh.. is that all.. I knew that I swear. Thank you,Thank,positive,0.5973919
78a513eb0f, i always have a good day! i make it good all the time but you make it better w/ ur morning greetings!! thank you!!,good,positive,0.9917157
e2233c80ac,"waking up again, this time with a hot cup of coffee","waking up again, this time with a hot cup of coffee",positive,0.731042
a2b5079e8f, In two months i will have something of the kinf of prom  and i`m really excited! and you haven`t any contact to her?,d i`m really excited,positive,0.9840926
09c55436d0,Britain`s got (good) Weather. I wish I had some of that over here.,Britain`s got (good) Weather. I wish I had some of that over here.,positive,0.8077254
d2c8c8d85a,just hanging around the house. Thank god its friday. With nina &  later and working on a global project,Thank god,positive,0.9156322
3155f8a315,YAY mom bought me the Sakura bodyshop lotion!  <3,YAY mom bought me the Sakura bodyshop lotion!  <3,positive,0.95258075
c250eeadf8,_EaredPages Yay!  I can`t wait to come in the bookstore and gets some new books,Yay!,positive,0.986535
a46f8a3dd8,now my ds just died  whatta letdown!,died,negative,0.91280407
c16cf088fd,_30439 I really wish I could go!,wish,positive,0.81802034
8cd0846e21,put my dog to sleep  I love you abby RIP<3,put my dog to sleep  I love you abby RIP<3,positive,0.9570086
9ef748690c,"On another note, geoDefense Easy down. Onwards to the medium maps, where a whole other world of pain awaits my exploration!",pain,neutral,0.4518103
b9a4d641fb,SoCal!  stoked. or maybe not.. tomorrow,SoCal!  stoked. or maybe not.. tomorrow,positive,0.79112625
aeda14f0a4," yeah i think it just depends on what you`re doing with it, but at least im getting it for free  ill miss my sk though",but at least im getting it for free  ill miss my sk though,positive,0.59575975
d591ab9019,I will not be late.  I will not be late.  I will not be late.,I will not be late.,positive,0.44906333
5fd24eeb83,"I missed you yesterday, Lacey.    We get to go to granulation tonight, though.","I missed you yesterday, Lacey.    We get to go to granulation tonight, though",neutral,0.49498022
94eb63199a,New To twitter,New To twitter,neutral,0.73194015
da81844067, awww. i wish i had a younger sis ): but i do have an older one!!! i bet your younger sis loves it JUST as much as u do!,awww. i wish i had a younger sis ):,positive,0.90939146
302fb29b4a,Just got confirmed that itï¿½s pizza-time with some ex co-workers on friday...looking forward to it,looking forward to it,positive,0.95887077
e93a4aee65," ack, no can see  either.  and weird, these tweets are in my mentions, but not my timeline (oh wait, new Twitter)",nd weir,negative,0.64659333
2779cba84b," You were absolutely amazing in the Wolverine  you`re sooo beautiful !! you`re also such an amazing person, i look up to u",o beautiful,positive,0.9917006
ac24bb9054, and  the Creative VADO`s are out of stock at walmart.com (missed it)  but thanks for tweeting about it,and  the Creative VADO`s are out of stock at walmart.com (missed it)  but thanks for tweeting about,neutral,0.4993571
31d9095027, hehe yeah! Its funny that updating people on the random things you do is so amusing.,s so amusing.,positive,0.9614723
655538fef1," Plus you guys have IceTV, which I REALLY miss from living there.",I REALLY miss,negative,0.8225531
473e709af2,Feeling nauseous and can`t sleep.,nauseous,negative,0.8870931
675917cc06,Working!!! Still sick,Still sick,negative,0.81129533
efc409d60b, So sorry to hear about your mum.,sorry,negative,0.78721535
85bc3d62d0,Love thy self. Keep it simple. Learn Tai Chi. Those are my aims today. Beat up ankle is less swollen  I am on a no negotiation vacation!,Love,positive,0.81735885
f05f7603ec," wow, that`s cool  bytheway, i love your new TV show",i love,positive,0.99128824
f566619a04, Jars was gonna be my answer,Jars was gonna be my answer,neutral,0.71457946
58f3de73ee," thanks oscc  i have been changing it up lately, and I like this layout the most <33",thanks,positive,0.9534444
b26ba00952,where did the rain go??,where did the rain go??,neutral,0.7399864
347644a6e2,happy mother`s day!!!     gr8 day,happy,positive,0.9906125
3fd06da4f6,is going to watch the two davids. yey,yey,positive,0.8048891
26114a3164," I applaud you for accepting **** marriage, I have rels that are born again that hate me for it.","I applaud you for accepting **** marriage, I have rels that are born again that hate me for it.",negative,0.4761819
0fb1702f54,Happy Mother`s Day to all the American mamas!,Happy Mother`s Day,positive,0.9834274
ccd14c9062, agreed,agreed,neutral,0.48648384
e1a1b837ae, aww sorry boo. I haven`t bought a printer in 4 years; my canon i900d is still making amazing prints. Have zero fisheye exp.,aww sorry boo. I haven`t bought a printer in 4 years; my canon i900d is still making amazing prints. Have zero fisheye exp.,positive,0.5295538
062c1c2b77,almost everyone can suck my **** right about now. ive had it up to here with people **** me over !,almost everyone can suck my **** right about now. ive had it up to here with people **** me over !,negative,0.9139148
e499bade9a," living in harlem, i can say for sure that there is far more pollution here than in other parts of nyc where i`ve lived.","living in harlem, i can say for sure that there is far more pollution here than in other parts of nyc where i`ve lived.",negative,0.59966946
64b0f463d4,no one wants a #VirtualKiss,no one wants a #VirtualKiss,negative,0.739238
a7e940c045, Well thank you darling...it was a pleasure shopping with you...you will see the first pics!,.it was a pleasure shopping with you.,positive,0.99014753
3a1c85f36f,I`m trying to figure out how on earth I am supposed to be able to update my statuses via my phone. Someone help meeee!,help,negative,0.75078017
b699702f53,"sorry , i chili cheese dogged without you",sorry,negative,0.68450534
a8ba66c787,Happy mothers day  I`m so hungry and the resturants are all closed... ****,Happy mothers day  I`m so hungry and the resturants are all closed... ****,positive,0.53484815
d3414ba030,Round two of Vega: Vanilla Chai flavor.  Just realized that I have only 45 days left,Round two of Vega: Vanilla Chai flavor.  Just realized that I have only 45 days left,neutral,0.5970963
11e6cc2a94, I`m thinking the 'Chevrolet Doom' would be fitting for GM,thinking,positive,0.52494377
3f4fa50ffe,Fell off the wagon and had a Maccy`s!! : Fell off the wagon and had a Maccy`s!!,Fell off the wagon and had a Maccy`s!! : Fell off the wagon and had a Maccy`s!!,neutral,0.6131582
8bdcc2bc7c,why won`t the kids sleep,why won`t the kids sleep,negative,0.8056403
e0e7272b80,Just saw G.O.D perform I love you I thank you by MC Mong.,I love you I thank you by MC Mong.,positive,0.93250644
c75a7d66f3,"Tomorrow`s mother`s day. I need to get all my **** together soon.. Noor left, It was fun  it`s been NINE months!",It was fun  it`s been NINE months!,positive,0.6984555
7cef0e16d6, Aw what about me,Aw what about me,neutral,0.6082682
d0c9217a11,Experiencing pain with paginating ASP.NET ListView controls,pain,negative,0.61095375
a61004961b,UGH! I have GOT TO STOP biting my nails  grrrrr,UGH! I have GOT TO STOP biting my nails  grrrrr,negative,0.9514299
a564b5de4f,Indo Girl in Thai Traditional Clothes being object for tourist at Wat Arun,Indo Girl in Thai Traditional Clothes being object for tourist at Wat Arun,neutral,0.92133987
4647a571c3, hi Add me.  it`s shannen,hi Add me.  it`s shannen,neutral,0.78146535
297dc382b0,Omg i just seen the sun and the moon in the same place  this disproves my theory that they are the same person,disproves,neutral,0.50726235
f572bd1cd4,"i love pink, and i don`t care. today i shall not tweet as i have to hardcore work with jamie! have a nice day everyoneeeee  xxxxxxloser","i love pink, and i don`t care. today i shall not tweet as i have to hardcore work with jamie! have a nice day everyoneeeee  xxxxxxloser",positive,0.92980194
40450f319e,"I want to go to VP, but no one is willing to come with me.","I want to go to VP, but no one is willing to come with me.",negative,0.6395796
9da7d61bc3, I think you and Tamera should have your own show anyway...the CW or ABC fam is not appreciating you like they should.,fam is not appreciating you like they should.,negative,0.54107344
c021593cf3," Yeah, the economy sucks SO BAD.  Yeah, I know what a cafeteria is. I`m unemployed at the moment and I hate it!",d I hate it!,negative,0.9737235
df0f51d307,character designs complete! .... in about a week we`ll give another sneak peak... stay posted!,character designs complete! .... in about a week we`ll give another sneak peak... stay posted!,positive,0.581501
90b40296c9,"_nexus he has to have a new suitcase, but he is just so bloody indecicive, everytime he wants to buy something it takes HOURS",bloody,negative,0.8926516
63ad794937, thanks lady.... bummer for sure.,thanks,negative,0.55708766
fecb93e6a4,"After the sketchy moments at A mtn, the friends and I moved up the trail and sat at the end of the road, just talking and being silly","After the sketchy moments at A mtn, the friends and I moved up the trail and sat at the end of the road, just talking and being silly",neutral,0.7034385
b90813b706," It`s a beautiful MN day, but I`m stuck inside playing Zelda.  I`ve gotta play at least 10 hrs. today.",beautiful,positive,0.4333869
d99223016e," OHSHNAPSSS. is she pissed at blair as usual ? hahah. & yeeeah, i bake cookies","OHSHNAPSSS. is she pissed at blair as usual ? hahah. & yeeeah, i bake cookies",neutral,0.54897714
42864be9b3,Sewing things is nice  I feel crafty and productive. And foxy.,I feel crafty and productive.,positive,0.97627944
5fa1b58e56,Nice sunny day,Nice sunny day,positive,0.97405654
9e5e018a44,I`ve got jam! Oh yea.,I`ve got jam! Oh yea.,positive,0.63152695
eb86cc3c86,trying to figure this twitter thing out!   I`m quite excited about it,I`m quite excit,positive,0.985954
d2b5967a3b, Yeah but it doesn`t sound indie enough  i need2learn some other tunes and then pick up mo style =] 1hour! I`ll c u then ;),Yeah but it doesn`t sound indie enough  i need2learn some other tunes and then pick up mo style =] 1hour! I`ll c u then ;),neutral,0.4713974
277a98d8fd, Equations and graphs,Equations and graphs,neutral,0.7164595
dcf3ad3eb2, http://twitpic.com/2zemt - aww *-* she has very cute smile,cute,positive,0.9773809
a5d531f4c5,Getting ready to go study outside while having some fun in such a nice sunny day.,while having some fun,positive,0.97342783
597e726b3a,Smith/Amherst mini-reunion last night was fun- how i miss the old days,Smith/Amherst mini-reunion last night was fun- how i miss the old days,positive,0.9714859
e630dac402, Moral support for students,Moral support for students,neutral,0.56584066
b9fe054390,'We did it we did it oh yea yea yea no eating here tonite woo eating here tonight no no no eating here tonite you on a diet' finding nemo,'We did it we did it oh yea yea yea no eating here tonite woo eating here tonight no no no eating here tonite you on a diet' finding nemo,neutral,0.6491045
16f6fb96bc,Hahah. Love them!,Hahah. Love them!,positive,0.9782205
f3311bf5be, I need to go shopping with you...but I need to save my money,I need to go shopping with you...but I need to save my money,neutral,0.6340744
c07a011b65,such.a.tease.,such.a.tease.,neutral,0.52126825
e95df15377,"mmm, just had the best delicious chocolate pancakes for tea break. oh thank God for HERHSEY`S Chocolate Syrup!",delicious,positive,0.99100167
a7f4558965,YAY! GO TAYLOR SWIFT!! come to australia again!!!,YAY! GO TAYLOR SWIFT!! come to australia again!!!,positive,0.97180563
be52a2b20c,Can`t I just be a stay at home mom already,Can`t I just be a stay at home mom already,neutral,0.54764664
351f5199ea, i dunno what i`m gonna do. i love my skinny jeans!,love,positive,0.8866322
a59f020676,"discovered cause of a bug in the new #NetPLAYER 4 build. Publishing bug fix now, hopefully new beta by tomorrow",hopefully,neutral,0.5625797
5a9cc266f5,Happy 11th  I`m going to sleep now lolz,Happy,positive,0.9360986
2fc0bc611b,Site of our first date - Macri`s Deli - closed.  Lunching at favorite local Greek spot - The Trojan Horse - instead.,Lunching at favorite local,neutral,0.73159367
0cfc4e983b,[ I`m not sure what you mean by 'blowin this joint'?? '] rb lol lol good one......  ? http://blip.fm/~5z2zo,good,neutral,0.5144264
8bde9c5144,Wow slept in with no dolidh here to wake me up,Wow slept in with no dolidh here to wake me up,neutral,0.45740896
d4970d9ea0," - Yes, you are addicted - half my twitter friend updates are yours","- Yes, you are addicted - half my twitter friend updates are yours",positive,0.6728146
8863c4dac7,Wow... I was tricked into the #hoppusday hype today....,Wow... I was tricked in,neutral,0.42120594
5b96e15588,love it when jonas brothers are in the trending topics. maybe taylors turn next,love it wh,positive,0.96122634
29d536c2c7,"Entered house searching mode yesterday... we need to find an apartment in Dï¿½sseldorf until the end of August, this one was temporary...","Entered house searching mode yesterday... we need to find an apartment in Dï¿½sseldorf until the end of August, this one was temporary..",neutral,0.8474441
8b6411d030,I dnt get to go play lasertag w/ my besties!     *old me`s dead and gone*,*old me`s dead and gon,negative,0.88185465
5d563ea9be, Hello Gorgeous GIRL! Nice new pic!  HOw are you today,Gorgeous GIRL!,positive,0.98718333
2499d7f119, anytime buddy  I c u @ 701!,anytime buddy  I c u @ 701!,positive,0.6193013
c0ccedfe65,Kristen i miss you,Kristen i miss you,neutral,0.64539593
cd89dbeb24, awesome! have to take a look at them when i`m home.,awesome!,positive,0.9685856
f9754cdccc,my blog is now updated,my blog is now updated,neutral,0.65978515
9d94383738,Applying for part time jobs.  LMAO Hopefully someone needs some help. ~AP~,Hopefully,positive,0.5167082
bb5279b5b1,don`t ya just love a free night to catch up on your DVR shows? ANTM here I come...ha ha!,love a free night,positive,0.9442742
6005d45e7d,I just filled out the forms to stop contributing to the retirement account i had set up with my employer  I have to pay off my credit card,I just filled out the forms to stop contributing to the retirement account i had set up with my employer  I have to pay off my credit card,negative,0.517197
b74edb4841, Yeah he`s also partial to JT and TI Dead and Gone and Pink`s Sobre,Yeah he`s also partial to JT and TI Dead and Gone and Pink`s Sobre,neutral,0.8404348
fc48874c31,"http://pic.gd/63ef My college, My friends","My college, My friends",neutral,0.7953498
36915bade3,So bored  waiting for class to start. Sigh midterms next week >_<,So bored  waiting for class to start. Sigh midterms next week >_<,negative,0.9120717
7cb41b61f1,Thundershowers plus baseball equals awwww,awwww,negative,0.80050933
d7ddf505e0, But can you breathe OK?,But can you breathe OK?,neutral,0.75317293
48c33f7ac1,"for some strange reason, `paranoid` sounds like U2. but i love them too, so it`s aaaaall good.",love,positive,0.95761305
0e1d9ca5a3,I haven`t seen Muffin in two whole days!,haven`t seen,negative,0.7284006
c8db46d06c, No blood drives in my area.  I`ll keep looking.,No blood drives in my area.  I`ll keep looking.,neutral,0.729361
606b4addd7,http://pinkpawsforlife.org/ - pets get cancer too.,http://pinkpawsforlife.org/ - pets get cancer too.,negative,0.7912605
3252b29862," Hey, nice seeing you on Saturday. Glad things are going well for you.",Glad,positive,0.9852931
bd9ece870b,Just found out that one of my coworkers in St. Paul (who I actually know and talk to) got laid off. This blows.,blows.,negative,0.93697053
6a886821ed,ahhh fusterated,fusterated,negative,0.65658265
5e6024ab45,is wishing everyone a blessed & beautiful Mother`s Day!,is wishing everyone a blessed & beautiful Mother`s Day!,positive,0.98551095
735b31a2e0, i would be looking forward to seeing you tonight if i was going,looking forward to seeing you,positive,0.9813912
0b6abe78f6,"_World LOL! poor cubbies! brewers on a roll?? my rangers lost, but my Leafs won!","_World LOL! poor cubbies! brewers on a roll?? my rangers lost, but my Leafs won!",positive,0.40584
393a92e358, Awwwww!!!! And the gorgeous photo from California!!! You two make me melt!!!,gorgeous,positive,0.9877011
3a4ee35951,_Butler I think/hope they might put an age limit on next year on the back of that  #bgt,hope,neutral,0.8551092
b45c45f3d4,   We`re idiots.  Ok mostly I was skint but hell I could`ve done something......,re idiot,negative,0.86325663
62ae002955,we`re getting another puppy  ... not cool... really,not cool.,negative,0.8405363
b67409527a,"Home, getting ready to back to work on Monday.  Maternity leaves is up","Home, getting ready to back to work on Monday.  Maternity leaves is up",neutral,0.81711024
c14fae5f35,Happy Mother`s Day to all your wonderful moms!,Happy Mother`s Day to all your wonderful moms!,positive,0.9896885
8b0346c790,bought awesome shooeessss,awesome shooeessss,positive,0.9768544
9f7cf7a3e1, HEYHEYHEYY happy star wars day   watcha doin this friday? up for a movie?,happy,positive,0.9738462
20fe1a92a4, ****,****,neutral,0.5398923
15496f3815,****. My friend`s in such a state and I don`t know how to help him. Nothing I say seems to be helping and I wish I knew what to say,****. My friend`s in such a state and I don`t know how to help him. Nothing I say seems to be helping and I wish I knew what to say,negative,0.90166533
a4cd016fe1, That is annoying. What gear is it? I`ll take it off your hands,That is annoying. What gear is it? I`ll take it off your hands,negative,0.92557764
e280624bb4, woohoo! congrats to your friend and the boyfriend.,woohoo!,positive,0.9906714
83c5057a68,driving past Tattered Cover w/o stopping  promising myself to make time next week.,Tattered,neutral,0.7398159
31eb6d90aa, yes dear....  ... I`m opff bbl8r,yes dear....  ... I`m opff bbl8r,neutral,0.52740556
158f03eb00,fun in the sun hmmm hell no it`s cold,fun in the sun hmmm hell no it`s cold,negative,0.4838378
dc63a5a32b,Just got a bunch of presents in the mail from my mama! So excited to open them on my birthday... 3 more days!,So excited,positive,0.9923833
b474634e03,Oh **** ... Placebo tix and Tori Amos both go on sale at 9am. Anticipating hot cake distribution of both.,****,neutral,0.66746384
6cd54b6251,"awesome milkshakes, i had areo mint,. we just blended it up, it was like a lumpy smoothie  so then we did some more chattering and ...",awesome,positive,0.80769694
cc43006922, its just one of those days....,its just one of those days....,neutral,0.5710199
615895d324,hates this weather,hates,negative,0.96908265
24013502d7, 5 seasons that`s it? Sorry just noticed in ur previous update. My sis isn`t gonna be happy,5 seasons that`s it? Sorry just noticed in ur previous update. My sis isn`t gonna be happy,negative,0.8627029
5d979e7950, fantastic.... pick up a **** for me,fantastic.,neutral,0.4320275
9ac2930f3e,"_juneau I did, until my parents got all f`d up and I started comfort-eating",until my parents got all f`d up an,negative,0.6243273
8c5623df48, anytime from now on lol. i`m just reading and stuffs,anytime from now on lol. i`m just reading and stuffs,neutral,0.6587589
5a622247db,lol thats the highlight,thats the highlight,positive,0.84636307
38e4bf23ba,"rain, rain, rain. wow i actually LOVE the rain....",LOVE,positive,0.9854784
c070fafb62,"http://bit.ly/6Jo0v  HOW GENIUS!! He looks  good in bret, LOV HIM WHY cancelled concert in france i was ready men","He looks  good in bret, LOV HIM WHY cancelled concert in france i was ready men",positive,0.95593554
0d9000c4ea,Someone just admitted to having a crush on me.. That`s cool,That`s cool,positive,0.9564723
99a026c88c,Here`s  and  at our evening drink on Thursday night in London.  http://twitpic.com/4wrrp,Here`s  and  at our evening drink on Thursday night in London.  http://twitpic.com/4wrrp,neutral,0.8410347
4dda3534b6,Oh good. I get to be the gooseberry all night now that katy isn`t coming,Oh good.,positive,0.57885116
16abd22134, Ahhh...can`t do this one....will be in las Vegas that weekend  #noctweetup,Ahhh...can`t do this one.,negative,0.7059417
c81b86f95d,Listening Maroon 5 .... 'Songs About Jane' is one of my favourite albums in time,Listening Maroon 5 .... 'Songs About Jane' is one of my favourite albums in time,positive,0.98378736
cad5f0a3d6," Wow, I`ve officially lost all faith in Britain, looks like our wishes weren`t met, sadly",lost,negative,0.95256215
e56c6c9b5c,i think that studying has really started taking its toll..,i think that studying has really started taking its toll..,negative,0.8726242
b76c5f4ed3," As appealing as that is and the fact I would hop on it pretty quick, I dont wanna impose on your sacred bday hun with ur friends",I dont wanna impose,neutral,0.5626862
229635f556,ree-heally hoping the rain stops by the time i get off the metro at courthouse. i didn`t bring an umbrella today.,ree-heally hoping the rain stops,neutral,0.575997
74a99687a6," alright, I`ll let you slide on that one","alright, I`ll let you slide on that one",neutral,0.7629427
0842d783b1, I will watch that at some point. Have it on hd but Stace also wants to see it in hd so waiting,I will watch that at some point. Have it on hd but Stace also wants to see it in hd so waiting,positive,0.52711076
3b9775da31,"The top 5 words I`ve tweeted: hug, good, people, fun, twitter. http://tinyurl.com/dcxoty ... that`s really quite nice",that`s really quite nice,positive,0.9887456
47837efcbc, I think i would die if they played Pushit. I missed them when they came last time. When Isis toured with them,i would die if they played Pushit.,negative,0.83175427
e80f59e228," it`s a good sized family room, so not too cramped, watched match in room  Watched tv on iplayer after kids asleep",good,positive,0.8504343
99595ebfea,. welcome to Twitter!!!    Love you!!!  Can`t wait to see you next month,Love yo,positive,0.9937024
3b4db77aab,Reminising on such a wonderful day yesterday with my family and my love.  Nothing like shooting some basketball with the men in my life,such a wonderful day,positive,0.9875916
dd57c11d54, LOL that is so Charlie......I miss Charlie,LOL that is so Charlie......I miss Charlie,neutral,0.42070335
518f900211,Ugh what an amazing night. Time for bed! I know i`m gonna sleep well. And with no getting up early!  good night!,amazing,positive,0.98694617
f475ebfa3d,Fell off the wagon and had a Maccy`s!!,Fell off the wagon and had a Maccy`s!!,neutral,0.64627314
ed54b58811, I don`t like fishfingers. I don`t like fish or seafood really. But enjoy it,I don`t like fishfingers. I don`t like fish or seafood really. But enjoy it,negative,0.7782065
bb5a1bc0c0,THIS twitter is driving me nuts...WONT LET ME DOWNLOAD A PROFILE PIC!! ...guess i`ll keep trying!!,driving me nuts..,negative,0.9514495
91de35d130,A thursday. Is that REALLY necessary  ? Have u ever heard of school and horrible mums,Have u ever heard of school and horrible mums,negative,0.8390782
e828605ae6,_McLife yeah that is the one thing i hate about tweetdeck,i hate,negative,0.96184313
c574bb2d1c,it`s pretty cold outside  today i got another exam...,it`s pretty cold outside  today i got another exam...,neutral,0.5606514
dec99d3231,"TGIF but its so rainy and blah outside!  I need sun   Trying to figure out what to do tonight, I want to go to Prov to the Hookah bar.","TGIF but its so rainy and blah outside!  I need sun   Trying to figure out what to do tonight, I want to go to Prov to the Hookah bar",negative,0.50503534
93c0d2e37e,"The Gray Hat Python book reminded me how many security tools are python version specific, which is a pain if you need to use all of them",which is a pain if you need to use all of them,negative,0.54202974
15ed2f7353,ShoesShoesShoes.YayYayYay.lol.IWouldPostATwitPic.ButIdntKnoHow2,ShoesShoesShoes.YayYayYay.lol.I,neutral,0.59124124
15a8ef10bd, congrats!,congrats!,positive,0.977482
80aaf84e8a," yep i am.got back this morning. NFg were fab last night, but i cant go tomorrow   you getting MS ticket soon? 4weeks away",were fab,neutral,0.44918096
13deeab357,"watching Baby Mama...again. and eating pineapple, orange, raspberry sherbert","watching Baby Mama...again. and eating pineapple, orange, raspberry sherbert",neutral,0.5731708
920e82d830,ughhh rejected from the 09 mediation program. SUCKSSSS.,ughhh rejected from the 09 mediation program. SUCKSSSS.,negative,0.97766113
933f37b4c3,// sounders game tomorrow! and mother`s day,// sounders game tomorrow! and mother`s day,neutral,0.652292
444314a2f9, yay!! we`ll all move!! sorry dh is being Grr...  ****,sorry,neutral,0.5024583
6363fc564e, _Yogini _My_Soles  i am sooo jealous  in a good way of course.  LC is awesome.,is aweso,positive,0.43129364
4146b28723,Looking forward for orange juice and fried eggs and cinnamon rolls tomorrow morning!!,Looking forward fo,positive,0.9841366
995d42f060, Chica! Two more days!  I want the US Elle too.,Chica! Two more days!  I want the US Elle too.,positive,0.6258862
9eab067711,**** being drunk and hot sucks,sucks,negative,0.9446584
74cc842262,"absolutely boiling! Got factor 50+ on! Must not turn orange, must not look like oompa lumpa... My left shoulder is burnt from yesterday",My left shoulder is burnt from yesterday,negative,0.9144826
f65709c614,Saturday Night Live in 3 minutes  Jimmy should still be on it.,Saturday Night Live in 3 minutes  Jimmy should still be on it.,neutral,0.53406596
98e9110ad9,I wanna go to DBSK oppa`s Mirotic Concert in Thailand!!! I REALLY WANNA GO SO MUCHHHHH...    *burst into tears*,I wanna go to DBSK oppa`s Mirotic Concert in Thailand!!! I REALLY WANNA GO SO MUCHHHHH...    *burst into tears*,positive,0.8749943
240d2c4069,wishes all you moms a happy & blessed Mother`s Day!,wishes all you moms a happy & blessed Mother`s Day!,positive,0.9825315
9070eaed9b,Just finished watching terminator. Other than the music nothing is great,Other than the music nothing is great,negative,0.860951
176112996c,Goodnight!  Happy Mothers Day!,Happy,positive,0.98527503
3d765d73fb,wish my nicky were home too,wish my nicky were home too,neutral,0.5873424
f6b057aa01,back at work  its too warm to be in here today!!!,its too warm,negative,0.5422487
f250ff73c2,Walls of Jericho please come to WORCESTER asap! Candace pleeaassee! Why did Flee the Seen call it quits? whyyy?,Walls of Jericho please come to WORCESTER asap! Candace pleeaassee! Why did Flee the Seen call it quits? whyyy?,neutral,0.55443156
d9389e11e7,Also...     #travel #backpacking hope you enjoy our pics & videos,you enj,positive,0.95676506
bddba468c0,Wow it`s definitely Friday- the gym is completely empty! What to do? I`d like to play the wii but I guess I`ll vacuum,Wow it`s definitely Friday- the gym is completely empty! What to do? I`d like to play the wii but I guess I`ll vacuum,positive,0.64243
c615aa6d67,planning how to move back home...the regression process is in motion,planning how to move back home...the regression process is in motion,neutral,0.89707494
c215a65192,I hate sitting at the doctors office! They told me she is running an hour behind! AWESOME,I hate sitting at the doctors office! They told me she is running an hour behind! AWESOME,negative,0.69937044
c56e52124b, well sure hope they can do that...,well sure hope they can do that...,positive,0.5283602
3747ce1ef8,Omg going to die of swine flu when I go to Melbourne,die,negative,0.9600409
2fa5aee2a0, I`m with ya....  doesn`t  follow me either,I`m with ya....  doesn`t  follow me eithe,neutral,0.58169025
0ec6b76692, what you took your bracket off... ? And now it`s time for bed !,what you took your bracket off... ? And now it`s time for bed !,neutral,0.77222836
c0bb77174c,i just reading a magazine,i just reading a magazine,neutral,0.68411577
08bf569380,"I am writing the most boring part of my paper. Hmm. The sun is shining and I do not feel like working on this, however I have to","I am writing the most boring part of my paper. Hmm. The sun is shining and I do not feel like working on this, however I have to",negative,0.8474033
398a4c202c,thanks !!my real name is nadia,thanks,positive,0.82726437
4d73740152,"So has anyone had that yucky new throwback pepsi and mountain dew yet? If they plan on keeping it around, I will not be drinking it!","So has anyone had that yucky new throwback pepsi and mountain dew yet? If they plan on keeping it around, I will not be drinking it!",negative,0.869702
e916d8e278," The first thing she said means 'Your new album is really good' and the second thing, 'Don`****`s broken'. I am Persian!","The first thing she said means 'Your new album is really good' and the second thing, 'Don`****`s broken'. I am Persian!",positive,0.76324743
cf1481d285,Pshh i dont have it,Pshh i dont have it,negative,0.7737668
bfed2309f3,I`m getting more and more followers... look out Ashton!,I`m getting more and more followers... look out Ashton!,positive,0.9232297
29e84a85e3,Shelf from Ikea fell off the wall. damage done...about $78.95 worth. Or at least thats my estimate.,damage done...a,negative,0.5381101
a34a9fdf86, I`m afraid your comments on MP`s expenses were hopelessly out of touch with the average person average salary. V.insensitive,I`m afraid your comments on MP`s expenses were hopelessly out of touch with the average person average salary. V.insensitive,negative,0.93527764
e9d05e1ea5,How do you forgive yourself for hurting the one you love the most?,hurting,negative,0.49644008
8d7897a009,"_o uh, could you come visit austin before you make your gigantic moving decision? it`s closer to st louis than portland.","_o uh, could you come visit austin before you make your gigantic moving decision? it`s closer to st louis than portland.",neutral,0.8116884
2c3ee1a98a,just another manic monday.. wish it were sunday.. that`s my fun day  happy monday twitterland,fun,positive,0.9729382
bbbca31b6d,Im going bed i dnt feel well as always,dnt feel well,negative,0.91880524
4c3c4ac3b6,Got back from Arizona yesterday.  Moved the furniture and stuff out of the Arizona house and shipped it to Redwood City.    How sad.,How,negative,0.8637626
6729293c36," oh, coo; i was suppose to be an intern too!  but dangit, SAT. :| so how`s the intern life? haha","oh, coo; i was suppose to be an intern too!  but dangit, SAT. :| so how`s the intern life? haha",neutral,0.4909048
c45b019463,Good morning world! I feel really sick.,Good morning world! I feel really sick.,negative,0.6931354
c717411c9b,I just had a horrible dream.,I just had a horrible dream.,negative,0.96690685
de95029f8e,I think me gettin a physical change,I think me gettin a physical change,neutral,0.85232955
59ad7f6ebe,"going to work, it`s 3:30am","going to work, it`s 3:30am",neutral,0.8792966
a41de4cf50,Apparently today is Happy Star Wars day.  I`m suppose to say may the 4th be with you.,Apparently today is Happy Star Wars day.  I`m suppose to say may the 4th be with you.,positive,0.9621262
6c7a4e0f9e,excited to see my cousins this week.,excited,positive,0.99196327
e1221b2c32,http://twitpic.com/66xlm -  hate when my PARKED car gets hit,hate,negative,0.9777135
a773a3f5db, Ah that would explain the italian colouring,Ah that would explain the italian colouring,neutral,0.79394853
b082de9c82,city in a bittt.,city in a bittt.,negative,0.5479587
05b0c79f2c,FRIENDS COMING TONIGHT! Hopefully the weather will stay nice,Hopefully,positive,0.97696835
8ef8dcb526,Just got stung by nettles lol in about 3 fingers  and I mean come on that dude with the apples needed to step it up a notch!,Just got stung by nettles lol in about 3 fingers  and I mean come on that dude with the apples needed to step it up a notch!,negative,0.84604186
24e261658c, kids will not eat salad so they getting crisps only salad for me and mr can make his bloody own,crisps,negative,0.765217
78517b7bb0,"   Does she like it, or does she roll her eyes?  Now I`m curious as hell!  Good singing is a real treat as far am I`m concerned!",s?  Now I`m curious as hel,positive,0.7532869
dfaf70fa4b, turn on your closed caption ... Then you can read and watch animal planet at the same tiime.,turn on your closed caption ... Then you can read and watch animal planet at the same tiime.,neutral,0.6736199
1c25ffb615,14 more days with slow internet,slow internet,negative,0.818073
cb9a6051ca, Nice glasses. Looks good,Looks good,positive,0.9833145
4690501112, legit. Legit cruise.,legit. Legit cruise.,positive,0.5787537
ed10839baa,Signup for Dojo workshop in Munich (http://tinyurl.com/ct83ub ) ends today. Hurry up,Signup for Dojo workshop in Munich (http://tinyurl.com/ct83ub ) ends today. Hurry up,neutral,0.6413406
66574582f2," c is nice, but I wouldn`t call it fun","c is nice, but I wouldn`t call it fun",neutral,0.4454912
25d467c2d2,:: holy kraut. I canNOT stay up this late. But the book is done and in the author`s in box.  Tucking in with kitty-boys now. Nighty-night.,canNOT,neutral,0.43686765
875273ed08,I think I may cry. I just sold my 97 civic. Its no longer mine.,I may cry.,negative,0.8853985
fb52ea9ce8,About to leave the fights. I`m tired and my voice hurts.,tired,negative,0.8861052
eb79500580,20 mins from BEJ to Semanggi. Traffic on Friday  *siggghh*,20 mins from BEJ to Semanggi. Traffic on Friday  *siggghh*,neutral,0.7018191
9547209186, hahaha I didn`t even notice the name - LICE,hahaha I,positive,0.48871675
c94ddb4f4e,is so sick of myself + my life  i`m never going to be as good i want + need to be. xoxoxo </3,sick,negative,0.89900315
b67b28e014, The party has to be moved to next weekend  ..stupid weather.,..stupid weather.,negative,0.83565503
38b41d4e07,my mum would be happy to receive 2 handbags and a card from us today. heheee.,my mum would be happy to receive 2 handbags and a card from us today. heheee.,positive,0.9750387
dcdff52606,In the university with hungry!!,In the university with hungry!!,neutral,0.6556789
0ce8b69cd2, ohh right; but it turned her curve into a right angle.... I just like her better curvey   thanks for letting me know though!,thank,positive,0.93743205
57496a35b6,the plan to not spend money is not going well,not going well,negative,0.8014084
9822851a33,Cathylo-fran! I`m glad i can vent out to you about this. Thanks for being here for me bestfriend,Cathylo-fran! I`m glad i can vent out to you about this. Thanks for being here for me bestfriend,positive,0.9816799
993f2de0fd,Gooood party last night (: Although I am extremely tired now. xD Off to bed to lounge around watch tv and sleep all day,Gooood,positive,0.5308598
5ba808899f," Oh ok,Thanks.Dont know where the courthouse id either,I`ll learn though.Any nkotb? Twitter stole my pic again  it hates me",t hates,negative,0.8284468
a243271017," Okay, no more driving.  I know... I know... you are correct to say that.",. you are correct to say that.,neutral,0.520839
b747367643,Dont worry babe,Dont worry babe,positive,0.61824846
7ac91624d0, HIII!!!!  i`ve missed you  just bored....what about u?,i`ve missed you  just bore,negative,0.4689468
8dd199398a, Or he`s gonna chop you up into tiny bits - one of the two,r he`s gonna chop you up into tiny bits,negative,0.5394857
a035f83431,"i wish i was outside  thats the only thing thats gonna kill me about work all day, everyday during the summer.",thats gonna kill me,negative,0.9286194
d0c228686c, - 21 days to go  Happy birthday for then,Happy birthday for then,positive,0.96849144
6b42ff8695,"iPhone today! I want to see The Morning Of in Virginia Beach, but I don`t think I can get there",but I don`t think I can get there,negative,0.49611676
5fb37979f9,going camping in a coupla hours. gotta pack everything... by myself,going camping in a coupla hours. gotta pack everything... by myself,neutral,0.6518201
70a17c56d9,"Has about 10 hours work to do, on a Sunday. Boo. I will find time for a two hour lunchbreak though. Yeah","Has about 10 hours work to do, on a Sunday. Boo. I will find time for a two hour lunchbreak though. Yeah",neutral,0.54206514
f30db6f4e1,having a great mothers day,great,positive,0.98187435
592624ec11,yey finally home,yey finally home,positive,0.89592224
559a8621f5,yep... i think i might have just made the decision to go head first...  we may be witnessing a historical moment... real talk,yep... i think i might have just made the decision to go head first...  we may be witnessing a historical moment... real talk,neutral,0.63591886
0d9acd2c9f, you can still stay if you want to!,you can still stay if you want to!,positive,0.6757268
3496ff27de,"uft im tutoring the lil sis  shes so cute, even though shes an eighth grader :p","shes so cute,",positive,0.9785791
0b9abcd364,Is sad clint hurdle got released. I liked him,Is sad clint hurdle got released. I liked him,negative,0.43594587
193c6d6b6b,_ranjan Did I ever mention what a nice and awesome dude you are?,awesome,positive,0.9734784
43fb28bf26,Evaluating my people...Dont like this part of the job,Dont like this part of the job,negative,0.94463104
287fb59dc1,stuck in stupid Jeuno with flag up.  Wish I was in Windy fishing,stuck in stupid,negative,0.8739661
c06fccea70,is very angrrry! my FB account just got deleted- WTF??? all my poems I have ever written are on there,angrrry!,negative,0.8572517
ba378cdcbd,Sulking at home while it rained was poor strategy.  Now i`m watching the sun shine from a desk in the Robarts reference room.,poor,negative,0.46657604
ce7c25aed9,Almost to grandmas now. No internet there. I will never catch up on twitter.,No internet there.,negative,0.6472585
1ae992dc22," HEY! aww man, no, i didnt IGNORE YOU i just dont have mobile web. so i can only txt.  i can see you unless i`m here >","HEY! aww man, no, i didnt IGNORE YOU i just dont have mobile web. so i can only txt.  i can see you unless i`m here",neutral,0.5435332
a75ab33851," hey dougie, just thought i would tell you that your gig in edinburgh got a brilliant review in the scottish sunday mail  ****",brilliant,positive,0.910735
3e6a2cb9d2, Cool I`m glad.I will save some tea for you,glad.,positive,0.9684931
6e0a0d479f, at home  im so lonely here...,at home  im so lonely here...,negative,0.74710435
1c980b792a,Home at last HAPPY MOTHERS TO ALL THE MOTHERS Special thanks to my father he bought me tulips so did my princess  adult swim time (anime),HAPPY,positive,0.9731258
146368e7e7, Press `Ctrl` on bottom right. It`s there.  KY,Press `Ctrl` on bottom right. It`s there.  KY,neutral,0.77142406
f5b46d6a71, Yes yes Is. Ima Guna Be On For a While Lol.,Yes yes Is. Ima Guna Be On For a While Lol.,positive,0.6832825
04ace3d1fd,"Time for bed, oh how I wish someone was laying next to me","Time for bed, oh how I wish someone was laying next to me",neutral,0.5801644
24940573b8," yeah, but no closer to the secret of stumble.","yeah, but no closer to the secret of stumble.",neutral,0.74850005
9c407577b9, I love Broughty Ferry,love,positive,0.97895813
372e5d04b6, Have a nice Sunday  ****,nice,positive,0.95960325
b03528a4b9,_D_ happy birthday,_D_ happy birthday,positive,0.97238266
db6134f0e2,Sooo much work so little time,Sooo much work so little time,negative,0.5709889
998afb10e0, i guess it`s easier said than done for some people.....myself being one of them unfortunately,unfortunately,negative,0.66018355
3e018e35d8,<i>Waiting For Natie to come online I miss him,I miss him,neutral,0.6410928
752c2f106b, i didnt get the joke,i didnt get the joke,negative,0.76736325
6e68eec178,mmmm chocky cake in the oven.. smells delicious,smells delicious,positive,0.97775275
a833bf721e,I still want a Smartcar!!! Don`t they have the most wonderful designs ever?,wonderful,positive,0.9854197
3dd3b7013e, that`s sad,sad,negative,0.80962265
57a2e7b3cc,why on twitter does no one talk 2 me i know your all celebs and i`m nt but it`s nice to be spoken to once in a while,nice,neutral,0.55697685
1b9f9a7cf3,Time to head back home. My business here is done.,Time to head back home. My business here is done.,neutral,0.7245312
a5cafcfe4e,Clive it`s my birthday pat me  http://apps.facebook.com/dogbook/profile/view/6386106,Clive it`s my birthday pat me,positive,0.5470563
4b4ef214d5,I did.`t Get tht.,I did.`t Get tht.,neutral,0.64955187
16b47869dc,work til 9,work til 9,neutral,0.82143503
8943ed3be4, yeah dnt go there.. I have 3 dif apps on my phone for it  so sad but there is a reason as to why lol,so sad but there is a reason as to why lol,negative,0.5839308
96efa17347, That`s just how babies are  Their little rhythms are still in sinc with when they were inutero.,That`s just how babies are  Their little rhythms are still in sinc with when they were inutero.,neutral,0.67388374
0bc8a4fdac,Just watched the 'Final Break' final prison break episode. It was great. Farewell Prison Break. You will be dearly missed.,Just watched the 'Final Break' final prison break episode. It was great. Farewell Prison Break. You will be dearly missed.,positive,0.97081167
869dc0dc07,17 again was funny,funny,positive,0.86534077
05cbe270da,Just saw Star Trek...one word: BombTastic!!! Go see it if you haven`t already. P.S. I love Jon Cho!!! Haha,love,positive,0.98546547
419abb50c1,Geoff posted a boo: Coming Home From Tenerife Boo  http://boo.fm/b25651,Geoff posted a boo: Coming Home From Tenerife Boo  http://boo.fm/b25651,neutral,0.7987974
9cdf1c305e,has just arrived in Singapore.,has just arrived in Singapore.,neutral,0.8880763
93a1028deb,  you might have missed my latest experiment - I know blogs have too many words these days  http://tinyurl.com/ne6twc,you might have missed my latest experiment - I know blogs have too many words these days  http://tinyurl.com/ne6twc,negative,0.4689579
8913b6e320," oh, joy. We have the Elmo potty video too.","oh, joy. We have the Elmo potty video too.",positive,0.85675824
86fdb8323f,"i miss the jokes and making fun of ppl and throwing ideas for songs, movies, and shows at eachother the most.  that`ll never go away...",miss,negative,0.458794
c70d7bd57e,  my cousins moved there like 2 years ago and I miss them so much. I was just looking at their facebook and now im sad,m sad,negative,0.8388046
1aa659c47b,"On the way to Wildomar, CA towing the Lexus","On the way to Wildomar, CA towing the Lexus",neutral,0.85746485
7fdcc3caa2, everything okay?,everything okay?,neutral,0.5281348
a4fc4942bc,"I hate taking antibiotics, but i think i need to get me some. boooooo.","I hate taking antibiotics,",negative,0.9503181
efa869b8ae,But I have cause I missed a lot of classes,I missed a lot of classes,negative,0.88166076
f32df34cd3,to start **** or leave **** alone...tough decision,tough decision,neutral,0.6799987
62925b89e7, Yes it does,Yes it does,neutral,0.54739475
0fb1dc731e,i am on BLAZE and my head hurts.,hurts.,negative,0.9203332
52938f9d2f,"_Rankin And until soy beans have TEETS, soy 'milk' *is not milk*.","_Rankin And until soy beans have TEETS, soy 'milk' *is not milk*.",neutral,0.62872154
c6cff98926, Knight...sweet dreams.,.sweet dreams.,positive,0.7818298
f4e7592738,no food in the cupboards... sent mum to Tesco,no food in the cupboards... sent mum to Tesco,negative,0.6712548
6b85c6a58f,If you save these pix from the Today show please credit www.wireimage.com Thanks,Thanks,neutral,0.50860435
25b5e7907f,Lil cuz coming round today she 5  aww  haha,haha,positive,0.5610475
2b1211861b,Sad. I don`t know what to do with my life. Everything I have done since the age of 16 has been towards healthcare and nursing,Sad. I,negative,0.7394374
2b56dc78f2, I break some rules and don`t take tension for them  .....,I break some rules and don`t take tension for them,neutral,0.50681776
afe3f60dfa,"  Jane Austen`s books!,    Pride and Prejudice & Emma are great!!, Also  Northanger Abbey!",",    Pride and Prejudice & Emma are gr",positive,0.974305
b044fbb9f5,Just banged my bloody foot! ow,banged,negative,0.9611726
f01b66633f,im the only ho that didnt go to tigerheat tonite,im the only ho that didnt go to tigerheat tonite,neutral,0.6390925
acf1a42b29,) no more Chemistry!!! I`m gonna choose English. I find it (Chem.) kinda boring in the end! gonna help people < who choose Chem>,boring,negative,0.6321228
c686e96ada, that sucks.   did you save any of it?,sucks.,negative,0.90468234
386cd1881d," No, but I missed you",missed,neutral,0.56035477
aeeaedfd33,recapping on britains got talent. britain seems more talented than america,more talented,positive,0.67481905
34c32f4e8d," Video a challenge when shot in not-so-scenic conference room with no mic, but thank you  Loved your Grant Park house & DOGS!!!",Loved,positive,0.9594826
5b609832a2, ur gonna be missed you know  but i hope things will be better for you,ur gonna be missed you know  but i hope things will be better for you,positive,0.78039956
aece97611c, OMG THAT`S AWESOME. this is the first time ever i`m not seeing it the day it comes out. Demi is taking over my day. haha,AWESOME.,positive,0.98115885
d40ddf6ddf," Lol, triplet.  Haha I`m so glad that morgan got the bag even if she didn`t ride the ride",a I`m so glad,positive,0.96016055
71e8394080, I thimk you were working on those muscles we love so much.,e love so much.,positive,0.8618504
c8b975b89b, ohh kayy fasho if u go tonight have fun for me,ht have fun for me,positive,0.94316846
38942ac659, i didnt get the msg!! :`( but i bought princess,i didnt get the msg!! :`( but i bought princess,negative,0.83677846
aa6be5b64e,Back in a mo. Cover Girls hubby on fb chat. She not seen him for 5 months,Back in a mo. Cover Girls hubby on fb chat. She not seen him for 5 months,neutral,0.5267176
9bd52af648," Yeah, yeah. Less #degenerate than current occupants of U.S. House of Reprehensibles. You can bet on that. Like MineThatBird.","Yeah, yeah. Less #degenerate than current occupants of U.S. House of Reprehensibles. You can bet on that. Like MineThatBird.",neutral,0.4636939
b9881a1ada, so sad u cancelled silverstone show  better see u in sandown park!,sad,negative,0.7706877
56c048daea, Aww thanks jon that`s very thoughtful...u know how to make the ladies feel special,Aww thanks jon that`s very thoughtful...u,positive,0.9841442
53605724d5,Omg I can`t believe jay leno is going off the air,Omg I can`t believe jay leno is going off the air,negative,0.7076653
730318d973,"_ahoy yeah I really want one too!  Probably in the winter I may be able to get one, but until then.","_ahoy yeah I really want one too!  Probably in the winter I may be able to get one, but until then.",positive,0.9310745
a87da8b289, live live or leaked live? If it`s live properly I may just role outta bed and download it,live live or leaked live? If it`s live properly I may just role outta bed and download it,neutral,0.59200156
769bcc16f6," Hehe you`re right, I`m not daft  May is a good month to be on a French contract!",d month,positive,0.89798003
2583ade3f5," it is very cheeky one, but nice too","it is very cheeky one, but nice too",positive,0.9134888
e532f3e722," My name is Chad, but I won`t be here tomorrow","My name is Chad, but I won`t be here tomorrow",neutral,0.6041137
ed36c466a8, oh how the ladies will suffer now  LOL,oh how the ladies will suffer now  LOL,negative,0.7326641
28da7b59a1," Its because I put radio 4 on by mistake..I`ll have a cup of tea and a shower, then I`m sure all will fine and dandy, thanks","I`m sure all will fine and dandy, thanks",positive,0.47376072
80cb661ac2,_of_Chas good mornin sunshine...at least the work puter will go faster,_of_Chas good mornin sunshine...at least the work puter will go faster,positive,0.8815115
5ca4ddc5d3," Awe Man, I hope someone turns it in","Awe Man, I hope someone turns it in",neutral,0.5432868
7c72989807,"_zero its cool, and thats good","its cool, and thats good",positive,0.9749956
4c87d09b9c,Happy mother`s day to all moms!,Happy,positive,0.98617655
8c3e54fe7d, glad you could make it,glad you could make it,positive,0.9090181
d8f008467c, yes i am and i was ready to go when i got here. ugh  and its sooo pretty outside..,ugh  and its sooo pretty outside..,positive,0.9854687
50b0f0a777,  i thought you liked the name,i thought you liked the name,neutral,0.6093964
5bd8794254,"    I like fridays generally, but class is extended today  and I`m starving :X haha </whine> O:-P","I like fridays generally, but class is extended today  and I`m starving :X haha </whine>",neutral,0.4261592
7ec5bbccae, hm... Both of us I guess...,hm... Both of us I guess...,neutral,0.82812613
8ebca1b4c5,Ugh. Another 'what day is it today?' (5 most uttered words last 2 weeks for me) - Missed a 10 yr old birthday & it was even on my iCal.,Ugh. Another 'what day is it today?' (5 most uttered words last 2 weeks for me) - Missed a 10 yr old birthday & it was even on my iCal.,negative,0.91570175
314dc79842, PRETTY! I hope I win,PRETTY! I hope I win,positive,0.9578827
53650ed2b5, its fun though,fun,positive,0.89062697
f212404f93,i looking at failure,i looking at failure,negative,0.7111702
427d6deb9e,My trip to Igbaras will be postponed to next week,My trip to Igbaras will be postponed to next week,neutral,0.56027895
71d2bc59ba,stupid playstation! stupid controllers don`t work so I can`t play kingdom hearts.,stupid,negative,0.97230804
8f41a47889,Headin home...Refreshed my mind and soul justa lil bit...Bac to reality.,Refreshed,positive,0.54122895
cc3cc29793, nah ;) when a single person posts about 200 tweets a day is hard to cope with on my android phone when I`m unable to filter,a day is hard to cope with on my android phone when I`m unable to filter,negative,0.5514461
bd72c9fe34,I`m awake. Anybody else awake? Wish I lived in the US since all the fun happens when I`m asleep!,since all the fun happens when I`m asleep!,positive,0.8065714
0d4c02d9cf, I`m having the same problem,problem,neutral,0.541702
67d70525c4," thanks  i have to finish schoolwork today, no rehearsal tonight though. what ru doing?",thanks,positive,0.49362344
2bf4bfc2ac,I am now eating one of those big subway cookies with a glass of warm milk. YUM,I am now eating one of those big subway cookies with a glass of warm milk. YUM,positive,0.9474527
9344b3c3e2, Isn`t MSN in this case a lot easier? Hahaha!,Hahaha!,positive,0.78453326
2d356a24bf,buy one of my shirts at http://www.districtlines.com/revertfashion you know you want to,buy one of my shirts at http://www.districtlines.com/revertfashion you know you want to,neutral,0.7031257
1cfbef5a0e,Wait...I thought it was 9:50? Don`t we have till 10?   #sigjeans,Wait...I thought it was 9:50? Don`t we have till 10?   #sigjeans,neutral,0.68701094
396828feb6, Thanks. End up going to Makino Chaya,Thanks.,positive,0.5119231
3cfe256f36, lmao - That would have taken me at least a week!,lmao - That would have taken me at least a week!,negative,0.48404756
ba9c17321d, and the download failed  My phone does not like your phone.,failed,negative,0.9611337
04380f7309," well then you should come, nigguh. Only thing is i may be going to like Phuket or Bali afterwards","well then you should come, nigguh. Only thing is i may be going to like Phuket or Bali afterwards",positive,0.576284
a0f6c54c3b,Woohoo..this is the day/week the Lord has made! Just remembered we get to wear jeans & chanclas all week!,Woohoo..this is the day/week the Lord has made! Just remembered we get to wear jeans & chanclas all week!,positive,0.95686764
2217c56cce,_Reviews THANKS!,THANKS!,positive,0.8815405
4cd971154f, The dayem computer  #twpp,The dayem computer  #twpp,neutral,0.823721
9bfb99d961,Back from Worcester.  My work week starts on Friday at 2:30.,Back from Worcester.  My work week starts on Friday at 2:30.,neutral,0.6987123
31d8db6835,I`m going to; eat-homework-tv-I don`t know yet...,I`m going to; eat-homework-tv-I don`t know yet...,neutral,0.66832405
dec3e16840," 'Her`s before mine' hon. It`s one of few rules I do NOT break, under ANY circumstances.","'Her`s before mine' hon. It`s one of few rules I do NOT break, under ANY circumstances.",negative,0.7017614
1fce2f478a, have fun without me pasty  <33,have fun without me pasty  <33,positive,0.61254925
5d9633f909,seen loads of new photos and stuff of new moon and cant wait  lol (L) Taylor lautner lol   takes his shirt off 3 times yum =]... lol,seen loads of new photos and stuff of new moon and cant wait  lol (L) Taylor lautner lol   takes his shirt off 3 times yu,positive,0.9732911
2e751f5745,_Bill2030 And good morning to you too.,good,positive,0.88166744
29899e8217, I`m sorry.,I`m sorry.,negative,0.62359905
6f094f5ffd, awesome. lemme see when you`re done.,awesome.,positive,0.90032405
b6e95319dd,is feeling very happy despite the amount of work that i need to do today!!! Happy times,is feeling very happy despite the amount of work that i need to do today!!! Happy times,positive,0.9832698
a49dc7773f,My radiator boiled out,My radiator boiled out,negative,0.64718676
4ab93b44de, He needs to go back to his Scotty. That is what he was using when he won last year,won,neutral,0.67456746
4027afc998, i was in front of u the other day i waved and u didnt  off to eddie izzard now!,i was in front of u the other day i waved and u didnt  off to eddie izzard now!,neutral,0.7124629
6e86b70261,i also realized this weekend how many people are only internet hot...ok catty comment out of the way for the week,i also realized this weekend how many people are only internet hot...ok catty comment out of the way for the week,negative,0.44371065
027e8d90a7,also finally home with no friends or anyone.. kinda nice to sit in a quiet room.. do wish the gf was here tho...,nice,positive,0.89015555
d5dd07362a,today was such a horrible dayy,such a horrible dayy,negative,0.97621596
ab8f05289f," thanks for that twitpic, sure made me laugh",thanks,positive,0.9740952
8b221af06e,"Has just finished uploading my latest chap  Finally! Now, off to watch the new HappySlip vid :3",Finally!,positive,0.8752811
49c0c4959f,booo that meanie  is teasing me with a piece of cheese!   http://twitpic.com/67rt8,booo that meanie  is teasing me with a piece of cheese!   http://twitpic.com/67rt8,negative,0.87815684
d10703cbed, kill her,kill,negative,0.78460455
825fb3238f,Well school`s finally over and idk but I`m sad  I`ll miss my teachers. Goodbye Mrs R. and Mr. Collister,sad,negative,0.8293291
233834ed64,_Morgan_  which 1? There r2 that I love and want to share  i just wish I`d made them-,I love,positive,0.90618324
d888210a48,aww dude.. no fair. i thought that was the point of this thing,no fair.,negative,0.80155486
9f635036f3,Can`t sleep!!! People keep textin me!!!,Can`t sleep!!,negative,0.7980698
af4b59be21,At ihop with the besties..minus one  where`s the dr.???? At work of course,At ihop with the besties..minus one  where`s the dr.???? At work of course,positive,0.5760463
020c7ad0f3," I use an external track ball with my laptop. Again, seems excessive, but is totally more efficient.",is totally more efficient.,positive,0.662272
f2e6d68ec6," Separate desks, computers, and sides of the room with short dividers...but, we`re thinking we need them to extend to the ceiling","Separate desks, computers, and sides of the room with short dividers...but, we`re thinking we need them to extend to the ceiling",neutral,0.84668773
aa4b6e6801, Well I *did* put in a good innings...sweared at the brother in law..was in fine form,good,positive,0.9210173
f1e57a3728,Geesh 5 days straight (he`s not the boy-nside joint) LOL .....headed with  and then go c BF,Geesh 5 days straight (he`s not the boy-nside joint) LOL .....headed with  and then go c BF,neutral,0.6470547
b985885d07,i cooked breakfast for my mom  HAPPY,HAPPY,positive,0.98153126
8fdbfcc148,I chopped a fringe in last night got tired of having it hang in my eyes. Made a mess,Made a mess,negative,0.9186907
5bbe72aee2,Powerdvd doesn`t want to play my Pushing Daisies dvd. I only want screenies to make icons with! Copy protection gone bonkers?,Powerdvd doesn`t want to play my Pushing Daisies dvd. I only want screenies to make icons with! Copy protection gone bonkers?,negative,0.8328522
0b14d240f0,"Why would someone even do something like that, you gotta be pretty **** desperate for attention!!! lol poor keanu",poor keanu,negative,0.91525716
eccb68a4e6,"sigh.. stayed up late cause was on a role w/ assessment, now I`m so tired my eyes r stinging & my head hurts.. & I still need 500 words",tired,negative,0.94538295
531f62c5cc,wishes he had realized his wife hadn`t held onto the debit card before he took a long walk to get lunch and not after.  GRRR!,his wife hadn`t held onto the debit card be,neutral,0.47668228
758ce85330,Freakin` frustrated why can`t my coach realize that times are hard ain`t nobody got the money to buy cookie dough for no new uniforms,frustrated,negative,0.93847376
468781ad08,Senior`s last day.,Senior`s last day.,neutral,0.7940585
40fe57fc07,"Actually I`ve been in here, holed up quite nicely, for hours. This is one of those times I regret never having married or gotten a cat","holed up quite nicely, for hours. This is one of those times I regret never having married or gotten a cat",negative,0.40534288
8de7b97c5a,going to shower because i don`t want to smell at school tomorrow,going to shower because i don`t want to smell at school tomorrow,negative,0.6700246
d5cec7c690,Chillin with the roomies. Can`t wait for the zombie CLWN CR. Its gonna be 6-8 weeks,Chillin with the roomies. Can`t wait for the zombie CLWN CR. Its gonna be 6-8 weeks,positive,0.95330095
68207d8702,  have a good day!,have a good day!,positive,0.977467
abc53ae0f1, Hey  Did you have a good weekend buddy?,Hey  Did you have a good weekend buddy?,positive,0.73287725
73532156f5,Wohoo! Going to see Eddie Izzard in December!,Wohoo!,positive,0.9633916
513330a727,Home from a day of pampering with mom & dinner with family. Am currently snuggied up on the couch with a glass of wine & a new book. Ahhh,pampering wi,positive,0.9058235
68de8a14bc,Grrr! My internet will be up and running next Wed  at least now I have a def. Answer!,Grrr!,positive,0.5712652
1ebe5ac029,"Yesterday I didn`t do much because I was just lazy, but today I don`t feel so good.",I don`t feel so good.,negative,0.9090297
98b9d7bb5c,is cleaning the house for her family who is comming later today..,is cleaning the house for her family who is comming later today..,neutral,0.84273374
877eb04b14, what did someone do? and good morning,good,neutral,0.58830136
3fe24418ab,on our way home after seeing Rodney Atkins in concert...I Love him! Thanks Bob,.I Love him! Thanks Bob,positive,0.99038506
ae0c5f9b71,My favourite photo (that I took) from last night: http://tinyurl.com/oto5sz can`t wait to see `s pics,favourite photo (t,positive,0.9853838
72b74f9bd8,i got a replacement phone and now all my text messages and call history are gone.  I am sad.,call history are gone.  I am sad.,negative,0.9141623
a8d763e6d1," white pointy shoes haha, and ah you got me excited about the enw drummer  youre mean!","white pointy shoes haha, and ah you got me excited about the enw drummer  youre mean!",positive,0.93586427
61e98f21ff,I hadn`t realised how Long it had been since I was last `tweeting`... Now I`m on here I don`t know what to say  x,I hadn`t realised how Long it had been since I was last `tweeting`... Now I`m on here I don`t know what to say  x,negative,0.49603802
6416743eb6,"Just FYI, RUIN HOLLYWOOD IS CLOSED.  Last Friday was our Closing Night.","Just FYI, RUIN HOLLYWOOD IS CLOSED.  Last Friday was our Closing Night.",neutral,0.80094534
22c1be7fe6,jus sittin in da libray and this stupid computer wont let me order any mac foundation,stupid,negative,0.9223448
71dd325bee, Had one of the female servers tell her **** looks big in those pants. She will worry all night long Lol,worry,negative,0.4780235
622ba632cd,Chicken beer and good company makes a good night...,Chicken beer and good company makes a good night...,positive,0.97226286
65a42078e2, Oh wow they are really good  I think Im going to use one of them lol.,Oh wow they are really good  I think Im going to use one of them lol.,positive,0.9892893
a44fe2cd6f,Got 2 get ready 4 work  would rather be fishing!,Got 2 get ready 4 work  would rather be fishing!,neutral,0.6084752
5c78009178,"playing guitar hero, waiting for Abby to text me after prom","playing guitar hero, waiting for Abby to text me after prom",neutral,0.83804965
31f66a22b7,Why don`t any of my friends ever miss me  why do 40 year old pervs like me  why can`t I be a shape shifter ((((((((((((((((((,miss,negative,0.95964676
e1bd0f95d0, i wanna join the twit Club......,i wanna join,neutral,0.50049436
37bbadf724," the balance is ~$8,000. unfortunately i havent been able to find a card that has a limit high enough to transfer the whole thing",unfortunately,negative,0.8389019
aa6047cebb,#Trackflashback: 'I Believe In A Thing Called Love' by The Darkness - check it out...,#Trackflashback: 'I Believe In A Thing Called Love' by The Darkness - check it out...,neutral,0.8275013
e5ca1113a0,going to bed. good night everyone! i love you all (or should i say good morning?)  sweet dreams,going to bed. good night everyone! i love you all (or should i say good morning?)  sweet dreams,positive,0.9850419
6b0ee6d51d, This is true... Clean clothes is a VERY good thing!   Enjoy your day! Love your new avatar BTW!,good,positive,0.9909005
e31fe1717d,I am sad today,sad,negative,0.9574599
94d795ac62,Endlessly fascinated by the dual engine monitor in this cab. Then it reminds me of #sustainability fail . Sorry next gen.,Sorry,positive,0.59248763
a7f1cfa0b0,happy mothers day!  <3,happy mothers day!,positive,0.9852835
04fdc65a7c,Is in bed not able to sleep  bloody bipolar!,bloody,negative,0.9246905
1d80f30e55, I hope your mom is ok?,hope,positive,0.58317226
e6c34bd10a," Yeah, it`s work. It`s been busy all day and I`m tired and hungry.",I`m tired and hungry.,negative,0.74952453
a13dddbfb4,That`s how you go from series to season. The days of being an elite team are over in Dallas. EPL Derby Day tomorrow. Tell me what I miss.,That`s how you go from series to season. The days of being an elite team are over in Dallas. EPL Derby Day tomorrow. Tell me what I miss.,negative,0.5455692
fd286d3eab,I guess it wasn`t meant for me to change it,I guess it wasn`t meant for me to change it,neutral,0.5731416
39d09552e0,upgraded,upgraded,neutral,0.6310532
0da50859fd, Hi! Im Barb frm IA. New to tweetin. Enjoy reading ur tweets. U seem like a wonderful person..I KNOW ur a wonderful actress,wonderful,positive,0.98658025
e7f0a41a04," Unless you mean the 2 hours a week i use for sleeping. Yeah, suppose i could use those","Unless you mean the 2 hours a week i use for sleeping. Yeah, suppose i could use those",neutral,0.69300723
b041c3a36a,just dropped my biscuit in my tea,just dropped my biscuit in my tea,negative,0.78028595
63f12f6e87,on youtube now!,on youtube now!,neutral,0.65761715
6adb3d259f, http://twitpic.com/66wxk - SO jealous right now!!!hate new england weather,jealous,negative,0.97689486
16dad727e7,is 99% sober at Brittney`s with Becky and Brit  <3,sober,neutral,0.51410425
03206df294,Toast in the morning,Toast in the morning,neutral,0.73477316
65d6c98b9d, Yum...wish we could be there today. I have a cold and don`t want to infect others...so we will miss our Friday session.,Yum...wish we could be there today. I have a cold and don`t want to infect others...so we will miss our Friday session.,negative,0.702889
24d72c4ec9,Went and saw Fighting last night with the best friend. It wasn`t all that great but Channing Tatum is amazing!,. It wasn`t all that great but Channing Tatum is amazing!,positive,0.9656532
c765938aa6,  I Hate It There Should Be A Endless Supply Of Hot Water!  I Put the Water Heater On 20mins Ago So Ill Be Gone In 10mins  ****,I Hate It,negative,0.9066279
7fbcea827a, thats what i was thinking but the only time it`s gonna be on is 1 am!,thats what i was thinking but the only time it`s gonna be on is 1 am!,neutral,0.67505276
f1980df482,didnt do my devos...  hopefully my day doesnt suck because of it.,hopefully,negative,0.5626779
36fb2f1f2f, aww  i will keep sending it ;),aww  i will keep sending it ;),positive,0.8384268
156dd5d499," AM`s good for us GMT-ish people, I think.  Looking forward to it and hope you`re batteries & laptop will be recharged soon.",good,positive,0.97552097
999e68f7a5,I`m at the anime store iat rivercenter going crazy at all the Pokemon stuff. I wish I had money,I`m at the anime store iat rivercenter going crazy at all the Pokemon stuff. I wish I had money,positive,0.45324165
742ff66bbf,@_supernatural_ more Demon Sam!! I need it to numb the pain  ****,Demon Sam!! I need it to numb the pain,neutral,0.45946598
b36460f5ea,"reaons not worth it; drunk for no reason, depressed about revision, nothing happened. Reason`s worth it:Matt, ...after that? i dunno",depressed,negative,0.6360168
24769cb953,revision...what fun...still I have thursday to do basically nothing,do basically nothing,positive,0.47760183
aedd5d60f9,My head`s THUMPING.,THUMPING.,neutral,0.53602517
a897606491,i feel like watching a disney movie...too bad we dont have a vcr anymore,i feel like watching a disney movie...too bad we dont have a vcr anymore,neutral,0.45344135
194efe6264,Good morning! Driving to work,Good morning!,positive,0.7784461
d026136683, hahahaha your watching 106 too... i miss Oceans 10...,i miss Oceans,neutral,0.500124
f3e4ad7b0d," ****! Lights off, its presentation time.","****! Lights off, its presentation time.",neutral,0.6536611
94786e2bee,is anyone out there??  so bored at work...,so bored at work...,negative,0.73148566
bfca7942c7,Eli in the ER  they pricked his finger for blood sugar and he was trying not to cry http://twitpic.com/67z2q,he was trying not to cry,neutral,0.5073252
da53e99942,arrgghhhggguuuiiissshhhh no idea what to do for this modern assignement....  Burma or Cuba???? eeeep help!,arrgghhhggguuuiiissshhhh no idea,negative,0.6387563
c6b9682fb8, That`s the song I mean,That`s the song I mean,neutral,0.8281369
81ef7cdadc,I`m way to hungry to even think. I can`t go to work on an empty stomach like this,I`m way to hungry to even think. I can`t go to work on an empty stomach like this,negative,0.93390566
3e1c4fa0cc,"aahhh! nyc placements have started to come out, but it looks like upgrades have to wait yet another two weeks for placements! dreadfully","aahhh! nyc placements have started to come out, but it looks like upgrades have to wait yet another two weeks for placements! dreadfully",negative,0.886283
67b9f9b58d, thanks for the follow! The love of your life is adorable,thanks for the follow! The love of your life is adorable,positive,0.9933171
08e9f3f508,  congratulations on your shirt btw!,congratulations,positive,0.97797626
c634a8c45e,"It`s a good day! The lake is a mirror, the kids are happy, and I get to clean the cabin today... Err two outta three ain`t bad!","happy,",positive,0.988305
5b737f1cd9, i`ll do whatev but i dont have anything to wear,i`ll do whatev but i dont have anything to wear,neutral,0.50535154
4014cd6f32,"wishing i was there, so you should go in my place. #brandwkshop http://tr.im/mOXL i see they`ve got scott bedbury and more.. poor me",poor,neutral,0.49571463
90d3135cf0, say hi to Kimba for me,say hi to Kimba for me,neutral,0.65013516
ef49d4d531, Thanks for the interview mama!  Enjoy your night,Enjoy your night,positive,0.98721343
93edeab485,Where`s my bus? I want to go home!,Where`s my bus? I want to go home!,neutral,0.54064727
0cfda45c7e," My music teacher either expired or forgot about my lesson, leaving me outside waiting for my ride to pick me up for 1 hour.","My music teacher either expired or forgot about my lesson, leaving me outside waiting for my ride to pick me up for 1 hour.",negative,0.93290675
ca42fe3aa0, NAT!!! I`m going to miss you so badly,miss,negative,0.7036284
0624e20e0b,I`m going to bed ....it`s weird the 1st time in a long time.. He didn`t call and say goodnight  ... Ima lil curious,I`m going to bed ....it`s weird the 1st time in a long time.. He didn`t call and say goodnight  ... Ima lil curious,neutral,0.48044294
5883ec2713," Aaron and I are playing a gig at the Life Aquatic party outside of Austin, so I think we`ll have to mis the TT Bday party, sadly",sadly,negative,0.58013666
f3a29d9676,has on music at work today its so painful,its so painful,negative,0.9078746
e64488cb2a,_nesmith,_nesmith,neutral,0.6947022
f9a4b55d96,Still hating the whole Twitter replies thing. I feel like I`m missing bits.  #fixreplies,hating,negative,0.9487662
b4ccb6a942, oh my god. i can`t do the end of the dance  *sob*,i can`t do,negative,0.90592134
3199120cb0,Another friend knocked up.   Pretty soon everyone will have kids. Goodbye carefree youth!,Another friend knocked up.   Pretty soon everyone will have kids. Goodbye carefree youth!,negative,0.73680943
516d0e0682, Miss you my dear,Miss you my dear,neutral,0.49761224
666c23385a, thanks  we did reviews today and i feel like idk anything. anyways. how r u?,thanks,neutral,0.56338525
43325be146,I feel useless I don`t know what to do right now. I`m so bored,useless,negative,0.95988643
a28c50bc38,First Day for research at Edmonton General,First Day for research at Edmonton General,neutral,0.9137977
7d7fd3930f, in bucher`s class?! i cried too!,i cried too!,neutral,0.42918742
6c58fe6e59, I heard from  &  you`re away. I miss you too  Look forward to tweeting with you when you return.,y. I miss you too,positive,0.6686988
560a11855f,_ndo OMG I`m so sorry. I`m the worst employee ever. My hard drive just failed taking the survey data with it,failed,negative,0.9699752
4df3c4a92f, at Le mont`s door ..it`s closed maybe they are too rich  passed pairung as well,at Le mont`s door ..it`s closed maybe they are too rich  passed pairung as well,neutral,0.5640304
04c36591ae, I doubt I will tho !  twit pic sumthin,I doubt I will tho !  twit pic sumthin,neutral,0.47137058
9958c0b209,I had a dream about a pretty pretty beach and there was no beach when I woke up,I had a dream about a pretty pretty beach and there was no beach when I woke up,neutral,0.43915072
182c4c481f, I`m sorry you`re not having the best day - neither am I though  Are you working tonight??,sorry,negative,0.627958
2f62d72378,No 10th  2 months=],No 10th  2 months=],neutral,0.793282
7f99676aa5,Watching Scrubs season 2. Oh I`m gonna miss that show,miss,negative,0.88872004
569f3d002a,can`t believe he has to wait till October to see 'Up!' when Americans get to see it this weekend.,can`t believe he has to wait till October,negative,0.49132943
292f31341d,Here`s a brief preview: http://bit.ly/eHCfP   OMG James is creepy in that role! I`m scared of him,! I`m scared of him,negative,0.95261127
fdb2e3400b,The sun has gone in!,The sun has gone in!,positive,0.73303485
bc3f0b4d57," I love wearing my hood too, even though in Portsmouth I usually get terrified looks from pensioners when i do","I love wearing my hood too, even though in Portsmouth I usually get terrified looks from pensioners when i do",positive,0.7604926
c717df3d0b, 2ND BREAKFAST !? I want more food =/ LOL. Tweet me what breakfast you`re having  LOOOOOOLDING`,=/ LOL.,positive,0.73298526
beba502bae,"  Yeah, I should at least try myself.  Have a good night & visit with the Chiro tmrw!",.  Have a good night,positive,0.9122984
2099ad60b4, but it all went too quick and there wasn`t a chance lol,d there wasn`t a chance,neutral,0.48491743
75a21b0311,I wish I could just go for a drive..or a movie or the store..I just wanna be alone,I just wanna be alone,neutral,0.4794054
91e080823b,Bruno arghhhh i cant wait,arghhhh,positive,0.9703339
e6dd2c7103, oh just referring to our lil exchange on LJ with regards to twitter archive postings.,oh just referring to our lil exchange on LJ with regards to twitter archive postings.,neutral,0.89491093
4f0fb900c5," very much so  You know I am coming now on Thursday too right, are there door sales ??","very much so  You know I am coming now on Thursday too right, are there door sales ??",neutral,0.74094033
18e66e1d99,yellow for   ? http://blip.fm/~5z05g,yellow for   ? http://blip.fm/~5z05g,neutral,0.7389208
44cc88bd8f,http://twitpic.com/67ljj - As if teenagers need any more encouragement,As if teenagers need any more encouragement,neutral,0.54258245
b027bc0b57, thanks for agreeing with me,thanks,positive,0.9314129
c54548903b,I don`t want to quit my job.,I don`t want to quit my job.,negative,0.6669681
a275c543bc,I would get a lot more done if I could list items on etsy on my phone. Can do everything but upload pics,I would get a lot more done if I could list items on etsy on my phone. Can do everything but upload pics,positive,0.6860728
4993655578,HAPPY JUDDDAY,HAPPY JUDDDAY,positive,0.9746011
4a5a517033,Signing off. Mom`s day tomorrow.,Signing off. Mom`s day tomorrow.,neutral,0.8159726
99e796c6b5,_Eclectic but then you leave,_Eclectic but then you leave,neutral,0.7274906
f02845b490, What happened to Dave?,What happened to Dave?,neutral,0.7088761
6c76f097ee,UNC budget  cuts may rise to 18%   http://tinyurl.com/mdm5tp,UNC budget  cuts may rise to 18%,neutral,0.7589933
47b2d8c7bc, thank`s ... See? now I`m back on smiling,thank`,positive,0.8880884
c1659687a7, am I not good enough,not good enough,negative,0.8064833
17b24f8f1b,is thinking WOW I survived Freshman year...Mission Accomplished...Now Sophomore year,is thinking WOW,positive,0.89227086
a3b5604d4d,Also with the not driving part i could afford a laptop. Also living with a roommate i would save even more,save ev,positive,0.89314944
26e893add5,  are you not well?,are you not well?,negative,0.67244107
537913c589,Home from Whitney`s. No sleep. Church in a bit. Dangggg....I`m tired. But it was worth it,Home from Whitney`s. No sleep. Church in a bit. Dangggg....I`m tired. But it was worth it,positive,0.5263173
409cdcf22d,wants to go to walmart. but won`t go alone,wants to go to walmart. but won`t go alone,neutral,0.6926075
d34bcd3043, not gonna ask what a boom boom is!  morning.,not gonna ask what a boom boom is!  morning.,neutral,0.54862994
d7ae8fcc56,Miley Stevens - Waterhouse is at Jhy`s house  http://apps.facebook.com/catbook/profile/view/6402509,Miley Stevens - Waterhouse is at Jhy`s house  http://apps.facebook.com/catbook/profile/view/6402509,neutral,0.92893356
a238839b2e, and the habitat is twitter-active. Neat,Neat,positive,0.5542225
869e0ee37d,Wide awake and grouchy as ****.,grouchy,negative,0.91108584
be1b64ba18,in class sick and hungry,sick,negative,0.9361903
0750a92145,was hoping to go to Red Lobster this weekend,was hoping to go to Red Lobster this weekend,positive,0.643341
ebf47046a8,  Thanks for the greeting,Thanks,positive,0.9569755
e621d86bb2, WELCOME BACK  see you tomorrow! come pick up your gift ;),! come pick up your gift ;),positive,0.9771713
a1c4805bdc," haha, yeahh. im still following u tho,","haha, yeahh. im still following u tho,",positive,0.6658046
6a5b60035e,(sigh) guess we`re not gonna meet up today.,sigh),negative,0.587427
e1581f0fef," thanks for the retweet, man  having a quiet Sunday morning... how`s yours?","thanks for the retweet,",positive,0.9150393
b706c7ce8b,Aw one of our fishies died,died,negative,0.9243866
40a170cd07, not really ;D nice pic .  no but could u imagine those 2? ... i thought so,nice,positive,0.61602116
787379a7fc,...love and wanted to share with my followers. feeling inspirational. ive had a long day.,feeling inspirational.,positive,0.96875966
23c9064717, well u weren`t around 2 twit,well u weren`t around 2 twit,neutral,0.7219454
a437faf98b,http://twitpic.com/665w2 - see miles away,see miles away,neutral,0.8076886
b792ccbf33,Congratulation`s to phil packer on completing the london marathon  x a shining example to us all x,Congratulation`s,positive,0.9827571
a74e8db757,Oh snap... kinda nuts right now... :  I`ve told at least 27  Thanks babes.,Thanks,neutral,0.49236917
1c0545e1b6, My lil` old Mac did the same thing...and it was never to charge again.,it was never to charge again.,neutral,0.5846594
2b6938dabc,OMG !! hollyoaks well dramatic  !!!!!!!!!!!!,dramatic,positive,0.85744816
e5c72f647e, hello beautiful. how`s mariahs baby? jackie still isn`t talkin to me. i called her n left her a message the other day.,hello beautiful. how`s mariahs baby? jackie still isn`t talkin to me. i called her n left her a message the other day.,neutral,0.543784
aac86a031f,"got THE best mothers day present from Tys. It made me cry uncontrollably, and it wasn`t a present",THE best,positive,0.93409663
b5a944e8d4," now I know why it didn`t work, just not too keen on paying though for a 2ndary social network","now I know why it didn`t work, just not too keen on paying though for a 2ndary social network",negative,0.87117714
9eb161e7b2, thanks kelly! that means a lot.  have you figured out your apt thing yet?,thanks,positive,0.9663894
187cd7b3b4,today was busy.. geez. getting ready then graduation,today was busy.. geez. getting ready then graduation,negative,0.5690597
d1587fa3ef, put me right off my scrambled egg breakfast  #fartingloud,put me right off my scrambled egg breakfast  #fartingloud,neutral,0.49977198
5b4396f8ef,happy mother`s day to all mothers out there!!,happy mother`s day to all mothers out there!!,positive,0.98594135
466ed5412a,Looks like my Twitter is down,down,negative,0.8502429
ce7050bac0, omg i forgot about that! you lucky thing! hope you have fun!!  x,omg i forgot about that! you lucky thing! hope you have fun!!  x,positive,0.98491967
9067480f55,it just thundered reallyreally loud at work and this little boy started crying  I wanted to cry too...I hate storms! wah,little boy started crying  I wanted to cry too...I hate storms!,negative,0.9610321
0d4120f986,watching chicago.  honeyyyy im with you I miss me some hey arnold! and wild thornberrys,miss,positive,0.49289063
64d15cff8b,Having Margaritas w/ mommie...what a great combo!,what a great combo!,positive,0.98214555
1026d4db3b, ....nope.. its for the 1st time we invited her at SSM  and she very graceful accepted it !,d she very graceful accepted it,positive,0.84155554
5319c224eb, oh.. tnx for following cass.,oh.. tnx for following cass.,positive,0.6337552
b26b890aee,Walking to class. I hate not having a bike....especially mine.,I hate not having a bike..,negative,0.87717813
bc5d2cb187, I`m glad you`ve been having fun babe,I`m glad,positive,0.98334646
0a980f420f,those workmen extending R block can`t start this early surely.. its 7:45am and already they`re making a racket and woken me up!,those workmen extending R block can`t start this early surely.. its 7:45am and already they`re making a racket and woken me up!,negative,0.45997205
8f384d1ecc,  Happy Monday!!  Hope you have a great week!,Happy Monday!!  Hope you have a great week!,positive,0.9926179
ef9a919393,Somewhere in the center...,Somewhere in the center...,neutral,0.8885044
1f8bba411b," Not a problem,  Glad to!",Glad,positive,0.94284755
e49612f7b7,Morning all - happy Star Wars day - May the 4th be with you!,happy,positive,0.9888707
66719c0a3a, its ok mate I stayed in as well  losers aren`t we,losers aren`t we,neutral,0.5229509
284d6d8d91,Is tired! And is gonna go to bed now!,Is tired!,neutral,0.57490176
fd1e3d243f,_lou hahah hopefully!  enjoy your day,enjoy your day,positive,0.979832
87f4fec257,So lost  on my owm tryinh to find matter in the o2,So lost  on my owm tryinh to find matter in the o2,negative,0.6816951
ef4500b900,nice hair and nowhere to go,nice hair an,positive,0.69933087
219f2afb25,"thinking lots of revision tomorrow  woo, hope it a sunny one.",hope,positive,0.89061356
31d2831037, ok i got you! Knight!,ok i got you! Knight!,positive,0.80004317
efb6903087, I miss u guys too  I prob won`t b bk til august sumtime... But if I come bk anytime b4 then ill 4 sure let u kno!,I miss u guys too  I prob won`t b bk til august sumtime,positive,0.5495896
21090aa1bf,"Wool, time for the top cote","Wool, time for the top cote",neutral,0.7684229
d3c7883b70,Sorry everybody! Apparently Twitter isn`t sending me my updates.,Sorry,negative,0.8066024
82e8514e42," Awesome, congrats on completing it! (I can`t believe you cycled the distance to my cottage though in 1 day.  )","Awesome,",positive,0.9841323
df15654993, OMJ my sister brought Coldstone cupcakes today instead of a cake to celebrate bdays in family and I was so excited taking pics,excited,positive,0.99004996
4f6a3cec59," pictures of your bliss?  In JPEG format?  Sorry, it`s message board terminology and u don`t play w/us on the boards","pictures of your bliss?  In JPEG format?  Sorry, it`s message board terminology and u don`t play w/us on the board",negative,0.5252938
7861eb63b9,  You`ve got to love fly tippers: http://tinyurl.com/mt4opc  Worst I`ve seen is a dead mule dumped on Holmbury Hill.,You`ve got to love fly tippers: http://tinyurl.com/mt4opc  Worst I`ve seen is a dead mule dumped on Holmbury Hill.,negative,0.61203444
d8da684f56,Had a little fight with My Best Friend   What should I Do?!?,Had a little fight with My Best Friend   What should I Do?!?,negative,0.58279455
2ba773e1ed,"Just came back (well yesterday) from the Hannah M. movie, I LOVED IT! I went to the highest part of the cinema to dance! BEAUTIFUL SONGS",I LOVED IT!,positive,0.99193466
e4bf31e7fc,Flight to hurghada delayed 7 hours,delayed,neutral,0.61748433
00d24820bc, i`m with you in this.  i`ve always have prob prioritizing myself ahead of him.,i`m with you in this.  i`ve always have prob prioritizing myself ahead of him.,neutral,0.6964127
0d49340770,omg! i didnt even know my friend knew  !!! lol its a small world,omg! i didnt even know my friend knew  !!! lol its a small world,positive,0.50476396
23394c88d9, good catch!  Thanks a bunch- have to put up a new widget.,good catch!,positive,0.9677337
d4f26997ea,http://bit.ly/ZGuQP  What would happen if the Bees died?,http://bit.ly/ZGuQP  What would happen if the Bees died?,neutral,0.56642485
1211079169,_WOCKEEZ I wanna go! But I won`t be there  I`m sure that the show will be great!!,I`m sure that the show will be great!!,positive,0.9771863
109c9da82a," Well, in LA is decent weather. Tell me what`s happening in the future",decent weather.,positive,0.7434847
b5baeea54b,Feel like death  evil headache and need to pack and drive to parents. Bum.,Feel like death  evil headache,negative,0.96729785
5951919943,Waiting for tish to get off. Got to drive my moms CRV to pick her up all my myself and duckie. First time,Waiting for tish to get off. Got to drive my moms CRV to pick her up all my myself and duckie. First time,neutral,0.76070124
047e58902f, It`s so not like me  I`m in the middle of coordinating a 3-point move: stuff from IL --> old NYC apt + all stuff --> new apt.,It`s so not like me  I`m in the middle of coordinating a 3-point move: stuff from IL --> old NYC apt + all stuff --> new apt.,negative,0.6681136
f298ddeca2,Our neighbors cat died!  I really loved him =(,Our neighbors cat died!  I really loved him =(,negative,0.6825051
9957758f50,"oficially mother`s day! Hug & kissa Ur mom today more than U do everyday  cooking 4 her is a good idea, i`m making enchiladas suizas =]",good,positive,0.9669017
3c01887097,_club wished I could have been there last night. Sounds like it was rocking! Can`t wait to see pix or vids,rocking!,positive,0.9896771
fda681df7e," Another day and I couldn`t find you.    I ended up trying another cart, can`t remember their name.  `sigh`","Another day and I couldn`t find you.    I ended up trying another cart, can`t remember their name.  `si",negative,0.77112275
baf1db4fc0,I WISH I LITERALLY COULD **** JUST ABOUT EVERY **** IN THE WORLD...IMA NYMPH,****,negative,0.6149981
caf1e1d467, just giving shouts to all my peoples in Twitterville,just giving shouts to all my peoples in Twitterville,positive,0.51516485
c122af5db6,I want to buy this great album but unfortunately i dont hav enuff funds  its 'long time noisy',unfortunately,negative,0.4631739
d0ddd864e7, Loved the comment on flashcads! I`m old school too!,Loved,positive,0.9807184
56ba530547, Is that why your blog is set to private?,Is that why your blog is set to private?,neutral,0.8244408
fc6e24d5fe,I guess you didn`t hear the grumbles when kindle came out with no cover. My purse +eink screen = shortcut to broken screen  ,I guess you didn`t hear the grumbles when kindle came out with no cover. My purse +eink screen = shortcut to broken screen,negative,0.6499751
712596c3c1, It`s still up the duff boo,It`s still up the duff boo,neutral,0.7712537
965e5303bf," Buying my copy today, so excited! Need to learn it for friday  Good luck in sheffield","Buying my copy today, so excited! Need to learn it for friday  Good luck in sheffield",positive,0.9910121
10c974d034,"hey Tweeties, my auntie jus got n a bad car accident...pls keep her yall prayers  ...thanx",bad car accident...,neutral,0.47397625
997cbc9830, I have my 830 class  **** school! what time you work wed? if jade comes ima have to get her in antioch at amtrak.,**** school!,neutral,0.83479995
501ea38173,working allllllllll weekend..how thrilling..and i have to say bye to goshy on sunday cause she is leaving for poland for 3 months,working allllllllll weekend..how thrilling..,positive,0.6214147
d7faa0bdf1,"Waiting for Danny to text me back,,,  xoxo","Waiting for Danny to text me back,,,  xoxo",neutral,0.67920214
049ff45fc1,Ok. Night sweet people  I`ll look for ya tomorrow,Ok. Night sweet people  I`ll look for ya tomorrow,positive,0.63100404
0bd0267af7,"JONAS BROTHERS - Live to party.                It`s rocking so hard     I love the song,",JONAS BROTHERS - Live to party.                It`s rocking so hard,positive,0.9908969
a37d43dc94, lol  I`m sure it would be the most kick azz version we`ve ever heard!,e it would be the most kick azz version we`ve ever heard!,positive,0.766686
079135be79, ditching out again?  you will be missed. I wish my ruby boys would represent.,?  you will be missed. I wish my ruby boys would represent,neutral,0.43978837
6c59684320, when I tried to go to her`s I got this message 'That page doesn`t exist! ','That page doesn`t exist! ',negative,0.67708856
bc57eb16bf, Actually I think the NA release date was confirmed for September so it`s a bit more of a wait.,Actually I think the NA release date was confirmed for September so it`s a bit more of a wait.,neutral,0.7211165
1a9047091d, Good Morning Rock Star Nurse,Good,positive,0.802161
1b8752a573, She does especially Pink ones LOL  What beautiful creatures they are!,t beautiful,positive,0.97536534
23debc1d28,_WSt the wheater here in Austria should be bad for the whole weekend. Sorry!,bad,negative,0.8868248
5602d13315,taking in the local art,taking in the local art,neutral,0.787032
172b64bada,"but i didnt  krystal spent the night last night..i dnt think i posted that. but ya, we laughed a lot. SQUIRREL! & HOUSE! new inside jokes.",laughed,positive,0.7763459
3e31641c9d,"It seems my grandmother has found a way to break a pipe in her house, going to go there now and fix it, she is such a blur woman",break,negative,0.8174322
30952fe158, been there done that. It always ended up with me selling the machine and going back to my mac,been there done that. It always ended up with me selling the machine and going back to my mac,negative,0.55037016
752ae50f07,Listen to Back Around by  ...love this song. Meet  tomorrow ^.^ But we canï¿½t go swimming  Sorry,Listen to Back Around by  ...love this song. Meet  tomorrow ^.^ But we canï¿½t go swimming  Sorr,positive,0.8475441
5f9977af90,i miss justin timberlake`s voice. i want him to make new album again,i miss,neutral,0.5411174
4841c6a186,just got home and  i got to freakkin clen,just got home and  i got to freakkin clen,neutral,0.50387836
eebd10ec84, I hate you,I hate you,negative,0.96561927
68b00c1093, Not having Hulu in Germany sucks,sucks,negative,0.8905453
f3d90df8e5, : They R sending TW business ppl 2 the mainland 2 return the favor - Re: Chinese police representatives in TW,: They R sending TW business ppl 2 the mainland 2 return the favor - Re: Chinese police representatives in TW,neutral,0.8557462
edd2435a29, wow thanks for saying that man! I`d love to illustrate children`s books!,thanks,positive,0.9835924
3f7efc51ae,hates these khaki pants! project to do todayy,hates th,negative,0.85488904
3589d10b95,Grand Indonesia with mom n sisters...,Grand Indonesia with mom n sisters...,neutral,0.88758564
a8e7ad61f9," fair enough. actually, you dont have to give me x-men.  mad max will do me fine","fair enough. actually, you dont have to give me x-men.  mad max will do me fine",positive,0.54998153
25a70ff550,"Charter is pissing me off, the rest of the internet can access my blog except me   should have it fixed soon they say, we will see...","Charter is pissing me off,",negative,0.77325743
11f5fed5f4,Bug in **** cod4 system link. My map pack isnt working,isnt working,negative,0.9362426
3569541fb3, You are too kind! I swear I`m always feeding someone!,You are too kind!,positive,0.94307727
ef69b07173,I don`t like when my g1 changes.    I feel like google should send me an email and tell me all the things they`re gunna do to my phone.,don`t like,negative,0.9242015
8b6c8850f6, or a punch the shape of the card on a card on a card on a card. and then ask people what it is. for free cards.,or a punch the shape of the card on a card on a card on a card. and then ask people what it is. for free cards.,neutral,0.81265324
cf120a3604,BOOK NOW & SAVE:SUMMER 2009 * THE AMAZONES VILLAGE SUITES****-CRETE-GREECE! THE BEST PLACE TO BE!,BEST PLACE TO BE!,positive,0.9698406
9c6170a24f, I saw the game not a huge cavs fan lol. they pay refs. But Yao`s out 4 the rest of playoffs so L.a is cruising to the WCF,I saw the game not a huge cavs fan lol. they pay refs. But Yao`s out 4 the rest of playoffs so L.a is cruising to the WCF,neutral,0.67312676
02d143ca8e,http://twitpic.com/67qv3 - Me at Forever 21  Ethan couldn`t be there,Me at Forever 21  Ethan couldn`t be there,neutral,0.58744454
aef901cedc,See No Evil starring WWE wrestler Kane. You should watch it,See No Evil starring WWE wrestler Kane. You should watch it,neutral,0.5047752
e53ec2765a,  i would love to come visit you in Korea.. next flight that is under 100 i am there!,i would love to,positive,0.98140335
83c794921e,i hella wanted a sausage mcmuffin but when i gt there breakfast was over,i hella wanted a sausage mcmuffin but when i gt there breakfast was over,neutral,0.47297627
ff4aac3704,  hope yer ok hunny,hope yer ok hunny,positive,0.56338936
18e1a4ad29, no labels?  Sorry I know I`m really needy.,no labels?  Sorry I know I`m really needy.,negative,0.6052116
5a4b1947bb, I saw the show listing and saw it was on a Wednesday!!!!,I saw the show listing and saw it was on a Wednesday!!!!,positive,0.50771666
1aa9dc2442,Got 38 followers now!,Got 38 followers now!,positive,0.7050541
1d6542ce61,_cohen I am lost. Please help me find a good home.,I am lost. Please help me find a good home.,neutral,0.512027
6fad3964c6,Ugh I can`t breathe right today,Ugh I can`t breathe,negative,0.94003665
60495ae18f,  are you having a bad day?,are you having a bad day?,negative,0.5966559
cb0cba3cdd," Hi man, yeah I so wanna go, but I`m on Maui  #liloven",but,positive,0.5831224
7118f0c2ea,so wanted to go to the Basshunter concert tonight.  so so so wanted to.,so so so wanted to.,positive,0.908867
3d4340640b,says morning plurk  just woke up. haha http://plurk.com/p/supwp,says morning plurk  just woke up. haha http://plurk.com/p/supwp,positive,0.60130495
f1066099d1, wow great promo for orbicule. is there an english translation somewhere? my Norwegian isn`t that good,wow great promo for orbicule. is there an english translation somewhere? my Norwegian isn`t that good,positive,0.47053522
d365ba7ac7,feeling nice... got a big **** smile on my face for no reason   take my **** to sleep right? lol,feeling nice..,positive,0.8980778
3061a05f59," trying to do the same thing, running an online business as well as running a regular business in the 'real' world","trying to do the same thing, running an online business as well as running a regular business in the 'real' world",neutral,0.79718757
b32b9bb6a0,Hm... TweetDeck has lost all old replies.,has lost all old replies.,negative,0.51556134
52ccf3c40a," its funny, I didn`t even know it was there!","its funny,",positive,0.8126968
430e17f2f5, hey you! Did you get my present this morning? Hope u liked it?,hey you! Did you get my present this morning? Hope u liked it?,positive,0.8590563
526d466020, argh! color me jealous! That rain I asked for the other day still hasn`t gone away,jealous!,negative,0.9129425
4f58184f8c, now if I still lived that way you could pop in and see me  but I don`t so you can`t,now if I still lived that way you could pop in and see me  but I don`t so you can`t,neutral,0.61054385
77814899ac, > 'live Q&A 24/7'... definitely the best part of twitter for me,the best part,positive,0.9794574
489e6308c3,"I`m up. getting ready for skill. can`t wait to fail my bio final yay! ugh, honor classes suckkkk.  ):","I`m up. getting ready for skill. can`t wait to fail my bio final yay! ugh, honor classes suckkkk.  ):",negative,0.60662967
d9789112e8,How sad is it that your best friend is so selfish and heartless that they exclude you from their life completely...I`m so sad,..I`m so sad,negative,0.97511214
e52613ca5f,They never cease to amaze me.,amaze,positive,0.8029615
e0cc02131e,I`m still here! I just changed my avatar,I`m still here! I just changed my avatar,positive,0.50592655
213665be3a,"Okay, the man with the hook for a hand is kinda freaking me out right now.",is kinda freaking me out ri,negative,0.9304248
2d3ffdcc60,Last day of college today!,Last day of college today!,neutral,0.56825656
00fe5d480e,is gonna go yoga-ing with a jumbo cup of coffee!!!!! Thinking about it is making her very happy!!,very happy!!,positive,0.9822165
2cbd0d2a1e," try having your best writing five years behind you  heh, it happens",best writing five years,neutral,0.5250854
5300e02ea8,Trying to figure out what to do tonight. See the game? Social events w. friends? Or stay home and play the s**t out of my drums,Trying to figure out what to do tonight. See the game? Social events w. friends? Or stay home and play the s**t out of my drums,negative,0.65112746
4307eda283,_in I loved that movie! And I miss Raul Julia.,_in I loved that movie! And I miss Raul Julia.,positive,0.9663472
25a371cf5c,"eating nothing, drinking water, about to watch a movie, join me?","eating nothing, drinking water, about to watch a movie, join me?",neutral,0.75296503
a8a9410984, ya and i would have gained a few kgs by then.  what are you working on today?,ya and i would have gained a few kgs by then.  what are you working on today?,neutral,0.849771
836da0ae53,I didn`t catch the Jonas Brothers Facebook Webcast...  It already ended when I logged in to my Facebook account...,I didn`t catch the Jonas Brothers Facebook Webcast...  It already ended when I logged in to my Facebook account...,negative,0.6399257
6543268b8e, i havent laid my verse yet...,i havent laid my verse yet.,neutral,0.6826885
861fbbd125,  but that is the only logical reason why you`d get hollered at 3x in the past hour. but what is dnw?,but that is the only logical reason why you`d get hollered at 3x in the past hour. but what is dnw?,neutral,0.60027736
dde78f6034,"fourteen hours later, i`m still having the worst allergy flare-up in my life from shooting an engagement session in a field last night...","fourteen hours later, i`m still having the worst allergy flare-up in my life from shooting an engagement session in a field last night...",negative,0.9527558
6760095d26,Pub crawling through NE pdx,Pub crawling through NE pdx,neutral,0.83948135
f1d36523e4,_k_renee On a Saturday? Not so cool friend. Same job  Different position! Let me know when your in town again!!! Miss U,Not so cool,negative,0.6655727
ac1453b59b,Me + court =,Me + court =,neutral,0.84299046
768d3a1684,"_Pierce Well the Enterprise E, the NX-01, or the NCC 1701(no bloody A,B,C,D, or E)","_Pierce Well the Enterprise E, the NX-01, or the NCC 1701(no bloody A,B,C,D, or E)",neutral,0.8390792
289faaa01a,"yay, just got my stuff from rygegrej.dk  Perfect tastes like banana and apple",Perfect,positive,0.9668222
04b3e1e3c4,Having fun  With my friend !,Having fun,positive,0.97006655
a87a6b7dff,My siblings left me alone.   Bored. (:|,Bored. (:|,negative,0.4626839
493d2ff5cb,watching shows I missed on the ellipital--- love my on-demand!,watching shows I missed on the ellipital--- love my on-demand!,positive,0.95791626
6fd7d38a2c,wants to sign up for the Germany field trip pero no tengo dinero.,wants to sign up for the Germany field trip pero no tengo dinero.,neutral,0.80737704
1ef1884a5d, i hope you feel better,i hope you feel better,positive,0.8388852
b5a8dd74af,oh yea mspacers my boy just hooked up my page  it looks kewl at least i think so and it only took him 5 minutes www.myspace.com/missmickey,oh yea mspacers my boy just hooked up my page  it looks kewl at least i think so and it only took him 5 minutes www.myspace.com/missmickey,positive,0.9630922
cc12935065,Oh no... that bird is back,Oh no... that bird is back,negative,0.74503493
9c3ea055e1,  awwww i have no internet right now....  -drummer boi,w i have no internet right now,negative,0.90025795
ace7f354d4,greeeeeeeeeeeat  this summer i have four classes...if you know me...u know why,greeeeeeeeeeeat,neutral,0.5584964
28ffa6fd26,"_Rankin yep to you buddy  long time no talk, hows things and i see your cat still like sinking fangs into your ankle lol","_Rankin yep to you buddy  long time no talk, hows things and i see your cat still like sinking fangs into your ankle lol",neutral,0.57796943
0d755c647f, nope anthony wrecked his car i have to help him get it running,wrecked,negative,0.6629171
60a2bc467b, awesomeness,awesomeness,positive,0.95345956
a0aeed26ae, chillin promoting muzik...not eating  lmaao,chillin,neutral,0.57449037
dcd66fb04d,"aaauuuggghhh! in n out, check! mcdonald`s, check! haha, next is hot cheetos!","aaauuuggghhh! in n out, check! mcdonald`s, check! haha, next is hot cheetos!",positive,0.89609665
61da15ed92,  May the 4th be with you too,May,positive,0.81459004
a8d7c2e224,is way too sleepy to be awake,is way too sleepy to be awake,negative,0.75449586
55efc4b32a,This thunder is scaring the hell out of me...geez...I HATE THUNDER  we better not loose electricity... #fb http://myloc.me/2144,HATE,negative,0.973264
133edb1536, http://twitpic.com/2sw4v - i love BOTH your hairsss,i love BOTH your hairsss,positive,0.9820733
aad74deb6a,  If you don`t want to come then don`t come. JEEEEEZ.,If you don`t want to come then don`t come. JEEEEEZ.,negative,0.56480384
e1aad9a182,got an ear infection...man that **** hurts!,man that **** hurts!,negative,0.9606095
fae15a80a1," Iowa is like that sometimes, it gets frustrating.",frustrating.,negative,0.9486278
0a9285e46b," ohh ic ic haha, iyaa my summer is filled with ONE Course that lasts for the whole summer","ohh ic ic haha, iyaa my summer is filled with ONE Course that lasts for the whole summer",positive,0.9021613
3a3e7534bb,I`m dragging myself out of the low point. Slowly. And with wine to assist. Prob not v sensible but these lows don`t hit very often.,I`m dragging myself out of the low point. Slowly. And with wine to assist. Prob not v sensible but these lows don`t hit very often.,negative,0.4915643
20cb55bf64, i was watchin tv yesterday and the media is on u. u were number five i think for worst beach bodies because of ur butt,worst,negative,0.92112076
a429fcc2dd,Good Morning and Happy Mothers Day everyone,Happy,positive,0.98668265
8e3d4e88b1,Seeing my brother graduate tomorrow. Should be fun.,Seeing my brother graduate tomorrow. Should be fun.,positive,0.9879852
cff4afe203,"Omg, my mom just called... Im too late... Hes gone",Im too late... Hes gone,negative,0.8599295
a8f1198777, I like only the james bond series. Thats what a spy movie is!,I like,positive,0.8635957
6eac7e16d0,"AC is broke at the house. waiting to get an estimate on timeframe to repair. on the bright side, gonna join CoLab this week.","AC is broke at the house. waiting to get an estimate on timeframe to repair. on the bright side, gonna join CoLab this week.",neutral,0.52887297
b3e9409293,"feelin` somewhat down; ugh, i don`t want to have an exam! oh well... 5 days baby!",feelin` somewhat down;,negative,0.88025314
e746f8e50c,Listening to the simply awesome Ratatat on a bank holiday monday before a BBQ later  http://bit.ly/gJqSh,simply awesome Ra,positive,0.9712355
bc8b00b53b,"is hanging with Bryant&&Hailee, possibly Lafayette tonight. `nd i don`t know why i keep updating this because i have 0 followers","is hanging with Bryant&&Hailee, possibly Lafayette tonight. `nd i don`t know why i keep updating this because i have 0 followers",neutral,0.46896634
eb5a650cf5,"Right, **** the whole Twitter silence experiment. The last four days have been murder with the inability to mouth off",**** the whole Twitter silence ex,negative,0.9276668
2a99950374,"if you`re as lovesick as I am, give me a call, we should go bowling and complain about love",complain ab,neutral,0.49886546
ebd04776ad,At natalies just finished work. Had the most AMAZING peanut butter sandwhich EVER. <3333 I miss your faceeee,At natalies just finished work. Had the most AMAZING peanut butter sandwhich EVER. <3333 I miss your faceeee,positive,0.9827229
0898bea352, that`s cold,that`s cold,negative,0.53433543
c02c3ca47a,"  good as, cya in melbourne",good,positive,0.8918884
d1b3d262ab, right on!  i`m 29 myself... i turn 30 in october. i think that pretty much makes us awesome,s awesome,positive,0.9850632
13974ce4ae," man, 4 months until we get to see what those drunk tweets were all about","man, 4 months until we get to see what those drunk tweets were all about",negative,0.48976004
12ad699e21, hahah no not that valley. that`s cool valley. texas valley. like...rio grande valley. ahhaha i wish i lived in california valley,i wish,positive,0.71908754
bf8224de59, Can you ask Ryan why he stopped following me on Twitter,stopped,neutral,0.71504474
7154c869fb,Rachael makes me want to cry,cry,negative,0.6490803
6f0d44fdb9,_ Goodnight,Goodnight,neutral,0.6290469
3fa153807b, it`s a she and she`s way too stubborn right now. thanks for caring though,it`s a she and she`s way too stubborn right now. thanks for caring though,neutral,0.492153
b8611c12ab," that`s what i did with my other friends dati e. i could totally do that.  Lian, Eina, Gelli, you, Zero & Francis. we`ll fit!","that`s what i did with my other friends dati e. i could totally do that.  Lian, Eina, Gelli, you, Zero & Francis. we`ll fit!",positive,0.9095988
6a9772befb,_Jane14 okay well then now i don`t feel so bad lmao,don`t feel so bad,positive,0.60107297
1c1eb9cabe,Will be your DJ for a little while! Tune in if you want  www.soompiradio.com ,Will be your DJ for a little while! Tune in if you want  www.soompiradio.com,positive,0.5591217
853f22204f," None of Meowmie`s friends have money, and even if they did, she wouldn`t be able to pay them back.","None of Meowmie`s friends have money, and even if they did, she wouldn`t be able to pay them back.",negative,0.6553913
a838327486,wearing spidey boxers,wearing spidey boxers,neutral,0.7912478
e5c49a55bd, nothing yet  still looking....but lets for sure do lunch next week!!,t lets for sure do lunch next week!!,positive,0.7401692
b8f8292fd2,"They grovelled   On tomorrow morning, will post a link to the show, should be on just after 9am if anyone is about","They grovelled   On tomorrow morning, will post a link to the show, should be on just after 9am if anyone is about",neutral,0.7037433
37a86d490d, Iiight thanks.,Iiight thanks.,positive,0.73325557
e71a951529,The horoscopes website I use has all changed around  I like it!,like,positive,0.9277087
6d79c866d7,  awww lol yh it is worth it-  mcfly are worth it 2  eekk,are worth,positive,0.9078024
fc8e976252,is in the costume shop cleaning and STARVING. Bring me food???,STARVING.,neutral,0.6929619
10c9cb225c,just chilling out in my room on the computer,just chilling ou,neutral,0.6809757
af8b6484ae,no new episodes for hitman reborn yet,no new episodes for hitman reborn yet,neutral,0.8344698
23ce1eb82a,Dreading the weekly grocery shopping.,Dreading,neutral,0.6691565
d3e9c688e6,More pictures! It was such a pretty day  http://tr.im/kWOD #fb,pretty,positive,0.9874534
830666767e," Thanks mate, just came on board here at Twitter ...  .. tweet up sounds great..",p sounds great.,positive,0.9819167
080772ec9e, Unfortunately I`m not  - someone`s squatting on that,Unfortunately,negative,0.6462901
e8cd8b00a7,Dancing was alright todayy still doing Jai Ho!!,Dancing was alright to,positive,0.91606915
31f01b56cb,call me einstein. got math test results: A-  hell yesss,call me einstein. got math test results: A-  hell yesss,positive,0.59430885
030046d376,I was just asked by a suit where i was heading to. I didn`t think i looked that much like a ****,I didn`t think i looked that much like a ****,negative,0.5219674
c87a39f4e8, 'just' - http://tinyurl.com/cuy43t,'just' - http://tinyurl.com/cuy43t,neutral,0.74454474
248be8ea8c,"Getting some DMs asking where I fell off to the past few days  I was sick, but am all better now. I appreciate the concern! Game On!",I appreciate the concern! Game On!,positive,0.89271927
2453b18844,"Hello and thank you for all of the #followfridays people. I always forget, sorry",sorry,positive,0.766057
4148ac85aa," http://twitpic.com/4w52z - hope you`re having loads of fun!  i love and miss you all, boys.","http://twitpic.com/4w52z - hope you`re having loads of fun!  i love and miss you all, boys.",positive,0.99095017
a09db1d8e0," Everyone seems to love it, but it felt kinda lazy and repetative to me.  I was really disappointed.","Everyone seems to love it, but it felt kinda lazy and repetative to me.  I was really disappointed.",negative,0.8726267
732e306284," totally agree, but she always seems to be henpecking John, even before the cheating thing","totally agree, but she always seems to be henpecking John, even before the cheating thing",negative,0.63977647
9aa55592c3, i missed the sun as was too busy gettin hot and bothered in the shops  will have to make up for it at the weekend! x,i missed the sun as was too busy gettin hot and bothered in the shops  will have to make up for it at the weekend!,negative,0.64106256
93388ad854,getttin ready.,getttin ready.,neutral,0.5940903
9c1776b927, i cannot deal w/ this tweet. lol.,i cannot deal,negative,0.9300735
ded851f55b," Hey OJ, I just want to ask, you hooked up with somebody ayt now?","Hey OJ, I just want to ask, you hooked up with somebody ayt now?",neutral,0.8653797
baffe5c370,"Wanna know a not fun way to wake up? Having a panic attack and not being able to breath for no **** reason, that **** sucked",**** sucked,negative,0.9766424
3842596858, hey!  YAY! thanks!  wow ur page is awesome!!!!!,!  wow ur page is awesom,positive,0.993089
b0bafad68f,That room will be an oven too,That room will be an oven too,neutral,0.64744896
aa4239d9c5,happy mothers day to all..im gonna help mine right now.she deserves it..you guys should too..,happy mothers day,positive,0.98630816
c48952dfc8,"Certain tweets I write are on the spot messages for a person, group, or pornstar, and those tweets usually get deleted within the hour","Certain tweets I write are on the spot messages for a person, group, or pornstar, and those tweets usually get deleted within the hour",negative,0.6202703
0e1eeeb246,trying to finish my ****-ignment.please god help me to finish it,****-i,neutral,0.583779
d7348f054c,monday morning . lets whip out some code today,monday morning . lets whip out some code today,positive,0.558133
8e18e9470d, - nice how the lifelock suit was brought by experian basically to reduce processing costs caused by ppl who don`t want id theft,nice,neutral,0.5181584
aa3dc1ed24,hi guys just doing da usael notmuch really! <3 sad me,sad me,neutral,0.5234055
e30842cc87, im so upset u were at US weekly my uncle works there but he apparently didnt know how big of a fan i am!,im so upset u were at US weekly my uncle works there but he apparently didnt know how big of a fan i am!,negative,0.809843
82e0076a98,Yay! Power = on! Phone = charged. It`s hot,Yay! Power = on! Phone = charged. It`s hot,positive,0.9611524
8beea838a8,@_anniemay OMG No fair,OMG No fair,negative,0.7521986
86efe918c0, Yes we did!  Thank You!!,Thank You!!,positive,0.9752373
6fe0339d7f,"And figuring out how to watch Middlesbrough games next year, after the dreaded drop.","And figuring out how to watch Middlesbrough games next year, after the dreaded drop.",neutral,0.67941135
675034075d,watching 'Look for a Star' with mom again  lub ah C hehe,watching 'Look for a Star' with mom again  lub ah C hehe,positive,0.7924184
b2ed3f9d88,its so nice.. I LUV KELLY...she`s such an amazing singer  LUV HER,she`s such an amazing singer,positive,0.9929201
1016a2a8c6,Idk yet!!! _Gyrl I wanna go soon tho...but I want more tweeps to be there,Idk yet!!! _Gyrl I wanna go soon tho...but I want more tweeps to be there,positive,0.6456047
eacd8da4d5,Watch Jay Leno tonite!!!  It`s his last day as the Tonight Show Host,Watch Jay Leno tonite!!!  It`s his last day as the Tonight Show Host,neutral,0.6880864
5c0e1ac3de,Polaroid film today?! I hope so. Green tea = Yum. I got a 8/9 on my appearance for my 'job' interview. Too much cleavage?,Polaroid film today?! I hope so. Green tea = Yum. I got a 8/9 on my appearance for my 'job' interview. Too much cleavage?,positive,0.7756994
0a5559b6e1,i dont want to be home all by myself all weekend!!!!!!!!!       what should i do?,i dont want to be home all by myself all weekend!!!!!!!!!       what should,negative,0.9377461
ead2eb54cb, because I couldn`t get the money to mikey in time.  trust me. It makes me sad too.,e sad,negative,0.8836261
658eafe842,I totally want some white chocolate macadamia cookies from Mrs. Fields but the mall is soooo far away. Bleh  i think I`ll make my own,soooo far away.,positive,0.6180517
9ea6b25a0f,my sister just ripped my heart outta myy fukkn chest.  im super hurt right now. she`s all i ever needed in this life.,im super hurt right now.,negative,0.8971304
d14adbadf6,"It`s the weekend, its sunny..... and I got another puncture!!!",puncture!!,positive,0.9527297
07dd4f77ca, yes indeed                                                                                               here I am again,yes indeed,positive,0.70083016
fa70fcaa36, your SMS managed to crash my phone.,managed to crash,negative,0.8594257
6b75346eb6, Didn`t realize you were that young! Advanced Happy Birthday Stefan. MTFBWY... Always!,Happy,positive,0.9667945
acb1e3c8ca,Getting ready for work.,Getting ready for work.,neutral,0.73136187
8a520f9193, so where r u spinning now that the Hookah is R.I.P.?,R.I.P.?,neutral,0.8615111
44f8845ebb,Tired and gunna go to bed soon!!! First time I`ve been online today!!  All ready for mother`s day tomorow,Tired an,positive,0.563718
5d51638881, Jess is invited just not me  I feel really unloved by u AND Aj right now hahaha!,l really unloved,negative,0.87585235
8bfdc0c384,"im in pain, ****","im in pain, ****",negative,0.9083701
66e732023d," Thanks, I just found a article that say i cannot join you because i am in the UK though","Thanks,",neutral,0.52745885
a75864a6ff, loadsa shizze has happend  IM SO UPSET..,loadsa shizze has happend  IM SO UPSET..,negative,0.9387203
838060c4f6, Thanks too,Thanks,positive,0.783182
763fabaade,i wonder if there is a life after Alzheimer`s caring. beyond despair. poverty sux but commerce is futile. there is no description. mommy,beyond despair.,negative,0.60818756
2acedf8fb3, But now it`s gone,But now it`s gone,neutral,0.6272886
d7ab1c5c19," Oh, I see!  So it`s like, morning there, right? Happy breakfast! *thumbs up*",? Happy,positive,0.9757706
bfb2837e80, woops! I only just realized my DMs to you are not going through,woops! I only just realized my DMs to you are not going through,negative,0.72299147
64c7f282aa," im good thanks, may need you`re advice soon as im playing with a new font of my own","im good thanks,",positive,0.83358264
714944ff06,I would of won that contest if I weren`t to have chickened out,would of won th,neutral,0.6316965
a8318882f4,John at a college thing   staying home all weekend and hanging out with my momma. Sushi tonight <3,John at a college thing   staying home all weekend and hanging out with my momma. Sushi tonight <3,neutral,0.65065527
6f219f740a,is listening to 'La La Land' i love it,i love it,positive,0.98903745
0f52aa7acb,I wanted to see the story on ACORN tonight on Glen Beck but I missed it,missed,negative,0.60036176
92ab5e3bda,Star trek was SOOOOO AWESOME!!!!!!!!!!!!!!!!!!!!!!!!!!!!!!!!!!!Spock and Kirk were hillarious!!!  Im seeing it again. sooon.,AWESOME!!,positive,0.99152946
758acc99a3,"Was a little slow to try this one, but Ben & Jerry`s Mission to Marzipan is a bit of a letdown.",is a bit of a letdown.,negative,0.51223916
bcd9007146, I googled 'engagement rings' & this is the EXACT ring i want.it was the 1st result too  *sigh* love it.http://twurl.nl/jaq5j4,* love,positive,0.9780953
5d519b93cb,A VERY HAPPY MOTHER`S DAY TO ALL MOTHERS OUT THERE! Mamma Mia - Abba   ? http://blip.fm/~5z5uw,HAPPY,positive,0.98223776
4f7478329e," I`m good, thanks.  Hope you`re enjoying the weekend!","good,",positive,0.98106474
b7e63c0afd, i know  its nice haha,i know  its nice,positive,0.94593775
6b1888d428, Hmm.  My VPN works fine.    (Oh.. wait.. I don`t need VPN anymore.) http://tinyurl.com/cao6tu,s fine,positive,0.59115857
b045fab3b2, Makes me wish I had dogs instead of cats!,Makes me wish,neutral,0.44048548
96f9c0f12f, LOL well i`m qlad u enjoyed yur ramen noodles.. i had fried chicken  ..im tired now,LOL well i`m qlad u enjoyed yur ramen noodles.. i had fried chicken  ..im tired now,positive,0.6195161
2edbb64f39,Watching Ace of Cakes: LOST edition omfgggg,Watching Ace of Cakes: LOST edition omfgggg,neutral,0.7582622
ad05d29925,Home empty handed.  No comics found today.  I shall now indulge in my cupcakes from Magnolia Bakery.,Home empty handed.  No comics found today.  I shall now indulge in my cupcakes from Magnolia Bakery,positive,0.56717414
d0564ae3b9, Man it will be a sweep no worries,no worries,positive,0.5712397
e19a790da6,"Looks like another sleepless night dedicated to homework. Sorry in advance, Ms. Chapman.",Sorry,negative,0.7631235
195fe895f3," Yeah, I agree. it does.  BTW, check out !linuxoutlaws. ;)","Yeah, I agree. it does.  BTW, check out !linuxoutlaws. ;)",positive,0.8559864
4419137816, Oops! I got taken ...,Oops!,negative,0.56862533
5126a90815,WHAT DO YOU WANT FROM ME?!  I`m awake.,WHAT DO YOU WANT FROM ME?!  I`m awake.,neutral,0.60395926
bec99fc8a6,Muay Thai was awesome. I`m gonna be sore in the morning! I feel like being bad and eating junk tho,Muay Thai was awesome. I`m gonna be sore in the morning! I feel like being bad and eating junk tho,positive,0.51737875
58d9034e5a, you can explore the site 2 and find cool stuff,you can explore the site 2 and find cool stuff,positive,0.9608479
964afdb84f," Headaches suck, especially stress related ones. I used to get those a lot.  <3","Headaches suck, especially stress related ones. I used to get those a lot.  <3",negative,0.95551735
5857e03ff7,Grrr..stupid internet connection ruined a great scrabble game,Grrr..stupid internet connection,negative,0.9632241
7aa3623819, Prefer 80`s singstar. I know all the words!,Prefer 80`s singstar. I know all the words!,positive,0.5241771
ebb4b46102,Aw. Torn ace of hearts  #Hunchback,Torn ace of hearts,negative,0.49822125
b5340634cf, Marche! I want rosti and crepes.,Marche! I want rosti and crepes.,positive,0.83876604
4087bfbdcb,"Had a neat mothers day - nothing flash, just some chillin time with my girls",neat,positive,0.97692126
2f926b3bfc,Happy Mother`s Day to Us  FOR NOT BEIN MAMMAS YET and being lucky enough to live our lives a little 1st,Happy Mother`s Day,positive,0.96818036
31aca99031,Wishing the rain would stay away for a while so that I can go to the pool,Wishing,neutral,0.5077596
f7f49a6a76,"twitter wont change anything  TWITTER, WHAT THE HECK IS WRONG WITH YOU???!!",WHAT THE HECK IS WRONG WITH YOU???!!,negative,0.96737057
e524644f29,I think I have H1N1...     Or maybe just a cold.,I think I have H1N1...     Or maybe just a col,negative,0.6305136
65652cc3e9," yeah, right. What if our politicians start using uploading their pics, lots of inside stories will be out","yeah, right. What if our politicians start using uploading their pics, lots of inside stories will be out",neutral,0.5012361
f212884f12,actually I could do with going to weight watchers,actually I could do with going to weight watchers,neutral,0.6880268
15bc83396e, hehe--sorry.  I`ve never been very good at blending in...,hehe--sorry.  I`ve never been very good at blending in...,negative,0.7336527
c82868d020,"aww i can`t believe that wee girl on bgt was crying, it was so sad","bgt was crying, it was so sad",negative,0.896267
0e72a8e4c4, well then happy mothers day  ahahahahahaha,happy,positive,0.964593
052fd8503f,"A bunny was eating my moms plants. Naturally, she started shooting. No more bunny.","A bunny was eating my moms plants. Naturally, she started shooting. No more bunny.",negative,0.7808566
60ea3c48cd,Oh and Cali plans are a GO! I might get to see DA too and she`s my hero and rocks my socks,she`s my hero and rocks my socks,positive,0.9765904
72b528b31c,not feelin so hot,not feelin so hot,negative,0.8242505
1a80daa08c,nov 5th,nov 5th,neutral,0.62110585
070ca7da4e,So aparently my Out of Sight album sampler cd only has the video on it,So aparently my Out of Sight album sampler cd only has the video on it,neutral,0.588603
45e93f08e9,Packing is no fun at all  good thing I have the new united on to keep me going... But still no fun,no fun,negative,0.8074269
11477d88a6, smh @ playing dress up! lol. I can`t see the vid though... Its not working,smh,negative,0.83793247
c2764abb3a,"Been sick all week and still not feeling so well, can`t go to Lena`s cook-out  Gunna spend some time with the fam!","Been sick all week and still not feeling so well,",negative,0.86219764
9876f8ccdb,Our kids are both in a Derbyshire schools string concert at the Buxton Opera House today. They`re both quite excited,excited,positive,0.9827324
1d37e4ea5a,"on my way to get some Maggie Moos Peanut Butter Galaxy, then home! thank god this week is done. 4 meetings in 1 day!!!!",thank god this week is done.,positive,0.94639695
7367ade47c,I am finally plugged in to listen to Flashpoints on http//:www.kpfa.org shoutout  and have missed the segment about Chevron,missed,neutral,0.46625504
1205d7fea0,euhm i`m french and i don`t really understand English . poo..,euhm i`m french and i don`t really understand English . poo..,negative,0.78437114
13ccc635fb, nice to meet ya!,nice,positive,0.93664515
d33e8ac991, I KNOW I`m so excited for them!,I`m so excited for them!,positive,0.9898996
2236952f39,shattered! PWG botched his hybrid dolphin shirt order and sent him xl,shattered!,negative,0.860759
3fbe48cbcc,Twitter is sooo quiet today,Twitter is sooo quiet today,negative,0.76247174
b2436074c8, i feel u  but its sooo close to me hard not to  but i cant so no point ugh,i feel u  but its sooo close to me hard not to  but i cant so no point ug,negative,0.6089528
6e63f40838, I wish we could make a quick trip to LA in July  I miss LA,I miss,neutral,0.4902142
356612373c,It`s 10.30pm on a Friday night and I`m going to bed. How pathetic.,pathetic.,negative,0.8997587
cc130d5395,_xox ur really smart,really smart,positive,0.9263888
2a2a94909b,  in all honesty...pain   blech.,in all honesty...pain   blech,negative,0.51599884
f3013746c1,heading off to schoool. going to have a good day. i just knoww...,good,positive,0.9704816
b10f7538a4,death cab for cutie and slouchy barets  its a good way to start the day.,death cab for cutie and slouchy barets  its a good way to start the day.,positive,0.97442526
2ef59331d4,"just made it home, time for a shower and some breakie, off out to Blackpool later for some lunch","just made it home, time for a shower and some breakie, off out to Blackpool later for some lunch",neutral,0.7055451
4026bcb2da,Happy Mother`s Day!  @>--->--->--- A rose for YOU!,Happy,positive,0.9909428
3cba43fc4c,Doctors appt,Doctors appt,neutral,0.85734147
dd89cfc836,awww i`ve lost a follower i fail,fail,negative,0.91749024
85d8489b95," Boo, on both counts.","Boo, on both counts.",negative,0.8282664
739ee8c860,_76 haha.  weird?!?  no sunshine for us,haha.  weird?!?  no sunshine for us,negative,0.6479368
e75e5839b8, I have no IPhone (poor credit!).    But I cannot live without my cell phone! I am on mass transit every day!,(poor,negative,0.51900125
559de650d8,My head hurts beyond much.,My head hurts beyond much.,negative,0.9637947
71cd490afd, damnnn. training starts  at 11. but that would have been cool. next timeee,damnnn. training starts  at 11. but that would have been cool. next timeee,positive,0.68873626
7cf57898aa, aw poor u   DON`T let her get 2 u just ignore her n keep ur head held high she iz just immature lil girl lol,st ignor,negative,0.67262834
30039e5af0," Haha k we should stop here. If not, it`s going to turn into a **** section. Ohwell, my parents just came home","Haha k we should stop here. If not, it`s going to turn into a **** section. Ohwell, my parents just came home",negative,0.46726087
889e30ce82," bahaha, BOF? you`ve gotta get a life... although i can`t say much with my obsession with miley cyrus.. I`VE gotta get a life",I`VE gotta get a life,negative,0.5975398
cf1cfb7974,I was feeling guilty about buying a luxurious pair of shoes yesterday until my house mate just saw them and got over excited,I was feeling guilty about buying a luxurious pair of shoes yesterday until my house mate just saw them and got over excited,positive,0.4028515
f6a5b3c200," awww  I know you never will, I`m so thankful I can count on you, love ya boo",", I`m so thankful I can count on you, love ya boo",positive,0.97651684
eb21b96815,", Heeeey dear! Finally found!",", Heeeey dear! Finally found!",positive,0.9402846
c2ca335a00, Ooh can I have some? I`m hungry but I don`t wanna get outta bed,Ooh can I have some? I`m hungry but I don`t wanna get outta bed,negative,0.5594132
ad2cadde1f,It`s a sad day for beer drinking movie goers. The Speakeasy theaters are no more,sad,negative,0.8693554
28ae740b75,More sunburn,sunburn,neutral,0.5784051
359faf56bb, I can`t shes taken my keys to muh car.,I can`t shes taken my keys to muh car.,negative,0.58803093
0b1ea8efb8,it`s beeen onee year,it`s beeen onee year,neutral,0.8081055
f154f515e2,"Going to the Star Trek premier tomorrow night, uber stoked. I don`t care if I`m a nerd, Star Trek is amazecore!!",amazecore!!,positive,0.9878505
a5220aee63, Alternate name for a 'Bacon Mary'... A 'Bloody Piggy!' ;) (I have to give my boyfriend credit for that idea!),credit,positive,0.8467221
13d442f61e, whats with u hating on becky soo much? ur bio says ur nice....guess not,whats with u hating on becky soo much? ur bio says ur nice....guess not,negative,0.73157734
21c98ed268,loves John Mayer`s updates.  And modeling in the hot sun... and being sweaty... jk. But seriously...,loves John Mayer`s updates.  And modeling in the hot sun... and being sweaty... jk. But seriously...,positive,0.9255177
fcc3b3106b,does anyone know any good rap songs? i need to make a rap/fun cd and i have no idea  helllllpppp,fun,negative,0.48003688
267ecc9734,gahh!! i`m so tired right now.,gahh!!,negative,0.91459185
5c32a2bfe1,Wild Oats Pinot Grigio = v easy to drink,easy,positive,0.8785945
283032b6fc,I feel sick. And I have a solo tonight at my vocal jazz concert.  great,I feel sick. And I have a solo tonight at my vocal jazz concert.  great,negative,0.5165718
ea6f980444," hahaha  Really, I`m just trying to figure out the last time he was on FB by looking at all of his friends pages","hahaha  Really, I`m just trying to figure out the last time he was on FB by looking at all of his friends pages",neutral,0.6856155
240ece0a71, good luck with the deer next weekend!! Hope it isn`t too cold or snowy,good luck,positive,0.9031585
0256fddd6e,  i think my niece got me sickee  lame.,e sickee,negative,0.7570831
24b41909f0,"gasp-- 10 followers! i feel almost famous. i used to think i would be famous when i grew up one day LOL. oh well, cheers to norm peeps!",cheers,positive,0.9471842
9a25aa934a,Too warm!!!,Too warm!!!,positive,0.7970653
b57c2e1b1b," aww , its ok,we ended up getting in later than expected and didnt go...I would of called you if we were able to, ...C U N Austin,","aww , its ok,we ended up getting in later than expected and didnt go...I would of called you if we were able to, ...C U N Austin,",neutral,0.55950874
c35cc39745,I`m craving something salty in my mouth!  Tired of pretzels tho.,Tired,negative,0.52255297
cd6a649bf2,headache boo,headache,negative,0.57302487
bccac9384b,(bullhorn] tell ur friends 2 follow me  come onnnnnnnnnnnn ppl,(bullhorn] tell ur friends 2 follow me  come onnnnnnnnnnnn ppl,neutral,0.70644933
08cb273d08,Im had to leave early to go to piccolo practice.,Im had to leave early to go to piccolo practice.,neutral,0.8741667
212c730176,apple fritters are like the perfect after food...don`t you think?,the perfect after food...,positive,0.80772936
1d0cd79183,Driving fast is SO much fun. I went 80 in a 25. Hahaha. Goodnight!,fun.,positive,0.98717934
5df0d0ac4d,Not to mention hw fat ima get frm wrk n here.,fat,neutral,0.5491657
55d7d91bf1,"Going back to my house to pick up some dvds for bapang and pick dito`s up but forgot to pick up other dvds for dito, so I have to go back","Going back to my house to pick up some dvds for bapang and pick dito`s up but forgot to pick up other dvds for dito, so I have to go back",neutral,0.53909147
67a2491236, oh that`s Star Trek  going on the 7th already. Woo!,. Woo!,positive,0.92124516
16b3984062, I second this !!,I second this !!,positive,0.8981024
05f2298e27, Mine too! Hayley is great,great,positive,0.9793788
ff6a9a7ced,i have three hours to do my hair. and it STILL won`t be straight,i have three hours to do my hair. and it STILL won`t be straight,negative,0.78056586
5ff4d420d4,Why did sound input for my computer stop working?  It`s not the mic or jack (USB webcam mic doesn`t work either) Checked input controls.,Why did sound input for my computer stop working?  It`s not the mic or jack (USB webcam mic doesn`t work either) Checked input controls.,negative,0.8996714
f2f8575acd, Very early and I am actually just going back for a little more rest ..... talk  with you a little later ....,Very early and I am actually just going back for a little more rest ..... talk  with you a little later ....,neutral,0.64434177
e220c9718c,"Hey, im chillin right now, gettin ready for school   Mohawk Kidd","im chillin right now,",neutral,0.66890883
764dcd976c,cleaning and packing,cleaning and packing,neutral,0.6518084
ea8bc32e31, oh noo.. i cant see it,i cant see it,negative,0.8696516
846b1fa412,"Why does #googledocs do folders, instead of labels like #gmail? I kind of like labels",like,neutral,0.53428245
d8869479ef,_rockett i know! And he laughed at the stupid `women`s right`s` joke. Wth! Glad we have the same humor!,Glad,neutral,0.37347326
d778dcd926,So my first aid shift started out with some excitement but now it`s kinda died down...  I wish I could do this more often!,So my first aid shift started out with some excitement but now it`s kinda died down...  I wish I could do this more often!,positive,0.4493972
0792977768,"Really enjoyed Star Trek - great movie, amazing special effects. Definately recommend even if your not a Trekky","Really enjoyed Star Trek - great movie, amazing special effects. Definately recommend",positive,0.9829694
5666b2ac43,Man with a kickin` top hat just left. Invited me to blues jams session put on by street musicians. HarpmanHatter.,Man with a kickin` to,neutral,0.72681224
dc615e3620,New pickkshaa! If it`s really big then it looks MILKY!  YAAAY!,YAAAY!,positive,0.94189656
db31fbb90e,"yay, joss is coming over on saturday","yay, jo",positive,0.7955254
22cffe58dd,sneezing frequently,sneezing frequently,neutral,0.64351374
a0f4118dff, learn learn!... we can learn together!,we can learn together!,positive,0.8431499
19b338cb5a," It would be great if those VIPS were for some acts I`d enjoy seeing, but noooo.","It would be great if those VIPS were for some acts I`d enjoy seeing, but noooo.",positive,0.4832157
4d62ce269c,just got home from the City Lights show  yeahhh!,just got home from the City Lights show  yeahhh!,positive,0.86309564
356806ac4a, Oh no!,Oh no!,negative,0.7529878
a3a144ac53,"Back on track with the transcription process. Still can`t stop my lappy overheating, though","can`t stop my lappy overheating,",negative,0.50584155
c953812bb4, haha sounds like your going to have heaps of fun  ****,fun,positive,0.9281068
34743fc898,Chilling with my baybee sarah!  i love this girl,love,positive,0.99281436
e9686c5363,Hello twitting world!  We are off to best buddies bbq  but untill then Jay z is on Spotify,best,positive,0.69558513
17bd73ae75," Ah sorry to hear that, just saw pic of chi. and looks cool  I got beagle and ori-pei","Ah sorry to hear that,",positive,0.81183594
69a657b7af,Thinking bout maddies comments,Thinking bout maddies comments,neutral,0.79509234
2a2319b6c0,Just got back from 5km run!  It was really good!,good!,positive,0.9886911
63724c498d,"i didn`t wake up early enough to go roller blading  contrary to a tributary, i flow endlessly","i didn`t wake up early enough to go roller blading  contrary to a tributary, i flow endlessly",neutral,0.5060782
9ebd5f7d26,"Love song for the night, 'Then' by Brad Paisley.  Happy Mother`s Day   Love & Light ~ Joy",Happy Mother`s Day,positive,0.98765767
3c9b045209, Wow! Some person u are!,Wow!,positive,0.8068262
5c74791bcc,tired goodnight everyone,tired goodnight everyone,neutral,0.55058384
b3664df50f, oooh that`s clever. I bow to your economic wisdom sensei,oooh that`s clever.,positive,0.89527124
96c493c120,"_L_S How was the game? Unfortunately, teh Cavs lost  I`m sure you had fun though","How was the game? Unfortunately, teh Cavs lost  I`m sure you had fun though",negative,0.45742396
8451db766a, Happy mothers day to you beautiful!,Happy,positive,0.99206525
9322cef244,Off to see Wolverine,Off to see Wolverine,neutral,0.7979519
33cced597a," Yeah I`ve been going there for the last month!!  SO amaaaazing, I`ll bring some back for you",O amaaaazing,positive,0.98698944
63c58b23b8, i wish i was still in my jams,wish,neutral,0.6117811
76a1915d42,"it`s `s birthday today, wish her a good one assholes! Sleepytime",wish her a good one assholes!,positive,0.9210389
3054f68f8f, i wish you still loved me,i wish you still loved me,neutral,0.5433866
ccf13e120a,"Having some Coronas, and have a bad craving for Mexican pastries, but i`d have to go to Uptown to get some",bad,neutral,0.58081436
35bddeffab,Puzzled by people`s mood swings... it makes me somewhat sad that I can`t pinpoint  how  they feel,sad,negative,0.931978
43780b6cdc," she can rock a guy`s world at night, then make him pancakes the next morning!","she can rock a guy`s world at night, then make him pancakes the next morning!",positive,0.9143764
7a44442efb,Wine and Saginaki with 7 friends = good times,good times,positive,0.94907457
2b1304ebe3,is in mourning that he is having to miss the homesssssskooooler fair today!!!,is having to miss the homesssssskooooler,negative,0.7908587
dbb53c6361,"Am i really hyperventilating over my hair???  yes, i most certainly am.",hyperventilating,negative,0.49625847
a9bcff349b, me neither,me neither,neutral,0.4677544
1eff41ecb9,Got my new phone - now to program everything since my old one had no memory card like this one,Got my new phone - now to program everything since my old one had no memory card like this one,neutral,0.45225805
60310066cd,Still raining here in The Bay...I forget what sunshine looks like !,forget,negative,0.47487214
98482e367d,Nice action shot: http://bit.ly/m8zfx   I miss working a pole.,Nice action shot: http://bit.ly/m8zfx   I miss working a pole.,positive,0.4097568
dae7c613cf,On my way to LA. Running a little bit late,little bit late,neutral,0.76522607
4323276143,_d awww glad to know Little Sweet D and Leigh are doing good...thanks for the updates Howie,Little Sweet D and Leigh are doing good...thanks for the updates Ho,positive,0.981519
1d83006598,Had the hottest and stressiest day at work  f the area manager. So happy to be going home!,Had the hottest and stressiest day at work  f the area manager. So happy to be going home!,positive,0.94941396
b768532cee,"i want to wake up early, and get a coffee tomorrow (today) !  it`s going to be a busyy day! but have to keep writing.. booo whoo!","i want to wake up early, and get a coffee tomorrow (today) !  it`s going to be a busyy day! but have to keep writing.. booo whoo!",positive,0.7148297
3619b7eaa9,Aim:iloveshawniedur,Aim:iloveshawniedur,neutral,0.68918014
2d36a32ccc,"had to rumage around topless in the freezer to find something to eat, all I found was a suspect pizza","had to rumage around topless in the freezer to find something to eat, all I found was a suspect pizza",negative,0.5929166
85fc202c9f,"_98 ****, that`s my favorite part...lol...ok, i`ll just keep in stock alot then",favorite,positive,0.933959
59ad4424ae,sweet dreams!,sweet dreams!,positive,0.93015105
dc65c0df56, Lovin` your performance on snl tonight... so **** funny!!!,Lovin`,positive,0.9885738
8e9ff57b9f, I want one  wanna give me one? ;),I want one  wanna give me one? ;),positive,0.8979536
7111b97f8b,Steam Punlk fashion show at Anime North and for the first year since TorCon we aren`t back til  & missed it,missed it,neutral,0.61074775
2a8293eff9,I want some cheese fries from fontanas.,I want some cheese fries from fontanas.,neutral,0.5138687
73ec3f09bc,i wanna be in michi with my moma!! Love you Mom,Love you Mom,positive,0.98540974
86349598f2," Sweet deal! I so want to see that movie! Methinks we may have to do a Star Trek movie night some time, hmm?",Sweet,positive,0.97936684
2df3d43c70,I had a super cool dream last night.  asked me and  to be on her show. Wooowww.  *hopes it will come true* ),. Wooowww,positive,0.98941725
1926d9c607, voting is over. since like four days ago i think  i told all my friends 2 vote for you a million times. you will win! love you,. you will win! love you,positive,0.9668752
7e9c64f53c, you givein lady ga ga arun for her money in that get up hee hee love it,love,positive,0.8405813
990b3bbbc3,I swear its so hot I dont want to leave my house  Is it hot where your at?,I swear its so hot I dont want to leave my house,negative,0.46311092
f4ebb15559,thank/ u guys so so much for helping me out on the followers thing! but im probably not gonna win cause i dont have 100 followers yet!,thank/,positive,0.6971473
b1616de9e3,flashlight tag!  i love playing games in the dark.,i love playing games in the dark.,positive,0.9703801
9debd8ba0a,"the day after.... I`m not sick but a little tierd...a bit to much to drink, but I had fun!","I`m not sick but a little tierd...a bit to much to drink, but I had fun!",positive,0.89290845
e76ee58752,I Luv Da movie Say Anything...  ? http://blip.fm/~5yroy,I Luv Da movie Sa,positive,0.94537574
4edb199251,nt online today & mayb whole of next week  if u havent voted pls do: http://bit.ly/hHigd,nt online today & mayb whole of next week  if u havent voted pls do:,neutral,0.69814146
84086ab411,http://tinyurl.com/d7tb38 Nice Photoshop Effects,Nice Photoshop Effects,positive,0.75087744
2b7cc410a8,pretty fun way to write a resignation  http://www.farbs.org/Message.html,pretty fun way to,positive,0.7808154
7d71ed6cca, aww that`s awesome! he`s a good guy,s awesome!,positive,0.99008745
d5b22e6f8d,Setting up bookmarks on my new Blackberry Curve. Now anyone from work can get ahold of me at anytime!,Setting up bookmarks on my new Blackberry Curve. Now anyone from work can get ahold of me at anytime!,positive,0.79401845
6df205f29d, I`m okay. Ima go to the park and play some ball. Not in the best of moods. Got stress to relieve.,I`m okay. Ima go to the park and play some ball. Not in the best of moods. Got stress to relieve.,neutral,0.51078427
e9d619c58a,ok... finished all the Mikados  Should shut up now! lol,shut,neutral,0.5007918
85a1647516,Morrningg  just slept for 12 hours and now i have a headache D;,now i have a headache,negative,0.8255182
e49a6d89af,"What I Meant to Say: At Yardhouse, Waikiki.  `s bday    (she Should DJ!) & some dozen others","What I Meant to Say: At Yardhouse, Waikiki.  `s bday    (she Should DJ!) & some dozen other",neutral,0.82687086
01c74d0ef9,Good Monday morning to everyone- Hope everyone`s week is off to a successful start,Good Monday morning to,positive,0.9811608
15308eb8b5,"Poor  `s mom just told her she looked like a ****.  The skirt wasn`t THAT short, and it`s 87 degrees out!",looked like a ****.,negative,0.81275564
95299328cf,"going to shibuya, meet my mom, get my contact lenses, then shinjuku","going to shibuya, meet my mom, get my contact lenses, then shinjuku",neutral,0.89170426
2f8f6756f8,good morning tweeties! what to do today? I am all rested up from Richmond and ready to hit the beach!,good,positive,0.9090418
03dcbacc34," im sure he will  and if its not today, maybe it will be tomorrow..","im sure he will  and if its not today, maybe it will be tomorrow..",positive,0.54782397
534f2c0be4, I`m depressed ! I want to know you and kiss you all,depressed,negative,0.4762483
eb164ae88d," ah yes, I know that feeling","ah yes, I know that feeling",neutral,0.5377607
5df567a0ca,Why are embossers so expensive? Can I do get one on the cheap? Trying to save 75%. Papersource order goes in TONIGHT. Sry bank account,Why are embossers so expensive? Can I do get one on the cheap? Trying to save 75%. Papersource order goes in TONIGHT. Sry bank account,negative,0.7219548
1edcdbfc7c,Sometimes i feel pathetic going to bed so early. Oh well.  i TOTALLY get clam chowder tomorrow! =D,Sometimes i feel pathetic going to bed so early. Oh,positive,0.44994885
8cbdc60b6c,up.....i nEEd coFFee. b0ut2get ready2start this new day in my lie,up.....i nEEd coFFee. b0ut2get ready2start this new day in my lie,positive,0.6106921
33e57fa683,I think I lost all of my blog posts,I think I lost all of my blog posts,negative,0.76824814
a50e567615,I love crowded cars  and Ayanna!,I love crowded,positive,0.9826911
02d7cd83aa,hook up with Rian van Staden on Twitter. He is a (much) better cook and may have some more concrete suggestions,(much) better cook,positive,0.83615714
57a797b227,Chilling with some tv quite bored at the moment,bored at,neutral,0.4566382
9eab2b1c6e, Then what about Domina Sun Girl? I think that fits better.,better.,neutral,0.49284238
3be7666c04, awww  I`ll let you off - but you`d better be there for my next 30th! XD,awww  I`ll let you off - but you`d better be there for my next 30th! XD,positive,0.8354862
47a6331b6d,where`s enthusiasm in meeeee,where`s enthusiasm in meeeee,neutral,0.5394017
be0663345f,Morning Ali a big thank you for yesterday love you always xxxx. You out on the bike today? Don`t forget to get a helmet ok,a big thank you,positive,0.97410166
e11c4dcfa2, whoa... if the alcohol won`t get you buzzed... the price will,whoa... if the alcohol won`t get you buzzed... the price will,neutral,0.54268366
f707428880,Happy Star Wars Day everyone! May the 4th be with you all  ****,Happy,positive,0.98873377
4cbf1245f1, Added 3 more spots in Memphis today and visited 2.  Needed a Hot Dog icon for a new restaurant so had to settle for a Hamburger,Added 3 more spots in Memphis today and visited 2.  Needed a Hot Dog icon for a new restaurant so had to settle for a Hamburger,neutral,0.654269
48ff26d235, cause my eyelids are not deep set.  thanks it would help me a lot.,d help me a lot.,positive,0.68780935
b4774f279b,I hate crowds   http://tr.im/mONi,I hate crowds,negative,0.95497626
a848fc7117, *HUGS you*  awwww......i`m sorry you are feeling sad E!,m sorry,neutral,0.508127
b362a18069,"Feeling very grateful for such a great Mum, and family",Feeling very grateful fo,positive,0.9842323
4f5e049d99,_x_ATL u mean jack barakat`s?! wow so have u ever gone to his house? Hehe i mean ur ssoo lucky to have the address!,lucky,positive,0.9530421
922386c343, I may be in the US for it in which case I`ll attend but if its off my own back I can`t afford to go,I may be in the US for it in which case I`ll attend but if its off my own back I can`t afford to go,negative,0.5103837
ba441a931c, Sorry Ali,Sorry,neutral,0.51129675
51f7c77a1b,Market whn goes lower also problem and when it goes like a wild bull also problem,problem,negative,0.6655098
6a5a03820c, haha it`s great. but i slept horribly last night.,haha it`s great. but i slept horribly last night.,positive,0.6750244
d5442302ca,happy Mother`s Day to all the moms out there,happy Mother`s Day,positive,0.9807748
89b02ed247,"UGGG my computer is running SOOO SLOW today, it`s driving me batty! Guess its time to remove files and defrag AGAIN UGG want a MAC",running SOOO SLOW,negative,0.8018641
6861859048,Nyappy mother`s day to your mom`s.,Nyappy mother`s day to your mom`s.,neutral,0.6567406
6d875af76c, How about give golf lessons?? AND sing to your student taking lessons??    (JAKEOWEN2009 live > http://ustre.am/2S1Y),How about give golf lessons?? AND sing to your student taking lessons??,neutral,0.76917946
0d41f6db64,loves the way the sky looks now i.e. no cloud at all.  but that would only mean that it`s ultra hot outside.... http://plurk.com/p/rpb7t,loves th,positive,0.9438319
aaea02ee5d, july... too long,july... too long,negative,0.58860564
8a5aa36b9a, boo,boo,neutral,0.5112097
7568c17ca2,"****, I cut my finger!","****, I cut my finger!",negative,0.8261143
d03238d9a5, love it! Really its simple i think of a word and put twi on the front i should be more clever,love it! Really its simple i think of a word and put twi on the front i should be more clever,positive,0.95843136
1d0171d33b,Early start today! More rain and more miles!,Early start today! More rain and more miles!,neutral,0.57995236
4abcd08a1c, Good to hear..!,Good,positive,0.9632815
cb053ad5e1, yes! My co-workers don`t go to bars with me,yes! My co-workers don`t go to bars with me,neutral,0.5893145
e48869e430, I knew that. I attended an innovation seminar at Picnic 2007.,I knew that. I attended an innovation seminar at Picnic 2007.,neutral,0.64912945
d34b17d10d,Talk at you all lates!,Talk at you all lates!,neutral,0.55846584
1f3ec4001c, LOL freakinggg I worse a lookse shirt and shorts and sandals and it looks like its gonna rain outside  boo yahoo wearther,worse,negative,0.44921866
5032a10528,Waking up early to go to the gym,Waking up early to go to the gym,neutral,0.7029913
aff763aca8," yeeh. i also have a thing for drummers  basically, all guys have 2 do is play an instrument or sing and im all theirs :p",d im all theirs,positive,0.5364594
c3c933e9c0, awww I wish I could have been there  I`m stuck here about to jab out my eyes with knitting needles,awww I wish I could have been there  I`m stuck here about to jab out my eyes with knitting needles,negative,0.6966987
3e9588a0cf,My Blackberry`s got a fatty (battery)  guess we`re kinda in the same boat huh  ?,My Blackberry`s got a fatty (battery)  guess we`re kinda in the same boat huh  ?,neutral,0.67057633
fb96377087,R.I.P. Sammie the Cat,R.I.P. Sammie the Cat,neutral,0.7019281
ba2ca13dea,"Okay, now I`m listening to Jonathan Coulton and working. Woo.","Okay, now I`m listening to Jonathan Coulton and working. Woo.",positive,0.6032647
3096e8f7a7,it`s after 3 AM.!!  I think it`s time to bed.!!  have a good night twitts.! ;)),have a good night twitts.,positive,0.95671594
e252080983,"Working late at night on a Dell notebook, Dell`s quality has gone down hill, warrenty service sucks too, poor people  buy a Mac instead","quality has gone down hill,",negative,0.9646327
059b57cde7, that was funny n almost right,funny n almost right,positive,0.9310307
e705f6bbc4,Wow... my god the whole UI is sooo much snappier. It`s more responsive than TweetDeck now!  Tweets feel like IMs lol,Wow... my god the whole UI is sooo much snappier.,positive,0.9466242
d39169c3e1,"Why are young people attracted to trouble? this makes me sad!  ,<3 kMv",sad!,negative,0.9739577
8c0677752c," no you didn`t,  not more then me anyway","no you didn`t,  not more then me anyway",neutral,0.5976158
1ff7860364,http://twitpic.com/4ws8w - Look who I brought home,http://twitpic.com/4ws8w - Look who I brought home,neutral,0.8122872
599f1f8990, Philly hasn`t played it yet!!!  You have to do something about that!! Please,! Please,neutral,0.4737567
2f46d46957, hey mar! i miss you also ( yeah  but i gotta find a stupidstupid school (,miss,negative,0.6747903
eeda7589d1,Sleeping on the streets of nyc for a celebrity...nothing new. Wish i had a huge blanket though,Sleeping on the streets of nyc for a celebrity...nothing new. Wish i had a huge blanket though,neutral,0.471741
30117c8d54,My 89 year old grandma in Chicago is having emergency surgery today....,My 89 year old grandma in Chicago is having emergency surgery today....,negative,0.6892074
8e5295f4ba,is about to go buy his mother a mother`s day gift,is about to go buy his mother a mother`s day gift,neutral,0.73987
258ff84502,got woken up early AGAIN  I kinda wana just chill today but there`s so much to do!,so much to do!,neutral,0.4575022
09bb6e7cd7,goooooddd morning tweets!!  week three OF my workout. did i mention i got my new glasses yesterday?!?,goooooddd morning tweets!!,positive,0.9469589
bb4086d0f5, one of my favorite quotes ever,favorite,positive,0.9802089
a382ddc8ab,_and_Easy when will these stores in Sacramento open? Been waiting and nothing,Been waiting and nothing,neutral,0.54295754
31a40571fa," its a hott tuuneee,","its a hott tuuneee,",positive,0.8843983
401421e6f8,"Gee I`m totally hatin` this , like for real ! I mean like, duh ! I`ve studied enough, and all that I need is refreshing tonite ! Hard ?",Hard,negative,0.72064453
3c7b7bce72, I want some....LOL  I got the coffee ha ha,I want some....LOL  I got the coffee ha ha,positive,0.74533707
e0ddd36d21,i wish the birthday massacre would come to australia  i think they said they`re thinking about it though!!,i wish the birthday massacre would come to australia,neutral,0.47541282
a9f071a882,why bother  at celebs? eh? cause it`s almost like talking to them,bother,negative,0.4967488
a886c0dacc,  The 'holy cow' is what did this to me.,The 'holy cow' is what did this to me.,negative,0.7829873
018320428d, me too  chrome`s popup blocker is better,me too  chrome`s popup blocker is better,positive,0.6566028
ed6d988f8b, isn`t that a local dish? borrow,isn`t that a local dish? borrow,neutral,0.88680196
b53f224650,good job!,good,positive,0.9483098
b37b0c312f,Happy Monday!  Lots of little things to do today!  Tried to water plants out front very early in jammies! Got caught by two neighbors!!,Happy,positive,0.97735894
cc8434cea8, Oh lovely - that is one thing Mum`s are great at!! Sounds yummy!  You are makin me hungry here! lol :-p,Oh lovely,positive,0.9867633
4a5fbd6fff,any one watching justin timberlake on SNL? He is greattttt! So hilarious,greattttt!,positive,0.9896006
8ce63036b6, you stop it,you stop it,neutral,0.4779704
fa3a9a8ae1,Seems I brought a little Sikaflex caulk home with me... in my hair.,Seems I brought a little Sikaflex caulk home with me... in my hair.,neutral,0.85280865
7fcb97c605, Goooood Luck!,Goooood,positive,0.9429948
ed4f1e7243,loves my new twitter background...my two heros...wichita and kraussey!  haha,loves,positive,0.9868917
1272ae335d,My mom said I eat a lot,My mom said I eat a lot,neutral,0.6784179
78412c340c,"- arrggh kids that won`t settle....need some Kava for Liam, that`ll sort `em...","- arrggh kids that won`t settle....need some Kava for Liam, that`ll sort `em...",neutral,0.61424047
9cf7baf5ff, Don`t count on it,Don`t count on it,neutral,0.71176267
a92f210df8,Happy Mothers Day to Heidi Klum,Happy,positive,0.9778265
da5d7be73c,Apparently its Star Wars Day today - so May the 4th be with you  http://tinyurl.com/axsujx,Apparently its Star Wars Day today - so May the 4th be with you  http://tinyurl.com/axsujx,positive,0.93865
0fb97f7393," Awe man, that sucks. Everyone makes mistakes. I have a feeling that people can forgive you","Awe man, that sucks. Everyone makes mistakes. I have a feeling that people can forgive you",negative,0.5589701
e23f5637d8,"Or this, for that matter: http://bit.ly/SS6Yp  So jealous.",So jealous.,negative,0.8929938
bf001bb647,hanging out with Dan and Brian in my room for my last night,hanging out with Dan and Brian in my room for my last night,neutral,0.8330229
5fb13ad43b, Ow. Okay.  It`s good you`re better now.,s good,positive,0.8994796
1d7a41efd0,is going to relax and chill out tonight ... back to work tomorrow after a week off ... least I had a fun time with the girlfriend ...,is going to relax and chill out tonight ... back to work tomorrow after a week off ... least I had a fun time with the girlfriend,positive,0.9186928
6b656bfe39," Hey boys, do you wanna see my teeth? (**** it, twitter donï¿½t wanna change my picture)","Hey boys, do you wanna see my teeth?",neutral,0.66138
b9286f3d97,"  Yes,  and I hope the show I promoted was clean.....   lol      Bella",as clea,positive,0.6912688
ff8e594881,_Layne you`re welcome sweety!  muah! xoxox luv ya!,you`re welcome sweety!  muah! xoxox luv ya!,positive,0.9868313
6b3e0d834a,Sick......and no it`s not the swine flu atleast I hope not,Sick..,negative,0.6335809
fc96b41821, Oh I`ve got that one & the stp x step one on VHS. Tried connecting our video to harddrive to copy to DVD but didnt work,Oh I`ve got that one & the stp x step one on VHS. Tried connecting our video to harddrive to copy to DVD but didnt work,neutral,0.51539224
09ab842cf0,no Santa cruz for me  but I do have an interview at jamba tomorrow morning (:,no Santa cruz for me  but I do have an interview at jamba tomorrow morning (:,neutral,0.7107908
392ecf64c1, OH FACK U GAVE ME POLICE THATS SOME SERIOUSE ****,****,negative,0.8898188
fd98351815,hip hop is alive & well in nashville tn!,hip hop is alive & well in nashville tn!,positive,0.88648444
f0192746b1,"Mahalo  great show!   aloha, thx for makin it out to Kauai, we enjoyed it!  Safe trip",we enjoye,positive,0.9896555
e4a5c3c8d9, - I think  did an amazing presentation about the whole 'keeping review items' and tax thing at BlogHer `08  She`s awesome!,n amazing,positive,0.98617816
840b92eff2, Nope probably revision  Hbu? x,Nope probably revision  Hbu? x,neutral,0.72603375
66016d9678,Thank god for Starbucks,Thank god for Starbucks,positive,0.9679368
3f7605944f,I always want to be perfect. Thatï¿½s so hard cause I even know that itï¿½s impossible. ...,Thatï¿½s so hard cause I even know that itï¿½s impossible.,negative,0.62409043
b8009790bb,Has that feeling like when you want to cry but you dont so you get that empty feeling in your stomach and your throat starts to hurt.,hurt.,negative,0.9254037
a831ed1fc3, that sounds cool! post video!!,that sounds cool!,positive,0.98461515
e750b07f8a, Where were you on Wed night?,Where were you on Wed night?,neutral,0.8928616
94d0d6b7b6,_ nooo  no roo crying. but omg i wanted to slap her. she was singing fine then from out of nowhere- BOOHOOOOOOOOOOO,omg i wanted to slap her.,neutral,0.41735905
d10ae08062, oh no fair.... thats in 9 hours,no fair.,negative,0.6475679
b4ed9380c9,doing some DIY- I`m dying mg clothes black again...save some money,save,neutral,0.5705254
3ecf7b4ad2,I think I should hire one of those tranlsators.. because no one ever understands me....,because no one ever understands me....,negative,0.9026897
6e8c534f05,Off work in half an hour. Getting an MRI after that. Yay me,Yay me,positive,0.8014204
fe7ead2313, haha they might! good luck if you`re taking it as well  i`m hoping I get a 1 for putting my name down,good luck,positive,0.93146294
ada344d14e,"Oh ****.... Here goes my head again, 'I`m Spinning Around'",Oh ****..,negative,0.5496782
36dfc1e815, heyyy girl.. havent tweeted u all week. hope all is well with you,hope,positive,0.8534633
b1295962b5,Aww people must be COLOR BLIND  HUH random1,Aww people must be COLOR BLIND  HUH random1,negative,0.5752736
3e69ae7988,Chino - Gentleman Jack is pouting because Mommy is gone to dinner.  http://apps.facebook.com/dogbook/profile/view/6891977,Chino - Gentleman Jack is pouting because Mommy is gone to dinner.,neutral,0.59283334
9a6716bd68,its too early to be up! wishes i could sleep in today,wishes,neutral,0.4081467
35591d1822,Goood Moring,Goood Moring,positive,0.69570446
1ac2e6cdab," specifically, like these  http://i36.tinypic.com/mwz6uo.jpg (also i adore this outfit http://tinyurl.com/q63obq yum)","specifically, like these  http://i36.tinypic.com/mwz6uo.jpg (also i adore this outfit http://tinyurl.com/q63obq yum)",positive,0.96542704
340687ff7b,I love my big brother very much.,I love my big brother very much.,positive,0.9880034
a756f71f5a,Off home ill from work. This man flu is hell,Off home ill from work. This man flu is hell,negative,0.9575936
510bbd1ee9,happy all my studying and all nighters payed off,happy all,positive,0.81744885
8080fd4107, will do! Tell my mommy I said the same n I love her mucho mucho!,love,positive,0.9826079
f4b1886d05,FINALLY GOT THE BIKE I WANTED!,FINALLY GOT THE BIKE I WANTED!,positive,0.7809593
aa159fc641, Good luck this week! I know you`ll handle it with grace,luck,positive,0.96884817
9e73827c5f,"Am soo happy about today .. the going home bit sucks ,, but meeting everyone will be aceness to the extreme  lol,, am so cheesy :p","Am soo happy about today .. the going home bit sucks ,, but meeting everyone will be aceness to the extreme  lol,, am so cheesy :p",positive,0.87053233
581e18d318, thanks!! Yes!! A lot!,thanks!! Yes!! A lot!,positive,0.97612566
be47445c77,_surprises unfortunately yes,unfortunately,neutral,0.5488329
f08ee0c7bf,"Just figured out why only strong guys are supposed to put heavy things on top shelves, ouch!",ouch!,negative,0.6580645
ab7ad2d96a, voting for you Hope you are voting for me I am now a white blank with my name  mr Twitter and Funniset,voting for you Hope you are voting for me I am now a white blank with my name  mr Twitter and Funniset,neutral,0.6818974
e27d0ff7b5,"Back from the pub, want more peroni","Back from the pub, want more peroni",neutral,0.6556882
54006f91f6," ****, for reals? wtf",wtf,negative,0.8601123
74473b8233,"Signing off folk, might be back on later!","Signing off folk, might be back on later!",neutral,0.70192707
fd441a6c10,i like this Dr. Seuss quote - ï¿½You know you`re in love when you can`t fall asleep because reality is finally better than your dreams.' -,i like this Dr. Seuss quote - ï¿½You know you`re in love when you can`t fall asleep because reality is finally better than your dreams.' -,positive,0.8852206
e21149b7ba,not going out with them. there is another fatty i like and hopefully ill see him in when i`m in cali in 8 days. if hes not upset with me.,not going out with them. there is another fatty i like and hopefully ill see him in when i`m in cali in 8 days. if hes not upset with me.,positive,0.566292
f847cfc122,collage. what is feminism?,collage. what is feminism?,neutral,0.7373895
44b20efff8,had a nice brunch by the bay.. Thank God for Mommies!,Thank God for Mommies!,positive,0.98696345
5078a98b68,_normal Shucks!  Sorry!  Sometimes I get wrapped up in FB and forget to check  how you doin`?,Sorry!,negative,0.7377714
78d838aac7,Happy Mothers Day. Havent got mom a present yet? Print off an Amazon Gift Card for her!  http://snipurl.com/hq0n1,Happy,positive,0.9728957
d735d4e4ac," cool, never heard of that in ny   http://myloc.me/21uF","cool, never heard of that in ny   http://myloc.me/21u",positive,0.60568094
9223b51f27, Nope  day off;,Nope  day off;,neutral,0.6697824
df4d3c438d,. you left me first .. and left your bed here for me to look at,. you left me first .. and left your bed here for me to look at,neutral,0.62956923
8bd436b8d7, i know ridiculous! we never got to hang out  i love chicago and want to go shopping... so a trip sounds like fun,. so a trip sounds like fun,positive,0.7697309
f74fb70619,"ok, back to the dentist today. All I want to do is bask in the sun",bask,positive,0.46818373
cecebca216,going to EK nao... will meet bloggers there instead of Makati  http://plurk.com/p/stnt0,going to EK nao... will meet bloggers there instead of Makati  http://plurk.com/p/stnt0,neutral,0.88833594
59f633296e, The devil you say!  I`ve been waiting for the Black Widow in movies and now she won`t be awesome at all.,w she won`t be awesome at all,negative,0.72614115
957bd0a5b9,"   You HAD 6 - 5 star reviews in Canada, at least until the 'Talk like a Canadian' incident","You HAD 6 - 5 star reviews in Canada, at least until the 'Talk like a Canadian' incident",neutral,0.58360666
8eacdf2ce3,just get back home. the first exam was too long no time to finish it ...,just get back home. the first exam was too long no time to finish it ...,negative,0.7221927
690e9cdb5d,At least it`s Friday...working `til 1:30AM,At least it`s Friday...working `til 1:30AM,positive,0.6027527
e3f6d6ea72,If I smile at you will you follow me please lol,If I smile at you will you follow me please lol,positive,0.8289332
729e926ee2, Howz it going hun??,Howz it going hun??,neutral,0.8687493
e3a9742be3, You know what?  That cowboy hat in your pic made me smile today (you don`t see many of those in Japan),c made me smile today,positive,0.9709346
84b371c47d, no need to thank  we all just have to keep the good thought!,no need to thank  we all just have to keep the good thought!,positive,0.7635753
d74915d249, i`m not partying tonight,i`m not partying tonight,neutral,0.5254821
538976febf, Gutted your not playing Kos in July Jules,Gutted,negative,0.7232327
0569a3a493,"_10k much appreciated!  yeah, it sure is a challenge and a great reward. wouldn`t trade it for anything.","appreciated!  yeah, it sure is a challenge and a great reward.",positive,0.97311866
025965cae1,home alone on a friday night  doesnt get sadder than that folks,alone,negative,0.70161426
a6c9c12e73,i hate the bus...any donations toward my car fund?,i hate the bus..,negative,0.95435816
5b3a224d1b,I am now Vice President of Social and Cultural Affairs at Southwestern College,I am now Vice President of Social and Cultural Affairs at Southwestern College,neutral,0.9450031
b94d6b8294,I`m loving the humidity right now...great for the skin....another love that won`t last,loving,positive,0.9858801
32e991c536,im going to work,im going to work,neutral,0.7049835
3ab91933e5,"bec vs fat food   --- winner = fat food  but not this weeknend, ill beat it!","bec vs fat food   --- winner = fat food  but not this weeknend, ill beat it!",negative,0.47921798
7d598b5d8b, Meeeee! It sounds delicious,Meeeee! It sounds delicious,positive,0.9829358
a29d8c700e,should be sleeping.  lost my voice a couple day ago.,lost my voice,negative,0.7631776
bc6237fbe7,"Duuuude, Tim said that they`re making a Red vs Blue animated series! It`ll be either on Adult Swim or G4. I hope AS, coz I don`t have G4!","Duuuude, Tim said that they`re making a Red vs Blue animated series! It`ll be either on Adult Swim or G4. I hope AS, coz I don`t have G4!",positive,0.5833111
d09bff7836, was that sass I detect?  As long as it isn`t back sass! Haha,was that sass I detect?  As long as it isn`t back sass! Haha,neutral,0.5615722
a1afc676fb,happy mothers day to all the baby mommasss! rofl,happy,positive,0.9883194
003f8a63e9, SCREAAAAAAAAAAAAAAAAAAAAAAAAAAAAAM - never freu you zu frï¿½h,SCREAAAAAAAAAAAAAAAAAAAAAAAAAAAAAM,neutral,0.62226695
f8fe27a34c,_flores aww i don`t! i guess that`s why it doesnt  (blackberrymessenger),i don`t!,negative,0.47844148
f2ef74455d,english class! working on interactive orals,english class! working on interactive orals,neutral,0.6003613
2b11dd0294, story of my life,story of my life,neutral,0.53961915
178be751c1,"Lobster dinner with MBA folks tonight, but no terasse, pouring rain in Mtl...","Lobster dinner with MBA folks tonight, but no terasse, pouring rain in Mtl...",neutral,0.78631425
0d541d3f7b," i got mcdonalds, surpisingly its not a popular drunk food option.  its sucks that all diners aren`t 24hrs here anymore",its sucks that all diners aren`t 24hrs here anymore,negative,0.8622586
00c5b21831,I forgot I have lumpia and pancit in my fridge from last night! Yay,Yay,positive,0.73175526
7c1ed6dd02,Got an email from  telling me I could have got my monday flight to SFO cheaper & Biz class if I had booked it tomorrow,Got an email from  telling me I could have got my monday flight to SFO cheaper & Biz class if I had booked it tomorrow,neutral,0.6139709
51e7900cda," praying to be humble is always dangerous, He will answer you  (God gives grace ...)","praying to be humble is always dangerous, He will answer you  (God gives grace ...)",neutral,0.5627153
793ab77d1f, wow.. purple leopard skin.  fieeerrceee..,wow.. purple leopard skin.  fieeerrceee..,positive,0.9474081
7b8773aa94,Im so full. Subway was bomb! Waiting for my 2nd shift to start,Subway was bomb!,positive,0.9766982
4f624cef31,Just broke her dresser shes had since she was three,broke,negative,0.7941517
ba6cb8571e, nope  we only have one really good cuban place... i`ll have to ask them...,e really good,positive,0.56859636
897baca21d,"  ITV plugging the Special a lot. Have a great night all of you, will miss your tweets when you come back home","ITV plugging the Special a lot. Have a great night all of you, will miss your tweets when you come back home",positive,0.96754426
d0b1f2f371," Yeah, Jimmy Fallon is back to do a skit. Yay!!!!",Yay!,positive,0.96536404
cef2407169,  Hope you don`t get let down again.,Hope you don`t get let down again.,neutral,0.58373165
c8d74457b1,"I`ve knack my iphone, I got melted chocolate into the speaker, I now can`t hear it when it rings","I`ve knack my iphone, I got melted chocolate into the speaker, I now can`t hear it when it rings",negative,0.79584986
0bf3bd324b,; keeps getting such delayed responses. why is my internet so messed up?!,keeps getting such delayed responses. why is my internet so messed up?!,negative,0.96315676
9e02ccec3f,"Our jazz band freakin` KICKED ****!! Good job, team!","Good job, team!",positive,0.9493222
8ac2e9ab06, i wud do but im at work   srry ****,i wud do but im at work   srry,neutral,0.5227055
a663fc6dc0,i have a feeling today is going to be amazing,amazing,positive,0.9905014
18f172b978, http://twitpic.com/4jk42 hey Gi! look at this pic of you and frankie that i took at the southend gig!,hey Gi! look at this pic of you and frankie that i took at the southend gig!,neutral,0.56986564
98810b8647,as any1 been up all night like me and now the birds are keeping you awake,as any1 been up all night like me and now the birds are keeping you awake,neutral,0.70948833
d3998bc3ab,I know I shouldn`t be saying this but **** it..I`m **** as hell,**** it..I`m **** as hell,negative,0.90274966
c6d630a10c, Haha! Sometimes mobiles makes us slaves ... but it has its own advantages too!,Haha! Sometimes mobiles makes us slaves ... but it has its own advantages too!,neutral,0.48515424
eb7a187c03,needs some snuggle time....  but has to get through the work day first.  Boo.,needs some snuggle time....  but has to get through the work day first.  Boo.,neutral,0.4575471
0a21eca715, tried to edit the page but couldn`t add my name  can you pop me on the list please!,tried to edit the page but couldn`t add my name  can you pop me on the list please!,neutral,0.54771894
f70018cbe9,Heading home. Could really have done without banging my head on the way into the bus,banging,neutral,0.45278102
0bfb1006b9,Is also having a lonely night.... Wishing she could go to Audun`s so that she doesn`t have that bad dream again...,Is also having a lonely night.... Wishing she could go to Audun`s so that she doesn`t have that bad dream again...,neutral,0.540862
f1df499466,o ok..im jealous..i wish I was in bed,o ok..im jealous..i wish I was in bed,negative,0.81202793
de4da367a4, **** your in trouble now  why don`t you try with one of those companys that buys your house for you,**** your in trouble now,negative,0.7775937
07a8ec4593,"HAPPY MOTHER DAY FOR ALL THE STRONG HARD WORKING MOTHERS, MAY GOD BLESS YOU AND YOUR FAMILY","HAPPY MOTHER DAY FOR ALL THE STRONG HARD WORKING MOTHERS, MAY GOD BLESS YOU AND YOUR FAMILY",positive,0.9825089
cd06512bbb,Nobody ever ` s   makes me sad,Nobody ever ` s   makes me sad,negative,0.9189728
