mfcc,zero crossing rate,root mean square,spectral centroid,spectral bandwidth,spectral contrast,polynomial,labels
-0.084408306,0.08792687790023201,0.010938145,1724.5990179544442,1812.5717936940396,13.731971518477803,1.1585253809927205e-08,0
-0.37145537,0.0829069841212297,0.010175815,1719.6419268904947,1851.918040619778,14.781889081500967,1.0472599946028586e-08,0
0.25215942,0.10803250978828306,0.010157526,2278.922855926222,2338.1826191236355,14.508670101823421,7.575286701265537e-09,0
-0.27451974,0.10911443227958237,0.010878235,1844.9135733300704,1764.989629876841,14.549440041653906,1.0013487430223469e-08,0
-0.08643437,0.16178763051044084,0.010981721,2586.4554928707253,2317.553973433032,13.449943996973794,6.728339472992124e-09,0
-0.3577118,0.11753756706786543,0.011538471,2404.477292929903,2372.3180841124795,15.656462537502575,7.744947243889238e-09,0
-0.09236679,0.08243116480568445,0.011782146,1689.5309739235056,1785.8907328982305,14.479026232423324,1.1745634790867005e-08,0
-0.025489055,0.07953773020591648,0.010226066,1605.5500669014957,1745.669295093643,13.27443871294103,1.1384587707093305e-08,0
-0.17986631,0.057349822360788866,0.01104379,1420.4502071967436,1830.004838041232,15.193250209357952,1.1511164033627081e-08,0
0.021865364,0.05777012942285383,0.010932059,1496.7455810794938,1747.8548116559973,14.56757248916864,1.059748694736951e-08,0
0.054670572,0.3567489305394432,0.010060928,3757.811334453595,2070.7917310551043,14.589568441152952,3.462569414617175e-05,0
-0.11317839,0.07901319605568445,0.010117348,1608.9319764575575,1753.2380026802653,13.82748998195128,1.1343777782348324e-08,0
-0.083020315,0.06904818010440836,0.011707576,1465.551208649423,1636.5423909041017,14.846027404632935,1.2715289917976004e-08,0
-0.01283434,0.11023827218677494,0.010897609,2157.564967307665,2257.8922648840407,17.33101411384891,8.736965220967159e-09,0
-0.15931424,0.06883292850928074,0.010195713,1542.915555371654,1789.4430487207349,15.061372260070803,1.0778760773278144e-08,0
-0.010322519,0.09165299630220418,0.010848827,1745.2445826719356,1865.618224959075,14.206628269561994,1.1299310009423381e-08,0
-0.12490629,0.1050767655162413,0.011106867,2037.5307146809857,2172.826422819116,17.52816892697793,9.483934598038945e-09,0
-0.13219501,0.10359039660672854,0.011248414,1947.325692308699,2150.066768618366,13.90412862325327,9.542316543033114e-09,0
-0.16143116,0.10803364269141531,0.010986243,2255.762511822456,2341.53489338651,14.640983616694454,8.669647611020585e-09,0
-0.17057413,0.1679619525812065,0.010822737,2444.853411573111,2064.579086407022,16.092157451071177,6.173644203935639e-09,0
-0.28161925,0.07655819496809745,0.011781387,2050.8621646731644,2208.8941809516896,18.46611048390678,7.784230871801184e-09,0
0.044738658,0.13697138739849188,0.011047121,2354.2312731602337,2320.7667111342057,16.22558900627216,7.933578089346921e-09,0
-0.2975115,0.1210869525812065,0.010158915,2184.3720672083587,2192.372353753742,16.383122954707517,8.272228311669802e-09,0
0.11315421,0.05755827653712297,0.011163904,1468.0818829817138,1725.826888366752,14.683101237329133,1.1143171970015966e-08,0
-0.14969283,0.1419776863399072,0.010116544,2215.929315234546,2001.862566718376,14.88333556995381,8.31603854649139e-09,0
-0.06769444,0.06155176007830626,0.010157195,1627.817616343298,1896.9029682778114,14.30624817783461,9.586618241743134e-09,0
-0.06934536,0.0663099532337587,0.010957782,1431.4571617488361,1648.5643003441717,14.35069001715583,1.2637125710730876e-08,0
-0.2829524,0.0973605622824826,0.011029274,1877.2577783149507,2023.4973494818971,14.878549822137556,1.0139513333523255e-08,0
-0.14874296,0.07284680430684455,0.011773666,1587.5114424877772,1728.4118701710904,15.504709731050939,1.1783188015425953e-08,0
-0.29494414,0.13642646099187936,0.01109638,2402.9165158217907,2316.234325938521,16.547266708923267,7.25339694680676e-09,0
-0.21083248,0.1214857344837587,0.0101180775,2283.082284222916,2193.501540608662,16.372876689746516,7.114222501423819e-09,0
0.100455076,0.20357023093097448,0.011006304,2644.6124591682637,1924.9568478788224,15.251443944849859,3.782999359433441e-09,0
-0.09982151,0.10162141096287702,0.011107327,1804.0277340321693,1896.1213685780383,13.923842917632035,1.123562166054585e-08,0
-0.1953039,0.08736269214037123,0.01014256,1704.151306380472,1803.7878912680733,13.49953877817101,1.0985455542194248e-08,0
0.0013500182,0.0678869543938515,0.010827335,1525.6389978236018,1745.2772294135552,14.199003535068604,1.1599111089439629e-08,0
-0.07589764,0.07944823085846868,0.010590837,1531.180318594323,1703.6425283705823,14.389070901674543,1.226738352027802e-08,0
-0.12881932,0.10199980060904873,0.011764034,2047.6966735469985,2127.3760737006414,18.893101221814256,8.802209789090127e-09,0
-0.07823167,0.15402044663573086,0.011527449,2370.3110380287912,1965.4444607434418,14.712041558926144,7.0114314449998025e-09,0
-0.006476894,0.1350431862674014,0.011130452,2468.8912380252996,2416.8492441490225,14.980760492669749,7.395645716158126e-09,0
0.05903958,0.16041681772041763,0.009782361,2388.233873474345,1931.8968317763608,14.885182016188962,6.2211407483484315e-09,0
-0.18676007,0.1268432333961717,0.010140096,2331.9006630010967,2284.9913764930657,16.824069670472255,7.318132531610176e-09,0
-0.23078886,0.11849487021461717,0.010079501,2279.069273177209,2244.602116837197,18.19655383090663,7.2168921288880336e-09,0
-0.044104446,0.13899135368329466,0.010964354,2368.8171719339834,2276.023837715115,15.78449227186367,7.481473516112252e-09,0
-0.12126708,0.07389247389791183,0.01022604,1516.2795097726942,1655.0990833467902,14.377682758672856,1.1689401601112459e-08,0
-0.040417504,0.07051189095127611,0.011131188,1427.9629181376267,1608.6171145681426,13.733776235689689,1.328506946505383e-08,0
-0.10046537,0.08351761890951276,0.01101348,1662.6889849755878,1790.1064941150664,13.980130886107624,1.2004646680871667e-08,0
-0.19582945,0.1585996410962877,0.011792544,2295.157687302691,1807.3200393184509,14.488412206474855,7.054091700079741e-09,0
-0.04275478,0.13324413609338748,0.011012083,2306.8887842097784,2314.88428444458,15.531939859695822,8.32436181472658e-09,0
0.16182885,0.09297736006380511,0.010165992,2178.160386959193,2296.6909406335835,15.356415804373105,7.560927804200735e-09,0
-0.34830037,0.08924671004930394,0.0110236015,1763.708763937916,1917.7380973861261,14.237412575671613,1.0638413886042719e-08,0
-0.030027445,0.14303808367169374,0.010179184,2416.4125150394743,2226.34170336328,13.725493851054098,7.236517851086063e-09,0
-0.08411521,0.11651908715197216,0.01098114,2226.9626564531018,2316.959991172694,16.034874366912263,8.945633581029457e-09,0
0.04600457,0.1100536089762181,0.011123477,2208.9486221802536,2218.0245557710687,14.124002167041018,8.963606438239033e-09,0
-0.085355185,0.07596002211426914,0.011564501,1590.9003974305142,1727.4796358394997,14.494937881437947,1.2103467710281643e-08,0
-0.1390045,0.07481805575696056,0.010204738,1598.1321190106098,1747.0626970634364,14.255161236562047,1.1050472320883954e-08,0
-0.13329706,0.13430566632830626,0.010995374,2358.479453714451,2351.8200431391024,16.494967241525586,8.397622790669195e-09,0
-0.3417815,0.09721215197215777,0.011174094,1797.8782967141324,2021.2169580978536,14.338223407246428,9.906549616579723e-09,0
0.0068822447,0.08110113652842227,0.011229341,1655.1628310003057,1796.9753789522904,13.869856396598196,1.2133932653104469e-08,0
-0.19592723,0.09118850601798144,0.0102045,1725.1990097809319,1791.9863578870206,14.241220906168389,1.113114719243263e-08,0
-0.24474439,0.04342984157482599,0.011686127,1251.966913334986,1623.8003025391024,16.737198403955194,1.0712453352772087e-08,0
-0.34747627,0.2607988326566125,0.010156139,3078.0148250350726,2064.6245900761637,13.971366462494686,8.049450621971005e-11,0
-0.12597159,0.08989699644721577,0.010987269,1709.9307023801878,1790.4293603190931,13.76199216343326,1.1885710124507396e-08,0
-0.01504616,0.10725873694895592,0.011085633,2237.102641396593,2338.2585010954244,14.811652873021375,8.725982363068276e-09,0
-0.094019145,0.070298905162413,0.011156243,1476.5179323988234,1660.2214266560802,14.220607310590252,1.2721738268777302e-08,0
0.045139328,0.13165580590197215,0.011139023,2305.9683519844725,2326.495749174078,16.974531833782155,8.041110997651449e-09,0
-0.08157522,0.10345104952146171,0.011029068,2097.401018731423,2255.708426827153,17.19137258500031,9.133093803929827e-09,0
-0.23081157,0.11674000326276102,0.011263064,2014.146900400425,2024.9184994716072,13.729738425391439,1.035640962176797e-08,0
-0.06418796,0.09543802566705337,0.011039188,2128.5877119601882,2302.359927548994,15.809804034335853,8.96532266772227e-09,0
-0.20505655,0.11302068227958237,0.011094927,2210.9308007165446,2200.511931710809,13.998213451636111,8.953723721179824e-09,0
-0.2326813,0.0726757359338747,0.010172287,1479.664272437013,1644.1725612930054,13.364072605431291,1.1842965105097844e-08,0
-0.04346611,0.07867672382540604,0.011010852,1634.9356244627493,1765.3323683527187,13.98768969598065,1.181112263966019e-08,0
-0.056523502,0.058666255800464036,0.010574045,1324.5203272296806,1693.2473538186039,16.39331697708851,1.0658555615315832e-08,0
-0.14498094,0.2003629821635731,0.011741049,2736.055252175515,2005.6706122372884,15.560923089750867,3.5972750841031263e-09,0
-0.050112884,0.0751058131525522,0.01112745,1575.4427579335097,1743.9805809888226,14.184131529643718,1.220057557281566e-08,0
-0.05558524,0.06949341103538283,0.010144605,1495.626237688987,1803.9299374549944,15.634381256553489,1.0854714322522394e-08,0
0.016732156,0.25851263413573083,0.011123714,3165.853783783238,2020.5879156705334,16.49023807725889,-1.2120265633181382e-09,0
-0.07105527,0.1019499528712297,0.011110031,1987.9428693246098,2136.9659838951316,16.71618654888006,9.477967545777413e-09,0
-0.2711637,0.1135837351363109,0.010178138,2114.0174263354806,2169.467595533721,17.406440982473644,8.19299866135157e-09,0
-0.14043677,0.11333449644721577,0.010956741,1970.4541988909339,1992.1826570611847,13.361742764879818,1.0521633117234027e-08,0
-0.12346961,0.08924104553364269,0.010213245,1718.209013610066,1809.0148053756411,13.52990260700423,1.1008799270523017e-08,0
-0.16185515,0.17520346940255221,0.011697728,2460.9013686838816,1868.200549163657,13.838230443951975,5.472470947616311e-09,0
-0.21108851,0.11809948702146171,0.010175765,2223.9253973689565,2241.737889809381,16.52613175673014,7.810698080679833e-09,0
-0.2689462,0.1561401083961717,0.010924923,2243.4892666286064,1863.9327993126697,13.7955180088372,7.929574647077958e-09,0
-0.15694378,0.11896729082076567,0.011071799,2302.0324104613765,2362.968147569058,14.855643944021613,8.82567413163757e-09,0
-0.16836444,0.07244688950116009,0.011056863,1490.4490938516763,1668.158939169064,14.19314433903917,1.2719876142302838e-08,0
-0.0023229904,0.09914148600638051,0.011150548,2180.555520123549,2289.8751332222046,14.397611796119818,8.757898290747704e-09,0
-0.14969103,0.11532274144431555,0.010186395,2137.240140543552,2173.8733459966516,17.276644346751624,7.974510285431053e-09,0
-0.0056536403,0.10872358069895592,0.0111900885,1990.7882110556575,2073.7268011602405,14.653925886769166,9.868914685441295e-09,0
-0.043170042,0.038758881960556844,0.011722784,1094.2053875879785,1573.4781839162395,16.253642920321298,1.1018852895614527e-08,0
-0.077407524,0.10927530452436195,0.011762455,2183.1027008440274,2239.67281917084,18.2135780096054,9.079852686723738e-09,0
-0.16495669,0.10060406395011601,0.011812228,2031.474953459783,2050.9765253811997,14.699056344364818,9.981090537647226e-09,0
-0.15774968,0.1795934690400232,0.011719735,2559.508382509739,1857.1025449750564,15.711962628540585,4.246846774834792e-09,0
-0.115488775,0.10490569714327146,0.011635382,2246.4562804782886,2214.4462940675967,14.45586560854837,8.384878735087312e-09,0
-0.19340211,0.1286060306699536,0.010114844,2368.9584973938504,2276.7819956638023,16.622758750649492,7.11676507167307e-09,0
-0.21093664,0.09898741118039443,0.011302404,2292.261716168542,2325.9003285625818,15.382830439480525,7.216458201213568e-09,0
0.021052942,0.04549285817865429,0.010939611,1136.016526144883,1591.3612882345315,14.422034649014803,1.1780424092394716e-08,0
0.009920901,0.11447759570765662,0.011036867,2201.337503902922,2270.6338293955328,16.71337065274513,8.774328783171034e-09,0
-0.311099,0.11581328850058005,0.01015295,2155.284168689742,2174.3335843192667,17.56106465293929,8.006959358346682e-09,0
-0.048882052,0.06887484592517401,0.0115705235,1543.607964583987,1779.428659055153,15.29718768984562,1.1772808614078431e-08,0
-0.30393875,0.09282894975348027,0.010141229,1767.7252455700739,1861.1484744820777,15.0072227583525,1.0245407961282277e-08,0
-0.2752583,0.04810193409222738,0.0110692335,1288.2410834744376,1746.5587514662745,15.059129254582613,1.1300702889184222e-08,0
-0.27162778,0.08003054306844548,0.011037304,1556.934165451277,1675.5072368204815,14.634016322709194,1.205187735829604e-08,0
-0.30017224,0.11245536361658932,0.011501059,2221.669859526398,2259.527231034079,17.59300832561998,8.680326786034861e-09,0
-0.38808066,0.058487257105568444,0.011756127,1462.0187088041362,1841.3275925531068,16.189680085571243,1.1055156196656551e-08,0
-0.11403835,0.10971826964907193,0.011268671,1926.4095269182344,1984.8212036510695,14.159178793035956,1.0800366979913206e-08,0
-0.08485854,0.0656154836136891,0.01098,1517.9338621683105,1886.650141027448,15.277142119950136,1.131633178488281e-08,0
-0.1558585,0.13654994743329466,0.010870064,2348.5965616475796,2293.395757346781,16.41060721934405,7.763505867806748e-09,0
-0.10482377,0.11149352885730858,0.011104415,2186.8502030236914,2260.4908645095006,16.338589537378645,8.922690497573094e-09,0
-0.2709533,0.15294758736948955,0.011211637,2222.2959265419286,1867.0036779904453,14.561982541872368,7.921693883446384e-09,0
0.12576798,0.11255505909222738,0.010121842,2364.2940692304433,2358.529013010743,15.02217611761578,6.8846820108118185e-09,0
-0.26297945,0.1667950623549884,0.0111407945,2497.6764395663336,2195.4670803124204,13.033630133736292,7.622136458352425e-09,0
-0.0650696,0.08659231801044083,0.011086012,1704.4584847312221,1809.0797922435765,13.906020125697305,1.1908330758224083e-08,0
-0.646706,0.09840509897041763,0.01177568,2045.9315703691339,2115.976924579876,18.65813846734043,8.801686422490569e-09,0
-0.08380651,0.14752664588167053,0.01110034,2480.1462578438136,2302.1577558674235,13.653826271341037,7.408270132286271e-09,0
-0.16682282,0.09650182170823667,0.011685413,1730.5827235928753,1718.8319124708435,15.870660430901868,1.1112516758327178e-08,0
-0.055519167,0.048011301841647334,0.010975398,1270.7961447536886,1711.0027531897308,14.445476846907598,1.0848938823963457e-08,0
-0.06680128,0.07288645591647332,0.010123717,1501.0255003424884,1658.847051310294,14.033866744024778,1.1670133741100491e-08,0
-0.06022474,0.10061539298143851,0.009870837,1794.8710095260346,1783.978284590264,15.115115272535583,7.799202897679632e-09,0
-0.208939,0.10159195548143851,0.011038702,1787.2029826024627,1904.88438926866,13.741634459243283,1.1221742738708415e-08,0
-0.082817,0.07424254096577726,0.011777299,1590.3716871783206,1733.5609224361535,14.829006446823914,1.2166248853464226e-08,0
0.0051274034,0.07487016930104408,0.010165108,1502.8779143011025,1652.3538484231315,13.31149201004452,1.1793339065531325e-08,0
-0.2821242,0.10719189566415313,0.011686082,2072.298362699718,2118.0929357183477,17.141217673378293,8.933982895007936e-09,0
-0.03806787,0.19608400703306264,0.010079413,2635.6131714459466,2157.218635685655,13.404663214417278,5.33193106049654e-09,0
-0.29499778,0.1037059527262181,0.011381607,1917.8279154985853,1993.6255306490107,14.03029712465247,1.0507702567249503e-08,0
-0.29067746,0.10022340849767981,0.011005698,2261.173526080736,2371.8576223444647,14.90207698088422,8.06511003089268e-09,0
-0.15679924,0.07019694388051044,0.011023655,1448.8189189832906,1615.2561994790858,14.27695820924183,1.2777266106626792e-08,0
-0.33864945,0.05943209831786543,0.011566668,1477.87655299902,1721.7361446593843,15.524970153048221,1.107163213178776e-08,0
-0.1479512,0.0861210303074246,0.011048281,1697.1440260754584,1805.653758606148,13.394660894334265,1.1979181555376279e-08,0
-0.06823063,0.06189956133990719,0.011471695,1296.9130598543593,1644.9111695154643,16.305823682825416,1.1656465226838712e-08,0
0.0014123181,0.07341778748549883,0.011078775,1507.2380769436113,1676.6050605691094,13.997123501274666,1.2697760517392355e-08,0
-0.1205368,0.08924557714617169,0.010180216,1722.4486685250588,1807.4341629680366,13.807772572429586,1.1008167239336702e-08,0
-0.25366008,0.0705050935324826,0.01092335,1495.0807871194654,1873.038301502497,15.098074209172436,1.0317877924988886e-08,0
-0.09469804,0.06565513522331787,0.010847521,1498.1012164094684,1900.53538508389,15.123402906458644,1.0295307816530405e-08,0
-0.1471657,0.05862433838457077,0.0108718965,1444.1739508840858,1874.8562132421287,15.432429022403882,9.663438720936189e-09,0
-0.34928071,0.2632889537412993,0.011008875,3115.9630731229113,2059.7182795211093,14.252006898766732,-2.582356614875594e-10,0
-0.07352915,0.2855437028712297,0.010953197,3281.167958757701,2131.9233390414684,14.371490397183805,-1.9003857530479502e-09,0
0.032902967,0.1735120450261021,0.007106425,2498.633657970683,2033.16922581192,14.413372921930495,3.352474650236039e-09,0
-0.4514292,0.10578596287703017,0.010128227,1847.7447962576675,1842.2092412677116,13.880125408449336,1.0375875075467551e-08,0
-0.47754365,0.11270460230568445,0.010134688,2155.359039288988,2173.6181733432554,17.621866787737197,7.786596158383489e-09,0
-0.11557341,0.11353162159222738,0.011273321,1967.7955351805304,2001.6085038830852,13.333556811845554,1.0607691697430298e-08,0
-0.31630895,0.10100284585266821,0.01118145,1954.204444916172,2127.3523268501685,16.678566172478998,9.988540719520311e-09,0
-0.0011314339,0.11234887072215777,0.011061776,1971.6426845694205,1986.199772908227,13.345104472933821,1.0657777412428937e-08,0
0.031124484,0.11578836463167054,0.011093617,2158.095290939896,2204.9275640975106,16.123942860837097,9.006157292163422e-09,0
0.017695041,0.0966864849187935,0.011168749,1809.3819477144991,2080.1727684005486,14.950811722168927,9.774491042075589e-09,0
-0.014219886,0.10416137978538283,0.011184024,1893.764749977341,2108.3331408236913,14.580713188505419,1.003934114899548e-08,0
-0.20382994,0.11707307678364269,0.011101835,2159.730158438641,2199.167230516918,15.953489839285481,8.830392618922827e-09,0
-0.08885397,0.08647902769721577,0.010173196,1688.5875430493088,1796.1134714640052,13.540180391002291,1.1155388304634818e-08,0
-0.10606192,0.16711907265081208,0.011001003,2452.112343959585,2062.2407091166483,16.92165524079357,6.502034930328699e-09,0
-0.047937945,0.09859655959976799,0.011197576,1779.9030382000453,1898.93498610166,13.264600534771107,1.1635964322284894e-08,0
-0.32193583,0.13357267800174014,0.011188106,2289.872135414823,2202.8750519559703,14.14884093841306,8.634867663034596e-09,0
-0.079326116,0.08131185651102088,0.011174126,1657.983534928953,1797.3402716551655,14.086813236861468,1.211069725287195e-08,0
-0.19922778,0.1091778748549884,0.011110308,1890.1908220235937,1942.5079641893858,14.324854803570165,1.1027739762494115e-08,0
-0.21722431,0.10187744707076567,0.010983555,2139.786739038403,2266.274585180698,14.703128794884552,8.962177444075243e-09,0
0.002096638,0.1004964381525522,0.011112859,1829.4073827065336,2084.754319419447,14.688738876473193,9.912627641627827e-09,0
-0.31353062,0.10178568191705337,0.010960815,1955.7843187253836,2059.00329346729,14.890393262347175,9.448372253837403e-09,0
-0.21066837,0.10604313188805105,0.011779679,2079.9847111909235,2121.2320481569564,18.133684568836717,8.753911596410336e-09,0
-0.07940076,0.10978397803074245,0.011054677,2142.3719706332367,2242.8047883124154,16.76660424966162,9.338436204053397e-09,0
-0.077120245,0.06657845127610208,0.011630236,1400.504358689864,1573.4449051173879,14.814602428905953,1.2950695671917185e-08,0
-0.21357346,0.13192430394431554,0.011128948,2275.3825925102537,2271.2566657500706,15.971562803276552,8.469461327428228e-09,0
-0.49120653,0.13492989595417634,0.009963243,2065.8992389232044,1837.4027187429,13.991702380885673,8.295918566912358e-09,0
-0.095336564,0.14217594438805103,0.01119014,2359.5399161556315,2272.7746795883686,16.466737644621467,7.47012036833263e-09,0
-0.11577448,0.0792046566850348,0.010225065,1624.2172221631424,1753.0118122489168,13.475774454400362,1.1195750396691681e-08,0
-0.04954504,0.07767183874709976,0.011121739,1592.0251279256383,1747.9377358535899,13.433354048649218,1.2509705181346367e-08,0
-0.16932723,0.12735303980568446,0.010936438,2368.0051473255935,2287.1346910487705,13.722018617468292,7.991990885377366e-09,0
-0.059060253,0.08637140189965198,0.011050491,1702.288648222536,1807.0541551047784,13.669058561021197,1.196957169083763e-08,0
-0.14008279,0.10923791872099768,0.011071207,2040.263116964202,2141.661138015095,16.22583968771611,9.487703990409777e-09,0
-0.05431571,0.10920393162703017,0.011059849,1955.3381592895846,1992.9407698543519,13.28905562478008,1.0530006851497101e-08,0
-0.11593366,0.23449508773201855,0.01099981,3158.7603891646445,2515.5064911495597,14.475522545751566,3.5681473613928143e-09,0
-0.09913339,0.10179814385150812,0.011687729,2242.8531327702203,2308.061453661444,15.440298229422362,8.436595125211621e-09,0
-0.113367155,0.10455109846287702,0.011793255,2071.8723615453196,2125.6194484402845,17.02864971522584,8.76173688880138e-09,0
-0.30447623,0.11499646534222738,0.011070765,2137.3987120042034,2183.4553148176788,15.99590718014937,8.914034375432255e-09,0
-0.3497989,0.13505791400812064,0.010178537,2432.300022577162,2228.920010268864,17.99014949531632,6.498066470573337e-09,0
-0.22098723,0.09959691306554525,0.011732549,2001.2870248021084,2087.74635116506,17.095045494492627,8.94065431097352e-09,0
-0.011018204,0.11040934055974477,0.010106404,2158.4292686951076,2182.759115573751,17.335328997582018,7.643468108513994e-09,0
-0.09047691,0.08470716719837587,0.0117180105,1931.5700176380583,2110.7345663404512,14.579553402682345,1.0169826830472755e-08,0
-0.17332979,0.11604666654582367,0.010085654,2356.7920197239882,2361.9421358005934,15.48595024571007,7.195510143260109e-09,0
-0.038331248,0.07999429016821345,0.010188986,1633.6345905576752,1754.1255880282017,14.1419872846529,1.1094444049659728e-08,0
-0.14987464,0.08527701747389792,0.011022663,1723.5609309141737,1866.314531122718,13.922187464296755,1.1732263846169217e-08,0
-0.18013753,0.11092367858178655,0.010102488,2230.269771166539,2249.2228126518426,18.217741597100282,7.386369130982706e-09,0
-0.020487225,0.07520097701566125,0.011814184,1600.9471569802645,1727.933703583553,15.046339832249169,1.2149462810463058e-08,0
0.01652293,0.13839091502320186,0.011045222,2330.491946239219,2262.955527331335,16.062725379567986,7.765566863871164e-09,0
0.007938013,0.06723213638341068,0.011055869,1452.2163690360276,1649.3454703128045,14.231893281692738,1.2652658557304346e-08,0
0.04140677,0.10571458997969838,0.011030773,2042.935802933657,2183.750535319729,16.45555624337285,9.571822847539141e-09,0
-0.029394059,0.11252333780452436,0.011083651,2282.5233050877073,2330.9133103292265,14.850371294794549,8.464380248914038e-09,0
-0.22860868,0.1521420932424594,0.011772567,2705.0543130823166,2262.680869399224,15.505651975260816,5.135938712579891e-09,0
-0.27152485,0.10567380546693736,0.011734951,2164.3433495785694,2231.1472648986387,18.627824263127366,8.892650641075564e-09,0
0.043554403,0.07156775667053364,0.011741077,1418.117805787103,1553.5389928666605,14.99393580011336,1.3225557309520043e-08,0
-0.030018728,0.0752021099187935,0.0110357655,1576.6257903249084,1743.377472337917,14.44568239903159,1.2241410779367656e-08,0
0.260015,0.11208830300174014,0.01105469,2136.87753135181,2203.320863912328,16.494090406654777,9.013664673364203e-09,0
-0.18623684,0.06996923035092807,0.011580065,1597.7411545296895,1814.094074228232,15.285873336083936,1.1532562225204902e-08,0
-0.044436797,0.07253525594547564,0.010240232,1498.3019628416782,1661.350076432201,14.550956195224776,1.1787670061609926e-08,0
-0.32184517,0.1340643579611369,0.01087027,2385.4101063677467,2349.943734792896,16.359570005434776,7.698748214276814e-09,0
-0.075281486,0.0868336263776102,0.009556472,1580.7889909777366,1694.0173159432063,13.326668201788108,1.107598272511909e-08,0
-0.028631803,0.06887371302204176,0.011128824,1516.5224944850086,1728.2959868189535,14.03080628186063,1.2420835316270938e-08,0
-0.35715187,0.15837192756670534,0.011725598,2655.734526408188,2288.4900978443998,16.90714359765147,6.066688986134633e-09,0
-0.21131504,0.11276577907482599,0.010957257,2181.738748450999,2263.6485479791313,16.38125381870478,8.857786892970838e-09,0
-0.11692396,0.3065397966212297,0.010933513,3477.592600055767,2210.7859198736624,13.779566620007321,-2.7689498899659067e-09,0
-0.56899136,0.18569188660092809,0.011456844,2937.6847565768126,2460.843528694161,15.863254167846586,4.763946133883119e-09,0
-0.11291766,0.10852079103828306,0.011143921,2050.172797433374,2152.786951311908,16.561697722148573,9.324070101750672e-09,0
0.04026142,0.08071481656032482,0.011781932,1668.2207364645574,1777.6148250849374,14.4175767742802,1.192338050065721e-08,0
-0.44680595,0.18032079285092809,0.010905529,2484.6541815765445,2024.9537248857584,14.014988863440395,6.701247090245425e-09,0
0.010527017,0.13402130764211137,0.011195779,2320.7791047343844,2286.2226066544504,15.468702675723023,8.021378617191752e-09,0
-0.18307488,0.08900993329466357,0.011009879,1766.5952345212174,1873.7481604400216,14.700641073452886,1.1252816400265721e-08,0
-0.1841965,0.08571205227668213,0.0110026,1728.0160559296917,1823.1175825337311,14.031674660909507,1.1533538699662008e-08,0
-0.08990842,0.0583898274361949,0.010967504,1410.0331334911941,1721.041687099537,15.37973158755643,1.1818870131992608e-08,0
-0.11415069,0.10239405089907193,0.011133568,1821.1162993804885,1922.816673784171,14.263076680893962,1.11679392982335e-08,0
-0.06372078,0.07982775340777262,0.011009108,1623.8579174407473,1750.744954488914,14.082768001280112,1.200595537922045e-08,0
-0.27362877,0.1749904836136891,0.009991459,2340.7324636611306,1816.201832622558,14.996601070229994,5.299112699371628e-09,0
-0.07573214,0.11021334831786543,0.010914134,2130.709924942531,2218.8086714528813,16.709531096696782,9.067844157832432e-09,0
-0.15812953,0.03659503697795824,0.011704326,1021.0457975923207,1494.834581652223,16.801268866009025,1.0970798436976806e-08,0
-0.15570226,0.10939992386890951,0.01106576,2031.8279535853358,2131.7848601327273,16.585168388706908,9.200556813701246e-09,0
-0.07292625,0.13642192937935035,0.010978629,2350.834372576847,2298.5122374806947,15.884025530448042,7.967799480310653e-09,0
-0.20305058,0.08971799775232019,0.01109905,1913.762361401288,2038.8012609434354,14.580733048455253,1.050270286294096e-08,0
-0.09343806,0.1175998767401392,0.011195884,2012.4545554932,2020.075275996078,13.50490978723114,1.0706215650088907e-08,0
-0.18098709,0.07844787739269142,0.01108377,1634.12350085864,1956.1448646507238,14.537624710449498,9.015982087210168e-09,0
-0.24373898,0.14600628987819025,0.011254948,2530.140378740916,2420.2668926914253,15.306260032108801,7.258185036316336e-09,0
-0.020004569,0.07741127102668213,0.010114274,1599.2919946941824,1735.486366472132,14.243466726767158,1.1195677706924238e-08,0
-0.00033859117,0.03909422128770302,0.010201554,1071.7180298639184,1556.896860028621,15.633573832050613,1.106555445176715e-08,0
0.051293783,0.13448693082946636,0.010972315,2390.1245975287834,2291.112133937565,15.421242608528722,7.4265114505564434e-09,0
-0.17779365,0.1097579212587007,0.010829038,1860.7934693890495,1859.548236842464,13.934777304094435,1.0469202208621979e-08,0
-0.12696154,0.09266467879930394,0.011088596,2023.5628978935542,2159.6386219038313,14.287860155231742,9.57035780333519e-09,0
-0.25868714,0.1648623296113689,0.010088856,2758.740744311374,2320.813858437885,16.08175861937244,4.525264764252658e-09,0
-0.21451476,0.1456154382975638,0.011074882,2435.9681544566406,2361.5083517746602,16.679355229430175,7.668590150207245e-09,0
-0.20236368,0.14396479843387472,0.0096145095,2144.066535369111,1883.0608984088883,14.742463165905477,6.3925712763007e-09,0
-0.20332389,0.08268833381670533,0.010131693,1948.4827556838554,2128.002596444522,13.927705894224557,8.910948238533796e-09,0
0.3786022,0.0995244072650812,0.010999034,2134.6543104106954,2319.3404887764887,16.040152894941645,8.921728312715994e-09,0
-0.14148599,0.07566093568735499,0.010999932,1585.5306378714372,1751.4506826074573,13.887778046705987,1.2215159609972337e-08,0
-0.124577865,0.10419989849187936,0.01111351,1988.8083533089718,2127.3238682318306,17.18016543618054,9.700406394465402e-09,0
-0.38605118,0.11263889392401392,0.011570032,2157.5134449823026,2182.082816385246,16.898126326678117,8.554169614322579e-09,0
0.068323165,0.07059232707366589,0.011708983,1424.9051801053738,1559.4996696363255,14.777556804812638,1.3172829566369131e-08,0
0.024810933,0.07815105677204176,0.011013494,1602.14475240589,1758.2620886927432,13.690271058819278,1.2301116899396388e-08,0
-0.07609883,0.09878915313225058,0.011096197,2258.893813584976,2382.438183631252,15.185912167063199,8.317270921671233e-09,0
0.013838186,0.04729983867459397,0.011041784,1203.5446515521862,1673.2150808348438,14.836008882576554,1.1811795723158946e-08,0
-0.048557803,0.07314928944315545,0.010984799,1576.5565151155233,1747.5912622778794,14.08652803975207,1.1936355354751554e-08,0
0.04292889,0.06672686158642692,0.011801738,1472.3847105962075,1641.7908388727913,14.944473826014727,1.2467407133757649e-08,0
-0.069162935,0.07755514972447795,0.011118471,1618.0628638845958,1758.753414027853,14.285275715849236,1.2097462195820365e-08,0
-0.3196708,0.10728026210846868,0.010168448,2128.9722598734475,2201.994248084242,17.497214693030248,8.082225269135267e-09,0
0.0018481808,0.11403236477668213,0.011162888,1948.5607872811743,2021.2405691472247,15.489217828725316,9.435253487320485e-09,0
-0.103633024,0.08439561883700696,0.011731806,1647.319423112249,1723.22003942065,15.884131344800757,1.1571004866638787e-08,0
-0.054585755,0.11754436448665893,0.0101195695,2227.9711834189625,2236.2504895673583,18.1994202827657,7.540352197119936e-09,0
-0.14064166,0.08709306119489559,0.010178859,1618.9026606255995,1694.2522467715567,13.797363952391894,1.1567276842961871e-08,0
-0.07880295,0.107896561412413,0.011860364,2117.286510962092,2146.40240560118,17.364990206568784,8.743264233421583e-09,0
-0.2214132,0.15895877138921113,0.010876398,2653.2313610400947,2335.9276754770635,14.700587396658213,5.960292542786718e-09,0
-0.49529803,0.12839870939675174,0.010093422,2397.038822402046,2321.6628775089307,16.748091687413126,7.147911663600355e-09,0
-0.11521889,0.09107408280162413,0.0101574985,1728.6148018845251,1815.367918150016,13.414291347140479,1.1081325007600443e-08,0
-0.07846088,0.06331795606148492,0.011193252,1429.4425013451746,1651.1738270017206,14.068709981970276,1.2457094361375459e-08,0
-0.028718043,0.11183793140951276,0.011100707,2128.7135917121586,2209.0377137823143,16.613845847923653,9.419196772808393e-09,0
-0.19921061,0.08118270555394431,0.011190413,1670.5424167532192,1809.0813758375389,13.476601480742918,1.2002122039409394e-08,0
-0.0010844804,0.08218079321345707,0.0112412525,1686.4560773773394,1805.7276802250415,14.004490879574048,1.1909311631165435e-08,0
0.331066,0.10697664406902552,0.01097254,2300.8131614153544,2388.975148053882,14.870315717184846,7.745212171355858e-09,0
-0.19249162,0.06391386310904873,0.011171386,1422.3869239825106,1787.0497012784265,15.44701528292959,1.2022818725040811e-08,0
-0.12420076,0.08487257105568445,0.011093117,1672.5907846437956,1784.6357047404404,13.968116511490633,1.2249245760028791e-08,0
-0.35915872,0.16990034984048724,0.0101757385,2710.7478505423846,2260.656120512966,16.399088719256536,4.8769252231447805e-09,0
-0.2074011,0.2893219348172854,0.011014166,3317.8280851425825,2005.2617737120472,14.652571165624805,-3.1399755505992336e-09,0
-0.20071065,0.16192924340197215,0.011798154,2362.8897965420797,1816.4102025248546,15.48234488971756,6.374129048972732e-09,0
0.08488338,0.13810542343387472,0.011195808,2305.4747725480424,2260.7314456449126,16.26905917678791,8.123467573865114e-09,0
-0.08930321,0.08813759788283063,0.010167292,1725.628485428024,1810.0647097871165,13.582006869856105,1.0855008088672423e-08,0
0.00075967796,0.06745191959106729,0.011122108,1362.467001913045,1730.5092290909704,16.618826157093718,1.1873609816096884e-08,0
-0.018928412,0.1136913609338747,0.010962446,1955.09230755785,1861.6240880998616,13.550152988937226,9.99963358010646e-09,0
0.010021765,0.07024452581206496,0.011040235,1465.3758366504956,1657.0670360297318,13.951880425562033,1.2714107170145053e-08,0
-0.18679738,0.11472910020301624,0.011037198,2124.2950964879365,2174.343306858902,15.962825304662022,8.887052084512446e-09,0
-0.22560865,0.11925844692575406,0.010998709,2294.70852663402,2282.7963723847233,14.34473741384915,8.571779768718393e-09,0
-0.09657499,0.08610177095417633,0.011103043,1672.6327749255513,1803.5588431769272,14.335995944144054,1.2316834479937355e-08,0
-0.019749325,0.06102722592807425,0.010180909,1440.2470531504018,1809.5769049895173,15.144060471363668,1.0708180324574987e-08,0
-0.08475863,0.09048270736658932,0.01101375,1758.2531694116574,2000.1138673703729,14.896477503945603,1.0634286195180306e-08,0
-0.28367165,0.06468650304524362,0.011655026,1487.0769776541372,1709.8934421533427,15.068990556495315,1.2062617380284649e-08,0
-0.17924735,0.070805312862529,0.010182768,1472.6639573316118,1654.2730327304457,13.919169343318217,1.166153598243289e-08,0
-0.1472183,0.10776967626160093,0.011676924,2104.5028636042016,2139.461525585923,17.230137692346588,8.781851256026325e-09,0
0.00048037525,0.05599826892401392,0.011027865,1334.5316652382232,1749.9548887019537,15.341160398520024,1.1999282967081459e-08,0
-0.5366172,0.10763599369199536,0.01176475,2246.4315997858403,2238.5810445981997,18.027444531117215,8.088559090823469e-09,0
-0.18650979,0.06494140625,0.011855807,1424.3716906292295,1779.3823447590753,16.18340339829288,1.183043808932858e-08,0
-0.09626482,0.07421875,0.011621662,1598.7425717763335,1731.1460254091528,15.152117981624688,1.1893973489781373e-08,0
-0.03398823,0.08411465886020882,0.011051566,1673.4438091131672,1791.4014322252085,13.255389498430825,1.1946830558756958e-08,0
-0.1892893,0.10391100819315545,0.010072189,1820.5464541010856,1943.0845269140368,13.767651204526938,9.635179810693049e-09,0
-0.011143455,0.10348503661542924,0.0117508825,2265.1384450108244,2313.6894847613926,15.529543325534267,8.239164933657678e-09,0
0.008938885,0.22062042307134572,0.011075113,2858.5947491412176,2110.131978912281,16.414937032733384,2.806450380894629e-09,0
-0.18472195,0.09126894214037123,0.010195687,1746.4463408569084,1810.5602569535768,13.410405474071773,1.083096231350281e-08,0
0.01301094,0.10883120649651973,0.010162575,2197.7448140124807,2295.2438562042666,18.809071881362915,8.072649872642301e-09,0
-0.22416689,0.07320706750290024,0.010084789,1799.4075739461261,2083.252246053926,14.014121989252866,9.421065679860458e-09,0
-0.050899055,0.10452844040023201,0.010906069,1925.2557878955351,1974.6199356394818,13.258673829668703,1.0576783947990284e-08,0
-0.09378543,0.17083952653712298,0.0109075615,2388.115332547547,1898.429925430686,14.059779103324468,6.79596427712357e-09,0
-0.14380875,0.09722121519721577,0.010994616,1814.880101862039,1922.390764756622,14.152455735471934,1.1061483271495426e-08,0
-0.12941602,0.04441320149361949,0.0117164375,1083.3792872381619,1530.9508983088535,16.540947973011647,1.1867597636291897e-08,0
-0.123724446,0.15207185324825986,0.01100853,2605.91448701598,2391.045578465466,16.1420645507427,6.752645172998853e-09,0
-0.42806363,0.10223771026682135,0.011748849,2131.9992316481794,2210.2981489736435,17.756818871218346,8.850603461264259e-09,0
0.051525693,0.2023093097447796,0.01020114,2699.576109971265,1997.9352494900822,14.627964149346383,3.6485671760623008e-09,0
-0.04884343,0.0772356710411833,0.01170088,1604.4817554205003,1731.3584678195987,15.258287082219894,1.2089104560422065e-08,0
0.043540385,0.10440835266821345,0.011092102,2128.1930552743765,2263.1101724365462,16.648857694810804,9.306536957713534e-09,0
-0.2172278,0.11354068481728538,0.011639781,2256.9865694840223,2324.8844566907774,16.02584121620927,8.911063459046208e-09,0
-0.27210754,0.27555376305104406,0.010142052,3190.81612559997,2093.0937740660343,13.661826133328692,-8.446536601156739e-10,0
-0.1705761,0.07229847919083526,0.010185065,1498.2421875540292,1667.6874391925762,13.441925891892657,1.1656154217786196e-08,0
-0.38617608,0.108412032337587,0.011662432,2115.973764093226,2118.3400656144936,17.949243103435006,8.341372413175415e-09,0
-0.28598562,0.17004989305394433,0.011097436,2389.9045707766563,1951.9361956683313,14.003206285631759,7.226912707706147e-09,0
-0.3133009,0.0521543285962877,0.010488114,1276.1995024602445,1653.1280173122523,15.856160550939956,1.0279219794930299e-08,0
-0.08886933,0.06369068119199536,0.011584417,1434.8876812057256,1789.9596956229848,15.840071356143348,1.1814881561029873e-08,0
-0.15281619,0.08058113399071926,0.011020955,1641.915518962138,1801.9143860032118,15.527370249257546,1.1316690291674096e-08,0
0.023890728,0.06100343496229698,0.010193595,1446.0386248070333,1807.835939368086,14.936541052519582,1.0670814992183321e-08,0
-0.09707554,0.06163106329756381,0.0110349795,1487.2006561268745,1840.5529536914187,15.577633834699405,1.18115401002843e-08,0
-0.13193554,0.09592970562645012,0.010908794,1835.199326643622,1995.1639592460422,14.636449578136345,1.0647309227920853e-08,0
0.07079439,0.08128579973897912,0.011617751,1682.4118775187112,1786.0737485796512,14.336844393885036,1.180930597421009e-08,0
-0.13119452,0.03694057243329466,0.010899714,1167.799081316937,1647.8916546555856,16.51785793630259,1.0163217790141254e-08,0
-0.13957763,0.08136510295823667,0.011053718,1662.5318467686213,1800.1486788739353,14.104609664425416,1.2011219401045632e-08,0
-0.14977327,0.11069936376160093,0.011298281,2005.9018441998305,2086.635481164998,14.499578264590319,9.819916980628996e-09,0
-0.09812847,0.12721369272041763,0.01099463,2381.782448992957,2337.4825183263915,16.330452662687584,7.30319845486481e-09,0
-0.061809517,0.07979943082946636,0.011553428,1636.1541486550786,1761.20355986612,14.65885111204942,1.2139389469730965e-08,0
-0.3064143,0.07157908570185614,0.011187036,1656.3667874559203,1927.1367086652333,14.951344706268547,1.1315549957889625e-08,0
-0.3441388,0.10055988072795824,0.011031624,1864.3017741812275,1888.8568269504399,14.103399951490367,1.0871612175862385e-08,0
0.023957698,0.10072301877900232,0.011019322,2270.041823412731,2360.4674763968665,14.84232325189703,8.125894876214341e-09,0
-0.23928577,0.15274479770881672,0.010947044,2584.988374917029,2299.1182666671616,15.738561319563848,6.488369612016679e-09,0
-0.040878937,0.11883927276682135,0.010919983,1966.744339895391,1945.3965278397661,14.057541478945538,1.0926014216684853e-08,0
-0.35931358,0.10318934889791183,0.011622319,2150.7839243863073,2178.472424635328,18.350508993867564,8.115334816422933e-09,0
-0.04273403,0.1317237800899072,0.011077527,2166.474925106386,2009.550556325175,13.804401077931654,9.687390085287247e-09,0
-0.25815707,0.11388395446635731,0.011235494,1984.7712763335876,2013.822368440041,13.368018898354979,1.0552453825432306e-08,0
-0.19841093,0.12583721541473317,0.011773534,2220.1139005581845,2058.7268505931142,13.777641497577893,9.156475589118818e-09,0
-0.061043784,0.10582448158352668,0.011023098,1926.1962233677946,1973.2495488169438,13.98946585304015,1.0645149938608243e-08,0
0.05967565,0.0910083744199536,0.010925008,1751.1214872471198,1880.9653228566956,14.214748630468048,1.1199330432496858e-08,0
-0.20771271,0.04885871338457077,0.011626626,1151.5080022167842,1563.7275495410197,16.586607342171455,1.087326296351186e-08,0
-0.13464734,0.08362297890081206,0.011148353,1685.3785779268621,1801.3065025227845,13.910076761404426,1.2112737285525381e-08,0
-0.2285062,0.1108285147186775,0.01107137,2144.306703139176,2260.2188974175674,17.130783061029465,9.141971071723932e-09,0
-0.04919392,0.12123876160092807,0.011047168,2187.0750075847072,2203.0437852032915,15.996538311161794,8.705346036372025e-09,0
-0.11092276,0.08403762144721577,0.011773184,1695.1530801063234,1784.848449475615,14.451988036782295,1.1771102339388506e-08,0
0.078757405,0.10657786216647332,0.011071552,2088.658268603119,2218.4521610841985,16.425657961272663,9.360631851265338e-09,0
-0.06430756,0.09847307315835267,0.011029474,2021.955364556174,2190.4466612571523,16.826360211292247,9.40214995531573e-09,0
0.06693835,0.035577689965197216,0.01019446,1090.7719612154756,1603.9725636899543,15.881072432768363,9.905064440801588e-09,0
-0.14524078,0.10166446128190255,0.011016182,1893.6237041773945,1958.822653900215,13.224088939534989,1.081186381472622e-08,0
-0.12123248,0.19441750652552203,0.011608519,2702.9880134722835,2075.9050255376537,14.392200906487425,4.677359673909455e-09,0
-0.15368234,0.055071554161832945,0.010910759,1297.4064401490289,1678.499739528715,16.727023409407924,1.1140991521896588e-08,0
-0.16006127,0.12506004386600927,0.011005894,2292.404756902606,2234.257750752694,15.789315712271843,8.360692028428362e-09,0
0.038471423,0.06777366408062645,0.011140507,1460.2956810346816,1662.7963365240198,13.671798503811964,1.2680618987648904e-08,0
-0.15245824,0.1591864849187935,0.011026035,2301.923578361832,1886.3564913188866,14.491601196063273,7.735769635416496e-09,0
-0.15280712,0.08246968351218098,0.010209348,1636.2697597848564,1750.5324366309744,14.136053039206253,1.1360318678649763e-08,0
-0.1479313,0.12526623223607888,0.0115699,2073.0951213830604,1912.0798225708256,14.913616931072726,9.337279494078162e-09,0
-0.15402493,0.10710239631670533,0.010866829,1982.4064830012412,2030.5782714080715,14.853147510254233,9.806380429325989e-09,0
-0.05882641,0.05086395192865429,0.011812542,1272.656811142725,1685.7875114155843,15.84183495579467,1.1610054818628637e-08,0
-0.3004319,0.14461168612238978,0.011594727,2348.3671345268654,2055.6061928347017,14.477637371664956,7.683150883073233e-09,0
0.0095728105,0.11618034911542924,0.011027773,2249.8378720111323,2284.94260985577,16.289188657021118,8.655584882467932e-09,0
-0.068524465,0.06953872716067286,0.011797382,1466.473418113304,1631.3354583203677,14.871507329302299,1.2712244919061592e-08,0
-0.2632699,0.14345272621809746,0.011084182,2385.2008842337987,2285.077578811765,16.306632284084294,7.390896409810891e-09,0
-0.111437544,0.08394019177784223,0.0109491,1769.5150409838072,1956.5724395386862,14.553547868489408,1.1166023564330362e-08,0
0.009434061,0.08683929089327146,0.011016328,1887.9840928970111,1959.6206117753238,14.138777591006775,9.444975937214192e-09,0
-0.05193769,0.0788104063950116,0.011028684,1769.038585477514,1953.9416362945258,14.870366027913684,1.0710461723043974e-08,0
-0.05412466,0.08954919518561485,0.010153896,1632.9835302028946,1698.6528217665596,14.128415585210886,1.16885620331516e-08,0
-0.04367324,0.08359805503190255,0.011067468,1684.7165974066745,1809.0769648336668,13.877967831595146,1.1948459178572003e-08,0
-0.08228381,0.0843718278712297,0.011096937,1703.3658222477648,1807.2620587706751,13.248551826305317,1.1757540324365225e-08,0
0.23105684,0.09807202544953596,0.010193199,2059.169108766542,2185.4985692861483,18.61192946820308,7.772597199184491e-09,0
-0.27748537,0.10214367930684455,0.011141069,1967.7493412629226,2179.6627393818817,14.216659719118047,9.798350386683923e-09,0
-0.037146073,0.07016295678654293,0.011088037,1455.780156310298,1656.8435346974743,14.119951065267164,1.2778428641987779e-08,0
-0.12752521,0.11836571925754061,0.0112056825,2020.9318385051154,2022.7967705399583,13.413247591937862,1.0327094793301552e-08,0
-0.17528036,0.09739568227958237,0.010924349,1795.7102367561997,1899.7095151676738,13.785466090252697,1.1071638047539666e-08,0
-0.16229954,0.150865311412413,0.011097914,2572.6058605229773,2407.9274337102365,15.114694524435995,7.0408525845236056e-09,0
-0.060165517,0.10791355495939675,0.011140394,2241.18393455217,2338.3123397260283,14.485866867718057,8.739354891808131e-09,0
-0.27870408,0.10604992930684455,0.011742105,2097.29683317296,2144.0528729950342,18.241985790164172,8.876506112103334e-09,0
-0.17631847,0.04091819533062645,0.0109781455,1114.0780942779159,1571.0468238440837,15.802454592053147,1.1344991509559469e-08,0
-0.19958074,0.08702848571635731,0.010195095,1788.902226232513,1945.0340385801555,14.499017884327206,1.0373112774453477e-08,0
4.6163797e-05,0.10999016640081206,0.011050285,2061.8210344881877,2177.291052795168,16.250096447070426,9.560103651928952e-09,0
-0.19272411,0.07154623151102088,0.010996832,1569.6328894571816,1776.112038290625,15.06616456789195,1.1546755051813689e-08,0
-0.1123745,0.04347968931264501,0.011075573,1216.4724304818985,1682.4928920238683,14.793173508335599,1.1741321327878358e-08,0
-0.17994043,0.07512507250580046,0.011042506,1645.2510719151098,1838.4993024226624,15.067708258674875,1.1283004850293447e-08,0
-0.10278777,0.08942117713167054,0.010216338,1716.694966564012,1802.762892690812,13.706430800271269,1.1091373876500229e-08,0
-0.009676861,0.08293530669953596,0.010995134,1672.5442676869795,1797.5281264745581,13.830085104420833,1.1871402967218492e-08,0
-0.19497043,0.16044400739559164,0.011772172,2448.4578249661713,2046.7673820326447,13.563802411860152,7.31383245653984e-09,0
-0.40418708,0.13197188587587008,0.011042858,2374.9269560432385,2387.347896336432,15.705320083142174,7.896254348150787e-09,0
-0.18316874,0.11735743546983758,0.010165443,2140.1153509261053,2166.509232026073,17.79895891606935,7.989085829761898e-09,0
-0.15980802,0.11781172962587007,0.011586785,2315.3820964093206,2293.048717630891,18.089913251402095,8.159425466721442e-09,0
0.057015523,0.032821336644431556,0.010018741,972.2177286954918,1470.0605979820052,15.614342375437317,1.016587961410584e-08,0
-0.3597892,0.1287940925899072,0.011009942,2369.655421245356,2301.5092327545326,14.31378042699414,8.306849664993597e-09,0
-0.2634645,0.10876096650232019,0.011696521,2103.795638412494,2155.911948051876,18.05268274095935,9.246251655000555e-09,0
-0.04701027,0.0872992495649652,0.011718612,1866.7462285151414,1967.5967861652475,14.726705728500013,1.053915321302751e-08,0
-0.1599862,0.10982476254350348,0.010993807,2166.8534851199483,2239.94305323313,16.949174152946668,8.699203176591969e-09,0
-0.23501563,0.0995153440400232,0.011084955,1914.5114585367824,2002.4607029236086,14.086171306429014,9.632349401142752e-09,0
-0.20053397,0.1236110607598608,0.011044778,2373.5901860743897,2387.010716854116,14.683604427202395,7.874741271089837e-09,0
0.06299917,0.055159920606148494,0.011043843,1359.8670273045286,1777.9763060253526,15.132543087290571,1.1362853405255932e-08,0
-0.04186392,0.04296988290313225,0.011742133,1055.0049540092577,1512.5144537151905,16.860136713386968,1.1852984093840926e-08,0
0.09356819,0.05959636927204176,0.010775406,1303.037019156323,1690.3507956601657,15.745178901754002,1.1423127794966515e-08,0
0.018355982,0.08216040095707657,0.011624944,1637.437258542636,1743.7469748885408,14.735286513351417,1.2295121224599224e-08,0
-0.3321092,0.117192031612529,0.010149743,2220.203892454597,2254.8388091510874,17.082189176320398,7.893921754749001e-09,0
0.07360883,0.0746084686774942,0.011170106,1565.5340776158368,1741.9881441537134,14.202849088218766,1.2360291589930226e-08,0
0.027032513,0.08362071309454756,0.0110807195,1688.7295802803155,1809.9394947840076,13.830393742346981,1.1867550137507816e-08,0
-0.073819,0.19116380872969838,0.010980202,2830.5840248034406,2325.94495382263,14.780212052191803,4.7835755209332335e-09,0
-0.04684271,0.08772522114269142,0.011772741,1690.7408947356864,1780.995998068139,15.028559146734631,1.2251003831608344e-08,0
-0.111119434,0.10854458200406032,0.01018261,2277.443554566109,2330.5529142887826,14.703950705765417,7.589656840161877e-09,0
0.10760642,0.1638540458236659,0.011032913,2753.2454615145443,2363.2664081010134,14.98367199907716,5.226585625603542e-09,0
-0.042297587,0.11481180213167054,0.011136151,2033.0548931423482,2057.933932360782,14.492648962568806,9.816784288454948e-09,0
-0.055823933,0.07651061303654293,0.011706424,1611.6625980913614,1737.3769696067775,15.340026863804125,1.1856870827475722e-08,0
-0.059200063,0.07393665712006961,0.011038196,1583.8232378592916,1748.020182934667,13.902828114175767,1.1956265296541961e-08,0
-0.25447625,0.12137470997679814,0.01008705,2274.74444400909,2247.7189200251087,16.98415955416845,7.455228448805752e-09,0
-0.058675576,0.04654192647911833,0.011012277,1189.3842933056558,1543.3902050003949,14.640827911872446,1.2200175651209608e-08,0
-0.106913626,0.05048442937935035,0.011633957,1293.0019903992427,1723.431966332964,15.874203136373604,1.139254754313778e-08,0
-0.051989846,0.08125861006380511,0.011121254,1630.226726735136,1777.5352128929023,13.640983292861787,1.249192573423983e-08,0
-0.068788916,0.09574051080336426,0.009872237,1752.556671429336,1800.1925807361602,13.554114679218399,1.0392699235450135e-08,0
-0.45758033,0.11352935578596288,0.011546392,2280.3308406801716,2331.8361409257777,15.23901855819264,8.545020313601622e-09,0
-0.09612698,0.11771203415023201,0.011005457,2243.5022122292276,2250.4804284781167,16.053962208411154,8.553545911886768e-09,0
0.11476453,0.13585547781322505,0.011134095,2333.8957112432568,2308.212968564313,16.627308451379893,7.905323423679593e-09,0
-0.019993953,0.10336834759280743,0.010922978,2030.3378911307802,2118.4280051282935,15.256120826400982,8.746651727652484e-09,0
-0.1949045,0.10666396280452436,0.011650805,2263.9829269447737,2268.8961191898848,15.615819290448375,8.154955462439677e-09,0
-0.34868407,0.14564262797273783,0.010180776,2493.5897428171766,2276.308647043433,16.954331476056712,6.593561213568907e-09,0
-0.06262458,0.1412786851073086,0.011082424,2355.311191404759,2301.1029699122128,17.02307535381592,7.88496023571005e-09,0
-0.27256432,0.10792714979698376,0.011008243,2062.125566303787,2157.003010906733,16.31608999314281,9.330304603550078e-09,0
-0.076902464,0.08377478792053364,0.010967117,1679.1815464788663,1806.1407406998624,13.630172752325505,1.1869764166794886e-08,0
-0.15033716,0.13697818481728538,0.010090781,2420.3986687147494,2178.9729544428246,14.751421775615606,5.2161868551948665e-09,0
-0.45590305,0.22849409984048724,0.011670629,3066.0241135136353,2221.553963889074,13.97368441282444,1.7710489204241103e-09,0
0.28096676,0.10249601218097448,0.011052153,2050.7619456893854,2194.409648633215,17.12310335741495,9.235649740711558e-09,0
-0.060999356,0.10818431880800464,0.011023176,2135.172736079702,2243.9084089308158,16.329802921932217,9.314489723435917e-09,0
-0.05250688,0.07104208961716937,0.010060793,1410.5691940261077,1569.4894257600763,15.185322839363963,1.1812985878908746e-08,0
-0.20676881,0.12750484882540603,0.010146477,2330.7063267522626,2313.8650894448206,17.067461203703754,7.616304713647706e-09,0
-0.07667142,0.07873110317575406,0.010229441,1606.1133402917299,1746.367995860075,13.136510562074724,1.1420292396519794e-08,0
-0.25360107,0.109867812862529,0.010144327,2136.7860979657817,2211.2717738301594,16.740785534461832,8.44175614405981e-09,0
-0.25233328,0.110835312137471,0.01167386,2213.525296149548,2237.9957008784413,18.581507791667374,8.679239844500004e-09,0
0.11362087,0.06499465269721577,0.010981659,1467.5741753560144,1812.5734662391546,14.811314981660928,1.1540121653269209e-08,0
-0.11291663,0.09476734701276102,0.010619325,1957.405146131374,2159.9017286002595,14.401336169301292,9.451325241923329e-09,0
-0.21306518,0.09672726943155452,0.01107558,1793.7225941976644,1899.5700361529714,13.412282625476644,1.1760103122890613e-08,0
-0.18109679,0.12012738362819025,0.01019623,2250.5275321145036,2280.6657078143744,16.69565749166822,8.043378542319627e-09,0
-0.16888914,0.09245282591357308,0.01097323,1787.779814846555,1879.1873278682754,14.756885088912684,1.1191215274022204e-08,0
-0.19168669,0.07875036252900232,0.0117519535,1580.1862194342107,1692.1318439012828,15.15234318228554,1.1114657622236553e-08,0
-0.0029119253,0.11224464363399073,0.011052656,2250.276693743873,2309.8065749854863,14.7327797900913,8.748296286383582e-09,0
-0.0039170505,0.0731390933149652,0.011814513,1574.5599992388204,1719.1237597125034,14.855562844285311,1.2151617387412262e-08,0
-0.09538708,0.1503792959686775,0.011698194,2228.250957481236,1827.0147635467204,14.394926380956676,7.90395151469273e-09,0
-0.3700033,0.2347601870649652,0.010193154,2961.7922635542454,2079.641326598366,13.630767271608855,1.466744096105171e-09,0
0.05047761,0.05695104045823666,0.01095835,1294.9871720092274,1675.4188733728388,16.398932649872854,1.1925135230283781e-08,0
-0.22369817,0.07952073665893271,0.011669424,1706.06430970196,1838.1652420206697,15.327659165131271,1.1146337617913638e-08,0
-0.07184815,0.09389614450406032,0.011745254,1997.1420365196643,2113.065940653185,14.698323704594785,9.852352949238395e-09,0
-0.015528478,0.1295440744634571,0.010986989,2330.7384842718966,2212.3427153689277,13.85934502769523,8.26398197555042e-09,0
-0.22013389,0.16539366118039442,0.010812561,2374.920905478808,1874.8687856811512,15.326330518953798,6.003873151451714e-09,0
-0.075578004,0.11779586898201856,0.011046677,2266.6616022612625,2299.5438166875506,16.257014144801623,8.724935041594626e-09,0
-0.06711401,0.06681975964327146,0.0111322915,1415.85827999885,1619.332282148335,14.351250588718276,1.2838196047090534e-08,0
0.22538391,0.0992287195475638,0.011058608,2006.6204058894052,2164.3704992627763,17.09549025040816,9.25084403746154e-09,0
-0.1646764,0.13996111876450115,0.0106372405,2630.0520116390303,2190.427687795787,18.708575907181675,3.1912865421494445e-09,0
-0.25562784,0.10593437318735499,0.0111410925,2113.5402696398683,2238.019550126348,16.454236274991278,9.485477477662712e-09,0
-0.24847776,0.10142541872099768,0.011083465,1864.2792155817624,1950.5350873859866,14.195602087770148,1.0993495272882027e-08,0
-0.16190945,0.07251712949535963,0.011183882,1638.2899924580645,1840.6856082381505,14.588159264101641,1.1491982760162714e-08,0
-0.082490385,0.09019268416473318,0.010980136,1893.5243518037257,2004.711120645901,14.371797146346122,1.035482492171733e-08,0
-0.3295482,0.08498246265951276,0.010174778,1923.4069786532734,2133.4327352198284,14.08115999799691,9.357392316684208e-09,0
-0.083900414,0.08302480604698376,0.011050571,1675.3233593941213,1801.7407704482973,14.022989445956208,1.1996189860514588e-08,0
0.096369356,0.26753394177784223,0.011202418,3121.6024054694253,2197.786977056491,14.036448664913209,9.32712804732215e-10,0
-0.17989618,0.06382662956786543,0.011057004,1497.527037569555,1769.4103147076844,15.589041905836481,1.1264691658084564e-08,0
-0.0832044,0.08309391313805105,0.01093082,1699.7067674972177,1815.2105875716018,13.39861304703297,1.1483122236659417e-08,0
0.09674971,0.13708127900232017,0.010978387,2416.998381942656,2237.0391536756892,15.836486060020176,7.311271776511013e-09,0
-0.00018403702,0.05991131634280743,0.01019304,1502.6308062788662,1871.7105209108786,15.113648275751444,1.0284715742817632e-08,0
-0.056914587,0.0829964834686775,0.010139191,1631.5802317337943,1750.81307238413,14.236569610396327,1.1225180878761222e-08,0
-0.04555902,0.06383569279292343,0.010985103,1401.8093423563514,1780.2318558340698,14.205027547114529,1.186142123938391e-08,0
-0.06592956,0.18840518960266822,0.0100897765,2546.807268180503,1991.3462982362826,14.35126503476527,5.467447843809092e-09,0
-0.14373906,0.13623386745939675,0.011062728,2331.4447917396196,2315.1135582783263,16.0347296091611,8.148036364883747e-09,0
-0.09346603,0.08892383265661252,0.011757619,1881.2134133726759,1988.1478575946435,15.176186415987678,1.0567722019505723e-08,0
-0.15211608,0.0731368275087007,0.011688074,1623.463951788036,1815.3163800524296,15.05894167354443,1.164889902952409e-08,0
0.11368793,0.0538095000725058,0.010021774,1254.8959977749312,1664.2165652008089,15.640633165039393,1.079756002571404e-08,0
-0.14712387,0.12545202834976799,0.010999127,2249.6720797056105,2288.475714771971,16.846906124976996,8.131752154292046e-09,0
-0.110165834,0.08102523201856149,0.011095791,1661.7363992064095,1797.5097425149984,14.056669592962562,1.2016412510630254e-08,0
-0.04151239,0.0869027334686775,0.010197976,1701.757370827201,1800.8235789501166,13.637682591354064,1.1165307562029326e-08,0
-0.27186984,0.17671929379350348,0.010974791,2742.169139403045,2352.552713567921,14.683361218253209,5.675846979306791e-09,0
-0.09218994,0.1311981130365429,0.011088112,2425.4273481135383,2408.043747855988,15.838432613927434,8.311479264907693e-09,0
-0.033904944,0.07670207366589327,0.011729416,1608.7180835074835,1736.4204619432753,14.483284790588263,1.2060050515698706e-08,0
-0.2290799,0.13875344402552203,0.011036355,2397.000528156824,2247.719593108372,15.9864743990421,8.00786947796385e-09,0
-0.20968343,0.15943345780162413,0.011091914,2349.097993374342,2056.4511656193645,14.327717885952728,7.910097677928901e-09,0
-0.022133557,0.08577662775522042,0.0101139555,1691.6442338599848,1790.5867015879257,13.736827100310663,1.089084994608413e-08,0
-0.11551214,0.11455916473317865,0.011139786,1957.22383350192,1988.0864018094333,13.515429887553337,1.0949544183641727e-08,0
-0.038935922,0.0824345635150812,0.011874329,1682.5961829168764,1776.9914259967943,14.397469668618683,1.2044798728940274e-08,0
-0.017563112,0.1138658280162413,0.01103286,2218.4527538967845,2196.281689969228,13.83471498696546,8.851736848432827e-09,0
-0.028711515,0.07728438587587007,0.011586269,1595.657891918592,1740.5759331114066,14.822090364694933,1.217523695462314e-08,0
-0.15216364,0.11464866408062645,0.011731036,1865.5174224319755,1675.3102266820988,14.343349456531362,1.0743461656067146e-08,0
-0.105898544,0.04136116045533643,0.0117654875,1082.150170190262,1545.6891616748767,16.00250146231822,1.1814097925251002e-08,0
0.112297826,0.071293594112529,0.01107854,1472.1639828561495,1654.2279784965795,13.942963804321836,1.2773632177135978e-08,0
-0.13800836,0.08459274398201856,0.011752041,1737.710373684974,1836.1896746796479,15.036013065621301,1.124015237291919e-08,0
0.53534377,0.16824291255800464,0.01017525,2819.645466866271,2345.4823723021414,15.450054400552446,4.31134171613584e-09,0
0.08992243,0.11099391857598608,0.011754478,2164.3074750499504,2164.115814573861,17.587069219367145,8.702653674267954e-09,0
-0.31903684,0.06427865791763342,0.011634763,1489.4228513736566,1751.221679639012,15.525610082238634,1.179819602953762e-08,0
-0.16160768,0.2535709106728538,0.01020276,2994.784298869348,1928.8808476597164,13.117353409507976,-1.8408429293163064e-10,0
-0.18144527,0.23063981837296985,0.01112529,2897.3868464161305,1962.2879981820288,14.880126818901232,1.3121157422151008e-09,0
-0.0048009846,0.06743492604408352,0.010989938,1449.6664231261625,1654.838456069742,14.353844013503208,1.2643415281966701e-08,0
-0.14155109,0.041889093314965195,0.011083348,1149.5165314740725,1596.0586722903595,15.87201490460653,1.1592720750221755e-08,0
-0.21822014,0.13244883809454758,0.010619077,2057.949415639751,1891.484213735898,13.743685750694508,8.99754487738005e-09,0
-0.23614997,0.06086295497389791,0.011720082,1367.8860751153002,1587.5494198603712,15.40010782697997,1.2636821986718196e-08,0
0.077379785,0.12359406721287702,0.0101440735,2265.482618397995,2248.3647450755852,17.705408816383773,7.60167427371867e-09,0
-0.045106664,0.08112266168793504,0.011058176,1649.3966064452823,1787.8404540595366,14.049217803956822,1.207071708024132e-08,0
-0.029693073,0.05790041328306265,0.0112433275,1334.7756745803345,1746.3126051326196,15.36244700794832,1.2303763978505958e-08,0
-0.16417256,0.10827608396171694,0.009978881,1863.6533049044651,1762.6178507081922,13.70761759531214,9.66581746373878e-09,0
-0.029732663,0.03937178255510441,0.011106174,1085.1858106692011,1577.1153588624204,15.095356065542646,1.1899820832469979e-08,0
-0.31963515,0.08631249093677494,0.0101173185,1613.407343249031,1706.499315185152,14.904412116439937,1.1160236719388867e-08,0
-0.15906799,0.08317321635730858,0.011087024,1690.6611110575875,1797.400912088027,13.41816393327234,1.1805332016369197e-08,0
-0.006796203,0.1129855622824826,0.010975349,2213.451107531718,2274.9973102842337,16.196610394714398,8.639924072148963e-09,0
0.06482842,0.07484411252900232,0.0109316055,1509.2031866711582,1807.9121168046627,15.7489778199204,1.149318717552995e-08,0
-0.13101491,0.07440001450116009,0.010191462,1555.4461128298283,1724.6022198902797,13.781466640058708,1.1426226024490634e-08,0
-0.10260413,0.11841330118909513,0.010170385,2263.640674234449,2251.6198324318666,17.921738318564252,7.6013310272508e-09,0
-0.21476752,0.08997743256960557,0.011010733,1726.9735126072426,2016.6440423125998,14.997336609748494,1.0006468441957867e-08,0
-0.013585236,0.09423488254060325,0.01107702,1753.966880466394,2030.0862893864303,14.357069935004395,1.0539098793205951e-08,0
-0.090734206,0.06930761492169374,0.011692576,1447.2455321507366,1598.7420215993973,14.885125770715195,1.2952495535897182e-08,0
-0.16560566,0.2734216393561485,0.010978952,3296.450726559364,2189.964750500279,14.618201400823443,-1.2122668968876267e-09,0
-0.07390556,0.14563922926334108,0.01064701,2206.8853771545437,2046.5610736198169,13.706410094768554,8.083574182909662e-09,0
0.031587187,0.06598594293793504,0.011648003,1388.398610174242,1561.3673195954111,15.072454908593423,1.3151551252923805e-08,0
-0.49215615,0.12477908388921113,0.011568585,2434.155962210542,2220.650038998787,14.593239695283513,6.8972132984675964e-09,0
-0.1361897,0.07315835266821345,0.011704617,1544.648160518571,1701.9812249146016,14.671967221236898,1.2282949556868146e-08,0
-0.25026166,0.08616747933584687,0.0109623,1637.2636884295907,1730.113378793,13.689818745738007,1.2100802017386724e-08,0
-0.045192346,0.10597968931264501,0.011021899,2226.834659235561,2217.4347097700334,13.942567700957088,8.497978719396921e-09,0
-0.16193524,0.07783497679814386,0.010216459,1629.823652590943,1754.5065500720216,14.424543868562054,1.0948139101606462e-08,0
-0.22029501,0.07516245830916474,0.0109593915,1693.656743385659,1858.2607758127044,14.794114911197923,1.0821523190023108e-08,0
0.118032515,0.09992092336136892,0.010977585,2022.877924438559,2208.7543996637974,16.98136743463391,9.394316293095513e-09,0
-0.20668367,0.07321159911542924,0.011079558,1591.7849515954797,1824.165504282789,14.927360823594013,1.177067512559141e-08,0
0.033663876,0.07231660564095127,0.01104804,1441.874317704962,1603.6181758045377,13.294109072994694,1.3147627107068812e-08,0
-0.20451684,0.11403123187354988,0.011619907,2170.8612270725457,2171.2996314572015,17.498252147612842,8.555033284600862e-09,0
-0.12818827,0.10141408968967518,0.011750528,2065.813063303524,2154.349842102764,18.87075457639122,8.987532667859794e-09,0
-0.29069436,0.1136641712587007,0.011164952,2189.037788464209,2242.310772649215,16.408815550337962,8.915305577754346e-09,0
-0.07519491,0.12623033280162413,0.010907422,2411.0551400633717,2388.657157689611,14.866536041055772,7.661719095202881e-09,0
-0.09343028,0.10199980060904873,0.011127967,1951.6925229960782,2138.9856091546144,14.201549127511308,9.512809906823469e-09,0
-0.22323042,0.11995971396461717,0.01149659,2368.740525470889,2295.2175702321056,18.003869844137448,7.590209461726869e-09,0
-0.20701876,0.060328224695475635,0.01014766,1441.3192160845672,1809.4110176571749,15.016789577145735,1.0655877910888022e-08,0
0.023760058,0.1402511419663573,0.011079523,2410.6635553453934,2334.354824986215,16.180583362959766,7.90848882757941e-09,0
-0.0016556472,0.07615374854988399,0.011068934,1577.2400633628918,1743.910127936096,14.100067096480146,1.2252511060804727e-08,0
-0.02087595,0.07455295642401392,0.0110375695,1551.3732631475993,1825.7874229093343,15.335607608711776,1.1171719121078237e-08,0
-0.18807013,0.09918793503480279,0.011008594,1888.3888062652252,2021.4553757087606,14.499600282817088,1.049440879979136e-08,0
-0.35767823,0.19921875,0.010977668,2916.325002151671,2461.8774081423235,14.631732666396152,5.318826385830582e-09,0
-0.093520164,0.10275771280452436,0.010999202,1898.8226378982038,1972.904588138775,13.32416598639977,1.083898888358981e-08,0
-0.047601283,0.038583281975058004,0.0110331485,1043.3486959515888,1540.6492741686393,15.248224963818638,1.1696407776457744e-08,0
-0.15251952,0.139616716212297,0.011029622,2249.700276869647,2033.495587945033,13.489653781819573,8.909860615734274e-09,0
-0.36260515,0.09908597375290024,0.011070976,2023.6498959166079,2155.9898089530375,17.056711831387087,9.450279990319891e-09,0
-0.20790836,0.10225017220127611,0.010203208,2063.2408713790114,2156.580364535701,14.094179701077588,8.785967122185346e-09,0
-0.18421315,0.11674906648781902,0.011625051,2327.411601007375,2320.118927736967,17.32033962297878,8.1282440823524e-09,0
-0.28803357,0.08755415276972157,0.011052132,1965.749463847609,2138.318697196727,14.235799400005051,9.877976215907489e-09,0
-0.19366154,0.04868311339907193,0.011778225,1275.6121574832152,1730.7487475153841,15.967692082841506,1.126494121920403e-08,0
-0.21791801,0.08625697868329467,0.011792394,1756.0624579315343,1853.7320201021334,15.311905020921447,1.127855117946899e-08,0
-0.08098811,0.0628806554524362,0.011729846,1493.2173827187369,1738.2682439619919,15.500238476235882,1.1504588618250126e-08,0
0.19698596,0.1126921403712297,0.010990001,2124.058797839503,2175.3163754891116,16.27041886325172,8.927464423049527e-09,0
0.010472627,0.10706274470707657,0.011047173,2064.6433847445146,2177.0541453347723,17.3866934657602,9.38858380581977e-09,0
-0.0075294953,0.08331709505510441,0.011009274,1677.775331612145,1794.7749128054502,14.018212810728643,1.1854048011285899e-08,0
-0.40572804,0.11339454031322506,0.011750753,2195.9328773165726,2183.708672365541,17.960075567480924,8.466494839852376e-09,0
-0.04447166,0.11339000870069606,0.011071558,2159.0610280292253,2216.8226249019704,16.456633008736922,8.92142442277251e-09,0
-0.2566801,0.14293272368039442,0.011011972,2520.429865499855,2297.1788455673777,16.16045797035036,6.825684461163558e-09,0
-0.2371476,0.11283035455336426,0.011047755,2204.5813055845224,2260.4814617644597,16.17441482679786,8.844274762807388e-09,0
-0.17071271,0.09981896207946636,0.011003777,1847.4445665156222,1935.9732267157,13.963356553738949,1.1059625285961841e-08,0
-0.19621274,0.05721840559744779,0.0117359115,1388.4845539326109,1808.148787216282,15.434385649820461,1.170646129808298e-08,0
-0.24842429,0.0417078288138051,0.011682267,1032.4437048103152,1459.6501544615764,16.66555245492147,1.179470378445902e-08,0
0.046277262,0.17633977124419953,0.011705271,2523.040600622841,1982.8490954773001,14.838005959349918,5.810570421205626e-09,0
-0.1861426,0.1316252175174014,0.01098827,2272.257973823797,2250.7972428012304,16.136730414092106,8.294535275378848e-09,0
-0.17228732,0.08668295026102088,0.011077864,1684.8430353105696,1792.1088029557548,13.815418141040439,1.2049503303173244e-08,0
-0.1874183,0.10550386999709976,0.01087835,1841.0521234031626,2043.5314181791814,15.525192934627842,9.574259438648175e-09,0
-0.1005943,0.0774441252175174,0.010178832,1595.9511354423853,1742.3260293103767,13.379262679130317,1.1306204071201723e-08,0
-0.3120376,0.0958911869199536,0.010215657,1731.6490810368,1765.9026268489492,14.779049303651902,1.1000316255103941e-08,0
0.017900039,0.13818699245939675,0.011137374,2390.230609715161,2301.3802917551902,13.573531272740194,8.006751109714906e-09,0
0.014782858,0.0714861876450116,0.011836804,1544.6540906235068,1709.9397201858053,14.749772519769019,1.2283681413369431e-08,0
-0.062030047,0.053982834251740136,0.011102395,1290.2264578234513,1727.4382067936453,15.31824473990849,1.202208212632672e-08,0
-0.15299132,0.09423828125,0.010104484,1720.9539791054542,1945.5041666603456,16.299930406601273,8.539056798038839e-09,0
-0.14203185,0.08123028748549883,0.010999107,1547.0930145867915,1662.3566808980834,13.978153725330287,1.2455614216305383e-08,0
-0.10330928,0.08491675427784223,0.011688467,1702.7317149301211,1783.2786513363426,14.569135521850143,1.1802775572254018e-08,0
0.15452778,0.05652393597737819,0.010989754,1334.3358203094372,1736.6006854160466,14.91606313369227,1.1865929058737977e-08,0
-0.15963963,0.08713724441705337,0.01020113,1745.2724884409595,1865.6318503077398,14.910907322839932,1.0535317034083459e-08,0
-0.03247544,0.11728266386310905,0.010766885,2293.4070128280314,2230.9377614408522,13.872800399916436,8.097443599364117e-09,0
-0.06172516,0.07808081677784223,0.0110740755,1618.9119433701064,1757.3721323951092,14.084216366216074,1.2043597181647755e-08,0
-0.12184338,0.10591171512470998,0.011044038,2166.3197361508005,2295.6978381521167,14.61502697540227,9.076204848675237e-09,0
-0.07521163,0.0833102976363109,0.0110113025,1670.9648725568447,1801.2344970989425,14.047032533219017,1.1992905582340457e-08,0
-0.068828575,0.06755727958236658,0.011119087,1422.8286657145402,1629.0910686468912,14.152405259928843,1.302300050329248e-08,0
0.03796946,0.09779786289153132,0.011712822,2119.981536931652,2224.160344838398,18.00723239324033,9.163555466418271e-09,0
-0.052931085,0.0744022803074246,0.010197474,1495.0852863797568,1651.7515649407583,13.31264415408314,1.1832571097651366e-08,0
-0.13215092,0.06795946019431555,0.011560253,1407.4704805008603,1568.2875104870673,15.053686217307323,1.308216052898719e-08,0
-0.014476898,0.08394925500290024,0.0111073395,1684.6446019807872,1798.1534083045929,14.153387380291734,1.1928177902258997e-08,0
-0.04052419,0.12380931880800464,0.010995092,2362.788517739745,2307.9499066855656,14.429953853936242,8.19012016371679e-09,0
-0.045105513,0.07701135622099768,0.011793436,1601.06611221924,1730.0140370344413,14.850234611782252,1.2266788994261693e-08,0
0.14785752,0.04342644286542923,0.010930903,1128.202168515391,1599.9421823069754,15.416168917933577,1.1500908975162975e-08,0
-0.17954087,0.12175083381670533,0.011169155,2067.2285410361765,2042.8973173307522,13.949578376158867,9.943525907039438e-09,0
-0.21616383,0.19816288428074247,0.009792394,2617.3261930694107,2043.3130688647723,13.357363300048704,4.705316255533022e-09,0
0.093415916,0.07495740284222738,0.011830016,1610.835189391806,1736.9314478304495,14.844257248985256,1.1999078159999644e-08,0
-0.10181099,0.3034243130075406,0.0109941345,3453.380472519422,2178.451417127864,13.38580968142567,-2.9389017879493537e-09,0
-0.09009449,0.09253666074535963,0.011147444,1788.9100664589173,2030.5948762325659,14.767583705784897,1.0462295225209235e-08,0
-0.20279726,0.05997136020881671,0.010144898,1473.495036793194,1873.9988749677816,14.759030635760265,1.0126114290455442e-08,0
0.24092469,0.10815373042343387,0.011736996,2117.1336878236452,2191.485497717585,18.086298319110583,9.25468468237614e-09,0
-0.11156592,0.046283624564965195,0.011106175,1158.5988760476814,1637.1170955995728,15.550707363583287,1.1858751539902416e-08,0
-0.11061695,0.113285781612529,0.011106051,2097.397357032006,2163.5184474630637,16.258014902029437,9.336976978731397e-09,0
-0.053395562,0.06760259570765662,0.011031557,1460.2007106766696,1662.7830560656405,14.34992175019861,1.2456386928215655e-08,0
-0.47545534,0.16432306772041763,0.010159481,2717.7598212357043,2349.692277816978,15.721740143242094,5.1885286779291666e-09,0
-0.07906516,0.06984574390951276,0.010186233,1424.1254751139288,1584.5682035302657,13.761377769568416,1.2176043232019265e-08,0
-0.19631964,0.05411538391821346,0.01130858,1273.1564134615166,1584.109602217778,16.43280202722522,1.1141826814419951e-08,0
-0.06399686,0.06598707584106729,0.011114366,1511.8090423235894,1766.3507645483419,15.140543758072388,1.188958320649023e-08,0
-0.09802501,0.15355255764211137,0.010161477,2606.0528399866703,2345.4823807898374,14.949421850569271,6.188792066959901e-09,0
-0.046555858,0.07038727160672854,0.010237957,1471.2458389277408,1639.5277265623083,13.776104016893708,1.1808604790073751e-08,0
-0.12910648,0.09668761782192575,0.0109583,1783.2475431132873,1882.458606211974,13.548685391448057,1.1443738556592489e-08,0
-0.026783574,0.12398605169663574,0.0109416805,2259.059272522257,2291.793699506651,16.12470400375466,8.426334538689258e-09,0
-0.37366942,0.0336891404437355,0.011764301,1044.4302590642644,1555.2155206265957,17.813836393759427,9.753261984704735e-09,0
-0.31306195,0.1553787974912993,0.011762592,2661.340438877654,2270.473518351557,16.788803682064195,5.68046262106786e-09,0
0.111535534,0.10950415095707657,0.011058232,2132.5921433572794,2234.209526772617,16.70765727085849,9.062353698893024e-09,0
-0.17551035,0.13239899035672853,0.010893415,2308.0889862512095,2248.364394212318,16.90930440133469,7.698940870944753e-09,0
-0.010888262,0.12482893162703017,0.010386738,2041.4672933790796,1893.9975364789775,13.891874249191755,8.268438448142799e-09,0
-0.17528,0.07507409186484919,0.010191911,1565.4177561189138,1730.6876631074665,14.398582293501075,1.1314922019881083e-08,0
-0.07271098,0.11351462804524362,0.011736918,2245.3308574354232,2270.0930118127285,17.27952134079513,8.519740859660737e-09,0
0.021984357,0.13050930793213458,0.010931964,2312.7948970691828,2296.9403909879634,15.92677769612062,8.202698731564645e-09,0
-0.27728373,0.11495454792633411,0.011083756,2201.5600798118135,2259.3588049098034,16.668520385349325,8.802593040146417e-09,0
-0.07168688,0.0726644069025522,0.011885081,1570.1333869659113,1721.4396003698555,14.822820472743011,1.2251880986572827e-08,0
-0.3360482,0.1581782011310905,0.011080336,2304.1760278381134,2012.081988631248,13.529818301593005,7.393334847710811e-09,0
-0.44749302,0.07024452581206496,0.010108395,1582.3504318833443,1766.1104786950186,15.149371195157444,1.0664207469247237e-08,0
-0.12304203,0.14168539733178653,0.010928318,2389.712833477951,2303.4537478522616,15.80442105367078,7.763678224878351e-09,0
-0.26280284,0.1441415313225058,0.011239163,2420.1516041287205,2351.3189985880526,15.9459581952494,7.924974569714221e-09,0
-0.14779288,0.11369702544953596,0.010171315,1880.505213432734,1792.4032216588869,14.250643886023871,9.67041376216571e-09,0
-0.1667969,0.16107616734338748,0.0108679095,2362.796808287212,2000.2771676502725,14.947514575703043,7.677671885968485e-09,0
-0.14826617,0.07843428255510441,0.010187961,1614.159704154328,1745.2062759142855,14.156054906451157,1.1107508448381241e-08,0
-0.18970755,0.3202297980713457,0.010988724,3454.185886611811,2114.3634020445847,15.16592270540213,-3.169154310964972e-09,0
-0.27739692,0.09550033533932714,0.011188697,1888.0545751532889,2016.69777086743,14.436151211212952,9.325114154055033e-09,0
-0.051725134,0.11153431337006961,0.011040305,2277.901617967432,2325.6975622012455,14.646477937573597,8.41685584447447e-09,0
-0.088863954,0.08115211716937355,0.011803835,1664.99220228881,1770.265790695176,14.188946857112626,1.207932635831205e-08,0
-0.34827018,0.1526756906177494,0.01136472,2182.825564781737,1652.8758259415222,15.312064115938027,6.9588985546036766e-09,0
-0.185883,0.12818119199535963,0.011515258,2447.49602315806,2228.7345123405066,18.157821431619883,6.60822287750834e-09,0
-0.40047473,0.13901741045533642,0.011615948,2551.7270333884326,2270.4778633709657,17.33691489627348,6.486030370682073e-09,0
-0.2193307,0.13110068336716937,0.010978502,2337.6615317342794,2335.1117307627164,16.68261398381282,7.982509767019381e-09,0
-0.32934058,0.10752610208816706,0.011795131,2096.7344213342867,2136.065940165186,17.287012591955616,8.896734922734311e-09,0
-0.1513854,0.1097692502900232,0.010156149,2264.820980260427,2280.5953014532997,14.844682181263595,7.465052603565022e-09,0
-0.06423907,0.256284213674594,0.011024112,3135.872313483417,2058.310985159375,15.031152101001606,-5.516716518391583e-10,0
-0.0036572982,0.09893869634570766,0.011746796,1842.5446500117012,1849.9878997272983,14.982765594976575,1.1262104518166554e-08,0
-0.23543093,0.09782165385730858,0.010189485,1887.2025257511948,1967.0841542404464,14.596120228235964,9.76514330304374e-09,0
-0.10598451,0.12329724659222738,0.011047714,2302.5731958739684,2240.8544333171517,15.517708216229465,8.157572411977809e-09,0
-0.16699007,0.07927263087296983,0.011207567,1522.0551927014944,1644.51137465881,14.461403121104004,1.3095480519662872e-08,0
0.02335579,0.07505483251160093,0.011160606,1593.7149652270302,1747.5489666596459,14.137092209308255,1.2143282531320483e-08,0
-0.10958099,0.12038908425174014,0.011746349,2377.9596274113824,2296.4587717314794,14.618391643508904,7.872986259073321e-09,0
-0.007093846,0.10823869815835267,0.011031399,2066.8705574077744,2160.251539002014,16.300718082839698,9.331045601183443e-09,0
-0.10578393,0.07894295606148492,0.010206483,1624.211478034626,1754.1122708988767,14.253266306922992,1.1186174327759987e-08,0
-0.26047492,0.12223118474477958,0.011045584,2202.356890464469,2209.9113313276944,15.491883702032911,8.69595778775966e-09,0
-0.26633465,0.1420739831061485,0.011105462,2443.0749197592263,2366.5436869113596,16.465433812986777,7.4539461477711e-09,0
0.04325434,0.07280035527842227,0.010999631,1515.2977934513447,1682.2079883651998,14.293540054281701,1.239299419482907e-08,0
0.035637517,0.09302834070475638,0.010980269,2064.7108270450185,2232.2062973906204,16.364170809893224,8.822457122930186e-09,0
-0.08337982,0.1143541092662413,0.009990729,2367.43253289948,2318.6508766107813,16.364011397940377,6.5833900318814544e-09,0
-0.13675395,0.051753280887471,0.011721611,1291.5522988760204,1573.663517676409,16.14334072613343,1.1256340612628683e-08,0
-0.11293259,0.10363231402262181,0.011020208,1899.802209603969,1962.7825492670108,14.077750415087642,1.0892728776170271e-08,0
-0.16667825,0.0785396425464037,0.010870702,1544.0795938206722,1898.4153922800906,15.123200157080127,9.924961035920848e-09,0
-0.081272215,0.08777280307424594,0.010234101,1726.1879829722266,1809.1575532120592,13.499206893242532,1.0932226509843616e-08,0
-0.17128439,0.07112592444895592,0.011087319,1610.9977758486805,1833.4239760972673,15.00180031505764,1.1431424554390728e-08,0
-0.40537125,0.10982476254350348,0.011057883,1933.9745300778952,1970.4832761752946,14.24363650051757,1.0184326612304381e-08,0
-0.059486218,0.13855858468677495,0.011087923,2131.7501594825417,1917.7080702029984,14.212334850235084,8.934477953059427e-09,0
-0.08036302,0.06555204103828306,0.0117745055,1437.7018791582364,1624.662967098296,15.0342415216984,1.2612529446560985e-08,0
-0.07240488,0.14649457112819025,0.010986423,2356.1985953641915,2110.2084888712848,14.622155302548654,6.230312151549475e-09,0
-0.0960398,0.07093106511020882,0.010982654,1541.7674680124608,1834.4924741330985,15.126317160020964,1.0998993822320823e-08,0
-0.22586094,0.11624945620649652,0.011821247,2328.624828325889,2223.143812201816,18.384740031708187,7.741967420250311e-09,0
-0.17978606,0.10998676769141531,0.010085154,2271.1882375636037,2283.818469814736,14.879610278101797,7.38374190542266e-09,0
-0.2035712,0.10287893343967518,0.010985668,2102.504889067185,2239.355536645266,16.213794350617036,9.333927614613245e-09,0
0.31209046,0.0983393905887471,0.010198657,2098.97215810065,2184.8702878747686,17.536719750690615,7.522058246485259e-09,0
0.03488603,0.10203265479988399,0.011759678,2314.870815046283,2319.3008589994265,14.8766943619865,7.801435470530559e-09,0
0.10848656,0.10777194206786543,0.011677131,2154.650474170134,2204.3872502289178,18.48714641542724,8.816956750609588e-09,0
-0.27000588,0.1412809509135731,0.011714741,2564.098945335292,2230.309313345809,14.77614873386828,6.165886176463554e-09,0
-0.11972205,0.07655139754930394,0.0109948665,1660.3599798282755,1842.3026844836347,14.9017104389529,1.132302263814458e-08,0
-0.22302511,0.11943744562064965,0.010139671,2240.657594119958,2279.533042341678,17.38428634528123,7.925880265594075e-09,0
-0.14350632,0.11592091429814386,0.011145594,2011.0269076986403,2018.3266337202028,13.36631800719663,1.0252779346996864e-08,0
0.11395764,0.03804515298723898,0.010159282,1014.6066391767166,1495.6029927566606,15.377002552209053,1.0707886318305614e-08,0
-0.05596139,0.0785079212587007,0.011001982,1559.0418785049408,1845.9676609832209,15.747740016734621,1.1491101358106058e-08,0
-0.12035297,0.04501930466937355,0.010904749,1266.144128680008,1693.8931113461415,15.676049136092082,1.0997174945530657e-08,0
-0.22771023,0.06997716067285382,0.011144448,1477.8255519727472,1661.512707999403,14.769045411824226,1.2407702220238233e-08,0
-0.061926268,0.04115270627900232,0.011061457,1055.252923181868,1536.1940385278199,15.199656309227548,1.1998773595046483e-08,0
-0.17386311,0.10242124057424594,0.010976639,1856.2975375671972,1931.544147213613,13.451596508805912,1.1224708426131252e-08,0
0.21171394,0.09479566959106729,0.011022236,2191.072633242734,2341.322857262639,14.630800159339662,8.219808301384537e-09,0
-0.024618238,0.07841502320185614,0.010984605,1625.0105747779082,1761.3663965842595,13.84782629904615,1.1807645173162226e-08,0
-0.1680131,0.06276623223607888,0.011803499,1402.9794424424133,1611.8065009087431,15.100325972600483,1.2560038386711084e-08,0
-0.105402716,0.07702155234918794,0.010102533,1511.2837093796068,1655.6623270484147,13.928845617134593,1.1866425334621664e-08,0
0.095295444,0.044733813080046404,0.011035815,1139.127857176941,1608.5965756393366,14.990748479003248,1.1614715574537467e-08,0
-0.107066825,0.08587745613399073,0.010918481,1716.2682139840058,1807.1489803181769,14.113076211911174,1.1556720820516883e-08,0
-0.18373421,0.11735516966357308,0.010036141,2232.282700867935,2248.953777246513,17.99235310738037,7.59554921128347e-09,0
-0.13102826,0.09147513051044083,0.011006237,2001.180311924247,2146.752412640349,13.966250629763294,9.796760739734309e-09,0
-0.22404702,0.19767007141821347,0.011537552,2688.609451116784,2083.866886537737,14.884994831614893,4.724575542590683e-09,0
-0.16081086,0.18994140625,0.01101146,2601.5949510339,2087.5726306460056,13.466754741794537,5.902281857707435e-09,0
-0.06461611,0.08723014247389792,0.010107188,1719.5744678028093,1809.4527381367805,13.481509177839218,1.0857098155950595e-08,0
-0.2777629,0.11311358033642692,0.011003242,2159.6216072940265,2247.4943131153773,16.316119253567894,9.033103806590051e-09,0
-0.05539885,0.05130125253770302,0.011041677,1275.5964243545461,1729.6855895888625,15.661383582600934,1.1676676816459965e-08,0
-0.4457034,0.13301982127320186,0.010113576,2398.870637126796,2244.854913275589,16.240687411801794,6.718676629238288e-09,0
0.103115335,0.11076847085266821,0.010990101,2103.0721582451306,2196.2358489397047,16.296276681514684,9.346052677307349e-09,0
-0.079258494,0.17099813297563804,0.011182153,2437.1583020876365,2088.4654038766957,14.074120125592565,7.528718065680086e-09,0
-0.0553796,0.06841602015661252,0.011613414,1431.6983044821259,1592.2536738808672,14.881420173589103,1.2847998038558867e-08,0
-0.2547438,0.10264895410382831,0.011131674,2025.976747480654,2176.7548456500867,16.9773390641143,9.6811487047666e-09,0
-0.074644096,0.08914474876740139,0.010228109,1701.0557828981591,1792.0875423363061,13.20533016321663,1.1226159424658382e-08,0
-0.08773053,0.07495966864849188,0.0108059365,1469.136157018292,1711.400649224166,15.631226869290964,7.966856124183795e-09,0
0.06262108,0.08499152588457076,0.011798035,1709.898719906199,1794.412900717282,14.575159430518019,1.1747456769205855e-08,0
-0.18626443,0.06137842589907193,0.01159604,1385.571250415524,1753.1073163659269,16.242929379760856,1.1929912578961892e-08,0
-0.29120493,0.11381258156902552,0.01014813,2176.499165401136,2220.7934855162976,17.417586809612867,8.160266823163156e-09,0
-0.1539653,0.07584446599477958,0.010933542,1659.0283940104905,1851.1867180575741,14.70664139579926,1.1180497214565613e-08,0
-0.025066879,0.09096419119779582,0.010185211,1739.956511970865,1812.3919054798287,14.016664382622343,1.0867097282709565e-08,0
-0.29882455,0.10941125290023201,0.011021937,2175.4366076032657,2283.377344238452,16.26019402426997,8.955330339690674e-09,0
-0.41963264,0.12896402805974477,0.010897219,2372.052797255941,2408.5976606999225,15.113928105089682,8.142231460028004e-09,0
-0.10274791,0.1546038917488399,0.011079148,2325.2947061186055,2136.4369503493504,13.166506949205909,8.911955135483234e-09,0
-0.06239743,0.1776154201711137,0.011119831,2485.3872778553105,2091.567251473189,13.625314361145774,7.203321043238436e-09,0
-0.266576,0.04351480930974478,0.01010193,1093.0608198632344,1556.7887190250515,15.541292351323246,1.097617885162443e-08,0
0.07017865,0.11162041400812064,0.011012319,2129.6636169323756,2214.467170204554,16.713325775352036,9.150684164610549e-09,0
0.012189671,0.2018096994634571,0.011659315,2749.4527328168324,2055.843124344476,14.152471052850274,3.765883701924509e-09,0
-0.1990569,0.11289493003190255,0.011160717,1967.5277350141316,1992.0984063723029,13.496248500655428,1.0746296094240278e-08,0
-0.3437201,0.16305308330916474,0.01154583,2451.2803258567806,2047.4671143009382,15.169529008727045,6.638177900541471e-09,0
-0.017956864,0.08028091466067286,0.011876409,1649.0655799558847,1760.1095192908122,14.573036775589467,1.2163645277996931e-08,0
-0.1177125,0.09052575768561485,0.011140525,1827.18049194797,1949.8438868366097,14.610073089329825,1.081040472926534e-08,0
-0.07288837,0.08053808367169374,0.010206541,1633.426285639917,1752.249394316338,14.197012439929146,1.1046780698290053e-08,0
-0.11949439,0.071293594112529,0.010971671,1628.5131821041296,1844.8625018857135,14.82706380959946,1.1106687682608597e-08,0
-0.26626486,0.0991947324535963,0.010253052,1831.0526980610646,1880.3741107081187,14.96810351328435,1.0373259727296042e-08,0
-0.4125224,0.14349577653712298,0.011105504,2458.23042701285,2323.0009132202267,15.229496080670852,7.2887163194187205e-09,0
-0.16843212,0.11563882141821345,0.010172596,2350.972983284367,2349.9012693445047,14.564272336870523,7.294216227645216e-09,0
-0.12260474,0.07221691016531323,0.011193103,1604.6452608644072,1833.5388817687717,15.252090112369109,1.1806120205265794e-08,0
-0.3222537,0.11521624854988399,0.011538346,2221.932381904747,2265.66388881336,17.283118225241743,8.884122416949504e-09,0
-0.23664366,0.05497299158932715,0.011000722,1326.452893542528,1732.0533237166526,14.940859245915886,1.1426053915955746e-08,0
-0.11721841,0.08676451928654293,0.011777825,1878.3358320118114,2002.862784051098,14.529945576736328,1.0732887333179007e-08,0
-0.23466083,0.1100604063950116,0.011766385,2193.1352516539073,2200.1760932691004,18.385719217771086,8.60926530318295e-09,0
-0.00033908547,0.12048424811484919,0.0110937515,2209.5780365835276,2236.9400187233714,16.39452635179627,8.872602739141702e-09,0
-0.2866078,0.10505977196925755,0.011833374,2107.88676961609,2169.156873996839,17.836924032952503,8.817935221727893e-09,0
-0.23741949,0.10152171548723898,0.011086041,1909.3111348774871,2030.4797933730295,14.697665864562296,9.87595865299441e-09,0
-0.20577823,0.07848639609918794,0.010216948,1608.8875649130723,1747.5384211692642,14.364263410532157,1.122385100864375e-08,0
-0.11947122,0.10279396570475638,0.01109237,1989.920119658837,2050.056601115043,14.45880188753463,1.0463413673511945e-08,0
-0.039853554,0.08069215849767981,0.0110821035,1672.7467889162106,1800.7529504860656,13.765053770407244,1.1754818899343219e-08,0
-0.17154755,0.12242604408352668,0.010875528,2211.6768698991013,2273.229833237657,15.9150669075579,8.498343882749368e-09,0
-0.11646264,0.1090793122824826,0.011132194,2114.6880918399256,2202.816488061383,16.421291900782155,9.211650076635578e-09,0
-0.057797596,0.09562608758700696,0.011123328,1896.377510465945,2127.8716717614234,14.956362767520263,9.335009409070595e-09,0
-0.16029818,0.09046797962587007,0.010125429,1725.8403491816239,1809.3513094307564,13.283556550050731,1.105573772120633e-08,0
-0.1205934,0.10483885585846868,0.0111377565,1864.7509757577682,1950.009741588909,13.427561829696298,1.0931817027267002e-08,0
0.043445818,0.10686788536832946,0.01102434,2056.027457386369,2195.4044975586157,16.475239960965464,9.595491359569095e-09,0
-0.276245,0.09400603610788863,0.010146442,1793.5905657284422,1866.479091759453,14.855123883744087,1.0177231425780866e-08,0
0.1929039,0.07435583127900232,0.011074511,1485.0570323327238,1812.571586506645,15.615013117043295,1.1854898743405386e-08,0
-0.018212613,0.10421462623259861,0.011839884,2084.0373354417607,2164.6610448626843,18.37737130943851,8.988422602430417e-09,0
-0.246139,0.13791282990139211,0.011078977,2530.0080331975937,2428.9997015564104,14.864349295804876,7.086718761398425e-09,0
-0.02529381,0.19108223970417634,0.010967224,2909.0965068254536,2315.4813934658005,15.003520621310821,3.814813338258875e-09,0
-0.02978423,0.054362356801044086,0.010848829,1227.7513939359478,1654.7022790118199,15.66219074108544,1.1085719894967288e-08,0
-0.23222189,0.1190397966212297,0.01020653,2163.6398291268238,2098.9054106252897,14.175135081636736,8.69756473318023e-09,0
-0.09253666,0.16929424666473317,0.010965374,2690.9006175619033,2284.628776162782,14.59864448711276,5.552219215840342e-09,0
0.092194594,0.05394091683584687,0.010901391,1501.4608705703092,1799.0194829248849,15.55414212808221,1.0099399150452765e-08,0
0.013913335,0.10491362746519721,0.01117012,2201.93794038567,2212.309450958064,13.889938047184131,8.696298130305528e-09,0
-0.48520622,0.1665152352813225,0.011720891,2747.3039956623315,2215.1138345962954,15.593097096857637,4.655676173760752e-09,0
-0.3007102,0.13635282228828308,0.010903919,2409.1129699146377,2270.3438920589088,15.238202062497818,7.448647922139062e-09,0
-0.23043863,0.10861595490139211,0.011530458,2118.660763113306,2163.6100646838217,17.66594200423508,8.696754499085654e-09,0
-0.005670896,0.08170610680104408,0.011008651,1676.1031592415088,1806.6458845699833,14.000993746132817,1.1874657497819268e-08,0
0.0059321695,0.10188537739269142,0.0109472005,1969.8441577940418,2101.546309044137,16.453849557343688,9.284364980834494e-09,0
-0.3749155,0.13605486876450115,0.010144038,2442.0544259956014,2315.824838437604,14.284608294497149,7.134811221940969e-09,0
-0.46099555,0.12267301696635731,0.0100879865,2229.32239507435,2194.2226316940037,16.745775627332648,7.445219475169433e-09,0
-0.1090793,0.0791842644286543,0.010131953,1611.4707510587414,1745.7377045626395,14.363155032410434,1.1157606487889085e-08,0
-0.24992722,0.05885318481728538,0.011749025,1375.286202856827,1604.250198029417,15.166018983581537,1.235220066297074e-08,0
-0.023539105,0.0719722030887471,0.011112991,1514.7632890473965,1681.2702968941876,14.459109329851184,1.2559132692536527e-08,0
-0.07745521,0.09385875870069606,0.01015556,2081.3170860526643,2198.64252656416,14.031907947810822,8.50435779546659e-09,0
-0.05542413,0.067396407337587,0.011583912,1405.1108079306368,1579.8682825052717,14.86318899833887,1.3093266013739585e-08,0
-0.23362112,0.11320194678074245,0.0109465085,2183.0344921595547,2191.244402893624,14.563714152914896,8.653798429598026e-09,0
-0.056438975,0.11935474369199536,0.010964628,2254.2425954826313,2205.3017129391874,15.27844949982437,8.099298900474937e-09,0
-0.1533516,0.11693486260150812,0.011055864,2214.782849378503,2311.155960416041,16.812150105450176,9.076797526287602e-09,0
0.067175455,0.08743179923143851,0.010931818,1706.3370859064346,1805.2777425518152,13.927455588251108,1.1709295902112456e-08,0
-0.14431153,0.07175015407482599,0.0109548345,1498.6094131669283,1877.3272463097435,15.011180348809562,1.0051826803226452e-08,0
-0.052289777,0.0581122661687935,0.011098389,1476.7650428731033,1851.801461420968,14.698554494358147,1.1065815813974276e-08,0
-0.17750123,0.08076579720127611,0.011051133,1803.1876050187705,1969.7789330875114,14.35606814211094,1.0840364151005977e-08,0
0.035821564,0.11200560107308585,0.011063664,2153.3230135815443,2215.926566216817,16.05372463651104,8.996487893006697e-09,0
-0.06920002,0.08119516748839907,0.010232155,1619.1447623563358,1741.2826409419645,13.663520143333853,1.1517453419869916e-08,0
-0.24960208,0.06017868148201856,0.011514049,1387.803550506609,1818.6039912455963,15.67295973522887,1.1485821845696095e-08,0
-0.10412836,0.08336807569605569,0.0110351425,1669.4768496918375,1794.7063273413087,14.667138616617445,1.1914583834459683e-08,0
-0.014912151,0.0759883446925754,0.011750487,1619.4664544783452,1740.4367317684262,15.011883699721691,1.1929115283238837e-08,0
-0.29465163,0.05807374746229698,0.011777926,1341.1633576990976,1733.3636938727973,16.293519328861763,1.1995465685187608e-08,0
-0.055260807,0.09836431445765662,0.010931575,2015.7656366236274,2152.156492120081,16.44383306485035,9.053886546762434e-09,0
-0.05894526,0.07184984955046404,0.011774152,1698.906649694273,1924.6056129984997,15.27382371814309,1.1016129246900796e-08,0
-0.21281339,0.08375552856728538,0.011061997,1635.342874395563,1967.997453943393,14.695249755003573,1.0056435663129049e-08,0
-0.14473152,0.09686435071055685,0.011042974,1782.3522169392566,1897.7374172808793,13.422870076590133,1.1317946830421121e-08,0
-0.14346582,0.050015407482598605,0.01128971,1174.8299189736686,1553.870123742193,16.550989447446536,1.0848549964187735e-08,0
-0.112832114,0.11422835701856149,0.010125315,2201.603991153637,2236.112607175223,17.701916069961005,7.673315108019438e-09,0
-0.13525033,0.0877025630800464,0.011046463,1639.6226774827824,1729.190978255985,15.184318868575447,1.1778062847159608e-08,0
-0.2282879,0.07325918104698376,0.010217396,1509.8651466073977,1661.2131184387003,14.34170085487301,1.1710427695369685e-08,0
-0.15279365,0.07550799376450117,0.011018503,1589.4209703638337,1753.5588795215153,13.988547337357637,1.2107069000361892e-08,0
-0.15586153,0.0772447342662413,0.01180126,1472.883408773729,1752.0625162892402,16.557960810847785,1.1983888018484094e-08,0
-0.21898279,0.19249157120069604,0.010871967,2592.5005165405773,2037.1550697009993,13.861752180193937,5.2751343328461476e-09,0
-0.08146098,0.0930736568300464,0.010192561,1749.0340357296143,1813.77709003034,13.172048683424991,1.1011573808575629e-08,0
-0.10925054,0.14517927059164734,0.011091551,2483.8059984665897,2399.538972327971,15.481317638286663,7.46937944538181e-09,0
-0.13478038,0.07669980785962877,0.010144322,1615.9817685264218,1751.7371236139318,14.362786609353343,1.0949870248361305e-08,0
0.02065292,0.057399670098607886,0.010181356,1447.137104695043,1864.4549281509699,14.738987023756897,1.0317271270180544e-08,0
-0.07738295,0.08987093967517401,0.011618404,1728.8413094155198,1770.794579999622,15.230187093795347,1.063733407212335e-08,0
-0.20605367,0.06616154292343387,0.010987941,1560.859059390171,1812.8706412183824,14.892965488051297,1.1376181521932443e-08,0
-0.15502241,0.041166301116589324,0.010115677,1077.4120343271213,1529.8395295429548,15.106758218648396,1.1018756076804005e-08,0
0.05952586,0.14594284730278423,0.011047117,2413.28797113127,2310.7388114229743,15.643298521059346,7.496961001473561e-09,0
-0.18048412,0.04738707221577726,0.011677755,1153.7326703827584,1545.9968937369035,16.748185330181094,1.0918655763571493e-08,0
0.089942336,0.11224804234338748,0.011056447,2123.2678623343218,2197.357575999727,16.13714417853933,8.920115656083977e-09,0
-0.078258336,0.07760273165603249,0.010179229,1617.2779074724808,1750.4007636106678,14.148898789144821,1.1032427569794403e-08,0
-0.09651549,0.07174562246229699,0.0110888295,1480.8860694661632,1636.9882841925382,13.292349409625956,1.2741575963437505e-08,0
-0.26133794,0.15593278712296985,0.011035431,2596.6256841455343,2269.6940688179316,14.75826228976845,6.177983171565844e-09,0
-0.17998107,0.07984361405162413,0.010143162,1617.0022128942412,1747.3035388621415,14.103483965943397,1.1130168170386203e-08,0
0.27635247,0.10560243256960557,0.01103782,2027.7066151293554,2153.328102735157,16.542694919487342,9.484950343343578e-09,0
-0.020020615,0.11186058947215777,0.010102468,2176.390491172351,2203.642243630619,17.788012128445512,7.541231981421109e-09,0
-0.031799287,0.11313737130220418,0.011081819,2125.326888954311,2186.7259107195396,15.793505071581583,9.360757081777758e-09,0
-0.03366328,0.11300368873259861,0.011067631,2129.4890068799723,2216.320541490218,16.53430620588365,9.193963901139631e-09,0
-0.12264891,0.14881022513051045,0.010904083,2348.8646429720175,2102.7270261101817,14.178986206737084,7.963147465275099e-09,0
0.005294699,0.2096697813950116,0.010130855,2688.799646546203,2059.2922456909864,13.032782155218598,4.521655024341032e-09,0
-0.14802743,0.11293798035092807,0.01100449,2064.7786698283467,2132.657610113862,16.40671623734306,9.089410131207833e-09,0
-0.13972127,0.06661923578886311,0.011070211,1420.9725671543442,1627.6037229033009,14.316287392474411,1.2791721075631774e-08,0
-0.25291008,0.1682961590052204,0.011231203,2697.675318488282,2432.341911745597,15.253010211562254,6.4931260314059926e-09,0
0.009900752,0.06910369235788863,0.010984033,1465.8542692940648,1819.2980673300856,15.148100846418153,1.1834034716956516e-08,0
-0.25551885,0.07971446309454756,0.011707189,1667.5193459287798,1788.7247728578595,14.849926654710865,1.1402341308514292e-08,0
-0.20390072,0.09734923325116009,0.010878599,1886.5061917467144,2015.492373679759,14.198608319394562,1.0364394045671735e-08,0
-0.048975818,0.20350678835556846,0.0099373,2727.962034426644,2139.6863947459224,14.386060738950349,3.85344814362773e-09,0
-0.29476517,0.10586639899941995,0.011759373,2082.6561291757866,2116.420944273117,17.651701378570092,8.562103953404563e-09,0
-0.07092313,0.06984914261890951,0.011061706,1402.6768083782943,1577.4508225601144,13.832887748345392,1.3384205310558026e-08,0
-0.019766849,0.11428160346577726,0.011115026,2235.5636439297728,2296.3145965150566,15.794005196183958,8.961177358903204e-09,0
-0.18042734,0.09861128734048724,0.01112123,1995.947557685987,2161.1821476271944,16.752110086107447,9.863477631830764e-09,0
-0.27492774,0.11930036434164733,0.011594548,2112.1449085263694,1953.588274862277,14.443113311001602,9.315043429973252e-09,0
-0.24992964,0.16740003262761022,0.010958654,2574.4289408936825,2234.958583210479,13.380783409556535,7.026903754600526e-09,0
-0.23288684,0.10873944134280743,0.011724845,2127.3686086696343,2133.9055113532254,17.831926287799856,8.35176155155508e-09,0
-0.16011056,0.2932043938515081,0.010993967,3355.9014246671977,2097.166306966206,16.307982321811227,-2.240704637962836e-09,0
-0.24662998,0.07104095671403712,0.01009914,1586.9391529301868,1803.0777118953379,14.856683923506354,1.0456089605971058e-08,0
-0.012634559,0.10908724260440836,0.011001865,2176.5268704967316,2265.5923864418705,16.215657708698362,8.79534562326059e-09,0
-0.19064686,0.0724491553074246,0.011116447,1620.1191900230695,1835.2109026243795,14.75314579765395,1.1700321221259022e-08,0
-0.09645196,0.12126481837296983,0.011042444,1879.7353324604878,1917.8433462387904,16.97636380629248,9.653401337992483e-09,0
-0.24432378,0.11121256888051044,0.0101815425,2074.6595192055192,2142.377275520706,17.506503350575738,8.295514854999586e-09,0
-0.18193871,0.1996016712587007,0.011019371,2737.576470333353,2102.256483502949,15.677824721965322,4.149544475828201e-09,0
-0.17760675,0.08214793902262181,0.010982125,1640.3409649692385,1771.9196687855474,13.46113106770645,1.2236228397699837e-08,0
-0.22582304,0.11373667705916474,0.010080036,2234.8607220732165,2275.45685610931,17.36867156346306,7.62709889533062e-09,0
-0.37672567,0.1087904219837587,0.011781514,2119.762547959951,2142.6855654358847,17.767506035821437,8.785374125640638e-09,0
-0.058501743,0.1338830934599768,0.011771678,2186.7099977329085,1925.5187973848188,13.633916769647847,9.000694804242227e-09,0
-0.08844532,0.06619666292053364,0.011047306,1562.7963813913589,1914.1759517436335,15.368665151569505,1.094766324212264e-08,0
-0.17211396,0.07058779546113689,0.011679643,1585.5598692878948,1790.6897673355072,15.48362423752527,1.161502552640104e-08,0
-0.11563131,0.07847846577726218,0.010176745,1624.8244783948362,1748.3988130919304,14.33840112788743,1.1012904909210914e-08,0
-0.24517515,0.04945575333526682,0.011103123,1273.849925955542,1707.3728695767068,15.53996975073756,1.1834776951968581e-08,0
-0.085744694,0.10645550862819025,0.011105969,2067.2627186323393,2142.3075442458507,16.723212295147533,8.816866022383774e-09,0
-0.11168051,0.045223227233178655,0.010688785,1144.9558251622566,1574.5511743915306,16.324802184219205,1.1102912052036758e-08,0
9.777042e-05,0.0779278748549884,0.0111343,1595.25550490295,1734.2146695391436,13.963281967094305,1.2437999233958881e-08,0
0.04157295,0.10670814602668213,0.011113706,2105.6443794398133,2207.5965368330244,16.766755109809527,9.346851557581002e-09,0
-0.17254665,0.06184291618329466,0.011154947,1321.033528196464,1743.6896505256025,15.106793325228953,1.2069208136118149e-08,0
-0.07193458,0.06897000978828306,0.010985792,1521.4533367908873,1808.1686709532066,15.231139711585817,1.1177933528316748e-08,0
-0.020184267,0.08177408098897912,0.011064417,1677.966559883602,1798.333840761899,14.526485030247713,1.1821286122760957e-08,0
-0.097135946,0.15834926950406034,0.010210549,2323.595446999268,1941.351108525119,15.155998920288935,7.12072713725388e-09,0
-0.17988504,0.10670361441415313,0.010967526,2139.543654477988,2267.8482686960633,17.018663212081304,8.72611900129354e-09,0
-0.030699145,0.07565753697795824,0.010877593,1632.5305203521882,1962.1793345953683,15.045214044587063,1.0534052902271733e-08,0
-0.11983755,0.07434336934454756,0.011629591,1536.5592975383151,1680.0923245657941,14.849974526964715,1.2286243207475021e-08,0
-0.064975,0.09507436376160093,0.011569559,2170.2449251128714,2271.520101769668,15.348306648900994,8.417142444827865e-09,0
-0.2097831,0.11747525739559164,0.010184146,2155.976508338147,2177.040833423592,16.88398314481017,8.01085245415307e-09,0
0.012564595,0.07505936412412993,0.011066082,1569.5185497655646,1739.8321844451393,14.05878675403543,1.2257146020022063e-08,0
-0.17707402,0.11381144866589327,0.010143646,2173.5659096876593,2221.698953784539,16.964505245118463,7.953100883690651e-09,0
-0.3466549,0.1534256724912993,0.010866422,2568.7955720363334,2300.0424948638433,15.251850467956375,6.5004988864014085e-09,0
-0.069008045,0.08168344873839907,0.011062398,1656.4347551586288,1790.0136391798414,13.842574490771362,1.1931004338062796e-08,0
0.06610814,0.1461037195475638,0.010999874,2431.831439423297,2182.6715430188865,14.014316392068212,6.527678700837306e-09,0
-0.062086675,0.08170157518851508,0.010175488,1626.9200184219428,1747.526693258608,13.886376146834374,1.1299740809363754e-08,0
-0.19405566,0.13731125833816704,0.011111334,2318.969868702983,2282.8502580620802,15.949213501529094,8.119637396753688e-09,0
-0.18717667,0.2160956079611369,0.010969122,3034.0151245260254,2486.875225512644,15.36134707569051,4.2998408112987985e-09,0
-0.25330427,0.10414551914153132,0.011035194,1889.2295036415371,1956.1077396521619,13.492470912318936,1.1154587242627704e-08,0
-0.110397905,0.3209945076856148,0.009938026,3514.468817462034,2089.103960805726,13.909962290155429,7.336587770083089e-06,0
-0.18731108,0.12584174702726217,0.010112534,2229.0578607844513,2187.4151710775272,16.41951851184144,7.619032304848909e-09,0
-0.054737546,0.05793100166763341,0.010198492,1424.2774092794436,1833.3227083179606,14.94513246911354,1.0419130141572623e-08,0
-0.038404737,0.04257336680684455,0.011528425,1122.8958157454438,1579.0655958439113,15.809947218913786,1.2029339536046325e-08,0
0.104945466,0.05337786397911833,0.009799229,1228.7739716293177,1635.9330222461813,16.007273190893734,1.0314728192685188e-08,0
0.04657397,0.08304293249709976,0.011685082,1652.0748608685892,1736.9830235433583,15.348250073262914,1.206730027984281e-08,0
-0.2791294,0.12638554053074247,0.011017754,2298.9127757236542,2320.751195151051,16.66661351654812,8.092431639185768e-09,0
-0.17085083,0.06819963565835267,0.011076615,1418.9882567711063,1615.9660262396428,14.036458487333663,1.2970613748650578e-08,0
-0.02617749,0.04744938188805104,0.011014131,1211.7069066707572,1687.691488947628,15.393007722724843,1.156707203176286e-08,0
-0.15989155,0.07742373296113689,0.010154099,1607.9298006454385,1743.847098097841,14.251682248552195,1.111391766016634e-08,0
-0.10280438,0.11862741988109049,0.011762867,2329.4936082209006,2223.6486358505726,14.07088432169766,8.29911983123946e-09,0
-0.09518905,0.08281182025812064,0.011757282,1696.8649296318931,1792.3181730289875,14.455564049523547,1.1768548283653552e-08,0
0.06470477,0.10503144939095127,0.01105553,2003.7288472594012,2136.58995174083,16.54380670345633,9.41941059165262e-09,0
-0.20687321,0.1310270446635731,0.011003049,2161.604839458893,2045.4494466895978,13.986468852964949,9.252583313958716e-09,0
-0.1645815,0.24641776029582366,0.0101911165,2826.593931564129,1838.272921637125,12.962930484291054,9.707303521663326e-10,0
-0.045347746,0.05811339907192575,0.011820647,1409.099968299816,1761.3684326776108,15.675886819639247,1.1756008261790707e-08,0
0.19812228,0.26720539986948955,0.011668329,3323.6813298951624,2082.715595419169,15.979153435332007,-2.3628933384799906e-09,0
-0.086495236,0.15860643851508122,0.011083289,2507.76386735957,2213.6320875424885,13.424601121143263,7.533772740600268e-09,0
-0.12923124,0.07536751377610208,0.010137376,1666.029785441513,1865.1342806870055,14.673182926205618,1.0422414359812036e-08,0
-0.074037015,0.13488118111948955,0.011032752,2350.1805088247743,2316.698667725976,16.746858976602272,8.069186497636931e-09,0
0.0045049493,0.07262248948665893,0.011770503,1571.0032098312,1719.2456002162364,14.570957855188242,1.209940095902944e-08,0
-0.067278825,0.06326357671113689,0.010205524,1414.954096507708,1801.8781939066741,15.619719668818885,1.0834021562785012e-08,0
-0.36448327,0.17315518053944315,0.010853116,2503.16125498359,2106.09120896582,15.322796037280087,6.318870266137926e-09,0
-0.023596643,0.08371021244199536,0.011737234,1695.81796461496,1776.4860104973013,14.707368278669556,1.1805818412705782e-08,0
-0.09691507,0.19225819315545242,0.0101305945,2555.4961481630153,2001.1478455918275,13.280125672531426,5.00955748822939e-09,0
-0.16240627,0.12617708635440836,0.011000669,2316.7739474877503,2301.744409486445,16.566666059630375,7.817163976341234e-09,0
-0.13408571,0.07817484773781902,0.009960002,1579.3239062459506,1808.5487736344692,15.611493603084957,7.597706300067336e-09,0
-0.23580483,0.07932814312645012,0.0109255,1553.6962912843937,1674.1737134137386,14.201610160688729,1.1878474996300901e-08,0
-0.08230294,0.07529274216937355,0.010157246,1527.3534001051848,1672.3145966507502,14.20788493495084,1.1653973831371476e-08,0
-0.13956816,0.09957198919663574,0.01100195,1814.539329603471,1911.5991323400508,13.41239037737981,1.108941099429869e-08,0
0.3811887,0.11014877283932714,0.010990509,2138.3923900851187,2198.699291945481,16.18812187946365,8.771565256935721e-09,0
0.041219924,0.08674752573955917,0.010983314,1683.9413840370573,1795.9554392114626,13.672070744818944,1.2066905888119562e-08,0
0.077118784,0.09633301914153132,0.0109873945,2071.6768140721015,2217.4677074266197,16.377200220710442,8.88143500836223e-09,0
0.008901807,0.07887271606728538,0.010994978,1604.9006303907572,1754.4859035812365,14.15464991753214,1.2022378492514798e-08,0
-0.11860278,0.04945462043213457,0.011022079,1180.6582105565378,1650.6113436427586,15.41725397446809,1.1865016989605982e-08,0
-0.36177725,0.11029944895591648,0.010941089,2147.972690704925,2251.630538138085,17.164884873908733,8.88205854362972e-09,0
-0.008596159,0.1204219384425754,0.0110553885,2181.265126425019,2202.375116666179,16.115270835776585,8.760392472155395e-09,0
-0.12243283,0.1466316524071926,0.010153215,2553.6403596950727,2281.974327445127,15.520196864804063,6.018933381681844e-09,0
-0.20329309,0.08668521606728538,0.011057388,1590.5711483801974,1678.997448815512,13.750237660942394,1.2832528433639995e-08,0
-0.12901478,0.08001808113399073,0.011108239,1707.232989129278,1858.2207234581006,15.06814708779818,1.1332597655921273e-08,0
0.015416113,0.05563913863109049,0.010866138,1217.8639724579398,1585.5061924638355,16.97837547255104,1.0963413832423318e-08,0
-0.04742534,0.10319388051044083,0.011168753,1844.7068554649138,1930.3180701610856,13.773581991464651,1.1196412941849687e-08,0
-0.23607,0.09524090052204176,0.010213338,1790.9999304294172,1866.46306314138,15.018820825713066,1.0313841485308451e-08,0
-0.21961054,0.08267473897911833,0.010079442,1709.8589129495554,1845.111403883929,15.01432587843064,1.0327014520017629e-08,0
-0.093401566,0.11492509244489559,0.011764655,2158.8654451860803,2078.6235826419306,14.196175189943165,9.349133827946187e-09,0
0.062072493,0.07645396787993039,0.011709254,1594.1898686945133,1726.8807934442636,14.468138454010885,1.2150139099144819e-08,0
-0.20059179,0.16489858251160092,0.011020646,2446.728217371898,2060.5921986660073,15.94583843984206,6.6432844927970055e-09,0
-0.16883573,0.07643357562354988,0.011100652,1616.7722159445184,1759.9106238613326,14.042451767115976,1.1710998612101868e-08,0
-0.16670105,0.08858962623259861,0.010193522,1878.2029752241162,2000.7686023198462,14.191510628972749,9.929313345330672e-09,0
-0.004120142,0.05264147694315545,0.01077656,1283.669932445958,1655.67153977103,15.277765096136498,1.0938393632335691e-08,0
-0.19936997,0.1100558747824826,0.0110958135,2144.931513578645,2241.0205019343434,16.957153290846453,9.129995489765652e-09,0
-0.094407514,0.07630329176334107,0.010800415,1570.2119065322584,1644.86353121162,15.844354164762631,8.97211553613607e-09,0
-0.26124185,0.08087002428944315,0.010145733,1547.1443459627976,1832.0426049208638,15.737612893267167,1.0807689722022213e-08,0
0.07378888,0.31396597665313225,0.0101661375,3442.058536682793,2240.237979009278,13.45177801397609,-2.0005132798481647e-09,0
-0.24341603,0.11706854517111369,0.010040822,2226.2504019436137,2235.2883748537074,17.1675242400633,7.477307198620575e-09,0
-0.0810801,0.056829819823085846,0.0109061925,1393.548873280316,1842.4947883496602,15.186382873607824,1.0006805419522484e-08,0
-0.049698,0.043015199028422275,0.010141622,1128.2071831423243,1484.279989606877,15.461083169400885,1.1284627872917498e-08,0
-0.24102698,0.1260060179814385,0.011744741,2183.2184639258926,1998.0985394401127,14.468369266899133,9.304123825690556e-09,0
-0.29240498,0.13113353755800464,0.010575538,2168.4382406488667,2039.7322359394607,14.296047832911336,8.861929256652261e-09,0
-0.06062227,0.08342472085266821,0.0119382385,1702.9725390451351,1789.2883793049552,14.6762166995457,1.1765732160681364e-08,0
-0.49472177,0.14253054306844548,0.011223326,2445.8455799121857,2368.6491685987294,16.81815101363477,7.521323409153647e-09,0
-0.12438004,0.04156168430974478,0.0116369035,1064.2954263414667,1515.2617776099412,16.54877902864342,1.1818080989069316e-08,0
-0.27005124,0.13812581569025523,0.0111044,2432.2299108193856,2369.2343714223744,15.017989854137868,7.726817882849519e-09,0
-0.17638111,0.06843188080046404,0.011565108,1581.3615625072891,1808.8845447693152,15.098905667018029,1.1473116015825934e-08,0
-0.16637138,0.09196114595417633,0.010203879,1727.8030110662799,1802.08597332192,13.270384044286333,1.1110956445626e-08,0
-0.08911662,0.1184665476363109,0.010135549,2244.46623569475,2235.27294107254,17.341349853545367,7.455435110249465e-09,0
-0.34642535,0.1301717027987239,0.010979992,2144.5765486883697,1959.47250034638,14.333646367268997,9.067199716266209e-09,0
-0.10642579,0.08315735571345707,0.010809411,1660.7266940157363,1788.5083616772545,13.683061323474599,1.1395910467228829e-08,0
-0.16391155,0.13698724804234338,0.011611898,2247.5590544396728,2002.3835384829963,14.373032516968214,8.688961457964096e-09,0
-0.1423168,0.09044192285382831,0.011046571,1808.3626766006983,2005.4364431331305,14.862169460607138,1.0435061495446674e-08,0
-0.137033,0.08014270047853829,0.011834847,1677.297702485128,1783.9767817429251,14.628929836062513,1.1806402982521963e-08,0
-0.001061955,0.07078831931554525,0.010205041,1411.022772529653,1586.1506912362015,13.102941000929697,1.2419872229065402e-08,0
-0.14289036,0.0763599369199536,0.011674209,1439.2237012795963,1563.765362838379,17.58514075984074,1.0820671726223564e-08,0
-0.28739992,0.06560642038863108,0.011596522,1506.7653161855133,1698.042993152168,15.648589592473117,1.1561314792684745e-08,0
0.06647947,0.039131607091067284,0.010100316,1034.2888699468008,1531.229442671689,14.538126492512726,1.1213141676707085e-08,0
-0.10175702,0.09615628625290024,0.010213198,1926.7827316361358,2017.3114433169642,14.152156330302633,9.800171430496655e-09,0
-0.30314887,0.11224917524651973,0.010928062,2180.558874312338,2232.3819907186735,16.25955649703446,8.815023803150194e-09,0
0.0009288844,0.2083057660237819,0.011751186,2705.1908312378296,1872.466976644589,13.933280299258591,2.7373777574572487e-09,0
-0.14608395,0.07361377972737819,0.010159842,1469.7571900458254,1619.8842497675441,13.765750229729683,1.1997569006837686e-08,0
-0.10582648,0.10617454865139211,0.011727804,2086.793998235055,2113.5300396250204,18.404875708405555,8.475059153179268e-09,0
-0.055786423,0.06089354335846868,0.010172198,1429.6990859052642,1831.1996656522888,15.444455271874826,1.0719806591713459e-08,0
-0.15675764,0.06511813913863108,0.011004767,1517.3521391648285,1782.9456070853225,15.551297458908202,1.1459723992623989e-08,0
0.098612025,0.15921027588457076,0.011676857,2781.031343125508,2263.905021777712,15.211641967808331,4.479870400577717e-09,0
-0.1783996,0.11602627428944315,0.011187093,1994.120565952319,2021.060915737923,13.244847835529622,1.0574994269107178e-08,0
-0.11169006,0.08458481366009281,0.01099873,1682.2085004543515,1795.0167324337394,13.968716243297042,1.1988607588979317e-08,0
0.007560903,0.07155189602668213,0.011791353,1482.7842852896324,1642.419001148041,14.733662524709938,1.2649700407319062e-08,0
-0.0960408,0.04383428799303944,0.011707193,1083.1091860460785,1529.929259998405,16.42847003139221,1.2336628769279552e-08,0
-0.066808075,0.07626703886310905,0.011597229,1612.1931546351866,1734.3044213553,14.961177394176564,1.1867408413392298e-08,0
-0.15532765,0.08917307134570766,0.010240413,1724.4445068576008,1807.3953870364417,14.192205587455927,1.0931522398949121e-08,0
-0.4688033,0.14547948992169374,0.011101054,2479.3784293529357,2374.349471548492,16.793821137014735,7.258176056175886e-09,0
-0.22493301,0.12806110426334108,0.011079199,2373.2251595236417,2240.559984329748,15.98089099116636,7.648162271594686e-09,0
-0.0060483883,0.06472615465487239,0.011739665,1376.43046986181,1762.6615984579853,16.88228341113125,1.1852839525494329e-08,0
-0.09315936,0.07499592154872389,0.011624533,1624.7236181466167,1873.380115775829,15.530245821456225,1.0221339602195243e-08,0
-0.15824041,0.12955427059164734,0.010986418,2113.7654167270143,1943.3348269179462,14.030762953679805,9.55786946278259e-09,0
-0.05958596,0.07202998114849188,0.011035482,1573.0494967891084,1801.7713190751479,15.330234937452902,1.1678633115198253e-08,0
0.10507284,0.04966873912412993,0.011094534,1196.731548373661,1632.4194165730828,15.671559350685653,1.2437449457545294e-08,0
-0.22062328,0.10271579538863108,0.011134469,1889.7268177242088,2089.6110447484143,14.939569931617594,9.784962166193485e-09,0
-0.12062247,0.05812699390951276,0.011105666,1436.9113878280982,1844.2120092592752,14.647967790126975,1.1570180892116564e-08,0
-0.27918568,0.07811480387180975,0.010150314,1658.3625147361981,1835.2879001608144,14.819922908499187,1.0633434225702589e-08,0
-0.18475619,0.07468890479988399,0.0101095615,1564.2572052878272,1783.5198960042544,15.471422628436157,1.0562877548440164e-08,0
-0.018793201,0.12512688515081208,0.010871506,2275.1686970636765,2268.9914885399644,15.804432784180836,8.074046311083984e-09,0
0.12672332,0.10694605568445475,0.011641768,2114.469656708575,2182.3878838165247,17.770656127190517,8.948944619731732e-09,0
0.09204957,0.07614581822795824,0.011039687,1593.326930996419,1743.961809296524,14.43533649682981,1.2047645265048272e-08,0
-0.11273192,0.06819736985208817,0.011043792,1563.5088552667937,1811.6997875141358,14.915587327299955,1.1470744699676149e-08,0
-0.30868655,0.14691487819025523,0.010967353,2557.0870627840427,2295.153597434583,15.671644307953224,6.629395884144744e-09,0
-0.17008406,0.11090781793793504,0.011014839,2134.0162693127786,2254.3051094601046,16.84417271146116,9.342182487434376e-09,0
0.14718775,0.1114017637035963,0.011036849,2256.245554365103,2331.9199368638265,14.581302049836737,8.748765135795641e-09,0
-0.12936817,0.058001241661832945,0.011042926,1464.037047294381,1857.7508295093153,15.684415618679102,1.0892665097542752e-08,0
-0.0788421,0.10081478393271462,0.011006884,1865.3287311318834,1950.3534064411901,14.131456683934475,1.0765447447663137e-08,0
-0.26588118,0.0629860154437355,0.011484119,1413.2621092890215,1744.7895014689714,16.473096570928526,1.0913949508921434e-08,0
-0.0086664185,0.18690975746809746,0.011767806,2699.831097509008,2119.908185096595,14.255442080229694,5.118646843218993e-09,0
0.005500772,0.06684015189965198,0.011734049,1453.7172783839726,1639.768583093221,14.955662518416515,1.2412464685770746e-08,0
-0.1279876,0.13825949825986078,0.01101117,2409.888982297408,2378.384153793735,15.957565668196093,7.89899767068429e-09,0
-0.3317291,0.20354304125580047,0.010208415,2667.1984822334234,2051.0255896043377,13.642573784847968,4.279878736570705e-09,0
-0.10880561,0.18905094438805103,0.010952353,2548.4017881436203,2004.41232326468,13.699974848426821,5.341133262175701e-09,0
-0.31817454,0.11545529111078887,0.010119443,2146.746580425607,2197.747991597246,17.178609831855958,7.908381462700854e-09,0
-0.22845319,0.166522032700116,0.0115859145,2492.326940161233,1952.2114219551715,15.030415397044827,5.42274701873109e-09,0
-0.24169523,0.12462161035382831,0.010849063,2200.1156468799413,2239.9970750730827,16.580805633687106,8.512318368723566e-09,0
-0.14248683,0.10853212006960557,0.01109446,2048.052372556364,2165.5889642774036,16.432334192220583,9.097937121764147e-09,0
-0.04014618,0.07063877610208817,0.010150513,1478.2782596547422,1646.9508736502326,14.704044559738485,1.1705983032459868e-08,0
-0.19822326,0.11593790784512761,0.010963774,2273.715865727597,2339.3334380785777,14.622476830931086,8.749643995628666e-09,0
-0.15008882,0.09949155307424594,0.011109839,1838.2737467054476,2062.3543010565973,14.656080290856062,1.0169546612733271e-08,0
-0.14949277,0.1261397005510441,0.010079393,2376.040543245377,2338.926947141182,16.177293750451206,7.182510689687294e-09,0
-0.30790022,0.08876749202436195,0.01020809,1682.5701265261905,1774.0043412664281,13.987582632305568,1.137745397230772e-08,0
-0.20829931,0.07888291219547564,0.010940027,1668.8950529919325,1849.0291324981856,14.870630286590064,1.1338390350993166e-08,0
-0.07233711,0.1587163301189095,0.010981566,2434.230715006138,2127.065339219678,13.386945896681324,7.692448376698705e-09,0
-0.13587776,0.12125235643851508,0.0111435475,2074.8109160096187,2061.6759721905887,14.710856908075598,9.818346395849128e-09,0
-0.28832257,0.12716271207946636,0.010979141,2337.816770743462,2279.5281639107657,13.763237383678272,8.151113606917982e-09,0
-0.064385206,0.07785423615139211,0.010185518,1597.4438472556906,1743.0213559164747,13.375987833526084,1.134309298272268e-08,0
-0.06160663,0.18072523926914152,0.010627132,2474.579311125084,1928.200782705826,14.151511533227639,3.500581303660005e-09,0
-0.17151642,0.11634575297273782,0.011007288,2241.408188115826,2224.4523204914904,16.056987725112403,8.143627491276e-09,0
-0.027484382,0.08028544627320186,0.01104343,1613.687203227638,1760.8798316567493,13.761853571196774,1.2281745797813329e-08,0
-0.06596925,0.08597148709396751,0.011767802,1752.695978711492,1843.1006498107456,15.820724727322707,1.1047479687934911e-08,0
-0.15765211,0.10776287884280743,0.010815948,2011.6352108179235,1976.5812233190006,13.760212659619969,9.640657736604297e-09,0
0.09835962,0.10275657990139211,0.011018172,2015.0521862523349,2136.896825494159,16.273174862442815,9.441731347255169e-09,0
-0.2284609,0.10868506199245939,0.011165442,1943.8123735632491,1995.3216357337783,13.194749566888202,1.03748013580966e-08,0
-0.07769151,0.039593831569025524,0.01111707,1097.979228637032,1587.4497982375835,15.380596369025497,1.134115302147135e-08,0
-0.30664107,0.06857349369199536,0.011532788,1554.8631581444986,1777.1059909198539,15.586383501243299,1.1366520416541499e-08,0
-0.30233997,0.08793594112529002,0.010045323,1943.1007642699983,2124.435568722821,13.944868418613925,9.198129308491067e-09,0
0.027896838,0.1050767655162413,0.010960153,2066.181092366285,2186.8972029127954,16.876463022074937,8.973302943997903e-09,0
-0.14034674,0.10534526355858469,0.010955171,2106.6259971204204,2195.676601047479,16.683012692133346,8.682377424552445e-09,0
-0.13736054,0.1173778277262181,0.0110788075,2156.385462170065,2191.6028948757757,15.853958699054797,9.220253590883812e-09,0
0.052894052,0.1762899235063805,0.011039959,2434.3030666876175,1973.1450399264445,14.551170685427326,6.571013274490104e-09,0
0.08443249,0.07419722484048724,0.011774707,1579.3377877385576,1721.2246452924537,14.506396903342965,1.2165046259658559e-08,0
-0.33444357,0.06293730060904873,0.010155094,1394.1152860688733,1623.623323013631,14.579475947422342,1.1578268007946142e-08,0
-0.16943502,0.07205717082366589,0.011128208,1532.4804458677506,1730.6087784333686,14.007805782947752,1.2471889204618365e-08,0
-0.1740157,0.08561915421983758,0.011088712,1697.3645419687355,1798.9690960667926,13.90354366702586,1.1965377940988553e-08,0
-0.050016697,0.08258070801914154,0.0110483,1678.6281637043378,1806.476672423516,13.836491202157019,1.1959417827917417e-08,0
-0.4196599,0.1292472538428074,0.011808807,2503.303786254376,2287.735909087243,16.032399942136497,6.601956140813369e-09,0
-0.2228129,0.0800939856438515,0.010185335,1610.1916824901757,1737.5148642032732,14.289940865688006,1.1364285984778094e-08,0
-0.012874364,0.06969846650232019,0.01161639,1480.3822256905657,1637.152200551388,14.861136121293878,1.2584757274573239e-08,0
-0.15308788,0.09314842843677494,0.010177338,1716.3049327637623,1772.548612568569,14.064467631885664,1.1284338185185603e-08,0
-0.25078082,0.1256582167198376,0.01098706,2126.3567482006856,2084.2727478216075,15.063786622996963,9.777836364795007e-09,0
-0.054534175,0.052289144069025524,0.011719584,1314.7653946413338,1738.7739993893003,15.540390965099325,1.1658552157688595e-08,0
-0.12829977,0.27603298107598606,0.010860638,3329.2045476477883,2109.3009387955253,14.583232301320335,-2.2560149756039923e-09,0
-0.0058380514,0.17387683983468677,0.011034205,2502.7665400404317,1929.6017208484918,15.19124310050623,5.45527837952485e-09,0
-0.0569965,0.044220607961136894,0.010997494,1171.6428832331533,1633.3308130639714,15.083783172341953,1.1783078374019923e-08,0
-0.09000623,0.07248427530452436,0.010942085,1538.9885521395206,1721.1397227516545,14.41323221172171,1.2224743354309314e-08,0
-0.12963599,0.11744580191415313,0.011007045,2297.410781443143,2304.7531302997168,15.981443691325628,8.319721864428365e-09,0
-0.014062782,0.06790961245649652,0.011771414,1439.9987478598764,1618.3077265083155,15.043715138465151,1.280018910524028e-08,0
-0.10640924,0.1135792035237819,0.011111473,2177.434784845838,2246.598015373296,16.08396919957689,9.211200085490473e-09,0
-0.044760384,0.11662671294953596,0.011176205,1965.5433763923677,2002.0350545878462,13.086997248272862,1.0743215605985181e-08,0
-0.39303064,0.0943164515661253,0.011491936,1810.7448785949084,1838.4794588748905,14.444462252364923,1.0973311990513845e-08,0
-0.25464937,0.04825374311194896,0.011780712,1165.439298828911,1541.0883756285027,16.25294190143275,1.1818045228112013e-08,0
-0.041659325,0.08632608577436195,0.011010607,1718.2210344492048,1816.325248132944,13.303731475767608,1.1694700955681288e-08,0
-0.09223551,0.12710153531032484,0.0101959845,2278.824189678975,2242.71819973613,16.893000677410406,7.755082728605254e-09,0
-0.17630067,0.050964780307424594,0.01105318,1176.7727642497405,1601.2901588649513,15.809184573699367,1.1680120264965198e-08,0
0.003349823,0.08065024108178655,0.011843018,1677.261037432237,1779.931176354481,14.569994808829302,1.1853499454534604e-08,0
-0.13935761,0.0744068119199536,0.011027921,1640.0314983235285,1836.7372073228905,14.70835510639348,1.1475283907893334e-08,0
-0.13855657,0.18354956677784223,0.010160021,2787.8511862808305,2323.8813027968336,16.76289326603586,4.857177775160981e-09,0
-0.13376534,0.07272558367169374,0.010166141,1545.0955409391227,1720.4932693447265,14.651072432821968,1.1348856065417708e-08,0
-0.21031395,0.05965754604118329,0.0117965,1440.0665377118514,1689.7273063309951,16.22766586923821,1.1485278934913525e-08,0
0.037432395,0.06209102196925754,0.007873057,1307.938144415643,1603.5325975215414,16.224544203389772,6.995504348892145e-09,0
-0.11462186,0.08536311811194895,0.011158654,1687.0120978691987,1802.3391534821762,13.179638321515402,1.2007913111455263e-08,0
-0.16916502,0.11476988471577726,0.011058426,2162.36630920158,2188.4872605712817,16.162698232649102,8.525029889901802e-09,0
-0.08436838,0.04363716284802784,0.010946605,1076.8533941895998,1547.0520953064683,14.808575783495838,1.2105719686213954e-08,0
0.13267419,0.06952513232308585,0.011091361,1473.966562254637,1814.8981783470829,14.954000026681088,1.1936046076182853e-08,0
-0.02773361,0.07731837296983758,0.011757034,1589.790681818209,1716.452833788784,14.599306408867244,1.2191305326841729e-08,0
0.11036886,0.10581201964907193,0.01103882,2079.008528359282,2210.501069855883,17.117956025406883,9.45644175651529e-09,0
-0.004008946,0.05828673325116009,0.011419084,1318.757486781343,1691.1181384857798,16.439185208497715,1.1359538904216071e-08,0
-0.062406257,0.07823375870069606,0.011742076,1651.0995192325731,1774.612313575483,14.568459522258502,1.1845662096184451e-08,0
-0.22252746,0.08735249601218098,0.010920332,1772.271969699766,1957.1683643855451,15.156409253501522,1.0212343792040838e-08,0
-0.08593911,0.09570652370939675,0.011073482,2130.4090027375564,2234.206721402582,15.530397147195021,8.624949678468753e-09,0
0.05716355,0.11325292742169374,0.011055264,1975.2787335314051,2003.6581770496439,13.52389152766565,1.042428873392529e-08,0
-0.21803656,0.0975644848462877,0.010144134,1976.4622116794117,2061.618942731009,14.314218703558925,9.405200858428177e-09,0
-0.089099914,0.09787829901392112,0.011071162,1793.6685377289866,1915.9348613765765,13.236013721600633,1.1295399643482221e-08,0
-0.5620709,0.13578637072215777,0.0100961225,2430.424591734145,2235.7463280173206,17.65809623857448,6.610462745224512e-09,0
-0.12100819,0.06879440980278423,0.01168937,1573.9457411344229,1789.2764794766347,15.490061200998372,1.1577654689311702e-08,0
0.0118471,0.0757730930974478,0.011067954,1612.1428408045906,1756.478310052084,13.22142899151328,1.1911980513252484e-08,0
-0.20382333,0.11007060252320186,0.01111993,1900.3336167057232,1954.1287897907612,13.457251558531011,1.073096620026898e-08,0
-0.04314831,0.07121202508700696,0.011085707,1500.8959650836134,1670.1077036637728,14.315216348670894,1.254854917008325e-08,0
-0.23525709,0.13714472157772623,0.010922171,2351.2540045322994,2295.754569181048,16.25525991834453,7.802257641208253e-09,0
0.215177,0.17199735353828308,0.011059547,2278.6543691501774,1769.3558086872715,14.630871290911085,7.244657284754533e-09,0
-0.31297243,0.10796340269721577,0.010995721,2051.702248872961,2181.69617354592,16.681757083648687,9.395353869168043e-09,0
-0.09846167,0.08402515951276102,0.011092861,1714.247814353007,1876.3069395876885,14.339742937579118,1.1212334373526767e-08,0
0.116040096,0.12425228393271462,0.010933347,2309.9500374373188,2289.9320982080835,15.921058595906501,7.627988852481469e-09,0
-0.4080716,0.14621700986078887,0.0110937795,2561.6522010414924,2465.638073756325,14.83935165433861,7.258658918124165e-09,0
-0.1139487,0.08510481619779582,0.011120106,1705.1075978147103,1806.7394345513756,14.050678736500082,1.1815473808185246e-08,0
-0.4462995,0.10810161687935035,0.010136038,2073.4625506379275,2079.492427135114,14.412636910073408,8.951446699363475e-09,0
-0.11017296,0.10415684817285382,0.01098522,2141.9143205424793,2240.297413603534,16.752119230643682,8.541309516344357e-09,0
-0.18015227,0.11187645011600927,0.010993221,1992.2881084173596,2008.876408890973,13.344471657832717,1.0294152376041847e-08,0
0.026781175,0.125,0.011101848,2335.627647694928,2361.6940021832415,15.15756302203592,8.072142273323765e-09,0
-0.062152043,0.05442919808584687,0.010936551,1324.7745384360483,1744.686590013971,14.862252835989521,1.143278764150047e-08,0
-0.14768302,0.20942847302784223,0.011082814,2777.8056499717645,2190.894588289724,13.645823731016515,4.5954638880603135e-09,0
-0.21630584,0.05381856329756381,0.011113087,1402.5339665771796,1809.1113379325507,15.067597334719036,1.1133847698033666e-08,0
-0.20416142,0.28543494417053367,0.010804895,3232.6100554446234,2242.3638172272167,13.94358057038643,-2.046133309641928e-10,0
-0.24101134,0.1716620142111369,0.010249171,2359.273079617583,1933.2447492514489,13.045962252612275,6.90164771565273e-09,0
-0.24125133,0.07589884534512761,0.011043146,1666.7428400630743,1852.5164807482251,14.347618628228217,1.1478279622542204e-08,0
-0.17007607,0.14976412956786542,0.011205927,2533.179256614304,2302.1423266340385,13.730524299384442,7.21794675903302e-09,0
-0.44043422,0.16587061339907191,0.010994548,2730.45377501611,2327.158972711419,16.61654459791324,5.32366521360669e-09,0
-0.030744478,0.07184305213167054,0.010985163,1484.8272489669625,1663.3598624753492,13.463849566016183,1.2561738155560234e-08,0
-0.08909853,0.205091719837587,0.01102196,2676.038894009346,2019.2835694032558,14.247178517341867,4.109342790891086e-09,0
0.048763767,0.14991480568445475,0.011132457,2429.763700585311,2315.5709607544204,15.838663626067985,7.58413765879979e-09,0
-0.070929445,0.1624481130365429,0.011002627,2348.6292592374803,1967.0049435819317,13.989286988178101,7.663079164591628e-09,0
-0.21512043,0.10624932025812064,0.011731513,2128.001499400082,2193.1796993659427,17.371804159147622,8.871392310779698e-09,0
-0.38565105,0.11506783823955917,0.01175791,2398.235876480691,2368.497528950205,15.463177543505061,7.686928698649404e-09,0
-0.2930097,0.11130999854988399,0.010144929,2294.0766261331764,2301.050709857707,14.708869196063224,7.347470390106071e-09,0
0.012998239,0.07111232961136892,0.011662467,1530.4066597976905,1736.92941761746,16.825696839501425,1.0971649780986365e-08,0
-0.08598286,0.07212741081786543,0.011749823,1487.7834583902,1648.4920114046033,15.194178466147962,1.272989005570988e-08,0
-0.07463686,0.07878321671983758,0.011183309,1600.5007296065187,1757.9434479766946,13.90088451523789,1.2402755216568285e-08,0
-0.15067887,0.1029469076276102,0.011187871,1953.8578578191755,2166.0146163402956,14.152114554724664,9.646023930373013e-09,0
-0.100780524,0.07208096178944315,0.010212133,1479.8557360314817,1644.7931542313622,13.377308468749469,1.1912746408840525e-08,0
-0.07142347,0.09069342734918794,0.010133161,1742.6862757491638,1812.9901612460048,14.115195833030446,1.0717753142958917e-08,0
-0.15575951,0.04771561412412993,0.010015268,1181.8956207967897,1546.3705051955435,15.803694902245962,1.0558853754000129e-08,0
-0.10247752,0.15274139899941996,0.0115616545,2353.501268227755,1913.374635080385,14.55639027079153,7.2277313271458656e-09,0
-0.09525248,0.08713271280452436,0.011033386,1679.0977118479077,1893.4650268275027,14.300916765617202,1.0870811955494315e-08,0
-0.07111213,0.11427820475638051,0.010168354,2130.1440238140362,2176.1699130466372,17.40877806320417,8.185193075032085e-09,0
-0.035851713,0.15272553835556846,0.01078141,2278.7406643855147,1892.7280257458608,15.055043340416653,6.882827133898793e-09,0
-0.2525503,0.11949975529292343,0.01102338,2227.7750646038453,2275.97882809869,16.202961646495186,9.049504357411371e-09,0
-0.1081392,0.20068925826566125,0.011066671,2622.8637165998275,1988.0912468802937,13.992987010868834,4.948763774569575e-09,0
0.039901953,0.3397859719402552,0.009971181,3715.1498101956486,2015.3723969364244,14.283896031475312,3.3520621617306014e-05,0
-0.38700104,0.11946236948955917,0.0117250765,2323.483372162244,2220.909311664357,18.06888227611303,7.839103478625977e-09,0
-0.1904749,0.08565314131380511,0.011857787,1808.0785792395288,1921.7628789066916,14.963422954294897,1.0769081945203654e-08,0
-0.13702218,0.11617921621229699,0.011715606,2267.1136146941417,2279.926965141804,17.530994329170767,8.470032585098776e-09,0
-0.21804485,0.08069555720707657,0.011042604,1652.8553365588468,1800.9015298270456,13.889634105567003,1.1933726800191727e-08,0
-0.12945458,0.10533166872099768,0.010856982,1925.2686306860483,1960.1365046711076,14.064574344658276,1.0552799396530292e-08,0
-0.2866874,0.0370108124274942,0.01103406,1158.8298096322721,1646.6865544062696,16.78420934234361,9.927691165082212e-09,0
-0.32998723,0.16706695910672853,0.010181369,2416.0120505054556,2004.5976666517383,14.355546313845919,6.365432844492136e-09,0
-0.15579122,0.13354208961716937,0.01095083,2331.7787242505624,2310.4387612768464,15.852674551340268,8.063224746316132e-09,0
-0.17776778,0.24095490139211137,0.010767121,3010.5840054715404,2184.8130553852575,13.812356259897165,1.63568363525601e-09,0
-0.18599616,0.06118130075406032,0.011067074,1406.7581136233152,1643.812139799862,14.445319977468692,1.2186709537215849e-08,0
0.12848091,0.05979462732018562,0.011073053,1401.013970037314,1794.9196194999859,15.021845717834422,1.1662903265298637e-08,0
0.14368854,0.12816306554524362,0.011012677,2333.0131746591755,2313.050211504276,16.335875669261203,7.758961145726233e-09,0
-0.065892905,0.07980736115139211,0.011785005,1613.1274700580802,1725.5109829095445,14.722629624853601,1.2394269188496507e-08,0
-0.077224284,0.06434436629930394,0.010962279,1473.0280500543226,1764.5981085378517,15.735066841020728,1.1832453122882405e-08,0
-0.3133008,0.14790956714037123,0.010900946,2351.6309444800513,2067.6666045346537,14.130803235034902,7.628853112563222e-09,0
-0.24521023,0.08872557460846868,0.011593668,1837.409196412635,1942.8149208275845,14.848347325397963,1.0710477599957729e-08,0
-0.07709682,0.11098145664153132,0.010915917,2177.2681439983958,2250.8950240012427,16.39997752194064,8.789488115205343e-09,0
-0.36581498,0.11844162376740139,0.011133802,2292.8388744768386,2303.692441944764,16.306655547837014,8.529427718603142e-09,0
-0.08816475,0.05689892691415313,0.0117637245,1333.9362723900506,1736.6857283404772,16.131912286395337,1.2025541935562323e-08,0
-0.18652362,0.06697836608178655,0.01157438,1405.8374834609874,1776.981614222856,16.327051340431172,1.1503067420309576e-08,0
-0.23351517,0.11095766567575406,0.010962608,2066.488434946011,2134.260477031657,16.738694329030807,8.983640936249232e-09,0
-0.33269244,0.191880936412413,0.010210949,2721.1297004276576,2247.942889173073,13.59922956860971,5.477457688663595e-09,0
-0.06612563,0.1455282047563805,0.011073188,2477.7231159229036,2313.4639868199897,14.86112176763367,7.518094428325892e-09,0
-0.26920456,0.11844842118619489,0.011146806,1946.3238548216273,1803.4158340275067,15.471469341201304,1.0069535681157467e-08,0
-0.36941803,0.06763884860788863,0.010183369,1594.9234428492775,1847.524365681369,14.79102293119755,1.054739114707331e-08,0
-0.15155049,0.1074977795098608,0.011019337,2035.1415687563285,2139.2670616569876,16.03032910459175,9.51131662126141e-09,0
-0.17326307,0.13761487637761022,0.011127805,2384.2731007682037,2360.1418037908916,14.903828614955628,8.403433541461585e-09,0
-0.015229846,0.1694132014936195,0.010834541,2390.0935234627304,1933.1706637877285,14.558247750157683,6.836149546198707e-09,0
-0.088587426,0.24108405234918792,0.011099238,2934.305285302379,2038.898013679501,13.647974011665221,1.719653286255939e-09,0
-0.24076045,0.1352788301189095,0.011088017,2422.885021183652,2307.071404554264,15.60550900824298,7.895152751654446e-09,0
-0.03698318,0.09829860607598608,0.011131147,2071.3637559695494,2171.533205317142,14.292406595898337,9.552782650031917e-09,0
-0.06314376,0.07472175899071926,0.011034616,1601.3653205914998,1751.5165714759776,14.218077520120621,1.187017618786176e-08,0
-0.44011348,0.11560370142111369,0.010919482,2040.325166268121,1913.934517966793,14.047210638661326,9.494299182114166e-09,0
-0.014556359,0.07353447650812064,0.011787438,1507.3866083672651,1656.4319354389145,14.912392449560366,1.2679973728199611e-08,0
-0.24466646,0.06607657518851508,0.010164792,1423.8324356233763,1620.0035115803005,13.814521359699613,1.1628045833604093e-08,0
-0.061407305,0.08034322433294663,0.010989399,1638.01801701237,1774.4465099398658,14.238081749776729,1.204168167450263e-08,0
-0.25007984,0.12301855242169374,0.009920321,1978.6593853697686,1839.2446147303278,14.037215368899819,9.135120591731254e-09,0
-0.14901145,0.04580553944315545,0.010924175,1149.9241998025288,1594.558146287196,15.995343596766702,1.1626961690804721e-08,0
-0.17607772,0.14626119308294663,0.011183507,2387.0520155587806,2294.7288100317846,15.943061549500865,7.831261431305907e-09,0
0.041382663,0.07243442756670533,0.011012502,1497.5935984147359,1670.9683052215778,14.150655465714019,1.273955600327831e-08,0
-0.2196233,0.18783760513341066,0.010113411,2491.349361364613,1949.0900544664446,12.800571454540592,5.757334263029465e-09,0
0.009894037,0.1402907935759861,0.011048042,2507.2550311429786,2273.1717923513133,15.711728130786758,6.742860406903692e-09,0
-0.22013775,0.11377066415313225,0.011051231,2167.834415345067,2267.6281672790406,15.915256029291989,9.253370644131e-09,0
-0.23914129,0.1063376867024362,0.010906836,2110.4986745845495,2182.8405095583103,16.622823463178765,8.480469860591554e-09,0
-0.15555716,0.1038090469112529,0.011108854,1958.5411683715276,2048.6330353736266,14.870740267255334,9.491358843684767e-09,0
-0.08036551,0.07587052276682135,0.011117559,1646.6146675329633,1847.745379601454,14.913123275844827,1.1681417201203451e-08,0
-0.04895846,0.07623531757540604,0.011153599,1534.2389066866501,1679.0144954163175,14.123740526519406,1.2602063009587125e-08,0
0.050752994,0.08119856619779582,0.011669535,1667.2545885475058,1780.3846164630638,14.566945271287283,1.1911979475682618e-08,0
-0.40510595,0.0738199680974478,0.01014671,1614.197112834119,1819.4115951536357,14.90676147442597,1.0677408214618142e-08,0
0.20925277,0.11813120830916474,0.010948663,2196.4932797747647,2254.499355209011,15.584036694359241,9.238208495691797e-09,0
-0.15808056,0.06676084868039443,0.010997214,1463.5621638364275,1656.76778480548,13.476716338977926,1.2364046840440166e-08,0
-0.19702156,0.05200591828596288,0.009930775,1239.8876557690496,1661.6224993909748,15.829544237454318,1.0229869922542921e-08,0
-0.18013766,0.11329371193445475,0.010150829,2182.989194256605,2221.4853741263537,17.465182577809404,7.92629007345796e-09,0
-0.16676947,0.10956646062935035,0.011074993,1987.7423381027402,2037.354625029564,14.614100038149399,1.0066151127621557e-08,0
0.11573171,0.08454063043793504,0.011774304,1733.7761894326563,1835.8151561733273,15.649517521138398,1.1290596475261389e-08,0
-0.33270386,0.11491263051044083,0.010124319,2233.12717994661,2277.7937731525253,17.273287772608747,7.491725102098109e-09,0
-0.17510836,0.09053482091067286,0.010182451,1872.1265480487236,2000.3276220150278,14.14413624572098,9.975342368463544e-09,0
-0.22968087,0.09308951747389792,0.0109411,1790.0727344570917,1919.2027150512758,14.149168056059882,1.1112342874563345e-08,0
-0.04272588,0.0663008900087007,0.011104649,1563.9682621465863,1919.2669391844763,14.911903291868667,1.0923471965232277e-08,0
-0.118544176,0.10803024398201856,0.011201524,1977.9003364865898,2056.6336371290995,14.799854254182863,9.843241687045578e-09,0
-0.17224717,0.05992151247099768,0.009826538,1330.585577574758,1719.5789106222833,16.241393724927523,1.03137883951325e-08,0
-0.29271507,0.21137593351218098,0.010989743,3004.7438710460715,2481.0399399747844,14.804354658699637,4.669449498689556e-09,0
-0.087308206,0.0962072668938515,0.011178174,1882.6735604438,2142.1695954223974,14.082175450945236,9.655639586860223e-09,0
-0.1202858,0.12843043068445475,0.01088501,2342.0318287121067,2331.7867991868443,16.705915840789004,7.835383804405008e-09,0
-0.24573684,0.041861903639791184,0.011640999,1097.5059558070263,1586.3825731580216,16.96402132898134,1.0723395095757466e-08,0
-0.052932285,0.1009892510150812,0.011649632,2124.2941742769335,2209.98467437119,19.469546749700264,8.209371537083996e-09,0
-0.134722,0.07546607634860789,0.011637501,1603.5699831784368,1741.8143971922364,14.831104164992132,1.2060955978417935e-08,0
-0.15977591,0.08926030488689095,0.010170789,1693.743363153984,1785.3429897309086,13.422963654404816,1.1388275311471027e-08,0
-0.064485736,0.13854612275232017,0.010974273,2476.937490698149,2289.9790455219795,16.49890230911358,7.085736586109464e-09,0
-0.1918065,0.09273945040603249,0.010910981,1668.4996185320956,1793.6874472735026,14.119299439387243,1.2222979531469678e-08,0
0.4056564,0.1014594058149652,0.0110033,2018.3538274549967,2146.0840357132647,16.316426368310964,9.203632968866902e-09,0
0.14604954,0.045452073665893274,0.011063465,1395.2633266510338,1761.5015773216655,15.587760882824831,1.0370980635020396e-08,0
-0.080886975,0.1070344221287703,0.010907538,1939.9733043487552,1983.160800421402,13.197331825010968,1.0607647250163281e-08,0
-0.22443397,0.11420569895591648,0.011631136,2335.1475337375637,2345.1369291107385,15.137391139964343,7.940197558291785e-09,0
-0.21373782,0.13722855640951276,0.011170671,2362.80630410961,2303.8603996236657,17.71342782880843,7.837417326329993e-09,0
-0.08400042,0.1280463765226218,0.010162254,2269.4076802333775,2233.898208012786,16.20415396724338,7.881505568406606e-09,0
0.05834288,0.08315395700406032,0.011053552,1684.6047706563024,1804.6149178660878,13.448398564812294,1.187655035301363e-08,0
-0.19361867,0.0839084704901392,0.011740496,1897.4635914609871,2100.3384951322478,14.76450347774849,1.0327764977006569e-08,0
-0.109726444,0.07663523238109049,0.011009934,1690.9939948008953,2008.4632890239147,14.75026539041142,1.0165181949693405e-08,0
0.08236827,0.12556078705046403,0.010925016,2333.0317541705354,2320.2675073065534,15.808899775770081,7.944982341688024e-09,0
-0.07603668,0.1063603447650812,0.010903892,1893.6355029480908,1941.8757240529687,13.453803800125906,1.1055703333612449e-08,0
-0.18767735,0.08615048578886311,0.011114334,1709.1508752570844,1808.0073086246048,14.104658687759871,1.1891049557533374e-08,0
-0.0005431101,0.08512747426044083,0.011088148,1689.390637233795,1799.1044730580004,14.10332439421334,1.1971320303277805e-08,0
0.030191287,0.08627283932714618,0.011500439,1640.721823928317,1707.9052208566773,15.915537742480849,1.1419097540592442e-08,0
-0.24536288,0.10736069823085846,0.011122101,1930.8646802031003,1981.5976840679214,13.312988050391104,1.0664175273403405e-08,0
-0.031679064,0.05830372679814385,0.010137445,1421.7655987900946,1789.887189984961,15.211462238650297,1.0686978347623881e-08,0
-0.26729977,0.12485952001160093,0.009641068,2002.48118578234,1888.7331242099535,15.886887434104038,6.912710930178592e-09,0
-0.014102595,0.10773342336136892,0.010917634,2134.372966307903,2215.390553855831,17.150171412004234,8.524394475788768e-09,0
0.08017954,0.10570099514211137,0.011038274,1830.755677561388,1895.6502403714705,13.626190210069751,1.1364123987642299e-08,0
-0.26063317,0.11847221215197216,0.011166681,2024.1157648845242,2036.061990456259,13.960055253730173,1.030574932563937e-08,0
-0.08401904,0.10367309853538283,0.011121679,2079.29617028171,2221.780240426023,16.847151183511823,9.43627666063763e-09,0
0.16546106,0.10328337985788863,0.011083389,2051.7851493471694,2197.515936772817,16.011959658803708,9.371318766359257e-09,0
-0.12987131,0.3218441850348028,0.010723724,3496.60025241214,2321.224933780546,15.424704735412735,-1.5450242421767204e-09,0
-0.12546106,0.060499293068445474,0.011480465,1290.3291272951908,1657.26209051864,17.083582616400985,1.1211278696209352e-08,0
-0.015836783,0.07667035237819025,0.011017118,1598.202813705248,1747.9522059927322,14.301296466155051,1.1902546537126832e-08,0
-0.26712605,0.14497308222157773,0.01015193,2479.9114173112184,2253.7762812137216,15.66561600127011,6.63084589335912e-09,0
-0.080706134,0.07123128444025523,0.011100052,1487.6389717113927,1646.8318458149017,14.331502237582956,1.2586604155146161e-08,0
0.033379618,0.04909322433294663,0.010730127,1184.6556660723368,1572.1385487703624,16.56169403914448,1.1190166178678837e-08,0
-0.12095258,0.1200254223462877,0.011069196,2247.3336540095856,2284.8605928378147,16.630534781779176,8.91473524545564e-09,0
-0.38294154,0.19428042524651973,0.010959614,2548.296269556865,2011.4224896598396,14.513222834101612,5.136465915286836e-09,0
0.012091732,0.054933339979698376,0.011076099,1334.5510039885799,1756.5272609358924,14.745094411408362,1.2009321522251473e-08,0
-0.21171033,0.12113340160962877,0.011034036,2276.833465017798,2272.728196153011,16.156713983609603,8.410310338672017e-09,0
-0.45406875,0.16219320983178653,0.010152921,2658.534964088599,2273.4790036820164,16.73756272130737,5.281848825609866e-09,0
-0.045614883,0.14369856619779584,0.011150124,2372.4419939264626,2316.683644964421,15.114497814449003,8.160287796572823e-09,0
-0.10320999,0.19385105495939675,0.011010692,2622.36411646405,2045.0368674579017,14.913547793282481,4.952739233074305e-09,0
-0.11275617,0.11307732743619489,0.010157027,2197.5297543845304,2235.5456972862976,17.608829400073986,7.715151792124487e-09,0
0.08791144,0.07048583417923433,0.0110468455,1469.534304727323,1650.5378428085787,14.220266159688032,1.2731590369922516e-08,0
-0.0034005698,0.08015063080046404,0.011055799,2009.7719662287896,2228.30828578218,16.402467113001244,8.439624018099502e-09,0
-0.1949955,0.053432243329466354,0.01178676,1403.7047401243703,1803.1377607549975,14.933911492686692,1.1298687901407132e-08,0
-0.14091659,0.10715111115139211,0.011729982,2193.8762774987063,2249.126515533878,18.48588644765257,8.606310041621254e-09,0
-0.2541303,0.13273999419953597,0.011780197,2502.225034368468,2235.674248710835,17.48729838573752,6.5208814596332275e-09,0
-0.14942981,0.1736808475928074,0.010090814,2721.1480234337046,2308.984954235847,15.341427335344651,5.165242192238885e-09,0
-0.2765267,0.129412657700116,0.010196184,1913.3822758866627,1671.7371249116507,15.344788773394598,9.620851305150835e-09,0
-0.032498375,0.0811623132975638,0.01175649,1680.4207471090688,1784.400507559892,14.535568468435159,1.18302105155684e-08,0
-0.23346786,0.08856130365429234,0.011175183,1727.16383907486,1936.6576315426994,16.25886869055029,9.516328430378646e-09,0
-0.19865146,0.11539977885730858,0.010904061,2197.4931147669286,2274.552702450687,16.786174816192887,8.719666594986964e-09,0
-0.2598167,0.191926252537703,0.010338942,2615.084211158538,2103.771423387893,13.98801770427149,4.849879074621331e-09,0
-0.24784312,0.17508791328306264,0.011756117,2700.3467046470305,2264.2476602678753,13.582423255767385,6.148118830604481e-09,0
-0.036012422,0.13108142401392112,0.010966885,2463.185081939064,2328.061155257429,14.964542170378575,6.813337320341233e-09,0
0.046210196,0.11421249637470998,0.011096623,2175.3358465662754,2222.2336039652337,16.064335353341082,9.025698296028003e-09,0
-0.18835285,0.11527855822215777,0.011374564,2022.9242908037625,2036.3590212619124,13.46774685521621,1.0365007648714388e-08,0
-0.20254296,0.10380338239559164,0.0110906195,2044.9969097982887,2068.434025854053,15.118667327673856,9.92030930899659e-09,0
-0.24390388,0.061453197505800465,0.011873429,1399.2984523659609,1796.9415075786696,15.940478751870716,1.1827196866164929e-08,0
-0.17171198,0.0785147186774942,0.010968438,1692.575944474654,1883.748313354053,14.61627541064812,1.1273998495609393e-08,0
0.10367537,0.09452263993619489,0.011113025,1781.8746572821688,2074.1860752519965,14.32881897523345,9.646476420162121e-09,0
-0.03922434,0.11729739160382831,0.0110673215,2226.8889379731595,2295.464527053193,16.37304114503846,8.995930275096632e-09,0
-0.14797941,0.05193681119489559,0.011562322,1219.2719475442289,1672.0338903910672,16.63761645606998,1.1006445132524569e-08,0
-0.12627354,0.08196894032772621,0.0110704,1647.775553823018,1786.931225235605,13.86750618883655,1.2348207267935757e-08,0
-0.18162155,0.061847447795823664,0.011077922,1471.4284689735716,1757.7435435647114,14.734632112992786,1.1705639418760461e-08,0
-0.17384717,0.06152910201566125,0.009805113,1312.521439165746,1528.1559343231547,14.339219380234248,1.1718993443496272e-08,0
-0.10259347,0.13568214363399073,0.011091062,2463.194071353992,2300.25850708858,15.068789702604672,7.343464263305347e-09,0
-0.04396926,0.06861427820475638,0.011780938,1461.9736867317208,1631.67688392205,14.98051239238054,1.2717476685816146e-08,0
-0.04262589,0.10664583635440836,0.010984522,1931.7406005258483,1973.5821721762184,14.034344797173384,1.0601695232214794e-08,0
-0.24133459,0.21142578125,0.011078552,2733.7103386410367,2117.1093469095267,13.208562030372025,4.504838071452688e-09,0
0.011805287,0.07271312173723898,0.011086063,1558.0132593043425,1736.404877153912,14.252715204405115,1.2307995039351685e-08,0
-0.09944466,0.1661696998259861,0.01099015,2361.1713336949115,2013.455805495282,15.147760668498407,7.745279557773488e-09,0
-0.16657954,0.10904419228538283,0.011813387,2192.1663717424126,2237.5380492896875,17.490072085668743,8.811627647422956e-09,0
-0.014297742,0.11706514646171694,0.011058299,2277.565066004427,2296.146151764502,16.273070175766428,8.61517049338934e-09,0
-0.11839714,0.1114153585411833,0.011025374,2189.542842170717,2270.005016500931,17.163980847032843,8.683156645317948e-09,0
-0.22942354,0.04411977958236659,0.010997451,1214.88802344884,1664.8200215551842,14.85133171550191,1.1561890059438963e-08,0
-0.04174471,0.07562808149651973,0.010903505,1418.232853454444,1530.5890215030836,14.66612667451146,1.3118383853200252e-08,0
-0.05207543,0.09392220127610208,0.011008226,1756.2380928121645,2030.8573694590705,15.240925892143256,1.03719542583152e-08,0
0.033281,0.0514621247824826,0.0111182025,1291.0467334341606,1745.791215011519,15.683101232868827,1.176259261138191e-08,0
-0.108172156,0.08363317502900232,0.010230898,1625.8664323266544,1729.8153508638243,13.533156479361756,1.1581192107474657e-08,0
-0.021649312,0.08387788210556844,0.011006214,1686.6585986718608,1805.4110770050916,13.945632774986906,1.1820222573463355e-08,0
-0.18491182,0.08708513087296983,0.011011623,1724.6470397437843,1855.723655643751,15.351772036420641,1.1456916656550042e-08,0
-0.056132242,0.11101997534802784,0.011092861,2139.8579482150876,2231.4066508478068,16.027362528480143,9.446456296525696e-09,0
-0.2756739,0.13142922527552203,0.011124613,2368.2675977493095,2339.3377206560813,14.626209467536889,7.774325676721634e-09,0
-0.17441769,0.13918847882830626,0.0111289825,2382.1668370672505,2323.2943159550978,16.070158211167033,7.706504920606649e-09,0
0.034191415,0.0697437826276102,0.011848627,1537.1088456472394,1713.6408204935174,14.881526127987819,1.2099144890017175e-08,0
-0.32950908,0.1568527044663573,0.009823746,2217.2786876909477,1826.4481079678937,14.061992046232778,6.943311355756765e-09,0
-0.009032265,0.03871583164153132,0.0101121515,1027.1996803905913,1522.6164023187011,14.90545997238487,1.1019093261086412e-08,0
-0.13717775,0.10738448919663574,0.011010666,2143.4389406500977,2264.2898598994757,16.562849181012517,9.155831277896894e-09,0
-0.08961634,0.06626690291473318,0.011194343,1416.0611552176078,1626.6405473874556,14.034834521924513,1.308220587341363e-08,0
0.12010561,0.06642437645011601,0.01111091,1381.1427009403596,1583.6065877249769,14.071676857510196,1.338797126037063e-08,0
0.04021517,0.13253607163573086,0.011105158,2273.2499621992115,2269.4299262929776,16.493723895954137,8.281178341860714e-09,0
-0.19479051,0.12182220671403712,0.0109041305,2300.9279785824724,2337.6693869669016,14.669916828223682,8.647998018991584e-09,0
-0.21625105,0.08949368293213457,0.0110984985,1770.760090101956,1869.884225099503,15.06910570527548,1.1111021889176937e-08,0
-0.14757438,0.13590872426044084,0.011776367,2500.0513971240184,2221.58430491016,15.281803254439208,6.643625733576874e-09,0
-0.16344622,0.14099545932424595,0.010154485,2499.242776695694,2337.612655054583,14.626415939256374,6.805045961353158e-09,0
0.32399833,0.10287326892401392,0.011047755,2055.0267026793217,2164.2443866609265,16.270029781998677,9.006902831587552e-09,0
-0.35868368,0.11308525775812064,0.011697962,2238.516421466856,2250.164056158375,17.771781857098137,8.260656713248171e-09,0
-0.19133583,0.08755641857598608,0.010201196,1671.3785550577627,1778.90963248618,13.11209065259986,1.1502601787480632e-08,0
-0.1884166,0.1326040458236659,0.011006302,2309.615653340332,2279.435815276186,16.352827908685704,7.894459972656935e-09,0
0.22397965,0.12631643343967516,0.011103776,2258.933271183029,2286.8377131851125,16.5063467440351,7.937243336254984e-09,0
-0.26774234,0.1172724677349188,0.011032737,2261.7942973601685,2298.435563470716,16.52946979323483,8.697153920383933e-09,0
-0.10093732,0.13422749601218098,0.011034261,2298.767338863246,2286.949629408975,16.24136603769535,8.217908302774615e-09,0
-0.26328367,0.18394834868039442,0.011175137,2695.1432320435097,2266.017018143973,13.988447793384866,4.896984981616779e-09,0
0.035991505,0.09436176769141531,0.011702319,2107.869703609161,2218.418756028581,15.693732413867195,8.901595802556985e-09,0
0.13602851,0.12725221142691415,0.011041392,2070.012738562617,1897.2403635982316,14.10873635394855,9.57705098981044e-09,0
-0.01642549,0.12412313297563805,0.010955357,2262.6288905528936,2248.616903747187,15.935965469188282,8.077960212502183e-09,0
0.03349277,0.09935220598897912,0.011004525,1817.0562747512797,1910.4995907102234,13.156562695503442,1.1503349593865765e-08,0
-0.057828672,0.07151224441705337,0.010226481,1469.5526450045797,1644.5812118115339,14.678657739982173,1.192890418537624e-08,0
-0.30968094,0.09486930829466357,0.01091213,1817.6083208170915,1988.0452424141577,14.891146409632656,1.0340054851860644e-08,0
-0.09965764,0.13049344728828308,0.010977473,2322.885470874452,2314.785461385832,16.068752465158532,8.101004331733974e-09,0
-0.028014991,0.0681713130800464,0.009675141,1420.6228269480416,1605.503801555619,13.471586146066116,1.1470089626815182e-08,0
-0.23284662,0.10402769721577726,0.011086955,2062.1287500754697,2188.9732550970994,16.562321587848302,9.285358231213086e-09,0
-0.14786369,0.11327785129060325,0.011039386,2099.7972721604174,2177.56496300576,16.268326625934197,9.289155362581972e-09,0
-0.14909798,0.11969121592227379,0.011555868,2318.9921019068697,2270.5482679951037,17.33686742672813,8.096546292773144e-09,0
-0.21127702,0.11051696635730858,0.0101177655,2237.8777244331204,2271.9864088181434,16.561279148645294,7.53246737200212e-09,0
-0.19890293,0.08924331133990719,0.011810672,1707.6110915588188,1762.7419854024297,14.969424127669875,1.2043502940642876e-08,0
0.06872414,0.09413405416183294,0.0077716527,1725.0399729262142,1840.6941360125008,16.86437793766505,3.8215740483329615e-09,0
0.14510927,0.268595472012761,0.011049029,3246.8785817038492,1987.9418224074652,15.40813168383928,-2.4190467259201996e-09,0
-0.08929333,0.11695072324535963,0.01123768,2002.828745829587,2013.6611983049752,13.914390498531345,1.0485678048137392e-08,0
-0.2452066,0.07474554995649652,0.010227134,1620.5393967179878,1823.1524855109496,14.826731695767563,1.0729334623805201e-08,0
-0.023703713,0.0722678908062645,0.010975788,1497.7427096661227,1652.182801328124,14.240553949813977,1.2563984187344756e-08,0
-0.027713835,0.08628983287412993,0.010227673,1718.3168763905405,1809.295577917232,13.351192362696812,1.0962601424546074e-08,0
-0.059618153,0.06791867568155452,0.0109701175,1449.2446766924356,1650.2997828604996,14.03737996453382,1.2670754774543172e-08,0
-0.12794566,0.10855930974477958,0.0110958945,1868.831453983793,1943.8691451976492,13.563073458620298,1.0979566452307157e-08,0
-0.10834636,0.08767424050174014,0.011100312,1725.1379398294443,2026.418416005799,14.440843077288086,9.902662131255894e-09,0
0.02834411,0.1346602650087007,0.011004671,2323.61319411247,2296.1365664978225,15.821125260490511,8.376762538300677e-09,0
-0.08837071,0.07455748803654293,0.01158302,1570.1173498492963,1719.0490951067297,14.66393278152844,1.2132891441909966e-08,0
-0.18739404,0.07832439095127611,0.010984229,1784.7767362370353,1979.5443318496693,14.77566881546761,1.0603237969641598e-08,0
-0.1624386,0.11642505619199536,0.010996483,2177.2693774652707,2228.632694883757,16.57385694754084,8.973557290510977e-09,0
0.034684487,0.08252066415313225,0.011069293,1673.852567609775,1802.9961050160434,13.771922369432286,1.191035576128444e-08,0
-0.110932365,0.10732217952436195,0.011780874,2172.358265277321,2212.135402650367,17.577883942470553,8.689283099006215e-09,0
-0.15843517,0.06255777805974477,0.009092427,1368.8056423033643,1572.2035393573829,15.700839060220156,9.363179287422735e-09,0
0.006498688,0.07365909585266821,0.011121148,1447.4267229334032,1581.7965852190332,14.187621026168092,1.3268662937048898e-08,0
-0.009958714,0.10136650775812064,0.010758764,1819.4902246050858,2002.2027894023242,16.227328169286736,9.004015419343497e-09,0
-0.24311504,0.13723535382830626,0.010192076,2175.3133770310333,1991.3073816953922,13.752727688185239,8.771325777078988e-09,0
-0.06347878,0.07113385477088167,0.011732278,1432.6477257272666,1562.4375305607648,14.986974477306234,1.3164113406494977e-08,0
-0.1890806,0.10379885078306264,0.011026141,1899.6307551055522,1969.8119348162447,13.00749385131261,1.0626350580909554e-08,0
-0.08345634,0.09776727450696056,0.0110959,1746.707394256075,1768.8451480110807,13.84590556527682,1.179862792558141e-08,0
-0.005746864,0.0683707040313225,0.01108989,1462.0601796930075,1657.9675452398565,14.270699900084448,1.2660438440332924e-08,0
-0.22160798,0.04010250507540603,0.011800788,1060.0145032392168,1506.2586715125292,16.897059964413536,1.140675323801119e-08,0
-0.31103092,0.10314743148201856,0.011005554,2037.6998782799633,2162.986473223409,17.131299507119177,9.14857332616976e-09,0
-0.3781699,0.22242627066415313,0.011032487,2800.97242503233,2010.9731766294292,14.233899829278611,3.0122915662868676e-09,0
-0.16384289,0.0938281703161253,0.011780042,1788.7017717140955,1614.0066920849692,16.638202921870022,8.950557085687113e-09,0
-0.01712421,0.07721981039733179,0.010130425,1610.5853790869692,1770.2562808218377,13.76189378471763,1.121763418897154e-08,0
-0.31253123,0.10033216719837587,0.0117134685,2111.350574321555,2200.884279629065,18.68867537270166,8.462987824823596e-09,0
0.17073396,0.09005107127320186,0.011007562,1929.10980875993,2108.736119329134,16.302869479108537,9.213356943806887e-09,0
-0.1353265,0.14083005546693736,0.010749095,2138.2128851333523,1891.186705918794,14.34863963380647,7.890328766518138e-09,0
-0.17721948,0.0895503280887471,0.011087548,1906.997230223593,2098.491406650314,14.869579889405236,1.0134277974516919e-08,0
-0.12699834,0.13910011238399073,0.011157246,2374.9654819665925,2330.182690974209,16.0504026562347,8.21276762365354e-09,0
-0.25161472,0.11993479009570766,0.010090133,2154.5891356708594,2155.999249914331,16.73380903083611,7.865406472211675e-09,0
-0.08747803,0.07516472411542924,0.011210663,1614.987952329892,1762.2459881337345,14.004372821123017,1.1870552263848097e-08,0
-0.20035031,0.22829584179234338,0.01006634,2842.943158073504,1955.9353630638552,15.448932646288442,1.5453427539730025e-09,0
0.06456998,0.10277357344837587,0.011067344,2013.8836579363276,2156.836258182299,16.6177804879267,9.265986548460906e-09,0
-0.26257855,0.07701022331786543,0.01177135,1696.6596898941975,1833.817208102459,15.305010453596939,1.1032305063719496e-08,0
-0.09200464,0.06772381634280743,0.011636774,1459.703334769184,1633.0261721489712,14.843877993842858,1.2510533115198404e-08,0
0.10276507,0.07028531032482599,0.011027206,1473.9246135459468,1652.4314831738693,14.270758155162408,1.266970806200941e-08,0
-0.16803074,0.06412684889791183,0.011087624,1550.0250267171216,1903.216562645589,15.31247541413209,1.0939024500418222e-08,0
-0.22657382,0.2701407518851508,0.010688087,3193.8003681647097,2337.07742138573,17.62781867934923,1.2467880186655212e-09,0
-0.09065018,0.0880764211136891,0.010193029,1716.2257265326493,1804.8380326293802,13.277736544869605,1.0988119047452791e-08,0
-0.1686553,0.09075120540893271,0.011033565,1785.6917582287863,1875.9882770381855,14.929083235662112,1.1327172168341116e-08,0
-0.31209508,0.1036164533787703,0.011637292,2100.5448896628377,2170.471961049072,17.46627588772546,8.536033179574057e-09,0
-0.10224482,0.08087568880510441,0.011033397,1667.0300417503174,1795.6084149103117,14.083963777191066,1.1918626297311225e-08,0
-0.4864897,0.09665363072795824,0.010116589,2059.985674233362,2152.6571039556065,17.970669804386677,7.441308854208472e-09,0
-0.2423385,0.11488544083526682,0.011092363,1972.9649448344487,2003.4747277503109,14.04323215041428,1.0360848260634292e-08,0
-0.050298877,0.09131199245939675,0.010186626,1859.6693711466357,1980.1538891049677,14.554146221409091,1.0080053584159374e-08,0
-0.091961294,0.058602813225058004,0.011089272,1342.8751885309684,1756.118326323259,15.38297609048485,1.2067383155192691e-08,0
-0.33961463,0.11534766531322506,0.011062205,2273.3294890968104,2219.3821188866327,16.07399338861895,8.084764652756273e-09,0
0.0042141518,0.1637237619634571,0.010996612,2664.5231996086322,2248.114067661588,14.774161761366912,5.578648865647486e-09,0
0.51185024,0.08508215813515081,0.011047574,1952.177990370766,2121.134101387634,16.65167157709662,8.250641360667011e-09,0
-0.17142214,0.111314530162413,0.011717881,2243.472929151094,2245.6881625834794,17.233157711269314,8.267634976110568e-09,0
-0.24381366,0.08401496338457076,0.011033255,1742.4131099345543,1959.162659795984,15.201624508173335,1.0213159063357123e-08,0
-0.04596783,0.07864500253770301,0.010248913,1590.1206159083679,1743.1183635823277,14.196925129360318,1.1327223875854742e-08,0
-0.07937542,0.09046458091647332,0.011067937,1727.2774289235144,1867.7235748859791,13.425017792574529,1.173145798330879e-08,0
-0.07890811,0.09778879966647332,0.010963829,1995.0384548503778,2154.480354163659,17.0466269076435,9.055007173780859e-09,0
-0.038203586,0.08230088094547564,0.011130573,1655.7844919382642,1794.820094728343,14.048302221563064,1.2079068124682931e-08,0
-0.3719849,0.11476535310324826,0.010180923,2142.9972880625746,2182.37780782868,17.568775031991148,8.435316117147594e-09,0
-0.23279731,0.07781798325116009,0.01020661,1553.185420733932,1701.2108578962223,13.825315198633769,1.1677557299011936e-08,0
-0.15665224,0.06785070149361949,0.010881042,1458.4581738216184,1652.4139797560797,14.516667658002358,1.224683367650301e-08,0
0.032412663,0.1324227813225058,0.011562137,2180.7096010862347,1809.8346614006819,15.96927739090902,7.238297833823373e-09,0
-0.08990671,0.10721455372679814,0.011143975,2090.2063941886195,2098.2496141006927,14.10683040869455,9.600994998392152e-09,0
-0.4893533,0.11528308983468677,0.010108741,2142.4822820735235,2126.054060425737,16.65401135632711,7.526422480331031e-09,0
-0.1237379,0.11088289406902552,0.011608302,2192.096864211489,2217.462675954239,18.076194817913354,8.481163984671304e-09,0
-0.33446166,0.13271960194315546,0.010885095,2482.0299212665664,2441.3920485149683,15.097417650574831,7.4436770855926685e-09,0
-0.07480736,0.08485671041183294,0.0110403355,1670.3364175038025,1785.864913810374,13.501547234690424,1.2203587890848066e-08,0
-0.20934112,0.11023827218677494,0.011853242,2235.8684693404557,2250.8162979701037,18.330916238337092,8.534863914520896e-09,0
-0.04175543,0.08188057388341068,0.011673687,1638.303051190633,1747.501050502218,14.610118553630205,1.2148063566301791e-08,0
-0.10272527,0.05552131670533643,0.011151074,1399.511067608679,1807.3568119019913,14.617413732981293,1.1519939237699687e-08,0
-0.56772476,0.10326978502030162,0.011762825,2282.640819457093,2341.211885806392,15.715575458678968,8.252617185897623e-09,0
0.0051185517,0.0821094203161253,0.011830793,1684.756968710095,1782.7456750203137,14.648893384796757,1.1879932115877104e-08,0
-0.14314839,0.07318780814965198,0.011091126,1482.8337055118707,1717.6336424839137,15.692398050234212,1.1966773867590732e-08,0
-0.29120886,0.08143874166183294,0.010183737,1682.357884555599,1820.075611923562,14.922957058719748,1.0492243723826096e-08,0
-0.1276597,0.10330603792053364,0.01174287,2140.039431249799,2212.6871495950772,17.767080771395925,8.820853574905643e-09,0
-0.21057227,0.10877456133990719,0.011033702,2091.7636100269524,2198.2998383759113,17.207175414321604,9.219231893758683e-09,0
-0.17717579,0.10837011492169374,0.011095809,1998.2765362222194,2043.789425646796,14.288035780404707,1.016548152579663e-08,0
-0.027220597,0.08683702508700696,0.011789853,1731.029149427451,1793.6106005230067,14.493146223405857,1.1742278835199387e-08,0
-0.2900474,0.12951008736948955,0.010129606,2358.337633071277,2288.663539165438,16.606616114955393,7.205660933303396e-09,0
-0.27477923,0.12444827617459396,0.011038898,2133.0264091346057,1990.3289604071783,13.555914941699777,9.375570320959141e-09,0
-0.16116643,0.19140058548433875,0.011157342,2565.1129636434284,2053.585213061681,13.528299778487476,5.795058630168331e-09,0
-0.22773829,0.07101829865139211,0.011136869,1576.456641811093,1805.1549019811036,14.917701585248258,1.1863298781299024e-08,0
-0.48309636,0.10657786216647332,0.011612804,2328.87616795029,2357.279397600335,15.317687525190587,8.05315059487129e-09,0
-0.020006359,0.10867033425174014,0.011717394,2212.509350549368,2191.4979767098107,13.978025927422596,8.849505055394015e-09,0
-0.23761627,0.09295017038863108,0.010879005,1760.4983765419718,1810.6484556529113,15.693937316836493,1.057682196753012e-08,0
-0.18990698,0.16476489994199536,0.011057852,2545.226014321112,2232.028865387266,13.617117879643887,7.401021079523925e-09,0
-0.013514806,0.0780196400087007,0.011118158,1590.0697624308389,1748.2790102077731,13.988272891585341,1.2376006935193552e-08,0
0.06466685,0.18688483359918792,0.010083105,2630.9162132772985,1925.6684380699926,15.802455005073028,3.0519592389915037e-09,0
0.030152652,0.06819850275522042,0.0110699665,1453.7119188924485,1654.3652924138787,13.927993368425668,1.2803579016831617e-08,0
-0.18759537,0.0766578904437355,0.011024663,1630.281756052524,1822.1892353204673,15.21712650920755,1.1560187722715611e-08,0
-0.19755107,0.21602536796693736,0.010736452,2781.073282448721,2000.9974234527447,14.421923545562098,1.4508692635724491e-09,0
0.044376574,0.08421435433584687,0.010969275,1610.2547715092965,1902.9312584817387,16.06383370364566,1.082857095633552e-08,0
-0.14717759,0.3199001232598608,0.010959021,3535.8391584698056,2188.699505719365,13.357949740137862,2.950104265035132e-07,0
-0.15086284,0.09450564638921113,0.010961967,2024.5710245416096,2216.211759516043,15.054850067097767,8.91557013417058e-09,0
-0.501846,0.13033030923723898,0.010102003,2204.3017924187575,2062.844882158862,15.066857241702262,8.240684993045126e-09,0
0.24446659,0.1339861876450116,0.010916533,2421.6091682503256,2250.3714929568546,15.986417229039162,7.15443756451347e-09,0
0.05819832,0.05939697832076566,0.010921883,1403.9652641497728,1788.3928382031456,15.612521468970517,1.1519840921353402e-08,0
-0.25112218,0.11591411687935035,0.011015162,2241.846808705928,2224.822650273045,16.66087681899863,8.143477400147755e-09,0
-0.013423895,0.10081591683584687,0.01184157,2034.332671820603,2147.029123154123,18.123194322262762,9.459169489771483e-09,0
-0.18660824,0.07162893343967518,0.010211989,1539.5251467899097,1730.9049803779326,14.476355410308082,1.1419057269566162e-08,0
-0.1944676,0.06355359991299304,0.01108213,1504.7635756882296,1730.421628389762,14.362275356830171,1.1484994611706045e-08,0
-0.1594955,0.084459061412413,0.010232253,1657.6077822078119,1777.876834665464,14.35731788218527,1.1448427756367545e-08,0
0.2808476,0.10008066270301624,0.010176726,2060.856272303938,2193.292000634511,19.188793645340077,7.992872941492021e-09,0
0.36310995,0.11266155198665893,0.011039641,2414.155852187681,2418.4145956831594,14.972264757367727,6.952271197227816e-09,0
-0.08514758,0.10856384135730858,0.0110497195,2051.0301934248314,2169.911423494518,16.430646678265745,9.534990589732069e-09,0
-0.29909807,0.08391866661832946,0.01159216,1627.6094703930053,1668.4429087752899,15.766407205848463,1.1143382875338719e-08,0
-0.21665375,0.11403009897041763,0.011087231,1914.9727263724185,1967.2261721013006,16.187255211855806,8.992088186322637e-09,0
-0.2374982,0.09234633301914154,0.010196261,1776.4080119282337,1868.9524456054894,14.94816419904075,1.0390346994972666e-08,0
-0.14518008,0.09566120758410673,0.011039152,1771.0788649972756,1890.7237326690529,13.328308690186564,1.1342105181205347e-08,0
-0.09729408,0.04340378480278422,0.0110110985,1144.2893219752093,1599.7777475097137,15.61976144153159,1.1774879797516403e-08,0
-0.01720396,0.08793140951276102,0.010245893,1712.1244800742272,1804.1090262183764,13.149396843433575,1.1092038558952656e-08,0
-0.28258234,0.09719969003770301,0.011166398,1860.9905213347988,2111.9000260306334,14.661081091203725,9.846152898544377e-09,0
-0.33015978,0.15971328487529002,0.010906562,2373.721795158369,2061.084325332905,15.002023355142747,6.9159213024260176e-09,0
0.023829289,0.07681196526972157,0.011139771,1595.565818654779,1751.4271968453002,14.042983103885726,1.2193364193778823e-08,0
-0.18247181,0.14623966792343387,0.0111113945,2414.102054356634,2305.881528738947,15.632419817531064,7.691170581255115e-09,0
-0.1858065,0.0534129839762181,0.011025958,1328.069780848473,1755.0189069863118,14.679199164729791,1.121091142906434e-08,0
0.2204138,0.17031272658062646,0.011800268,2936.725552160281,2364.1572985252606,15.40161910300847,3.821083494299529e-09,0
-0.054913238,0.08314036216647332,0.011085988,1653.7076978190178,1778.6183017071032,13.940057113575321,1.2266801859285387e-08,0
-0.39846152,0.1017528277262181,0.011829283,2193.9029007218796,2210.0396314848063,17.398236493106076,8.204343921556476e-09,0
0.013792504,0.08526228973317865,0.011041305,1664.651400558612,1774.5004687329183,14.334055942349552,1.2145496308947459e-08,0
-0.14682554,0.06965088457076567,0.01108404,1594.6077035278552,1825.0127098960108,14.94284831919618,1.1677580823269194e-08,0
-0.09444137,0.10982249673723898,0.0109759085,2252.4792700402136,2334.1319904874726,14.48355714503098,8.580720695578756e-09,0
-0.046530854,0.11567394141531323,0.009977887,1827.354453058835,1641.338031286887,16.19279316697512,8.272844944644821e-09,0
-0.0820919,0.05236051696635731,0.011101734,1305.8757185505665,1749.871711470103,15.443818810284466,1.1660650557627786e-08,0
-0.02436867,0.10571458997969838,0.010964976,2111.110442888361,2229.530409282014,16.646405585508454,8.677614572620545e-09,0
-0.20268561,0.15566882069315546,0.010898371,2307.667440619791,2033.8072965371146,13.285383745239683,8.516963798568989e-09,0
-0.076005206,0.07250466756090487,0.011810454,1578.562613264084,1728.8094811311344,14.728155786639702,1.1977615779258954e-08,0
-0.041855264,0.0850459052349188,0.0117494725,1704.4868893746898,1789.8297602698215,14.444791058841737,1.1698767046992532e-08,0
-0.16834536,0.05190508990719257,0.009893742,1238.8124332813775,1660.1838004758747,15.616878296573049,1.0197459969551696e-08,0
-0.19785711,0.11166912884280743,0.010098862,2263.847199431759,2263.2357837080185,18.7122299002338,7.080431456136097e-09,0
-0.11466031,0.10806423107598608,0.011072876,2036.2438855765556,2127.887097231785,16.434693614405127,9.178606989665063e-09,0
-0.09546486,0.26505968133700697,0.009856552,3072.9698949841995,2008.0550744572574,14.652255188116682,-1.0876416548768473e-09,0
-0.054711163,0.10464286361658932,0.011040662,2002.1316635658031,2138.7902697222517,16.479504814135748,9.558195987436457e-09,0
-0.02386844,0.10227169736078887,0.011061239,2163.279697191477,2297.2029909259177,14.401355043051385,9.04798130260875e-09,0
-0.23730376,0.2156571744489559,0.01008609,2982.885318020471,2447.5025383739776,14.505564350337423,4.307219104412973e-09,0
-0.023231039,0.10368556046983758,0.011034311,2084.419656183936,2223.960150063224,16.7671901312915,9.357394944265642e-09,0
0.0068393243,0.06970752972737819,0.011036198,1418.320096547871,1600.9593162334254,13.292250889358257,1.3269841449287388e-08,0
-0.11377632,0.08836417850928074,0.01022249,1716.6773414295428,1803.8719188195166,13.26820162004917,1.1088999278028744e-08,0
-0.06990541,0.07487470091357308,0.0110987425,1495.7243831223338,1669.937820414574,13.812622603959149,1.2942181907192439e-08,0
-0.0021038363,0.07376672165023201,0.011054116,1560.4523481592555,1732.7796615811433,14.561856325579248,1.232004098710445e-08,0
-0.14826217,0.08155316487819025,0.010215938,1616.5524858540575,1746.3157785828862,14.282183423416246,1.132371045542395e-08,0
0.21273786,0.15889872752320186,0.011728706,2530.994674840027,1936.9335460113905,15.991010012739864,4.655869801090511e-09,0
0.056446023,0.07714503879060325,0.011091144,1600.279024784657,1746.8979367642066,14.195569423430925,1.2160430757329952e-08,0
0.008551594,0.06863240465487239,0.011039345,1433.2578117248302,1608.4582167508884,13.467749564582478,1.289456633312308e-08,0
-0.23471712,0.06005292923433875,0.010887389,1481.678844877681,1714.3034154516715,14.360920122436728,1.1231951670735603e-08,0
0.022085,0.16055843061194897,0.011777641,2797.9284277967645,2306.3851315162324,15.543966594888902,4.6716744712877e-09,0
-0.07670204,0.10170411289153132,0.011037654,1923.7504395123121,2030.9733180784638,14.612709821095564,1.0037106053095395e-08,0
-0.026859097,0.1006731710411833,0.011074235,2093.8838051601456,2179.1891721450215,14.173414558530506,9.46515525740576e-09,0
-0.15828818,0.11296630292923433,0.010130416,2148.805254918461,2196.044165957825,17.413508248332526,7.98317306322121e-09,0
-0.015689367,0.07495513703596288,0.011756808,1608.756691999104,1732.8224043537443,14.589538808638384,1.1885280784058298e-08,0
0.062178,0.07314022621809745,0.010202656,1549.6014903277055,1741.253855713464,13.538849340649055,1.1427382778933425e-08,0
-0.120280325,0.03664148600638051,0.010138729,1034.1323465034213,1522.502138489175,15.690026356734801,1.0903610020992022e-08,0
0.05054734,0.06838883048143851,0.010114785,1428.439073842821,1820.508157202195,14.264155514525674,1.0421289395048713e-08,0
-0.10561024,0.057805249419953596,0.011102669,1432.3629770628984,1841.5362719966806,15.21075283130164,1.1602516979845e-08,0
-0.17977925,0.0908180466937355,0.011013793,1773.3230894362905,1865.2533446543014,14.979029151070689,1.1018730211080145e-08,0
-0.14984137,0.11722488580336426,0.011140013,2032.059039692765,2039.399789512344,13.345514955439825,1.011076544603937e-08,0
-0.08009428,0.17504599586716937,0.010944164,2379.949738324016,1875.8947235274131,14.124154610567455,6.687644675829332e-09,0
-0.07055861,0.11387828995069606,0.011048949,2182.4682591498913,2265.598051099383,16.873248132273623,8.959533573794077e-09,0
-0.20412041,0.12147780416183294,0.010979281,2048.4243002992557,1935.8816113102957,14.035963224204236,1.0316566607913332e-08,0
-0.30329132,0.12075501196345707,0.010099515,2165.7322371773635,2164.6994853051797,16.837927375686046,7.666329716027746e-09,0
-0.22011021,0.10234986767691415,0.010055051,2081.815483495989,2180.794831525413,19.043464980765865,7.627609442584841e-09,0
0.004808411,0.12615216248549885,0.01092974,2265.7631661476366,2290.989596325983,16.43207270983328,8.556570956097764e-09,0
0.032052536,0.10595363254060325,0.011143014,2102.971576947184,2214.6936609061527,16.500967031400553,9.254866165793547e-09,0
-0.09316598,0.09044872027262181,0.010216103,1733.2735033445497,1805.754897499123,13.29046031122587,1.0963376825597315e-08,0
-0.10526532,0.148451094837587,0.010682678,2250.9333639745782,1971.3712111361542,13.879488063092529,8.413083417973277e-09,0
-0.13437422,0.10158175935324826,0.0109755425,2064.8058423111547,2198.2463501022426,17.111965734783247,8.879492337975985e-09,0
-0.07771241,0.05778372426044084,0.0099086,1308.6156422488357,1681.819744040543,15.695880650008894,1.0499386821875426e-08,0
-0.18991911,0.09782958417923433,0.009920793,1778.8866648037394,1957.1654904476488,15.070154637065645,6.12428036546935e-09,0
-0.16526085,0.12065644939095127,0.010126047,2277.15459725241,2261.0881650155334,17.539605114721656,7.465954201369759e-09,0
-0.19521175,0.08013250435034802,0.010934669,1951.5780912511068,2152.11645863686,14.251287717281791,9.09279434397319e-09,0
-0.090964854,0.08521584070475638,0.010118513,1778.3844079182388,1941.6662906613283,14.753482852612775,1.024201459276993e-08,0
-0.13593031,0.07933380764211137,0.011016662,1851.032408188269,2090.5390931612455,14.243426265449937,1.0285880160554974e-08,0
0.022361677,0.06604711970707657,0.011759299,1436.07759161841,1623.8499413432312,14.931525439459735,1.2696624341349049e-08,0
-0.21095069,0.1754832964762181,0.010999537,2836.613880784639,2345.4507997723167,14.72359715412552,4.575550594171853e-09,0
-0.06751229,0.0905223589762181,0.010163768,1717.5536262035748,1802.3471659410582,13.522541252840949,1.1153366227409022e-08,0
-0.118383884,0.07840369417053364,0.011051002,1702.4329138922014,1862.7770155353203,15.079317283571768,1.1170278057076044e-08,0
-0.06867162,0.08859982236078887,0.010955458,1732.854009486575,1819.4876044770058,13.834014399428053,1.160885045622875e-08,0
-0.04193809,0.0707271425464037,0.011000608,1526.5048514005064,1721.9928850050408,14.130275886642607,1.2281085394410066e-08,0
-0.0759329,0.08946649325696056,0.010169934,1725.3550080869022,1861.6674965582222,15.577742233166568,1.0146478620296434e-08,0
-0.36019868,0.1362508610063805,0.011015282,2403.410951045496,2355.2607834102505,16.189391948213164,7.648649529839532e-09,0
-0.016218174,0.10226943155452436,0.010963641,1946.612433951213,2058.0747866806337,14.654816607673522,9.731870167441477e-09,0
-0.12745307,0.03843260585846868,0.010931374,1032.6300639735357,1531.7994871437725,15.192388546335645,1.1479656122014139e-08,0
-0.24209182,0.13336535672853828,0.0109043075,2347.665940830497,2333.4068427618804,16.351146230880648,7.937006082219813e-09,0
0.37346947,0.10932628516531323,0.0118498085,2589.2851305941977,2321.522492219087,15.902356150230526,5.409774647941389e-09,0
-0.22732487,0.11578156721287702,0.011171845,2006.2919572214898,2022.1498868224603,13.469949539010253,1.0374358530852145e-08,0
-0.07466806,0.11415811702436195,0.011018705,2327.6545830921496,2359.8485662039743,14.95406093377414,8.291647738826388e-09,0
-0.2097593,0.263612964037123,0.011035205,3147.4049030171345,2134.934857231884,14.042674894991801,-3.383751974516849e-12,0
-0.08265756,0.11060533280162413,0.010787918,1938.2751780708209,1927.1312878162719,14.129111976891888,1.0437766615374557e-08,0
-0.09736864,0.1964034857163573,0.010208406,2766.0934807195354,2270.2900168745964,13.014461679167237,5.204847210739708e-09,0
-0.32300875,0.1235192956061485,0.0101321265,2208.6401678134703,2192.531985719253,17.091328563893295,7.634257466535805e-09,0
-0.022163682,0.08110906685034802,0.011750414,1687.1214518074898,1785.9178827727974,14.765741819419294,1.1727363939458906e-08,0
0.04764645,0.0791887960411833,0.01176529,1628.0265357101287,1747.7266585040593,14.471470706958407,1.2362119916957276e-08,0
-0.34130394,0.13813034730278423,0.010885557,2160.0568965780176,1948.890405386487,15.416247211128729,9.075777599761755e-09,0
-0.26007462,0.05540462768271462,0.01173383,1379.8502494023812,1753.185730579806,15.655674137991843,1.1467425084881273e-08,0
0.010749093,0.07099224187935035,0.011074912,1463.7937100572883,1808.6585921735066,15.352746488075379,1.1637722565659118e-08,0
-0.24999137,0.07570058729698376,0.0110601,1646.607626681342,1845.9640796252818,14.479159449416647,1.1552617512065623e-08,0
-0.0068228394,0.12091588420823667,0.011118225,2234.7614549416367,2259.2601093467206,16.455119085136378,8.005415928156373e-09,0
-0.28967026,0.12681037920533642,0.010880083,1995.9283504767934,1913.5589096293993,13.917932639467907,9.974075989328667e-09,0
-0.084449396,0.08299761637180975,0.010892627,1768.6821666773048,2075.9598054487087,14.732430247805556,1.0161816857464773e-08,0
-0.16517189,0.0880809527262181,0.01017896,1858.8104279186723,1994.4874427361397,14.193645660436431,9.94904395905715e-09,0
-0.13017648,0.14569020990429235,0.011089848,2210.070867811346,1957.8441581904965,14.268965486846254,9.242638846538153e-09,0
-0.049414918,0.1305546240574246,0.011037174,2419.4345005797677,2275.471096076118,15.517123808630297,7.401333241897312e-09,0
-0.24608387,0.1267492024361949,0.010092031,2383.609794516571,2296.339223529296,16.14336253879671,7.074169190814509e-09,0
-0.12903862,0.10851286071635731,0.011744376,2217.7167925924537,2264.0026104379635,18.05894730271074,8.426711355869023e-09,0
-0.14985755,0.06221677421693735,0.01099943,1448.6231491259039,1751.0464628304646,14.42631222938211,1.1876831141357024e-08,0
-0.07260434,0.12772916364559164,0.0110631855,2345.2193915194557,2239.3012171375804,14.00348563444531,8.32822324373576e-09,0
-0.27784485,0.10360399144431555,0.011090226,1951.0237084908845,2072.0232658125924,14.67457244627049,9.606311322553147e-09,0
-0.16522852,0.06540476363109049,0.010924447,1471.7127793309364,1873.0865361557842,14.832771340745513,1.0116740032006816e-08,0
-0.298724,0.2962405742459397,0.010094082,3386.4829664076874,1893.1943926777174,15.321588999501659,1.1541453868613264e-05,0
0.24736649,0.10204964834686775,0.011013578,2024.624232450162,2147.6670361311417,16.313457403702632,9.227472524424186e-09,0
0.03089445,0.11110041147041763,0.0118199475,2167.934202954043,2181.964378066827,18.270526481653935,8.822442635157952e-09,0
-0.10266632,0.17892279038573086,0.009889034,2420.7979606039275,1881.7851053572579,14.497081716871953,5.7747779390632636e-09,0
-0.2484532,0.13306060578596288,0.011016298,2417.0765490033014,2284.0276831958463,15.425967103518243,7.287714340141076e-09,0
-0.13507298,0.116224532337587,0.011125383,2239.3361407941898,2269.7015944597492,14.290937784658398,8.492039934743108e-09,0
-0.1172888,0.10738222339037123,0.0109698735,2043.9438091403701,2170.8890046341285,16.482042582912552,9.456174699006228e-09,0
-0.14706723,0.03967086898201856,0.010183703,1172.449873912691,1657.8796130744702,15.138396654255638,1.0410911714004634e-08,0
-0.20264319,0.11741294772331787,0.011032222,2147.359734589362,2083.5352516846797,14.132673838291598,9.470940503065882e-09,0
-0.24901727,0.10971487093967518,0.011651293,2192.7966709045218,2219.954735328339,17.708990427640405,8.525397796676026e-09,0
-0.32535082,0.16283556590777262,0.011055088,2324.1979333991076,1838.9561565107474,14.08977265227804,6.635570504315176e-09,0
-0.22108634,0.10208250253770301,0.011090383,1882.025672517533,1959.87412232521,13.387495820858396,1.063531669322467e-08,0
-0.05268698,0.12598675862819025,0.010109023,2421.0730640877578,2362.5125490336886,16.327366602284947,6.862656913480408e-09,0
-0.1275351,0.08611763159802784,0.011032812,1703.348947352484,1802.7418648336238,13.310548147898908,1.1884387066526328e-08,0
-0.066255316,0.057719148781902554,0.011111552,1425.368510795211,1807.5848353621432,14.96886619152746,1.1724426577870017e-08,0
-0.05266213,0.10810954720127611,0.011121843,1993.148620206952,2077.133761120676,14.299920058996499,9.867556970768084e-09,0
0.33234602,0.1242160310324826,0.011096012,2486.7323166094366,2449.354573725404,15.215386319440633,6.72457971218179e-09,0
0.028123748,0.07219991661832946,0.011220549,1550.8031144263969,1736.9318319132283,14.064610911630618,1.2338386015491693e-08,0
-0.1185154,0.08300441379060325,0.0101992395,1631.5195181042745,1760.90333008561,13.411585696541083,1.1467920544665589e-08,0
-0.1599025,0.11464639827436195,0.011760319,2151.600626888786,2078.4806098381628,14.278970110123398,9.43491216786697e-09,0
-0.23358348,0.10983382576856149,0.010971686,2145.2498586696124,2239.296570523991,16.577608902637653,9.109292406982256e-09,0
-0.18139419,0.10176528966067286,0.011344722,1819.4243404079334,1920.5477022043253,13.839940647564246,1.1287728882577068e-08,0
-0.12984076,0.1053611242024362,0.011144155,1820.6034900054594,1798.0943191716442,14.643007419539835,1.0893626218283426e-08,0
-0.21654652,0.11860589472157773,0.010180326,2155.2324392049723,2094.912308545343,14.011342752757471,8.747970970400995e-09,0
-0.013695445,0.05969153313515081,0.011125145,1335.9083358661612,1741.3400184457103,15.4404384553728,1.2085386785275291e-08,0
-0.2629714,0.12528549158932714,0.010147447,2294.173773172228,2311.986186673477,16.990671562264165,8.021368788881355e-09,0
-0.13373066,0.06805009244489559,0.011110406,1457.184167794421,1649.109559456458,13.596950393570003,1.2692747524605275e-08,0
-0.15860495,0.08635440835266821,0.011650943,1839.4455082986137,1974.3930392784516,15.045536957717596,1.0835329226323651e-08,0
-0.03189584,0.22066573919663574,0.011019515,2877.9878184648805,1975.995019818037,17.306756171188564,1.1839990932735209e-09,0
0.0320087,0.07539357054814386,0.011038431,1599.9551678919838,1752.8702614607894,13.973943598074989,1.1946213210948625e-08,0
-0.046039145,0.08450097882830626,0.011119387,1712.3108530251536,1815.0554864878777,13.63030931695325,1.1616264654451392e-08,0
-0.07918556,0.1277370939675174,0.010917612,2304.2809039518424,2307.302022617491,16.746102632428084,8.135197750324588e-09,0
-0.13946179,0.07959324245939675,0.0111019835,1771.9484684336583,1966.6434805439653,14.947457481781415,1.1054211087620673e-08,0
-0.04442929,0.08335221505220418,0.0110183805,1661.9828200654852,1785.371108076997,14.249733151659203,1.2031417119737541e-08,0
-0.16559082,0.10648609701276102,0.011783616,2090.4486749381917,2076.188819616861,14.256180050353716,9.780558142337835e-09,0
-0.13995445,0.05833204937645012,0.011694953,1351.3258123033481,1728.8485419664928,16.064052064419275,1.1995925156263207e-08,0
-0.10735734,0.12283955372679814,0.010926913,2327.7800216963183,2320.365079270616,16.115135572666176,8.116934785520304e-09,0
0.07517499,0.1252752954611369,0.010987801,2214.5280187633557,2246.2853236572255,16.4541817046971,8.314053686898966e-09,0
-0.21499057,0.10590718351218098,0.010180813,2025.0741959178918,2032.5756752995737,14.502860728498453,9.457536939018575e-09,0
-0.18042502,0.10688601181844548,0.010976852,2197.0796262719505,2349.5228405955454,15.235351114649687,8.876680385267046e-09,0
-0.19643572,0.09593083852958237,0.010976785,1802.868344785679,1900.9313662215548,14.450645384784261,1.0926327608193831e-08,0
-0.03987164,0.08016875725058005,0.01014985,1626.930539679357,1748.3532931155783,14.241011271058229,1.1086559655486268e-08,0
-0.14352182,0.15860643851508122,0.011028845,2425.797465652732,2094.736944205034,15.002741946871586,7.180023687497904e-09,0
-0.10801775,0.04084908823955916,0.011111231,1061.68660393319,1554.0003322957039,14.7402679062952,1.2324911379612568e-08,0
0.0683491,0.07883533026392112,0.011137157,1577.1796522680718,1732.7397726655602,13.653505195590778,1.2698617403006996e-08,0
0.060497254,0.10026759171983758,0.01108656,1839.8960738635478,2087.6218317395,14.707767178924373,9.858024480089304e-09,0
0.19731742,0.1729591882975638,0.010951313,2486.0354760229206,1941.3705973623405,15.014142871135505,5.562209063575328e-09,0
-0.23221259,0.24217956967807425,0.010128579,2904.2808730903835,2038.397868879786,14.367620976452665,1.799172514322425e-09,0
-0.20252936,0.06397050826566125,0.0117698945,1528.9900643242609,1869.7425604434445,15.712243239689972,1.1321168934977665e-08,0
-0.18507862,0.10999016640081206,0.011027973,2066.9471633972776,2176.5135524828756,16.44473719635208,9.345543050696369e-09,0
-0.094865404,0.13514967916183296,0.011032003,2435.0963973740886,2403.7694506227726,14.743702975454505,7.683646873075722e-09,0
-0.21349773,0.06900512978538283,0.0111124655,1544.2416379065212,1796.4875429180602,14.811122403614384,1.1943689805459395e-08,0
-0.19039972,0.12044459650522042,0.0109639885,2195.672153723236,2213.9236973021248,15.797911866614568,8.560810090526685e-09,0
-0.034062345,0.13599709070475638,0.010940965,2394.06271239759,2365.2106324776337,15.508110421253859,7.935051943387725e-09,0
0.026036378,0.11597529364849188,0.010984917,2135.47383258489,2173.4985894707524,15.539934764201014,8.984482063747428e-09,0
-0.11161378,0.06930195040603249,0.011747146,1453.8471002791982,1752.1262356064833,16.041753982967702,1.1989944443025109e-08,0
-0.06491239,0.069815155524942,0.011854166,1489.4240793659105,1644.0766824990628,15.066158339916182,1.2670160382423435e-08,0
-0.35108387,0.24227360063805103,0.010999621,3204.962176822796,2464.1699506182767,14.77496795216607,2.505221863673542e-09,0
-0.21114199,0.05583852958236659,0.011713239,1330.5236512748995,1582.4995263590843,15.267690890575045,1.2315185566953533e-08,0
-0.022046274,0.07510014863689095,0.010987749,1564.9962373457545,1735.4792651533103,13.899589878895952,1.2212138299122475e-08,0
-0.24987562,0.06278435868619489,0.011578658,1511.2134667790367,1841.3322999388713,15.471572887105506,1.1361031217879094e-08,0
-0.16917455,0.07244688950116009,0.0110409185,1607.2887876954217,1840.7973619100871,15.313095935092523,1.1496946127734037e-08,0
-0.15871125,0.06109633301914153,0.011073134,1393.1572009689671,1624.2154958809876,14.060035441427608,1.2564693977010302e-08,0
-0.2826229,0.08254898673143851,0.0109947035,1750.594924796859,1855.4855264195132,14.191946636968849,1.1042320100243423e-08,0
-0.364545,0.08165852486948956,0.011096909,1881.4829667991903,2099.7604918371053,14.330973784664723,1.0334745468072947e-08,0
-0.07305943,0.08506743039443156,0.010211071,1687.793919037779,1804.3075776673463,13.636266359312609,1.108680358721737e-08,0
-0.17915684,0.10201792705916474,0.010964598,2067.350369386778,2179.9052071505375,16.92300719734156,9.05795978220347e-09,0
-0.17325398,0.06810447179524362,0.011019035,1592.8688129380205,1921.9057304769162,15.224453103725704,1.073617066866602e-08,0
-0.29852813,0.10805063623839907,0.011154986,2151.868044028689,2261.188316088091,16.96249948147353,9.022039348015137e-09,0
-0.09644353,0.10523537195475638,0.011758147,2124.19747258054,2188.0626780851935,16.819240552801457,8.76254318000623e-09,0
0.07207414,0.18253108686194897,0.011013665,2478.185061234332,1944.0431054443907,14.136624275048378,6.128144965599371e-09,0
-0.078928,0.19263998151102088,0.010141454,2554.861982395307,2001.4255707265734,13.148004961753209,5.020801121013557e-09,0
-0.061443813,0.08483858396171694,0.011155445,1694.8123421199546,1807.652586497175,14.00299982791184,1.1948217165726336e-08,0
-0.1825209,0.0997951711136891,0.011667657,2141.9396919275046,2207.339930320069,18.255584447291394,8.504645123567327e-09,0
0.21316195,0.10516286615429234,0.011085488,2039.9827797368525,2152.6884141997166,16.456762665224666,9.43784588182446e-09,0
0.34802717,0.10832366589327146,0.011086501,2137.9368151490226,2238.933730839832,16.48382110226234,8.970912240961405e-09,0
0.02950238,0.07574023890661252,0.010987138,1582.1774606059826,1740.1665792215565,14.120839483967869,1.2230183787818162e-08,0
-0.13974868,0.06784163826856149,0.011212069,1584.337557877094,1822.4285433341165,14.711489065501523,1.1618060157987993e-08,0
-0.37613845,0.12619294699825986,0.01156501,2434.280019644329,2432.7685312398876,17.18141985354521,8.118722315128767e-09,0
0.06284508,0.07317081460266821,0.011744882,1567.7192517659391,1720.1899763501553,14.750645883317278,1.2221735116683396e-08,0
-0.34462854,0.18636143235208816,0.010651224,2928.2666822483534,2208.958986454506,18.365187434245897,2.0229200773324747e-09,0
-0.09587874,0.07758800391531323,0.0111530665,1626.9852662629244,1824.1502729512606,14.980671421037671,1.1913608668632735e-08,0
-0.08938373,0.11397571962006961,0.010991796,2058.636116443636,2103.0759007147035,14.628773130523836,9.508030228047383e-09,0
-0.047724128,0.04369380800464037,0.011007292,1155.3637094034332,1613.1248297242576,15.426736339624007,1.1443503384766568e-08,0
-0.021932894,0.06600406938805105,0.010969242,1470.074815241274,1821.5952784957444,14.17626932581518,1.1533201162740231e-08,0
-0.37397212,0.11305240356728538,0.011044875,2204.3622204158764,2215.927944552099,16.258371863546785,8.407920061214925e-09,0
-0.028335616,0.0753924376450116,0.011063223,1615.111038895165,1757.4531882543165,14.043343310589272,1.168298784630863e-08,0
-0.3335758,0.13193110136310904,0.010945605,2391.4937867356803,2361.7267867062365,16.702051724167564,7.406351762068341e-09,0
-0.15813114,0.1034351888776102,0.011023074,2131.136941575285,2243.86167830715,16.465270499991664,8.573107936513616e-09,0
-0.09647198,0.13560057460846867,0.010996847,2433.6419428956065,2291.7959574460397,13.55040463595432,7.56387367405051e-09,0
-0.13961543,0.07226902370939675,0.011496054,1618.8642782468473,1831.1498033333182,15.03834755525026,1.132339966379298e-08,0
-0.16675195,0.11256072360788863,0.011179963,1985.0794021790737,2013.7805321999251,13.620454398083789,1.0329799943495524e-08,0
-0.05993877,0.0757866879350348,0.011085883,1580.0317847019392,1744.103329037908,14.224653771410873,1.2226672442459436e-08,0
-0.16211042,0.11565694786832946,0.0100626955,2165.0964502727647,2205.482300619891,16.995728103449665,7.929043992337113e-09,0
-0.17203313,0.13857897694315546,0.011055134,2144.9894785636984,1932.336745961438,14.087059421023048,9.725018597104762e-09,0
-0.078915,0.1391261691560325,0.010188844,2437.9873367159908,2233.8883232032513,13.393806871110494,7.12045689433938e-09,0
0.022794243,0.13922473172853828,0.011477568,2528.933457871171,2247.537206608908,17.73981740337018,6.323546707821551e-09,0
-0.007930456,0.07630102595707657,0.011008443,1605.4974716667894,1752.904128118726,13.283042430146937,1.1938716167434027e-08,0
-0.15489992,0.08470490139211137,0.011193481,1730.3282148922822,2013.403718547185,14.380587663195126,1.0157260886834802e-08,0
-0.032240078,0.041943472665313224,0.010945393,1081.318630193786,1550.3470054504294,14.805276191101013,1.2185446032272334e-08,0
0.08118886,0.07734442974187936,0.011040493,1584.7352167731347,1749.0377904311256,14.047547093082567,1.2201964405739686e-08,0
0.082214005,0.06908896461716937,0.011077287,1468.1093324983121,1658.3038010738392,13.713014202415735,1.2671743629230032e-08,0
-0.123017654,0.11297423325116009,0.010126048,2094.7850954069904,2162.4497277111277,17.591180920050633,8.385625875505188e-09,0
0.01043109,0.1530268905887471,0.0101546515,2663.3145018996706,2335.2133568474073,15.80508929666852,5.391450496132486e-09,0
-0.1268846,0.08190663065545244,0.011109576,1678.178058438842,1798.0789538148383,14.058528420418414,1.1872995751631391e-08,0
-0.16399279,0.04235698230858469,0.011708888,1049.022314416602,1512.3224180855332,16.84459562404888,1.1745458861561485e-08,0
-0.09628677,0.11416038283062645,0.011065401,2336.757103479515,2353.782106903086,15.077587873987165,8.008868325293225e-09,0
-0.269743,0.11390887833526682,0.010836867,2008.9702946032774,2027.7103959807869,14.644700254034458,9.630891071999462e-09,0
-0.30417404,0.06673479190835267,0.011735635,1503.6828275734706,1752.674766058931,15.552563737788034,1.1632913519108042e-08,0
-0.10982905,0.23935977378190254,0.011026265,2922.3838346317048,1995.2521029367024,15.808768871908944,1.1469031294526692e-09,0
-0.044014867,0.0693427349187935,0.011167363,1472.4926086096884,1660.4018221469878,14.25393051665678,1.2644534880875894e-08,0
-0.16762483,0.11081038826856149,0.010658886,1939.645279282908,1889.9743401236678,14.122436197706742,1.0353999752897839e-08,0
-0.10564051,0.10414778494779582,0.0101330355,2074.797404506338,2163.2349737723216,18.657637266702796,8.114056676893701e-09,0
-0.245489,0.11039801152842227,0.011058412,2076.5951944501967,2140.2989508594364,16.33352551148089,9.264913149617952e-09,0
-0.074898474,0.09820230930974477,0.011115046,1757.1155426597916,1867.3066488097072,13.336699782566965,1.155979807468526e-08,0
0.0011210319,0.06143733686194896,0.010918289,1402.3049446710436,1782.6084701235413,14.332617314082716,1.157945445703851e-08,0
-0.3904273,0.061245876232598605,0.011746976,1473.3177645637588,1690.4501018720368,15.510086504017195,1.1468790293057555e-08,0
0.054949842,0.13032351181844548,0.01093623,2356.056097239063,2239.6005708149064,16.32091166944538,7.870830598901835e-09,0
-0.3274507,0.10511981583526682,0.010820235,1861.8282180477356,1883.943160623127,14.266288344253184,1.0595475530130194e-08,0
-0.011662552,0.06430018307714618,0.010226734,1542.079308485749,1903.7163661089146,14.793146321484153,1.0271170152766926e-08,0
0.10396746,0.10925151355858469,0.011716479,2158.472109837923,2205.3528487538683,18.456785413772536,8.806958500899876e-09,0
-0.015727816,0.11008872897331787,0.011069502,2163.7347251616675,2217.0456497483956,16.034236150892873,8.8308361522906e-09,0
0.059569184,0.11359846287703017,0.011003871,2132.566187688719,2207.453460446257,16.099050075787886,9.100602070005778e-09,0
-0.1474862,0.28010803364269143,0.010949016,3326.7176394937355,2052.2020722088473,14.927949260630557,-2.7575131486040828e-09,0
-0.2510613,0.07648229045823667,0.010108595,1639.121504085149,1835.7256792161015,14.98308616858613,1.039184767829182e-08,0
0.021137014,0.08448285237819025,0.01102742,1646.6294190062474,1752.486428020377,14.072581686140083,1.2160919423930403e-08,0
-0.32305896,0.1640602341937355,0.010117649,2676.9787221939446,2266.6478361569425,16.07060328767855,5.124654945538014e-09,0
-0.05362488,0.07912648636890951,0.010183845,1467.9494413216717,1568.837911189436,14.254435313862306,1.2311559849943609e-08,0
-0.03583392,0.1604836590052204,0.0110082785,2485.437238755223,2250.1824322205475,14.147354920762606,7.666111564799228e-09,0
-0.09827063,0.07490642220127611,0.011125604,1640.9864726026058,1835.542271631079,15.018591128209653,1.1447785019152153e-08,0
-0.09968358,0.06722080735208817,0.011816806,1544.0482205250942,1742.443567842538,15.299954408701831,1.185601117010046e-08,0
-0.23481885,0.14683557497099767,0.01077486,2238.229850891076,1940.1099728127274,14.32861246870208,8.383183606266967e-09,0
-0.106640816,0.12384217299883991,0.011041466,2287.5789702402126,2272.70448461351,16.077860013846152,8.4445723205585e-09,0
-0.24790955,0.07944369924593968,0.011791248,1658.252337263142,1797.1641389711176,15.611358055367837,1.1530478843119802e-08,0
-0.005187101,0.08061058947215777,0.01105352,1620.580060290724,1749.484914469347,13.559834341147987,1.2181618264985716e-08,0
-0.009046139,0.04060211535672854,0.011492239,1176.9044509034595,1646.8256068167138,16.079126093775912,1.084994839128899e-08,0
-0.13800754,0.07352767908932714,0.010211805,1493.8266923946928,1658.5744896600354,13.094482136611965,1.188562817802743e-08,0
-0.0069146235,0.07466624673723898,0.011068785,1579.4094035881367,1745.1370182697317,14.05782466544497,1.2108933610566789e-08,0
-0.061404835,0.06801270664153132,0.011769628,1421.2187911982005,1598.6433372327306,14.814347160651758,1.3021657999326534e-08,0
-0.1601735,0.09216506851798144,0.010234955,1725.2254248634242,1803.7924349682626,13.479760579362956,1.1068396360417412e-08,0
-0.1949242,0.0634833599187935,0.011852899,1385.5812937345609,1759.3262750447896,16.650500783758478,1.1922547378032111e-08,0
-0.16501053,0.11458522150522042,0.011036072,2128.7639046926397,2174.680910677746,16.005585022148768,9.006417971068565e-09,0
0.07523614,0.037156956931554526,0.01003798,1017.2028667733425,1513.3144523943167,15.97476879583759,1.0407489036074047e-08,0
-0.079269394,0.08364790276972157,0.011109045,1670.805302857177,1794.3200619016409,13.788975463297325,1.211184646712386e-08,0
-0.27270734,0.1045658262035963,0.011753795,2145.9591656878097,2219.15744888448,18.1678720596257,8.862392773355938e-09,0
-0.1780451,0.06191655488689095,0.0109631475,1392.3912000832572,1620.0465730871085,13.29401953469373,1.2422622883668917e-08,0
-0.2972061,0.17358908243909513,0.010882422,2939.754269528998,2566.72702375677,15.14742610391898,5.1919514253381424e-09,0
0.040009413,0.10406168430974477,0.011059843,1873.837968281844,1884.640744711192,13.553200550021991,1.0540811610448988e-08,0
-0.06638788,0.1335987347737819,0.010146677,2501.03101445909,2349.5431756558587,15.764107874218034,6.594445591144307e-09,0
0.19178236,0.1153329375725058,0.011083779,2118.1467761693566,2214.949567643738,16.16211819609061,9.559457412367816e-09,0
-0.4006631,0.12369829430104408,0.010042664,2330.8380031122188,2305.063327203297,16.685463348441125,7.477162408027533e-09,0
0.009388837,0.07887384897041763,0.010110449,1523.2761829126523,1653.177900253599,13.97083304777598,1.1850847232938169e-08,0
-0.13005805,0.16648238109048724,0.011114815,2685.7680364979533,2367.9165038727797,14.70987872978233,6.091902965648001e-09,0
-0.16243772,0.1226458272911833,0.009982172,2354.561537486861,2368.0552677116157,14.821086888413252,7.388158177051451e-09,0
-0.16084632,0.10602953705046404,0.011038849,2037.0857946679423,2153.9709101839617,16.640235751342754,9.29976699678101e-09,0
-0.033081684,0.07235399144431555,0.01180189,1504.7115568544295,1649.4658894358952,14.774803044866685,1.2594776590604958e-08,0
-0.1737229,0.06875475819315545,0.011765744,1445.3535879981955,1618.3300724393005,15.059023109464588,1.2859939951341398e-08,0
-0.24736747,0.10029364849187936,0.010205315,2065.6096200303746,2155.006695158669,13.273955552176963,8.895228345905312e-09,0
-0.12106366,0.07208436049883991,0.010677214,1596.5262946448618,1793.380776842664,15.504189206686398,9.718512382954073e-09,0
-0.19401981,0.18176977595707658,0.011696574,2679.7449731947195,2178.0244626053272,13.726929538982862,5.8839719957079675e-09,0
-0.12865935,0.09829973897911833,0.010230416,1848.4743504624698,1887.6995359128055,14.530678660918875,1.0203358461939533e-08,0
-0.08029624,0.08012117531902552,0.011099039,1594.4907293103793,1731.8772829552381,14.053912447462295,1.2436481631555085e-08,0
0.026811957,0.0728343423723898,0.01157521,1515.913945605684,1657.0025843333533,14.902218633775437,1.2539815456085694e-08,0
-0.075751185,0.1798823593387471,0.01096587,2521.777006242669,1977.6545571566867,14.990214868506229,5.717504631735907e-09,0
-0.23477553,0.11674226906902552,0.011547599,2245.752954676322,2274.268219775093,18.012865712807155,8.673836273313442e-09,0
0.09936137,0.09932841502320186,0.011050041,2005.3712929505439,2136.9326902673547,16.166934437030886,9.162810014094929e-09,0
0.024120018,0.07559975891821345,0.011594483,1593.3242894920716,1728.059708090986,14.56605814437042,1.2048491151751328e-08,0
-0.062742114,0.1184597502175174,0.011033157,2021.9756400901836,2028.5091880720404,13.481026670701468,1.0160805624047988e-08,0
0.20006172,0.10711259244489559,0.011149614,2079.724133097691,2193.3060567178222,16.039898631757474,9.36171521089953e-09,0
-0.057183817,0.07563941052784223,0.010180501,1515.0947685931587,1657.0506003839985,13.513860848500416,1.1804478356626807e-08,0
-0.194434,0.1354646262325986,0.01111103,2292.120176488865,2200.021183083729,14.072773481938835,8.65360412682909e-09,0
0.014971031,0.09566007468097448,0.011061903,2076.2931775062702,2180.387110423959,14.059831505112802,9.483667986921903e-09,0
-0.30710322,0.12053069714327146,0.011057938,2184.577931504544,2203.522516331717,16.144573457089116,8.940618585294937e-09,0
-0.22048855,0.1132053454901392,0.011168861,2179.8136551383614,2190.792119276955,14.542801308263753,8.725718150682308e-09,0
-0.21287352,0.07488489704176333,0.011111607,1623.398460355091,1830.5016551799495,15.191753992905207,1.1610185876469679e-08,0
-0.080971524,0.07027964580916474,0.011744413,1591.8833851656925,1816.2572024161204,14.862545481924606,1.1799244722528825e-08,0
0.021122474,0.08655606511020882,0.011104344,1695.3035443420813,1802.213885865217,13.518442501697226,1.1990778674934755e-08,0
-0.16137446,0.16508097991589327,0.009550937,2342.3184154091527,1955.3271993063072,14.416793259171405,5.195035373442632e-09,0
-0.04968878,0.17572913645591648,0.010946899,2305.470074301985,1708.6959432437297,14.800132396810241,6.3445591824955e-09,0
-0.007073637,0.07975411470417633,0.010224538,1635.1408031610888,1755.331061908048,13.15030773507112,1.1145574425834627e-08,0
-0.19763455,0.11590505365429234,0.011059924,2123.5433795769163,2082.611046441622,14.219248036697191,9.67585798385959e-09,0
-0.09199992,0.10300808439675174,0.011656427,2235.3184096103323,2287.4267539595744,15.573211319693373,8.332882761985404e-09,0
0.07015888,0.05933693445475638,0.011087723,1396.188207289996,1771.8989086067265,15.224827077527033,1.1741683422981902e-08,0
-0.11651097,0.1520163409947796,0.010939818,2304.921702600404,2046.271611367518,13.80413428772206,8.47003233472262e-09,0
-0.29038602,0.12907505256670534,0.010623388,2064.1021676435826,1891.8105096401455,14.569112537621233,8.057992378832558e-09,0
-0.28920078,0.09446712768271462,0.011812099,2064.7442566253735,2171.1026575527053,18.439819837535207,8.980302727483892e-09,0
-0.2860188,0.11851186376160093,0.01107461,2058.618192574108,2066.176715248567,13.251598313109898,1.0444792116011322e-08,0
-0.100573905,0.0766714852813225,0.011712375,1672.9881190252581,1846.9389311943723,15.27027119821853,1.114242756430929e-08,0
-0.15020499,0.060246655669953596,0.010178038,1423.0741572099537,1836.5788470307077,14.931342513673277,1.0935853154434388e-08,0
-0.25019193,0.0684624691850348,0.010173651,1627.9812810918697,1885.274968456552,14.351985227815414,1.033033533960558e-08,0
-0.098484926,0.12688288500580047,0.010195532,2135.1773595479635,2012.9750086111223,13.144467617427154,9.293820856749275e-09,0
-0.14104956,0.1291192357888631,0.010973756,2106.2484564768224,1906.240682084703,15.178166123095018,9.316716258661193e-09,0
-0.060461625,0.1292755764211137,0.010726757,2388.9552346686105,2355.864849974133,15.657995638076118,7.482468963902675e-09,0
0.04496393,0.06824155307424594,0.01181046,1460.5742547755467,1633.2062489902796,14.795044229853172,1.2743523256540721e-08,0
0.02659436,0.0712913283062645,0.011083117,1439.2041449530147,1620.2407537436754,13.889145696879615,1.3079015585101421e-08,0
-0.3092909,0.06305398963167054,0.011754662,1527.0354685607997,1762.3238898425604,15.661966052971499,1.1324324837244782e-08,0
0.00030680536,0.08412825369779582,0.011064065,1683.4926624339914,1799.9222505332475,13.999366533327684,1.1929020655112393e-08,0
-0.204125,0.12201480024651973,0.010930932,2248.7795704115633,2273.7750111574937,16.172560768967084,8.130084199839839e-09,0
-0.1963432,0.1000240175464037,0.011004477,1804.6669033677474,1918.7780615585839,13.614020632950798,1.1079963923464957e-08,0
-0.17763,0.0938440309599768,0.010217853,1790.4909923960406,1866.9560891780673,14.996054017089124,1.0400937285161773e-08,0
-0.28544614,0.07831192901682135,0.010161942,1662.8470879961274,1849.7447636885483,14.851795244199282,1.0630314482747002e-08,0
0.10410711,0.10984855350928074,0.011795938,2173.6627441802907,2202.1471624318665,17.97175756620091,8.627619922195253e-09,0
0.010190054,0.06515552494199536,0.011168384,1548.8805259106136,1820.6743583155217,15.474310204900725,1.1600497265141644e-08,0
-0.19056883,0.07643584142981438,0.010939176,1573.827438791351,1736.4796023099682,14.169539010909899,1.2117237984908824e-08,0
-0.2542504,0.11917008048143851,0.011641983,2317.6258404075,2248.9227843681138,16.639629375723725,8.087588820755172e-09,0
-0.085122615,0.07676664914443156,0.010195719,1519.478071031452,1665.620118456083,13.682352728711125,1.1862803137569726e-08,0
-0.12352317,0.1265792669663573,0.010102973,2445.394898489045,2352.202259369062,15.03809402787669,6.820820730710234e-09,0
-0.2663297,0.12471564131380511,0.010134354,2330.1740504925133,2211.117515576406,16.216825492793813,6.937035737969146e-09,0
-0.28965464,0.10542116806844548,0.010142315,2196.558280360223,2252.234220437173,18.33205604275158,7.483051190974002e-09,0
-0.07456884,0.11039687862529002,0.0110249175,2073.5778414236224,2177.2342831640017,16.78091679148435,9.412440727279896e-09,0
-0.051040187,0.10968201674883991,0.010975554,2057.7628350048612,2148.712280454469,16.642132891811638,9.292465717214932e-09,0
0.046659324,0.07637919627320186,0.011801792,1595.3143762169107,1736.997649350542,14.714478733849651,1.2087270140185418e-08,0
-0.002720468,0.11049090958526682,0.011009101,2135.8210316903496,2236.5224870836346,16.404913602734688,9.339221051036873e-09,0
0.050039098,0.0692328433149652,0.010982801,1460.5464307460663,1652.208136939036,14.204371012079395,1.2652223140113839e-08,0
-0.27132797,0.07361717843677494,0.011072329,1628.4465261183072,1829.528315900335,14.923352872590032,1.1420650608768013e-08,0
-0.07756934,0.07397970743909513,0.011142861,1562.6225309183128,1738.8835758501475,14.176943186227485,1.2232275960334802e-08,0
-0.077356465,0.10887878842807425,0.0111364955,2146.110233671151,2254.1825394616203,16.83291896174589,9.384450195184354e-09,0
-0.24538398,0.12137810868619489,0.010153946,2255.0950086121843,2264.0925927585877,17.4555600029806,7.797875985636331e-09,0
-0.14050794,0.0853755800464037,0.010962467,1701.3484558799476,1799.856819914284,13.911984169846058,1.1756491375637005e-08,0
-0.03337963,0.09256724912993039,0.011024633,1719.9918438026402,1748.05550367668,14.517093786912271,1.0714277730519845e-08,0
-0.21632138,0.1271457185324826,0.010803665,2256.6000630015333,2243.9430552742515,16.48047618953812,8.016504991309185e-09,0
-0.013512339,0.08316981764791183,0.011587314,1686.0973098525258,1781.7030429625852,14.455640441216906,1.1851393415966435e-08,0
-0.18539959,0.08744652697215777,0.010228493,1714.2032610287272,1809.851837756313,13.50622158665895,1.103330713542875e-08,0
-0.004370692,0.07884892510150812,0.010129628,1605.8506153418343,1745.4036611810825,13.540611043237607,1.132020621151769e-08,0
-0.050466515,0.09652901138341068,0.011000419,1848.6758812828616,1949.2046763473475,14.168696602128227,1.0800987326318554e-08,0
-0.122803405,0.14335189783932714,0.010984743,2509.3196822362806,2298.281336820348,14.873954997034039,7.05144219506033e-09,0
-0.35666406,0.13156857236078887,0.010821229,2098.547317189446,1887.9495282709017,15.120293166292239,9.153563594258091e-09,0
-0.13403505,0.0789984683149652,0.011007176,1637.614149769307,1767.2599539997625,13.374779197978581,1.179243942751897e-08,0
-0.03408841,0.11099391857598608,0.011038743,2158.115928706485,2256.3059916421676,16.41693359408073,9.179767836628397e-09,0
-0.15268895,0.08969307388341068,0.0110782115,1746.2059668158731,1853.438565918617,15.306036533642903,1.1184212331537134e-08,0
-0.056969963,0.16802199644721577,0.011359135,2486.7777290695435,2007.0264562971984,14.8561224298782,6.2117567227163415e-09,0
0.0038694236,0.10434944170533643,0.010090918,2142.727547875498,2203.9082739756677,18.931398980403166,7.566999272442991e-09,0
-0.07691613,0.07736708780452436,0.011095134,1592.3512380852737,1749.3636196353425,13.914513913981978,1.2300534165803115e-08,0
-0.025420355,0.08348363181554525,0.011772545,1683.6369158814027,1776.809208277452,14.567063051763041,1.2003420858560578e-08,0
-0.04175532,0.04075732308584687,0.011059551,1095.9036542156507,1576.7394782165368,15.40995341245558,1.185041526030765e-08,0
-0.04460161,0.06908896461716937,0.011112552,1450.051589305455,1653.0664576723639,14.306332368347094,1.2795377973399868e-08,0
-0.024404623,0.09019041835846868,0.010810511,1601.6744403962032,1678.8386191320876,13.757616576096448,1.1930858604024822e-08,0
0.20988794,0.09854218024941995,0.011003518,1997.8648983255146,2138.9558495429073,16.667674993256,9.17145719253422e-09,0
-0.23750144,0.13253607163573086,0.01099597,2420.4963193190647,2254.739932849025,16.150436787028745,7.35743303911273e-09,0
-0.043162376,0.08546394649071926,0.011153604,1703.0536839059516,2002.1832391398707,14.68956429829059,9.6279015592844e-09,0
0.041627042,0.09848440218967518,0.011702996,2075.420354066002,2168.6655332182413,19.53129660237437,8.500195143320987e-09,0
0.06129884,0.1378097357163573,0.011131791,2321.080108923072,2254.8495225655524,16.59372798738478,7.604331976932657e-09,0
-0.22122538,0.1768495776537123,0.010958846,2777.34302430914,2297.3352686583685,15.902238905996668,4.89015766240692e-09,0
-0.50016165,0.11315549775232019,0.011596458,2235.415341536862,2275.5974225968903,17.119654356495303,8.843452372493544e-09,0
-0.17337887,0.06351168249709976,0.0109213125,1497.600470959256,1770.5231014195094,15.220199690222277,1.1613531978179765e-08,0
-0.2574209,0.09395052385440836,0.011740814,1946.14713217952,2000.419450357852,14.75055900343391,1.0132431660704189e-08,0
-0.53683454,0.13666550355278423,0.010161034,2429.8959890259757,2223.4719398006464,17.372828694468172,6.557082273609181e-09,0
-0.0972352,0.0623074064675174,0.011844872,1420.0239751326956,1785.3265661442736,15.96958504319679,1.1832957240771503e-08,0
-0.18649574,0.07163459795533643,0.0111025395,1591.392618698603,1815.8998512467224,14.753489963679321,1.169369246205959e-08,0
-0.17426796,0.08467318010440836,0.011168732,1691.548575290582,1948.1533001754206,15.682324854717063,9.682953157775192e-09,0
-0.10663283,0.11811761347157773,0.011003822,2184.248471220077,2235.213034153735,16.20835651127681,9.180731422272298e-09,0
0.045185797,0.2155110299448956,0.010892691,2774.5837164567965,2156.570806582775,14.138937401569281,4.211223239682869e-09,0
-0.05873156,0.11637747426044083,0.010187186,1981.4432118528857,1889.7501948442375,13.3024398259249,9.53882049110122e-09,0
0.003168945,0.08147386165893271,0.011780659,1682.8222803567562,1786.6925971270146,14.360240388456777,1.1875372577185318e-08,0
-0.153104,0.0946279999274942,0.011097585,2139.669120458806,2282.9047456914036,14.34896103711073,9.037872251856138e-09,0
-0.10213752,0.06231760259570766,0.010993673,1394.4508444310743,1769.5560873536122,16.404500959288864,1.1702026172413321e-08,0
-0.07636638,0.07287399398201856,0.010182529,1490.4597697669874,1657.434439863359,13.073566638567376,1.1860335608358901e-08,0
-0.14874257,0.1302612021461717,0.01087453,2064.447500744194,1883.248708138807,14.22967592226622,9.480061759865737e-09,0
-0.021835718,0.13775648926914152,0.01109374,2301.53516181173,2263.3928912693495,16.90760675774312,8.119775252826181e-09,0
-0.08575317,0.08767650630800464,0.010167806,1712.720767221659,1801.929936295186,14.275188187665703,1.0900084849382175e-08,0
-0.04796967,0.06642777515951276,0.011052648,1468.700419821739,1817.0310507228924,15.283695581540492,1.1675106572949946e-08,0
-0.105635725,0.10404922237529002,0.01019646,2301.0305239586473,2325.939129875062,14.641047496365433,7.216762851559709e-09,0
-0.14705786,0.07236305466937355,0.010820158,1823.6292798937707,2084.9782205910956,14.543832654451078,9.675850375979766e-09,0
-0.3396456,0.06092639754930394,0.01089686,1509.5123718021218,1791.2827349317208,15.229824505258554,1.1012208131215313e-08,0
-0.0371977,0.07583200406032482,0.01097297,1506.0354836530926,1649.69945503739,14.170409351806695,1.2604584277368738e-08,0
-0.24336308,0.06635300355278423,0.009907975,1555.744370160369,1786.7014695773023,14.854513944274284,1.0066943641440399e-08,0
0.0052964306,0.06935066524071926,0.011725061,1462.062090267879,1627.8908727423297,15.018713722698998,1.2630540247227885e-08,0
-0.23790498,0.11596056590777262,0.010188596,2137.0306316972537,2169.837382675117,17.369347469634633,8.094642468567101e-09,0
-0.47753125,0.18157265081206497,0.011762785,2858.3414643751257,2266.1218975280726,16.230466299413564,4.077823915951186e-09,0
-0.26724866,0.08554664841937355,0.009835757,1625.7777876757198,1715.8896590068034,13.190700689589669,1.0731621672237603e-08,0
0.0017983522,0.061995858106148494,0.011009824,1439.7325400557042,1806.8657194729474,15.453919177444208,1.1388285101782807e-08,0
-0.11268559,0.07459260803364269,0.011224917,1575.517083230839,1749.2649879949322,14.076816708586968,1.2248890128622364e-08,0
-0.07917659,0.06857349369199536,0.011619605,1461.8082788761071,1632.6134084854177,14.782628282543271,1.2629861487165797e-08,0
-0.023492817,0.0805505456061485,0.010199281,1602.1596882377685,1739.9794008503318,13.650726792676368,1.1435198471147745e-08,0
-0.046543263,0.0725703759425754,0.010222702,1489.8600958615673,1659.597019648309,13.558929773670792,1.1810248435760534e-08,0
-0.041830346,0.07963289406902552,0.01019433,1606.1187347576606,1739.6937343197972,14.381714751967934,1.1336353393309273e-08,0
-0.1435781,0.14213289406902552,0.011026389,2491.2070372061094,2411.4538391047645,15.115261320692605,7.99085701610611e-09,0
-0.035571966,0.07502311122389792,0.011157843,1576.419393482172,1743.7550980007852,14.701729711554997,1.224736891195439e-08,0
-0.012599226,0.07263721722737819,0.011074206,1548.4184168950667,1747.6722912308649,13.931743063804893,1.2352764313520875e-08,0
0.029914167,0.07525875507540604,0.011047399,1566.6141763830897,1737.4116165543837,13.603039650173386,1.2317601398852775e-08,0
-0.10237149,0.052258555684454755,0.0111614615,1281.1089911380395,1718.9666552522767,15.836472716144158,1.1981414378932896e-08,0
-0.32216474,0.054386147766821345,0.011046086,1427.5789656621478,1843.8049554818194,15.399375755117724,1.1113957730865602e-08,0
-0.27338243,0.11201806300754061,0.011065431,2297.9885038990137,2348.4613757255847,15.211993633454902,8.337226128847895e-09,0
-0.25218368,0.07794940001450117,0.0117713865,1559.8301282317245,1640.7494521478181,15.130754362863058,1.1929519701356943e-08,0
-0.10203563,0.11732911289153132,0.0110224495,2327.6659593712775,2283.307546898913,15.806656650784287,7.81972500738791e-09,0
-0.093099184,0.10142541872099768,0.011056581,2214.17245672645,2306.203013959979,14.845784777445203,8.500615835607392e-09,0
-0.11433323,0.1226594221287703,0.010190205,2111.765338179689,2029.078056138298,12.9748781521607,9.395548438985563e-09,0
-0.02329421,0.04274103647041763,0.01092643,1202.6368368174255,1582.8537155186016,15.741908803163389,1.1199014365454078e-08,0
-0.2107743,0.0863521425464037,0.011096041,1703.5635047814724,1800.1134862059935,13.710613449888971,1.1974878482677987e-08,0
-0.24643159,0.11092821019431555,0.011799808,2181.9188174962237,2174.894766136696,18.113129373053237,8.293942051543913e-09,0
0.090342484,0.10627990864269142,0.01015849,2170.5185142237697,2210.1085980817857,18.082055802408785,7.544611657178239e-09,0
-0.1377284,0.07634067756670533,0.010233462,1511.7479083895232,1652.7430615501783,14.518280386930648,1.1902983699008977e-08,0
-0.24378228,0.12707774434454758,0.011783746,2389.203778344255,2216.0221510658407,14.018867319829997,7.940184754678569e-09,0
-0.10612486,0.12677752501450115,0.010157501,2145.524340408072,2021.2747936128724,13.240549786963555,8.549116238194006e-09,0
0.077219985,0.06023645954176334,0.01108582,1383.877144818657,1788.908384820311,14.595908751278486,1.1449914139875968e-08,0
0.00873711,0.07148505474187936,0.011027814,1516.0228016227243,1679.3579643194225,14.325327760270515,1.2452080824958607e-08,0
-0.21280569,0.10136310904872389,0.011118101,2012.8305226807745,2067.3337206731508,14.773253094610691,1.0079520399806687e-08,0
-0.006301173,0.12506004386600927,0.010113017,2131.997509555262,2072.1296668229484,14.380216370034717,7.735701950081311e-09,0
-0.057546444,0.11274991843097448,0.010091566,2133.5156735472847,2192.801758592291,18.388331619413613,7.968051423837258e-09,0
-0.18173462,0.04582366589327146,0.011502343,1146.9960368254913,1597.2730342279986,15.491152485968662,1.1839108882612489e-08,0
-0.04067547,0.1522315925899072,0.010119295,2406.204000128111,1920.590157291437,16.185196709814164,4.865411479218857e-09,0
0.053102702,0.07262022368039443,0.011737563,1571.3193309430874,1720.695837021899,15.34001113714095,1.2052256051806361e-08,0
-0.14433587,0.13024307569605567,0.011084085,2369.7046871989687,2234.842168900731,16.51494134663525,7.835986340995818e-09,0
-0.11719333,0.05721727269431554,0.010195931,1319.0340052170654,1750.7811860228405,14.503550894027013,1.0699328317033144e-08,0
-0.095216855,0.07688786977958237,0.010153078,1510.1303835970166,1652.2924009625285,13.54267789514493,1.1779298909506782e-08,0
-0.3676402,0.09459741154292343,0.010747404,1742.3928610080097,1775.2284097227057,14.90264124459882,1.130750538510527e-08,0
-0.09329659,0.07870391350058005,0.01086709,1709.04971791716,2048.129982349322,14.149897299180601,1.0459569172590243e-08,0
-0.11506142,0.11677852196925755,0.010992224,2215.055267101936,2253.6179836401807,15.906942785335994,8.871917232100666e-09,0
-0.00971646,0.20939675174013922,0.011050695,2929.008057019887,2274.3361406134536,15.023377480391213,3.214990131881967e-09,0
-0.012013886,0.06834917887180975,0.010966797,1476.0641073789736,1672.5241337416485,14.72846005535164,1.2232646425212013e-08,0
-0.07640529,0.08161207584106729,0.011001789,1677.4177365312887,1800.9415211918792,14.061676687387935,1.1793627313529637e-08,0
-0.1056923,0.14533900993329466,0.010281196,2192.243085674195,1917.0978630434147,14.095719669164339,5.708421528997377e-09,0
-0.09263209,0.07719941814095127,0.011767947,1839.3163556854565,2067.639331234562,15.344276136773914,1.0326449722822555e-08,0
-0.1852141,0.10060632975638051,0.010960614,1861.7853930309373,1947.4925187247443,13.304334963974284,1.0913732430270306e-08,0
-0.27806628,0.15068744562064965,0.0110324435,2545.910575899494,2347.801319670288,15.133696161116369,6.94341966088349e-09,0
-0.15256402,0.12836019069025523,0.01099926,2374.8769361133677,2253.607316663801,15.082517236484222,7.721821199682191e-09,0
-0.07343836,0.07783271099187936,0.0117807,1664.5645740634634,1787.442073077064,14.653657477921456,1.1728402218649313e-08,0
-0.007848514,0.06717209251740139,0.011816598,1448.808118702917,1624.6630551547494,14.730313498953128,1.268983065294465e-08,0
0.06814015,0.18241213203306264,0.010998384,2560.1783270396004,2009.755473935057,15.72705304659749,5.211993297038951e-09,0
-0.082973614,0.07507975638051044,0.010955073,1574.67167904437,1738.9786858306475,14.44449450444042,1.2064054639543524e-08,0
-0.286119,0.12491389936194895,0.010129289,2216.5534714377104,2198.390904046403,16.78920841027632,7.742307908395089e-09,0
-0.062114153,0.08333522150522042,0.011780007,1673.4094738811914,1775.8444258477803,14.38962656942287,1.1931737518242581e-08,0
-0.13030064,0.08233939965197216,0.01183938,1680.9752852516074,1775.2467488364193,14.417854411078258,1.1876276361289931e-08,0
-0.13836707,0.1992028893561485,0.0110658575,2670.9710283607146,2072.0921172165295,13.87640656345069,5.054432249975939e-09,0
-0.12435457,0.086439376087587,0.011446086,1669.5596568072885,1725.6097327254754,15.244961413585273,1.109676912890642e-08,0
-0.2934984,0.09437309672273782,0.011750156,2037.7103447443067,2146.1734686684854,17.152685813052965,8.651984312172023e-09,0
-0.07214628,0.07993424630220418,0.01175118,1662.5385773142345,1780.324319557403,14.567947908271274,1.1979731855899552e-08,0
-0.08418752,0.10315536180394431,0.011766451,2087.7416069075034,2174.348152415527,18.02531903232498,9.10065734893262e-09,0
-0.15401575,0.07398650485788863,0.011752905,1575.5467228668622,1725.4162290918894,14.778394179185852,1.2114019067850745e-08,0
-0.1905096,0.14224278567285384,0.011067333,2410.579152672846,2297.5795313697513,16.476056697515205,7.299378979068415e-09,0
-0.03975861,0.10841769685324826,0.010966668,2146.7080605900305,2251.1004052203593,16.894536509170845,9.159848803296366e-09,0
-0.029566454,0.13659526355858467,0.011055447,2184.853309776484,1982.454465666936,13.80955891924789,9.141081116973783e-09,0
-0.018928211,0.11175749528712298,0.010150993,2103.3809439743936,2155.6084348029226,17.532622831634296,8.198392963324416e-09,0
-0.17469779,0.14424802421693736,0.010984637,2438.5895679189434,2245.0707792669587,15.62655078869804,7.571164064499128e-09,0
-0.09588519,0.06750176732888631,0.011087889,1576.8344043392742,1821.388410697282,14.807796153136126,1.1431714576226106e-08,0
0.122528076,0.14087197288283063,0.011173024,2400.3831239961446,2336.9926495358063,16.170271078922816,7.846405066443117e-09,0
-0.04375673,0.066903594475058,0.011033735,1440.2984722149547,1647.5861621589288,14.249091367520636,1.2684321326218012e-08,0
-0.16825742,0.07238344692575406,0.011132528,1560.3986600081203,1743.8904593931688,14.089458154002894,1.223832265653883e-08,0
-0.16367134,0.18052698122099767,0.009528466,2494.8713654759636,2040.3928709918214,14.992811780105363,5.195175445002528e-09,0
-0.10929072,0.09106501957656613,0.010998036,1739.718494890229,1862.4059610318036,14.227335751955636,1.157030569409509e-08,0
0.11738409,0.1385019395301624,0.010949867,2419.0662521393856,2366.5021040274996,15.52959511453437,7.847268918682507e-09,0
-0.24377948,0.07425840160962877,0.010586975,1491.1552618296466,1612.5359027378297,14.780157673398692,1.1014781507427173e-08,0
-0.21382478,0.08117477523201856,0.011573701,1601.042879520415,1663.0446342284547,14.92428383998876,1.1815988961965155e-08,0
-0.0373183,0.07444419772331787,0.011198761,1594.015896062229,1758.979296916483,14.000468404634237,1.2068797202068355e-08,0
-0.11547135,0.07296575913573086,0.010130158,1491.2520481480012,1652.1967185422454,14.366861392033458,1.1706987004250005e-08,0
-0.047692046,0.06831632468097448,0.01180443,1455.9532040646495,1631.224982991399,15.030143744104102,1.2715218189164877e-08,0
0.018994749,0.07389700551044083,0.010988626,1573.3262568678858,1740.7369799595056,14.192489202080889,1.2155660229452231e-08,0
-0.07453699,0.07674625688805105,0.011138608,1599.947245613862,1756.4420339737767,13.416689193289871,1.2218145953082905e-08,0
-0.044732958,0.04081963275812065,0.011071356,1035.9799566207741,1506.8205896234351,15.888066116980173,1.1861704622550048e-08,0
-0.033995975,0.11288360100058005,0.010192019,2228.512252889065,2213.213578872703,13.825786761853024,8.237377002287628e-09,0
-0.27454636,0.11837931409512761,0.010096619,2247.1305774558605,2218.3754692837447,17.190343337402993,7.728965643517077e-09,0
-0.2723176,0.19116154292343387,0.01117269,2719.0970529438355,2287.0439547206593,12.909499142816774,6.126969457375205e-09,0
-0.25256807,0.10292085085556844,0.011809198,2020.225660139711,2099.2174333686808,18.583290789325144,9.368966790383847e-09,0
-0.07107912,0.10825569170533643,0.011102646,2135.7085565544576,2193.4611251294996,16.394026086954053,8.772470498485543e-09,0
-0.26061273,0.07970313406322506,0.01017729,1628.312324333269,1748.8938122233328,14.354824737202325,1.1060832687051422e-08,0
-0.280452,0.22517242785672853,0.011128925,2849.2949679840303,2126.4164132481606,13.913506133943635,3.3830167844573338e-09,0
-0.119659886,0.12084224550464037,0.010990909,2338.388652452941,2373.69064542234,14.915579726401504,7.998396359718204e-09,0
0.19038945,0.09505850311774942,0.011133274,1933.9540970159483,2112.319440011438,16.174198768632063,9.793008517126669e-09,0
-0.15965942,0.09021307642111369,0.010172568,1729.7420738128612,1807.142359053691,13.214521959404651,1.1023096992614594e-08,0
0.2340681,0.13892451239849188,0.011063957,2392.2049599900824,2302.0057068701085,15.759993895466112,7.387245237028635e-09,0
-0.19591269,0.1228588130800464,0.011635693,2357.1775528423427,2218.9684170398746,18.52852016483955,7.362018659032075e-09,0
-0.17945415,0.22843292307134572,0.010911129,3115.7049839108213,2494.9472774664177,13.98561668677882,3.73567782278503e-09,0
-0.37497646,0.26562613290313225,0.010978285,3083.9343656944857,2069.8955686513887,13.496490350173564,1.8239564310228304e-10,0
-0.20404147,0.17096981039733178,0.011027921,2498.4625931236837,2074.490395475387,13.676081532028514,6.916375044165813e-09,0
-0.18979305,0.08223290675754061,0.01110369,1816.6559753116271,1983.1163540595824,14.299795232476345,1.0823525215687557e-08,0
-0.17457306,0.07291477849477958,0.010202587,1590.7184630263348,1814.5263486706474,14.829074304580807,1.0953838741435209e-08,0
-0.29571795,0.08271778929814386,0.010225869,1726.528881728366,1861.2349013584458,14.819132116600304,1.0339024042224207e-08,0
-0.14168823,0.09924911180394431,0.010141449,1704.7938013494315,1709.806298813028,13.722673215791653,1.1531564855727312e-08,0
-0.021991026,0.11725320838167054,0.011008977,2146.3299847615135,2201.8924753131796,16.28793057521262,8.845289226924594e-09,0
0.108567186,0.10219692575406032,0.011105803,2051.7889312179927,2190.508939721415,17.062723909041807,9.091795846394998e-09,0
-0.15136375,0.08316415313225058,0.011085832,1630.3258676386572,1727.3171623471871,14.526319862706323,1.1869935081211086e-08,0
-0.023854893,0.3068230224042923,0.011090321,3489.6097329751747,2068.718419906428,13.747109010111414,8.103000749440434e-06,0
-0.0041120765,0.05150857381090487,0.011089954,1213.896078826499,1681.7013854915062,15.315179639228846,1.2039681152639135e-08,0
-0.2173577,0.10818771751740139,0.010919467,2151.845740911232,2238.2691474666067,16.653247952372705,8.682207940608814e-09,0
-0.0032384922,0.07002814131380511,0.010777119,1734.985189554395,1941.2058100259032,14.687482992350084,1.0151881533173856e-08,0
0.01111244,0.03939444061774942,0.011794883,1060.0009948433574,1521.16900585762,16.760735553081666,1.1407634143337623e-08,0
-0.019846777,0.09772422418793504,0.011042095,2073.6984471525466,2227.502978182084,16.697724829322066,9.177269769275607e-09,0
-0.12770766,0.08827921077436195,0.010213076,1717.8586853725599,1805.1971297515458,14.004449048313765,1.0990478733080577e-08,0
-0.14376348,0.07298955010150812,0.010142955,1499.2557205346532,1659.3513442286949,14.319213365637932,1.1721875693220207e-08,0
-0.21861985,0.18142877211426914,0.009511432,2478.700055892533,1989.4430055076734,13.995032123786405,4.144494903692437e-09,0
-0.20412703,0.14899828705046403,0.010986118,2232.5116100865466,1841.8877646101387,16.668758686470596,6.7731955786111616e-09,0
-0.27715027,0.1038181101363109,0.011755211,1835.596837705818,1753.7446799032425,15.31563886510674,1.0963556658901458e-08,0
-0.011390128,0.07574930213167054,0.011029037,1613.0070777170652,1759.9957125604521,14.076928994326487,1.173072469495163e-08,0
-0.23283273,0.181658751450116,0.011032633,2540.272688205443,2009.9374024232086,14.083176496346448,5.687487815371264e-09,0
0.00439768,0.08031603465777262,0.011114513,1669.8983533094608,1810.8365573739504,13.544519470702312,1.1830833047985464e-08,0
-0.13633758,0.06867432207076567,0.011517028,1388.9761794416982,1774.7382065575334,16.77988193727186,1.1693219193881245e-08,0
-0.057944506,0.056104761818445474,0.010985053,1334.240891740752,1786.0617058836194,15.033079829021526,1.1593346405071685e-08,0
-0.020040462,0.08267473897911833,0.0110750105,1640.9138758761044,1766.3287691182707,14.07710935690653,1.2231618427306798e-08,0
0.03505206,0.1322301877900232,0.011024799,2380.350713529854,2239.12092848117,16.548384536654744,7.69633246599959e-09,0
0.036510866,0.09979856982308585,0.011059129,2184.1439746698456,2293.292013082357,14.316132063321891,8.713251160529958e-09,0
-0.24277097,0.06338593024941995,0.010925297,1413.218702081803,1847.9399062257478,14.839082828315085,1.0454370276992934e-08,0
0.07823849,0.07599061049883991,0.011758776,1597.9155665595406,1730.5633658130848,14.548942663902848,1.2108312488314759e-08,0
-0.19489712,0.10616548542633411,0.011179398,1878.0766415034038,1948.0362397914157,14.04961497696104,1.0953845211686166e-08,0
-0.24701142,0.14667130401682135,0.01106556,2555.7844114065892,2329.1721721825725,15.616561767692392,6.383346349732131e-09,0
-0.23824999,0.08989359773781902,0.011740879,1917.5429522463905,2014.8079667028596,14.781690361114775,1.041848572651638e-08,0
-0.15833849,0.04142460303074246,0.010198817,1056.2766996817063,1527.5108531533526,15.2170524539276,1.1026810813881096e-08,0
-0.117717214,0.08712364957946636,0.011833519,1691.675994611054,1753.6376064628298,15.43921477194564,1.1792562379847582e-08,0
-0.17274427,0.04417982344837587,0.01165941,1087.7656341012498,1514.2824885478508,16.008180848127253,1.2141663179507314e-08,0
-0.12937105,0.052317466647331785,0.010635435,1212.0406176134618,1593.953537477147,16.29567258301334,1.1395438779815215e-08,0
-0.23537952,0.11860929343097448,0.010108672,2240.581550403795,2238.5104227304982,16.472278223811436,7.549408753590013e-09,0
-0.054072328,0.07941764247389792,0.010187627,1609.8393951282505,1748.708561410732,13.191050749488422,1.1209338687865044e-08,0
-0.016283464,0.053065182714617166,0.010613676,1287.5254862308564,1658.05560098272,16.232330454541483,1.1055872168235191e-08,0
-0.096188635,0.14230622824825986,0.0111689735,2354.1258911358304,2283.3716705801544,15.98721594653799,7.968696248732455e-09,0
-0.19438191,0.1222538428074246,0.010076924,2282.7883555601093,2172.5241374286843,16.417538237750858,7.003800237642874e-09,0
-0.12874593,0.09026179125580046,0.010091952,1713.6713736250772,1796.0557563549264,13.253915175027,1.109385818645636e-08,0
-0.060598776,0.10889238326566125,0.011066339,2144.6076706818344,2251.9891310451903,16.37821857914208,9.014186931231379e-09,0
-0.0867251,0.11233414298143851,0.011008111,2083.960681330179,2165.6620482117482,16.41682454706581,9.236130032667795e-09,0
-0.07671133,0.07543662086716937,0.011074741,1580.3698527784197,1748.8709694172985,14.745302470393408,1.2207276602467386e-08,0
-0.11990464,0.06469216756090487,0.011080852,1475.6561982119738,1773.1343263558579,15.576614317077958,1.1800101727170884e-08,0
-0.06300397,0.1725286851073086,0.011170783,2847.216710083324,2502.466246119917,14.177355293051589,5.8096517900267754e-09,0
-0.21231326,0.0925785781612529,0.010878152,1748.3126010960552,1880.9009751772476,14.014229654238855,1.1166781595881893e-08,0
-0.15319866,0.06738847701566125,0.011759901,1507.3842307270286,1699.076502166581,15.22962742406763,1.2057406140447443e-08,0
-0.09109804,0.09341579357598608,0.010883466,1794.8404007450977,1909.8698151129593,14.185282022111021,1.1178350198728374e-08,0
-0.1995421,0.12895723064095127,0.010883984,2308.790574273621,2330.0716988086338,16.83580203793916,8.3988174523598e-09,0
0.02010584,0.06960216973607888,0.011663235,1465.9510270292728,1611.1917453662702,14.968511127023444,1.2533426870545651e-08,0
-0.063846126,0.07739654328596288,0.011080364,1591.1663729903942,1741.6434198826364,14.29219368452124,1.2124936843245708e-08,0
-0.2606908,0.08354027697215777,0.0110253645,1641.7451586007692,1769.6998816286855,13.91571793530988,1.2278929336584811e-08,0
-0.0932834,0.07405561194895592,0.011166391,1592.224624198378,1754.0605539496103,13.736873355749529,1.2099515161410969e-08,0
0.0006469339,0.07333055394431555,0.011085829,1485.2951462310464,1642.45396899865,13.52997317341906,1.2862471127384032e-08,0
-0.16078658,0.07487696671983758,0.01099238,1609.8346000131628,1771.6833089089978,14.187303890085987,1.1665200958155621e-08,0
-0.0014516413,0.10629350348027843,0.010955204,2079.460538475308,2211.836038677216,17.205021581365408,9.546649444568946e-09,0
-0.19268605,0.12094987130220418,0.011120158,2068.6249528462185,2066.0503938211596,14.524029903738272,9.858868811899845e-09,0
-0.32821286,0.07784857163573086,0.011083998,1622.32159303991,1966.7315639300236,14.692173322053328,1.0845863642769193e-08,0
-0.08346626,0.11666636455916474,0.011091831,2149.9771139870422,2208.8076841425386,16.225360247624483,9.088315520951492e-09,0
-0.07330448,0.14524044736078887,0.009988162,2250.2890994741806,2037.0711393028228,13.97106171298413,8.467673560189746e-09,0
-0.10633959,0.15641200514791184,0.011075857,2415.6236325434115,2121.3786856297793,14.600986440789379,7.70293165707383e-09,0
-0.19582525,0.05863226870649652,0.011026679,1426.2763064148673,1723.0493859041405,15.026296116100571,1.1827749191770934e-08,0
-0.2734242,0.10699930213167054,0.011041086,2009.7193773181345,2159.2318538972117,16.474893827796407,9.807448090641932e-09,0
-0.0410726,0.08523736586426914,0.011765579,1709.9929742101176,1789.0338058988095,14.473678917137558,1.1768957209125967e-08,0
-0.13776745,0.054698829031322505,0.011204617,1343.5404276322538,1779.0251499090814,14.855664583729897,1.1839221449098189e-08,0
0.062778704,0.051057678364269145,0.0102258045,1283.760012413556,1735.2818046891218,14.928422295065873,1.1031601284397107e-08,0
-0.061548218,0.08442620722157773,0.011070151,1680.1118820853128,1801.5282961781727,13.911241058454834,1.1943533651175613e-08,0
0.00010528322,0.053777778784802784,0.010155514,1328.1624442441564,1761.0506402803037,15.10386719035387,1.0638080371085839e-08,0
0.1339603,0.11132246048433875,0.010116949,2125.435148731323,2185.5136177517916,18.54797107956812,7.97169349707252e-09,0
-0.24818489,0.06896547817575406,0.010164044,1584.9577024955722,1822.130642867801,14.836874832059042,1.0448630242450553e-08,0
-0.0025491081,0.10860236006380511,0.010996752,2101.355468625665,2202.0384971726585,16.606002789224135,9.150062027966749e-09,0
-0.18166748,0.1606105441560325,0.010720634,2200.1021461463138,1645.3802432709438,19.24729850398143,5.3589963583217636e-09,0
-0.23248819,0.08884566234048724,0.010892972,1716.964477865237,1868.4583397180252,13.976701714967255,1.1423182851028131e-08,0
-0.21895103,0.10979757286832946,0.011144608,2067.88091233249,2049.3854625848858,14.277878150610086,9.955977680951841e-09,0
-0.083053455,0.10006253625290024,0.011101198,2032.6861508591974,2076.4590092760077,14.180837818682653,9.999530900499569e-09,0
-0.11106556,0.13032351181844548,0.011743258,2378.135338332521,2204.0335592794536,13.920177788944002,8.02483884514387e-09,0
0.25540867,0.10397105205916474,0.011027101,2047.892525046857,2156.4904008294584,16.33459060211522,9.081393669332391e-09,0
-0.036536597,0.0795875779437355,0.010916987,1641.4065416306175,1789.2402455549748,13.283543451207464,1.1907443938517705e-08,0
-0.10498017,0.07980849405452436,0.010227723,1611.7195341995687,1739.6851912993218,14.232723823145902,1.1390324340336456e-08,0
-0.043121755,0.09143661180394431,0.010204008,1894.0240801229609,2026.65758085507,14.413457515144081,9.130396999141764e-09,0
0.12375107,0.1297661234773782,0.01110288,2326.686956211164,2322.7105309234007,16.418559751148436,7.970192918654398e-09,0
-0.036175743,0.03558448738399072,0.011739579,1006.6458695343125,1473.4100046181002,17.073915966488425,1.0905859470724869e-08,0
-0.19873628,0.0889612184599768,0.0117710065,1710.3358954091836,1768.8917177125777,15.17844456759892,1.1947139932737985e-08,0
-0.26241988,0.09954366661832946,0.011097617,2243.706360640775,2355.060012521616,14.708334517905268,8.344779234692078e-09,0
-0.022951439,0.05766816814095128,0.010935513,1399.6868424382187,1798.2402825127729,15.49365829013548,1.1389787102427649e-08,0
-0.13802853,0.0771597665313225,0.011077385,1653.1193464266307,1828.6758457717317,15.043411440602787,1.1426547673043289e-08,0
-0.52371186,0.11717503806554525,0.01089679,2246.405725876056,2241.9333357830096,16.054237297525113,8.134537005284385e-09,0
-0.13192642,0.1336281902552204,0.009927668,1978.150357294127,1772.2937840842983,15.536369507576758,7.152269242984441e-09,0
-0.3354687,0.09853085121809745,0.011748507,2005.6513069103787,2131.320375101626,17.71022379767489,9.677165482275426e-09,0
-0.41040203,0.15895877138921113,0.0116849,2660.351566014754,2291.1219492388336,16.93378462482916,6.0621476279439625e-09,0
-0.26011777,0.15943912231728538,0.010955167,2300.32043110487,2011.6059762941784,12.948573453547485,8.11656954107233e-09,0
-0.059879147,0.05380836716937355,0.01017212,1377.8074475735973,1822.5094948219796,14.84740586430422,1.0658037967984931e-08,0
-0.12562945,0.10265348571635731,0.01122628,1835.4950612966604,1938.3319503340774,14.297237416300135,1.1025681049159933e-08,0
-0.10371132,0.07212174630220418,0.010161333,1473.886646508908,1648.1520780368041,13.951826435082907,1.1855058441361333e-08,0
-0.06874466,0.11519019177784223,0.011038202,2137.9116121444795,2191.6840055505077,16.070690171390922,8.945220947803907e-09,0
-0.09020763,0.1287986242024362,0.011031058,2236.7687308828463,2256.539442816697,15.729322810832066,8.60631901375071e-09,0
-0.18399355,0.07750190327726218,0.010160786,1609.0338962245887,1741.9084961499016,14.322158531287046,1.1137184708877696e-08,0
-0.21424997,0.05028730423433875,0.011051332,1319.184150637639,1767.8339312734229,15.8164289656692,1.1328674424955277e-08,0
-0.15599078,0.1219853447650812,0.011057025,2301.4828777702887,2219.5683342691655,15.930777294879007,8.024804154273214e-09,0
-0.02729054,0.08363204212587007,0.011832264,1700.7895751970489,1785.5725947013443,14.222011435878724,1.1795954968835481e-08,0
-0.0847135,0.0837940472737819,0.011176572,1681.0027847766196,1803.2334655796185,13.479842121543873,1.2027975369204545e-08,0
0.019756868,0.23246945693155452,0.011152847,2865.2171593223384,2121.6666640983913,14.404705733356572,3.242163242834649e-09,0
-0.31548733,0.10477767908932714,0.010198127,2293.1177628094897,2308.8731377594822,14.644751826548427,7.30874673178819e-09,0
-0.042204987,0.2720394975348028,0.011781056,3389.5227006906575,1971.8626758888338,14.885280394472854,3.6673811510988235e-06,0
0.099377684,0.07646189820185614,0.011062799,1594.0035226950363,1744.6862358759072,14.139829575728994,1.2222103541401592e-08,0
-0.3750327,0.10305340052204176,0.01157387,2151.3947587285165,2192.0746542917664,18.77316239820885,8.418281982373963e-09,0
-0.07530362,0.05802276682134571,0.011065407,1366.6900183120688,1774.214490080659,14.986967577587466,1.1832671189912384e-08,0
-0.06522134,0.07904038573085846,0.011868694,1624.2764107841367,1752.926001957938,14.391047449016156,1.243255647523342e-08,0
-0.118385404,0.08315962151972157,0.011163322,1685.6169703018984,1800.8814573351517,13.262136893764518,1.1949050451540905e-08,0
-0.023504252,0.19743669337296985,0.011187747,2725.653046018627,2088.49014704493,15.802271719883857,3.6028589595994965e-09,0
-0.24106674,0.12176216284802784,0.0117728105,2402.447663398964,2333.8215457001293,14.875844803681074,7.960342054881529e-09,0
-0.05030843,0.11322913645591648,0.011122726,2024.1931141236496,2042.3249317992547,14.06051844672446,9.90966601460868e-09,0
0.084303275,0.09425640770011601,0.011041139,1967.2609086005432,2096.584528262242,16.360374933692455,9.218829782908353e-09,0
-0.26268893,0.17639528349767983,0.010439651,2478.1662815952836,2023.9407420458208,14.627795299811742,5.516446066704053e-09,0
-0.069377854,0.11069709795533643,0.0109115215,2072.3311097616674,2159.492065300838,16.117173598958185,9.236221791170292e-09,0
-0.07790703,0.07934853538283063,0.010131004,1623.9144666341751,1747.3012683686288,14.20893173228819,1.1046566800934903e-08,0
-0.20009536,0.0733384842662413,0.011773627,1618.3247304787374,1817.4301898285164,15.20763053274923,1.1622418802468152e-08,0
0.013312251,0.07726059491009281,0.01109781,1604.2530782210345,1770.1776679796371,13.876187329332499,1.2250375089556143e-08,0
-0.047573235,0.07677004785382831,0.010223735,1551.2208459813103,1693.278011032583,13.442288263926505,1.1675293602214511e-08,0
-0.168884,0.1131962822650812,0.01110937,1979.6221375365167,1985.3170731598514,14.19140385146476,1.037452605917286e-08,0
-0.20958173,0.10184912449245939,0.011073135,1982.085733272459,2067.29284636855,14.706954502596084,9.745552823997456e-09,0
-0.042566344,0.08302480604698376,0.011069293,1671.093832080711,1793.5109165798438,13.990569472921887,1.2012653731037211e-08,0
-0.1223424,0.040338148926914154,0.011705373,1023.011668520667,1491.5008239632518,16.791703141061895,1.1445464189750815e-08,0
-0.19668838,0.13617835520591648,0.011140034,2282.576946130247,2263.097256038726,16.569728178576643,8.219481280833855e-09,0
-0.09828669,0.0687468278712297,0.011777989,1445.830474677146,1619.5353301216264,14.942786860479925,1.285092436317082e-08,0
-0.029954107,0.07155869344547564,0.011042476,1508.6650498628858,1680.9299154670366,14.259378849147547,1.2463349429465723e-08,0
-0.07066291,0.0869140625,0.01106104,1763.9591351542779,1875.5750515431573,15.019057464609945,1.1258868702241851e-08,0
-0.14442372,0.11751490900522042,0.011090766,2037.872213790042,2029.1345042773958,13.89578439154507,1.0007827360110534e-08,0
-0.122353405,0.07172523020591648,0.010899232,1635.415047216567,1868.9762517754727,14.927291966453753,1.1035397358690724e-08,0
-0.13126606,0.11509502791473318,0.011051354,2202.132892462777,2265.3130030146804,16.392073121762643,9.086934501051745e-09,0
0.10541995,0.185072188587587,0.011205033,2603.0643666287706,2147.9296253062607,14.029798448249284,6.211309502438055e-09,0
-0.058979005,0.2092959233613689,0.011554039,2828.7599945356815,2078.421749230558,15.323227907484277,2.8937631725866872e-09,0
-0.20757465,0.11963230495939675,0.010213697,2157.8709382507773,2089.975422834754,14.126459842830323,8.757913908625282e-09,0
-0.068665564,0.09193055756960557,0.01156995,2041.7110592482506,2119.7664649131348,14.226188318206626,9.427797767830253e-09,0
-0.051263265,0.27774819641821347,0.010081269,3208.2464777179216,2010.280401852472,14.294779818005312,-1.9964364735053722e-09,0
-0.02194037,0.10621080155162413,0.011004558,2106.855486585643,2223.554820959846,16.59892581677524,9.266933050683263e-09,0
-0.16210562,0.11750924448955917,0.011084568,2196.5626571291054,2233.659845794507,16.937950328548432,9.036887914379841e-09,0
-0.3411901,0.12921893126450115,0.011026685,2273.752915152076,2256.70615937987,15.991560305747859,8.111654064620593e-09,0
0.07941756,0.11955186883700696,0.010967005,2200.855238637573,2264.4036226216313,16.542647849886738,8.429547626861213e-09,0
-0.1337722,0.2728076058584687,0.010177057,3169.4086112091536,2098.1969200349895,14.045205881592237,-5.334164060002172e-10,0
-0.18808803,0.10102210520591648,0.011070409,1880.7625125703294,1953.3567230074057,14.10289111747663,1.0809587925852972e-08,0
-0.009096449,0.08083717009860789,0.011861322,1673.114093973734,1780.5499379219798,14.77498035189315,1.193074971663791e-08,0
-0.03372474,0.04744145156612529,0.0099764755,1211.7149431755142,1641.5623726404133,15.795134048379559,1.0360793296697066e-08,0
-0.12845325,0.10934667742169374,0.011193171,2285.162181529661,2350.3272827218393,14.645102084981017,8.492593176799713e-09,0
-0.16811027,0.09663550427784223,0.011090553,1776.8709235108265,1907.3840462299167,13.63508777807807,1.123314348604747e-08,0
0.02353584,0.05012643198955916,0.011015078,1216.1781907332304,1687.7231204515913,14.891109588604296,1.1856052006821218e-08,0
-0.28057584,0.13631317067865428,0.010869024,2317.2673368652218,2259.3737575901314,15.528106078059041,7.836331142824748e-09,0
-0.0068347463,0.10812654074825986,0.011056405,2050.075243994721,2151.9886613719873,16.37793028536453,9.333206307524312e-09,0
0.06412495,0.07528594475058005,0.011118751,1579.4428680462274,1744.2217225928812,14.093416372911511,1.218363463437653e-08,0
-0.14423239,0.10423728429524362,0.0109515665,2004.7050654696768,2160.39003160912,16.342919385772642,9.797818988125342e-09,0
-0.17898798,0.12235806989559164,0.011588349,2110.044880613855,1953.0537396470775,14.677454268672621,9.425269264463247e-09,0
-0.2308543,0.09470390443735499,0.010212098,1790.693627422407,1861.3085328591042,14.9825381899853,1.0296520581502523e-08,0
-0.24628998,0.104501250725058,0.011709925,2159.8805251087724,2218.773100497141,17.578056487597053,8.545260002260698e-09,0
-0.087318145,0.10220372317285382,0.010959267,2031.0095169761166,2184.4146987139306,17.541308040431268,9.099754314505575e-09,0
-0.120788425,0.10051796331206496,0.011055342,1947.1456202798477,2094.9421473809775,16.530801752072982,9.870266413035604e-09,0
-0.16164717,0.051274062862529,0.010918765,1214.9609164195508,1555.8294149903236,14.312042835134912,1.2432213697749058e-08,0
0.007857448,0.09545388631090487,0.011125092,1823.8248764114821,2060.862325190185,14.93179174853648,1.001007871809617e-08,0
-0.067954674,0.0417973281612529,0.010131679,1113.652607454244,1552.8825411427736,15.175934986966547,1.1138708508793555e-08,0
-0.32133746,0.06607091067285382,0.010903639,1501.0850008412306,1886.2415117845267,15.460003960381796,9.62977993756954e-09,0
-0.10227393,0.07889084251740139,0.010188377,1584.5271781861006,1731.6554160118783,14.01134397270521,1.1432692354909783e-08,0
-0.21519926,0.037181880800464036,0.011649706,1094.2935255689777,1575.7005137940491,17.41868982125155,1.0174752402375976e-08,0
-0.074053004,0.04851317792923434,0.011040856,1189.1189809916004,1588.0552872765543,15.682676558685134,1.1632916442140426e-08,0
-0.35029462,0.09060845961426914,0.010953543,1836.0537604132214,1969.6722387262307,14.13617051401749,1.0048321199182352e-08,0
-0.03160681,0.06747117894431555,0.011079914,1455.7563206423251,1651.4117916867692,14.710217611234874,1.2683009263538054e-08,0
-0.13311934,0.07204470888921113,0.011296867,1405.0156353668938,1598.2138916713768,17.092996047469576,7.169144058877378e-09,0
-0.1455853,0.07449857707366589,0.010155472,1499.0509473404825,1657.7982370392797,13.29413521281998,1.1899546452031454e-08,0
-0.052853674,0.03920751160092807,0.010938892,1063.8223492193326,1541.056043612032,15.420480260532473,1.1637255879898192e-08,0
-0.10234685,0.08312223571635731,0.010470417,1656.4235544590363,1916.5013174389271,15.852049265149354,9.44768021913448e-09,0
0.059635345,0.10943504386600927,0.011637524,2131.110311766873,2168.0772590690144,17.658130117356606,8.901144886549545e-09,0
-0.036063727,0.08142627972737819,0.010811799,1545.0926233421826,1731.921636987463,14.402254492947163,1.1677430536114045e-08,0
-0.007984573,0.04299367386890951,0.010941468,1119.4849424916874,1591.874786930547,15.040127842699867,1.154213379407726e-08,0
-0.3593474,0.09229535237819025,0.0101903,1970.371784582337,2065.181576734935,14.266440854079153,9.128132937476609e-09,0
-0.20065896,0.05865379386600928,0.011818215,1325.1622292757804,1725.3677217856086,16.022548948329785,1.2036575866679108e-08,0
-0.12233488,0.07211608178654293,0.011764881,1648.9177825323259,1827.4738767821489,15.321995838974301,1.1249552991314206e-08,0
0.06580434,0.11445153893561485,0.010170687,2176.12538811277,2198.813849864651,17.48400534264739,7.873735567123465e-09,0
-0.2577741,0.20995753879060325,0.011721839,2876.454386880622,2155.933684350062,13.769012984205624,3.4067640289830702e-09,0
-0.23784795,0.1117178436774942,0.011134762,1949.5909580494879,1997.6036160079987,13.782969131275651,1.0467436224698126e-08,0
-0.19051073,0.1202180158787703,0.010993938,2180.059876901367,2200.5797075445507,15.948496929472958,8.722623065041e-09,0
-0.19187605,0.07840709287993039,0.010189588,1553.8504294602435,1743.8879414288901,15.659965471849848,1.0847661204268325e-08,0
-0.087290116,0.08247761383410673,0.010995701,1643.7372096599563,1918.6385114172413,13.55641714420363,1.068557478299517e-08,0
-0.059400506,0.07433770482888631,0.01108084,1584.0654992190316,1746.265828144004,13.977267372601148,1.2156324062922508e-08,0
-0.20285368,0.11644544844837587,0.011004988,2126.3669166726168,2175.3654151621245,16.293273526207088,8.950563599020638e-09,0
-0.26697934,0.10801664914443156,0.011105606,2044.646505401261,2149.098711603645,16.873127715895134,9.306025802248681e-09,0
-0.09545365,0.11494548470127611,0.011027577,2181.029882370172,2228.371369568229,15.898836936721805,8.975040194170956e-09,0
-0.14658844,0.14097280126160092,0.010058408,2454.6733431444686,2278.321666351298,15.925697866843532,6.834605137553756e-09,0
-0.12997052,0.12203972411542924,0.010069047,2264.096606190648,2231.4820836943595,16.104496402213748,7.50485701346261e-09,0
-0.062106963,0.11892877211426914,0.010058465,2256.105481136694,2250.1925682697283,17.28180338888797,7.477640853310099e-09,0
-0.19335726,0.1308842988689095,0.010133824,2300.8641398640825,2225.6303362476524,16.840432547775126,7.289566561184847e-09,0
0.059364628,0.10706161180394431,0.010105279,2139.003997702011,2203.6025517727185,18.013071782432934,7.53008929882295e-09,0
-0.1466736,0.11294251196345707,0.010042278,2366.5914124786123,2361.9889536341284,13.92666272241312,6.959619693600475e-09,0
0.13912466,0.03825360716357309,0.010065375,1004.8999037420832,1474.9779741345546,14.954036522984447,1.0855511510080944e-08,0
-0.3512189,0.10721228792053364,0.010959211,2078.1240737089406,2074.8543350718583,14.489830761962674,8.673354109151888e-09,0
-0.29745346,0.11220499202436195,0.011168306,1964.0256756013155,1996.1035093167914,13.202364234107709,1.0573267263952831e-08,0
-0.27431756,0.10885046584976799,0.011746856,2207.3740404673567,2244.2829483599544,17.987494573480568,8.614535293014543e-09,0
0.15644953,0.20750706931554525,0.011681287,2907.522090886418,2109.3388088977645,17.51566661208356,2.121530785480099e-09,0
-0.11248862,0.1176689838312065,0.010184559,2386.4631125944466,2335.0955792071054,16.131854292699146,7.072242178525204e-09,0
-0.37164378,0.18412281576276102,0.01111339,2826.9921047635958,2452.4583300226536,14.585913413544553,5.969997134805908e-09,0
-0.07644169,0.09260010332076567,0.010204456,1737.2434898087643,1807.8142698721192,14.261275030544136,1.0743880687946913e-08,0
-0.3185023,0.10452390878770301,0.010175628,2248.2956147770874,2302.7670506001828,14.563353522195177,7.601038783750249e-09,0
-0.098284304,0.09052575768561485,0.010203472,1737.1795972435316,1805.473007998152,13.192363101383007,1.0909877696230264e-08,0
-0.18573423,0.10370481982308585,0.011070771,2081.2743548367043,2193.2156864040726,17.041964044080373,9.303146611534282e-09,0
-0.15728858,0.08608704321345707,0.011784179,1739.8618152906693,1842.7582801992462,15.59910223187675,1.1327929566837953e-08,0
0.21747659,0.10113539551914154,0.011849826,2113.8101998938064,2173.292300378534,17.38915735390931,8.580109532374956e-09,0
-0.0011334752,0.06660677385440836,0.010190858,1341.880968342862,1519.2892927328598,14.670421506803429,1.258826902460007e-08,0
-0.11360122,0.0599645627900232,0.011060839,1505.2451100853102,1898.9510957596908,14.721367189280317,1.0863171312483947e-08,0
-0.105924815,0.07922731474767981,0.010179553,1617.2993787988496,1765.7959655618256,13.224060854607668,1.1293236835907154e-08,0
-0.15650377,0.10081591683584687,0.011775799,1993.907381809995,2107.5639377582615,18.54319403076597,9.576981885138423e-09,0
-0.09836094,0.07608350855568445,0.011062921,1591.2084354246354,1751.034844194631,14.032713125119086,1.2069804545910978e-08,0
-0.03071962,0.15990587840777262,0.01114942,2640.735356618539,2342.7259879173316,15.030187182265617,6.052108579036442e-09,0
-0.26148087,0.11383070801914154,0.011562764,2324.244022632958,2335.0264375935785,15.342850211549402,8.292341124407488e-09,0
-0.11940346,0.1165111568300464,0.01115218,2000.9367384841746,2005.3437244035572,13.094688524332335,1.0372100102072085e-08,0
-0.16092025,0.07965102051914154,0.010244464,1615.8860940972527,1742.3201645213144,14.173557108912195,1.1311256252754936e-08,0
-0.21995395,0.226580626450116,0.011107688,2812.601230474043,1916.845859272426,14.34596649370636,1.977825414969597e-09,0
-0.18299034,0.09995264464907193,0.011101242,1776.022480607648,1887.7944103143893,13.943865817541973,1.139403595063929e-08,0
0.010814162,0.05951706605278422,0.010795064,1305.9336217863695,1690.7198808620365,15.695590031217813,1.1424286749576023e-08,0
-0.07054791,0.15823597919083526,0.011043007,2510.4662684919754,2212.9575267324426,13.493301336586093,7.493093220251896e-09,0
-0.0011458877,0.07607671113689095,0.011116915,1608.5974089921378,1777.91141453675,14.125606837988478,1.198965060327427e-08,0
-0.14564946,0.0943232489849188,0.011145364,1788.7750112870465,1918.6312305229471,16.25362705940527,1.0285040487065195e-08,0
-0.22125141,0.1309534059599768,0.01098821,2094.4442798698883,2018.6198067056105,13.172156710649636,9.604588977058707e-09,0
-0.14194547,0.09454643090197216,0.011020729,1725.3502671816857,1848.5514093777429,14.241863247722803,1.1730225163135049e-08,0
-0.18086407,0.07497666219547564,0.011786562,1672.265309363068,1829.5859490986156,15.430884633601895,1.1034144415905147e-08,0
0.12002205,0.2093140498114849,0.010168538,2706.999826134122,2021.3545237806206,14.648094128396368,3.874947082039349e-09,0
-0.07808635,0.08345077762470998,0.011790122,1699.187028858404,1786.3076109553829,14.455679110915591,1.190641530360568e-08,0
0.2160666,0.0972461390661253,0.0110494075,1990.7885966171661,2151.086634371504,16.530067035157998,9.159922770221462e-09,0
-0.13916361,0.09388141676334107,0.011000111,1860.1980034809105,2013.542838387982,14.975318836927983,1.0267450503119556e-08,0
-0.2331534,0.09484325152262181,0.011014921,1846.5511032759077,2002.547698611366,15.10421500335372,1.0047688368190363e-08,0
-0.40920442,0.07906304379350348,0.010195145,1677.1998990818577,1850.0404921903705,14.831897733013722,1.0562727552831767e-08,0
0.16847527,0.13387629604118328,0.011095711,2337.7530711491177,2314.015358481887,16.261051814020682,7.753619109846204e-09,0
-0.40275818,0.17830195946925753,0.011066709,2764.2358055377126,2317.1825171621235,15.404452468693023,5.245527220203775e-09,0
-0.12278886,0.10192389609918794,0.010953926,1880.4409525078117,1960.8700937533251,13.422278446844755,1.0945036109887389e-08,0
-0.11570473,0.07636106982308585,0.01024959,1667.6010108902665,1878.1089398147433,14.907742689884168,8.05824782870473e-09,0
-0.14086811,0.14019902842227377,0.010942617,2468.1226512573144,2270.9575229766747,15.71959038801591,7.250049809993284e-09,0
-0.08070213,0.07634067756670533,0.010236983,1591.434624946761,1733.8620244333374,14.277660776407375,1.1326879596532802e-08,0
-0.15039673,0.1123805920098608,0.010107352,2187.0119292158856,2241.5712354099683,17.877049026567075,7.91593369272947e-09,0
-0.38169023,0.11458068989269142,0.010113311,2233.304334737817,2271.5263722689087,16.70089895551042,7.736325283756952e-09,0
-0.2642197,0.16750199390951276,0.011017627,2749.1760090692974,2321.29392152095,16.338224502397857,5.110907640222074e-09,0
-0.09929909,0.07482145446635731,0.009739099,1499.9808853674408,1690.2576351884165,13.478837899490236,1.0921475600874213e-08,0
-0.08720517,0.08257730930974477,0.011006225,1683.3691587790452,1802.9635265058657,14.075114671352132,1.1793924998848378e-08,0
-0.27341533,0.0897429216212297,0.010919702,1799.5648374507293,1978.6197136041428,14.648723327701632,1.046410000279654e-08,0
-0.36706787,0.1715079393851508,0.011069846,2830.690296629417,2525.090761515535,14.99331044076528,6.040603322736456e-09,0
-0.003413001,0.10939992386890951,0.0110611785,2138.1406685862494,2248.4018367141066,16.13258240227858,9.396610584365333e-09,0
0.018036947,0.05954765443735499,0.010959944,1361.1837672331028,1722.3780339537884,16.390652717758687,1.1617143607875701e-08,0
-0.26289552,0.05961109701276102,0.0110011455,1364.2457028609972,1757.8707536223608,15.762551777415666,1.1582337883478302e-08,0
-0.14707291,0.0927711716937355,0.011639752,1904.2572376153717,1995.7855894962183,14.781787894998452,1.0535770601696086e-08,0
-0.16629641,0.12494675355278423,0.010633435,2366.57958872487,2149.7961383025,13.515266424927818,6.788182656753596e-09,0
-0.08631815,0.11373214544663574,0.011107069,2283.72915024889,2315.257075299031,14.73498764594859,8.433056937183158e-09,0
-0.031028338,0.1063648763776102,0.011720494,2098.207342442386,2114.093815206116,17.415957805659204,8.461690321879993e-09,0
-0.04019161,0.09664683330916474,0.0101499595,1991.5191479066305,2028.5364546484159,14.828018316790716,8.683607250981547e-09,0
-0.017913083,0.12455363616589327,0.011647554,2331.0573477867247,2218.0194652445643,14.1427517157436,8.362307635507535e-09,0
-0.06972152,0.0859397658062645,0.01101386,1702.7438754378766,1808.8969408336045,13.446954342368974,1.1746053916564335e-08,0
-0.094595894,0.07673039624419954,0.011818378,1585.4413533930888,1712.0771539413981,14.615488745220489,1.240352455931478e-08,0
-0.14714341,0.111830001087587,0.010989968,2194.6739269159225,2291.0491673998777,16.074547987954485,9.065655023670335e-09,0
-0.0291504,0.03990651283352668,0.011741702,1039.2863348173234,1512.5582718900805,16.565262826972756,1.1954735026344859e-08,0
-0.52160597,0.14312418430974477,0.011750698,2620.7862083557206,2304.6871807007583,17.951561365220908,6.07395771864493e-09,0
-0.39110118,0.16908692539153133,0.01114503,2597.172070472167,2241.9307779821816,13.322854024660941,6.987922453627687e-09,0
-0.20172979,0.10004667560904873,0.01089803,1867.7410709646708,1971.801840720693,13.863428562359601,1.0874021939914999e-08,0
0.015651138,0.05801596940255221,0.011719021,1362.2617729889594,1739.6539498364587,16.30186555375728,1.1695380790383364e-08,0
-0.18353176,0.19525472194025523,0.010069053,2583.542018856229,2071.7228760644607,13.581674474579245,5.222223133457895e-09,0
-0.31866217,0.3283153277262181,0.011026435,3488.4793093675344,2146.845496850649,14.40138587697304,5.844392109656517e-07,0
-0.018880125,0.07819297418793504,0.011055376,1615.527833032313,1755.723422505492,13.638508849170806,1.1906188027257564e-08,0
-0.1767664,0.08917760295823667,0.010177622,1766.6304982374136,1864.564808757714,14.752150040037863,1.0456954365261107e-08,0
-0.13890512,0.09427906576276102,0.0099865785,1765.5666866912595,1837.71241335311,14.567113413938344,1.0362889648835608e-08,0
-0.29626215,0.09191922853828306,0.010990553,1689.0259698979755,1819.658238673836,13.929103193332107,1.1800629786211125e-08,0
-0.124335855,0.10306699535962877,0.01089361,1893.9350135765037,1959.4577548646366,13.776329330619848,1.0813758031514085e-08,0
-0.077229224,0.056303019866589324,0.011783651,1357.1080248330238,1742.4399712251507,16.362451361456543,1.203220714245097e-08,0
-0.07182179,0.11059966828596288,0.011028319,2100.8438182957366,2183.1306626152423,16.558946643050508,9.036778544945665e-09,0
-0.045279656,0.04231279908642691,0.011020633,1141.1511138822561,1603.8386652987717,15.753011359450657,1.1401869799522765e-08,0
-0.15538314,0.06510907591357308,0.011612064,1497.2691532704794,1762.2871840146831,15.592148621450203,1.1791306951664715e-08,0
-0.041446414,0.07028417742169374,0.011030462,1471.5900923515637,1658.5572859995088,14.000611643013784,1.26775463722897e-08,0
-0.18499163,0.03802589363399072,0.010818258,1153.7345559725088,1637.1736644386226,16.677635101352124,1.0171730439628981e-08,0
0.014376041,0.1051775938950116,0.011067082,2275.2350062359196,2313.330703508515,14.377343295685723,8.233321102593264e-09,0
-0.09494704,0.08296249637470998,0.011014457,1682.9288348186863,1801.4412149768082,14.27410590646915,1.1718985941301567e-08,0
-0.01878236,0.1124055158787703,0.010914619,2195.5539516337194,2272.4526088175926,16.42455781982934,8.687823526361333e-09,0
-0.08307224,0.07110893090197216,0.010221128,1467.5649895705612,1648.3407054679074,14.478854302646804,1.1814041446990985e-08,0
0.05007047,0.08495074137180975,0.011039273,1688.4361982409325,1799.7597282807417,13.927148435007092,1.1816848173743847e-08,0
-0.22791886,0.10605672672563805,0.0101400325,2238.629131005741,2298.3578158780956,17.702712906463027,7.294509568151013e-09,0
-0.10826148,0.12840324100928074,0.01115265,2226.0500260943395,2183.754058755188,14.454008477632556,9.12895977170821e-09,0
-0.07526207,0.0822238435324826,0.01114595,1655.6505121746607,1794.2080681071739,13.924583538864718,1.2143493839036857e-08,0
0.21400791,0.06819397114269142,0.0101921605,1485.5588141731819,1804.82397391164,15.834898328963057,1.0503005202908077e-08,0
0.11230603,0.07437622353538283,0.0116822,1572.4739236868368,1725.023793894083,14.851351465299084,1.216745847592529e-08,0
-0.43980974,0.2405753788428074,0.010179444,2915.5080558021223,2071.3216087348915,13.61598264677934,1.989126648944591e-09,0
0.04871981,0.05652280307424594,0.010215743,1445.6895425280593,1863.5022364044992,14.583131821167058,1.0317641531250453e-08,0
0.039657455,0.13978325297273783,0.011199963,2352.0366645035865,2266.6603223697007,15.506174974377803,7.607287368873644e-09,0
-0.12857305,0.07959550826566125,0.010151323,1605.0380989422215,1740.544728806908,14.50950819596655,1.1195259664732356e-08,0
-0.22465158,0.11332316741589327,0.011037999,2187.3818023982144,2200.223298256726,14.132593872027154,9.222593289992445e-09,0
-0.04534881,0.08807981982308585,0.010988848,1757.9358059779056,1863.9531983776421,14.932809005050048,1.1121119982063013e-08,0
-0.02047595,0.03989971541473318,0.010963845,1096.6770518221451,1562.6117927058242,14.80402849980439,1.158633562865168e-08,0
-0.07621269,0.08589218387470998,0.010191778,1698.8711218169144,1798.8978215902223,13.657736630377835,1.1053684130640022e-08,0
-0.30891275,0.07838896642981438,0.010983874,1605.3205098077863,1962.509771257054,14.267612921855353,1.0889077291332458e-08,0
-0.25317806,0.0665138757975638,0.010968396,1570.6099748424365,1813.4250530704346,14.822524598429796,1.1026315708059042e-08,0
0.058067605,0.07488942865429234,0.011756034,1590.3939201254195,1728.5808049139844,14.555668431678354,1.2082559080075249e-08,0
-0.19990808,0.0762613743474478,0.010190112,1652.5126753875309,1845.7684537806504,14.906941471441293,1.0525855811078901e-08,0
-0.16669044,0.17573366806844548,0.010900968,2344.171064684729,1811.255312180559,14.391929787175496,6.355009322985876e-09,0
0.39811057,0.09696631199245939,0.01096967,2196.8052531058715,2322.697259906612,14.957485435693979,8.251179018546588e-09,0
-0.18011034,0.044855033715197216,0.011753499,1062.7888663115957,1528.9526315173582,16.552802529019704,1.186914641912186e-08,0
0.03930597,0.10211762253480279,0.011826999,2105.6169857141417,2167.240173858732,14.568724811943998,9.522413026304292e-09,0
-0.10108402,0.09085656540023201,0.010208712,1799.7134434818674,1878.8944390657339,14.810263051722245,1.0363806033534827e-08,0
-0.06403737,0.08534952327436195,0.01181161,1703.0424691141422,1784.618816797514,14.436501180393437,1.1922691344270266e-08,0
-0.08262492,0.20937522658062646,0.011176693,2750.312727926888,2083.248499744982,14.708618393909722,4.014435302223871e-09,0
-0.09266809,0.09156462985788863,0.011065187,1781.1336625296387,1873.1450688906393,15.155155956203815,1.1279886198007164e-08,0
-0.027384581,0.07942897150522042,0.0112274615,1629.751601110534,1777.9643714497927,13.288368972395597,1.233408226353987e-08,0
-0.07154443,0.1877084541763341,0.01103878,2537.207043983152,1986.60410461807,14.589559094774172,5.759748713789722e-09,0
-0.112697855,0.1161055775087007,0.011011471,2131.6839918067612,2165.5572851580723,16.11672316240767,8.859987533958666e-09,0
-0.18841015,0.10013164334396751,0.011798664,2112.382324514264,2191.3242232824737,19.27673985629939,8.386338160909856e-09,0
0.18076248,0.13490497208526683,0.011015223,2296.9736857151156,2287.629017079916,15.924510947248745,8.291209263483459e-09,0
-0.04495144,0.1752635132685615,0.01175022,2536.5969919167524,2017.7751354701718,14.709374009575848,5.78863710323009e-09,0
-0.015716244,0.04933566560324826,0.01105629,1289.1188593451504,1742.4388216533953,15.485622681512814,1.1200444580715438e-08,0
-0.053449214,0.08171063841357308,0.011064784,1647.1508596611816,1781.9730428507908,13.754820462151072,1.2067956211621438e-08,0
-0.2075611,0.10144467807424594,0.011260421,1842.2322300529072,1943.8295103736086,13.955068174217592,1.0595094525949475e-08,0
-0.030865993,0.06368501667633411,0.011043179,1420.9108634568533,1839.9115552970193,14.557463557879396,1.1734675295229229e-08,0
-0.27288377,0.06764564602668213,0.010019766,1563.5938950768368,1807.3483355933868,14.797132654609053,1.0325538193822729e-08,0
-0.13895926,0.06804556083236658,0.011700193,1552.4646188400895,1775.2257523743572,16.024799936337374,1.1402178748007314e-08,0
-0.049184527,0.09497126957656613,0.011182389,1860.6380342502268,2129.8400416543277,13.710418849739185,9.918210035344669e-09,0
-0.045911588,0.23675183077146172,0.010916667,2933.951661972259,2132.418617644929,13.383240348470462,2.0798792210626697e-09,0
-0.13915682,0.053700741371809746,0.009653434,1203.1981093394058,1550.8578903366235,16.41109180835923,1.02731139271727e-08,0
-0.38144377,0.09484891603828306,0.010210371,1859.4079713131098,1947.4178303287595,14.473464197430848,9.837702863985678e-09,0
0.0014000144,0.07440114740429234,0.010204542,1500.3024821701376,1650.8272921279895,14.362143960094917,1.1839201052162506e-08,0
-0.2893718,0.0908271099187935,0.01112916,1877.8567075366045,1983.5127021128835,14.527799164830174,1.0691334047731055e-08,0
0.07512001,0.07965215342227379,0.011775863,1546.7865885814297,1829.6843311064315,16.12995569630899,1.1676662124559635e-08,0
-0.116945624,0.1058539370649652,0.010159517,2156.3696589620586,2230.6417666290804,14.066901828550293,8.553968551201585e-09,0
-0.36062464,0.11405842154872389,0.01014048,2130.43071637371,2148.9803228041415,16.98405845767887,7.860842809499277e-09,0
-0.25034958,0.10893656648781902,0.011802098,1989.0412988458434,1879.9602205168298,15.576190029706284,9.641480566595419e-09,0
-0.1158297,0.0928652026537123,0.011158904,1937.137870327029,2046.3563836947058,14.584642603006026,1.0461687805339207e-08,0
-0.0916491,0.10767791110788863,0.011099314,2078.5105529808884,2209.5941144227045,16.304179575031284,9.497408759210636e-09,0
-0.08020959,0.13454810759860789,0.011174189,2296.2947198619086,2264.0286402098673,16.5670161429492,7.703842239985123e-09,0
-0.025033444,0.10036955300174014,0.011010774,1968.84235481499,2115.6934217677485,16.600599865325865,9.555563586417467e-09,0
-0.17506197,0.08035228755800464,0.011626162,1685.8631010350803,1820.6693011540299,15.637865437740333,1.1337417446565836e-08,0
-0.2035562,0.11603986912703017,0.011196949,2000.3918482209626,2081.5798237347913,14.103534874695786,1.0327133775064488e-08,0
-0.037962772,0.0708880147911833,0.011072873,1487.327813796793,1672.4304418678678,13.303035815326245,1.270179670697549e-08,0
-0.00012872554,0.05837056808294663,0.010218462,1348.448524840867,1746.5797878509234,14.780319837157595,1.1263968701700811e-08,0
0.23458707,0.10024606656032482,0.01175356,2213.231848698585,2300.2319923023133,15.297893238355904,8.559155363786344e-09,0
-0.1704064,0.11400857381090487,0.011164536,1979.4202841989638,1999.612185132808,14.250371665695365,1.0328307450847373e-08,0
0.06395759,0.04755474187935035,0.011070661,1368.0823691106993,1733.5348898304105,15.609391175745024,1.0752857698025486e-08,0
-0.17333317,0.08126427457946636,0.010100284,1605.8785268392219,1737.5283925399851,13.477540996074703,1.1228753196917247e-08,0
-0.14045179,0.08147046294953596,0.011120833,1686.5265078440896,1807.2561507196692,13.741608867620648,1.1897644716500206e-08,0
0.016084747,0.1369022803074246,0.010905874,2386.544147383902,2363.335969630148,15.039023480414992,8.067713987736974e-09,0
-0.2343713,0.15384711245649652,0.011115163,2244.5372631096216,1857.530731134414,15.51843327011248,7.948567763292115e-09,0
-0.28604323,0.1226367640661253,0.0101282615,2246.6890219554152,2201.1412248213674,16.86613395740427,7.240704798946035e-09,0
0.022531252,0.2270439838312065,0.011044687,2814.8303873605505,1912.6491903540373,14.406189421867364,2.0349436958425186e-09,0
0.4155099,0.09161674340197216,0.011643016,2108.687971108637,2216.4271874405463,17.796238337996478,8.32271903964137e-09,0
-0.19930902,0.11248935071055685,0.011220868,1958.5866216544575,2008.6769521280178,13.992991572386929,1.0546699542595633e-08,0
-0.026349641,0.10873037811774942,0.011091245,2062.659745531399,2147.372599695792,16.64226928092382,9.280090017478297e-09,0
-0.011827661,0.06888051044083526,0.0110639585,1465.5855036590756,1658.6811425926978,14.098857755988183,1.2779458739365221e-08,0
0.07118747,0.07271425464037123,0.011036537,1459.1989644495743,1631.2319376708651,13.906348868723953,1.2972773027860423e-08,0
-0.119366206,0.08516599296693736,0.011035689,1713.3542682948212,1821.924976872835,13.090231706351863,1.1620328331350479e-08,0
0.3321166,0.10903626196345707,0.011047899,2131.5659596935143,2204.2069045686308,16.284963642177093,8.8153734670292e-09,0
-0.46987414,0.19733246628480278,0.011044389,2933.9954504050324,2329.838661667241,14.6841210883687,3.79367618113671e-09,0
-0.07017186,0.0663949209686775,0.010985516,1524.3289746981354,1792.6908090099018,15.333630506286482,1.1531784612009863e-08,0
-0.035219856,0.10279509860788863,0.011039274,2039.4342501669673,2196.8110891135693,16.99608300463962,9.896433289561309e-09,0
-0.12904578,0.15887380365429235,0.010950865,2722.981759882032,2348.524269408397,15.272591695644019,5.336162777852518e-09,0
-0.24752787,0.1281290784512761,0.010806566,2396.2948744330824,2426.5566709986374,15.306484853038894,7.861308753529327e-09,0
-0.16313922,0.1171138612964037,0.010128586,2217.93684107976,2216.780864648767,17.24858097934612,7.774874699429558e-09,0
-0.12306322,0.05442240066705337,0.010862726,1608.5416398965956,1803.168744741035,16.259781597831036,8.33736316667745e-09,0
-0.081060015,0.07660690980278423,0.0116792135,1575.23090220167,1706.4626377950347,14.79081699084419,1.2422321635409907e-08,0
-0.3648491,0.1251971251450116,0.010143123,2268.4117919700475,2238.3112672269067,17.02054129690973,7.690719793563467e-09,0
-0.11350286,0.06920112202726218,0.010978302,1451.9548782848908,1647.0461232955595,14.438997739557635,1.2700384377252836e-08,0
-0.07391496,0.10470630619199536,0.011016014,2003.1156388096845,2129.050537834791,16.61346366540737,9.442787738729692e-09,0
-0.16420206,0.11408107961136892,0.0110543575,2176.233872051241,2257.768661085703,16.596374345111222,8.960533394338941e-09,0
-0.2602347,0.07598494598317865,0.010134839,1620.0070077865034,1810.9916483637692,14.992920299285027,1.0611188341361774e-08,0
-0.2595749,0.07326257975638051,0.010181422,1580.2442137003975,1801.9068578536155,15.117624676871092,1.0893623275349151e-08,0
-0.25528392,0.11941818626740139,0.010152058,2173.0352658021557,2172.1762929597116,16.612044388441394,7.990229545127404e-09,0
-0.17439654,0.07326597846577726,0.011216481,1570.748140544255,1912.804305321504,15.593826257707,9.656090389772398e-09,0
0.13490833,0.1267446708236659,0.010998607,2260.1336190258967,2273.1069224319776,15.938211378096529,8.278369184902132e-09,0
-0.1997537,0.14197202182424595,0.011094403,2418.308223061056,2355.804445864021,16.58325210391148,7.665075305409335e-09,0
-0.26510608,0.0743218441850348,0.010204473,1573.6948475969211,1734.5417027325864,14.820010362072184,1.1344427098394177e-08,0
-0.2059674,0.1912136564675174,0.010099371,2987.505523337816,2520.3085999833615,14.244525137566303,4.0824593869198134e-09,0
0.18043688,0.0610328904437355,0.010941327,1462.0611907266277,1811.7579688286037,15.012305446753228,1.120165804787731e-08,0
0.05618175,0.11344665385730858,0.010959778,2424.1667542239215,2427.4741895215,14.87634679186652,7.123877512878869e-09,0
-0.1530293,0.12586100638051045,0.011036362,2307.2919082939243,2223.7703320984397,15.473778554280688,8.167150421768116e-09,0
-0.06184187,0.03789221106438515,0.0110233,1092.9604190160699,1569.0844910503954,16.012699199858165,1.0961456625401444e-08,0
-0.07155304,0.09480359991299304,0.01018506,1648.2115672599566,1693.3597514381386,13.442844064278946,1.1743311938058014e-08,0
-0.1490651,0.21587922346287702,0.011700891,2848.0628685419256,1939.1393513919477,17.15515272081733,1.4384424461934875e-09,0
-0.14131203,0.09958331822795824,0.011007205,1889.4322950082346,2018.9281387462042,14.688529716649347,1.0378543566977822e-08,0
-0.21010382,0.07179433729698376,0.010199677,1609.7272639602904,1829.6805631606917,14.77294681505881,1.0806635836794278e-08,0
-0.13631028,0.0751216737964037,0.010072844,1689.9680335309667,1891.0670377869762,14.183644002167902,9.663483865984372e-09,0
-0.13201503,0.0907172183149652,0.011800183,1709.2089853028615,1747.4047267423814,14.867955196266987,1.210781190520031e-08,0
-0.08946265,0.04734628770301624,0.010963169,1164.6465346020912,1617.8099741478218,15.025488821201916,1.1896421805593708e-08,0
-0.015519038,0.07544001957656613,0.01164571,1583.3521482446565,1724.7131778088797,14.557617770996083,1.2091364907273777e-08,0
-0.22484663,0.10639319895591648,0.011010086,2233.420448273224,2311.699567505126,14.311622583664425,8.573017773012634e-09,0
-0.16120556,0.14011972520301624,0.01172283,2463.873781610146,2210.8515105958986,13.849601022148708,7.520958745170608e-09,0
-0.041234925,0.0753833744199536,0.011138504,1577.0428083873956,1736.5962138042796,14.3503187193977,1.2241637093698116e-08,0
-0.1769692,0.10399597592807425,0.011196902,1831.3470849585844,1936.892630534656,13.310270541364785,1.1182501809276124e-08,0
-0.021740345,0.11228769395301624,0.011136491,2119.6273539660488,2216.2564540300923,16.190038859966656,9.419335525313521e-09,0
-0.17084834,0.20660187971287702,0.010924045,3030.539741556451,2508.8654414618413,15.068682561896136,4.3586167929864495e-09,0
0.012716842,0.08107961136890951,0.011725512,1685.473724044293,1793.308686259055,14.268594011859586,1.1696013466222073e-08,0
-0.11060183,0.10250847411542924,0.011774721,2109.488007697278,2199.293448814785,17.736462481763624,9.179538115733518e-09,0
-0.43450508,0.12246569569315545,0.0109511325,2252.557972243805,2285.8998275312315,16.212201428956547,8.824748593574467e-09,0
0.020547781,0.05545900703306265,0.010153813,1318.9403944892208,1749.0913080416572,15.069136958939202,1.0775199923714489e-08,0
0.07347948,0.1044049539588167,0.010994215,1831.1353911458687,1910.5885748962341,14.066274508005051,1.1193437966697534e-08,0
-0.056626856,0.08978030742459396,0.011577873,2000.1298665490501,2137.124736546675,14.132322130601004,9.777823934999135e-09,0
-0.12785602,0.08312450152262181,0.011599319,1691.9465316665942,1787.6635629584723,14.508513847738794,1.183558292979726e-08,0
-0.29166013,0.07019127936484919,0.011555754,1591.8550491665846,1806.2320772388039,15.24310918000014,1.1539926179486997e-08,0
-0.23768973,0.04075619018271462,0.010948819,1070.1896698608998,1519.5253829582148,15.535984874941256,1.1663343694222693e-08,0
-0.3170486,0.12356461173143851,0.01143823,2119.373500593233,1924.9526071934642,14.380360880247595,8.985361474523797e-09,0
-0.123912565,0.14190518053944315,0.011054164,2236.01059478196,2027.6900646493543,13.598320691073418,9.302181453021494e-09,0
-0.028597899,0.12585647476798145,0.011337845,2061.150830108278,1842.8146843487239,14.945456165688038,9.06559201927535e-09,0
0.028753715,0.06514872752320186,0.011824273,1421.9650217192182,1621.1834833378296,15.112512416534697,1.27317360684959e-08,0
-0.14980993,0.26930353647041766,0.011004408,3059.866563066826,2197.754231282628,15.23564140081325,1.4606375542357577e-09,0
-0.044389933,0.11366756996809745,0.011001338,2177.3876957440966,2244.638238677608,16.50713356104867,8.824207555964946e-09,0
-0.30954838,0.11574191560324826,0.010087877,2144.9176329773095,2212.1116348448218,16.742530252935165,8.087899742948007e-09,0
-0.30141246,0.2617946545098608,0.011000003,3109.7036781485926,1996.8341414876998,14.226215292591805,-9.307575586524597e-10,0
-0.21952209,0.09568499854988399,0.011199118,1771.7650915416805,1925.6102161358765,13.036799927445054,1.1283611941157125e-08,0
-0.2313236,0.08942231003480279,0.01018658,1715.6576258926366,1793.2465024336507,13.684417883749942,1.1081539308505543e-08,0
-0.26268566,0.11192969656322506,0.010180207,2338.532062158616,2345.758324755226,14.70038108026452,7.25277937072335e-09,0
-0.054205105,0.07351408425174014,0.0101384865,1486.209339493976,1646.8821902184304,13.370079209230672,1.183285049098344e-08,0
-0.18510832,0.08757114631670533,0.011751638,1749.0874608119225,1839.5575002137962,15.2169598421798,1.1162699603740123e-08,0
-0.17259723,0.11137117531902552,0.011202582,1946.477414922638,1997.8478366243141,13.423546324881656,1.0562952337909475e-08,0
-0.02534524,0.08938152552204176,0.011622893,1772.642281237892,1852.0172125299011,15.860520106206657,1.0935232832200627e-08,0
-0.03246305,0.11140063080046404,0.010305439,1865.0905506379304,1767.0881997692195,14.816501713704257,8.961738407213219e-09,0
-0.14252663,0.2058802204176334,0.011020271,2816.166863190298,2034.8743224119708,15.414564126955886,2.6105068018038226e-09,0
-0.14193635,0.23949005764211137,0.010770664,3020.873157411107,2160.77790088572,14.234990511050828,1.543714497297653e-09,0
-0.10750354,0.1229664388776102,0.011045797,2214.6380950196976,2241.025624427238,16.045192011166648,8.896486321500843e-09,0
0.07930286,0.1048909694025522,0.011101442,2081.5213115614447,2212.9061137735416,16.269616171569687,9.178204915256387e-09,0
-0.06616652,0.07957738181554525,0.010185523,1667.6437760084143,1841.435085958854,14.679674837413472,1.0836874712264542e-08,0
-0.17911793,0.06517025268271462,0.011145828,1442.3711338205417,1649.2408917698308,14.199627143906358,1.2513642027983066e-08,0
-0.11573287,0.07383696164443156,0.011250659,1553.5888043021723,1733.73693666927,14.153615489333896,1.2480085112797618e-08,0
0.030083584,0.07241063660092807,0.0117726615,1576.756098866608,1724.7851979763252,14.6946109749568,1.202315921567958e-08,0
-0.07574949,0.10003081496519721,0.01014543,2073.7183957525713,2153.00728043592,18.506366268947726,7.520031157779582e-09,0
-0.09361155,0.08213094547563805,0.011593485,1671.167235982179,1779.0129887940423,14.428784777513327,1.1820680109601715e-08,0
0.008766104,0.07359225456786543,0.01024119,1419.1016502120176,1562.4124364539393,13.28902986556241,1.2603763924833208e-08,0
0.047153216,0.10863521425464037,0.01173956,2096.773285905874,2161.086883639169,17.59732634174484,9.45522668113633e-09,0
-0.05254688,0.18942933403422274,0.010488721,2405.845314085066,1863.1968622177312,14.615355193051714,2.937604601147134e-09,0
-0.15847686,0.10320974115429234,0.010964449,1791.8426759467918,1776.002614996376,12.997816651742616,1.1506813096638353e-08,0
-0.16120787,0.052035373767401395,0.010760431,1155.449074101734,1585.090242223512,16.11747291450918,1.0894153740341866e-08,0
-0.07413785,0.06824835049303944,0.011068278,1563.2688696451664,1815.5494360715193,15.210340526517506,1.1525995310114199e-08,0
0.26238698,0.10622552929234338,0.011110881,2084.4987035725435,2168.249061515443,15.94925336411419,9.09113079261271e-09,0
-0.09819304,0.09768004096577726,0.011077184,1789.0850678413296,1822.5783395196377,13.940886426266491,1.1642350119220458e-08,0
-0.1445887,0.07974165276972157,0.011822238,1571.8509796151197,1642.80216951238,15.809330582737951,1.1601214180726708e-08,0
-0.0784376,0.18640334976798145,0.011073246,2671.4443715853463,2249.2982486107117,13.111826437090143,5.968568251144073e-09,0
-0.06464745,0.09495314312645012,0.011209771,2053.630355731535,2166.525966200359,14.42181465430934,8.364272082884585e-09,0
-0.024196815,0.2517605314675174,0.010082808,2992.720762865867,1954.9041300256301,15.290709413387612,-1.6815737830388695e-11,0
-0.18110514,0.11369929125580046,0.011165305,1980.3200912345012,2014.0963640286368,13.387995366834396,1.0538682124794427e-08,0
0.00048768893,0.09670914298143851,0.011029654,1720.4636189874436,1701.2864964359117,14.58482211056446,1.0531670272533212e-08,0
-0.05817637,0.07548306989559164,0.010946525,1520.6630920972198,1668.6263304027857,13.57232705519626,1.208429158308949e-08,0
-0.25838092,0.14411094293793503,0.011734189,2648.707505739351,2373.8051725668306,15.049171943972157,6.180356677489789e-09,0
0.07887943,0.0721647966212297,0.011799593,1553.060726615779,1715.1481258452118,14.68111545445918,1.2222177412731098e-08,0
-0.10209042,0.21109497353538284,0.010938398,2877.2370901729096,2338.6361415375013,12.878670659190293,4.868575961910935e-09,0
-0.038195547,0.08933847520301624,0.010172821,1718.019250419409,1803.7873864233106,14.106183913559526,1.0981316679997323e-08,0
-0.47660637,0.11593450913573086,0.0109634735,2317.2634593594903,2375.536559261247,14.819664377313226,8.4543510210317e-09,0
-0.015006427,0.10597855640951276,0.010972763,2144.06742875373,2243.8346408127272,17.0620516221853,8.909465359561502e-09,0
-0.12407086,0.08001581532772621,0.011183878,1585.042020873023,1713.6797850621147,14.376067804616428,1.2568912406439171e-08,0
-0.2189909,0.09507549666473318,0.011089979,1773.108600049426,1830.6948958314586,13.204905649769424,1.1680564471654563e-08,0
-0.19863299,0.22786307279582366,0.011024076,2939.4705665089737,2075.4992401307286,15.299642887390574,1.9168794132196493e-09,0
-0.50534034,0.21511791255800464,0.009967357,2742.0004315792967,1895.1525361447605,14.156105078441932,1.6458650318273042e-09,0
-0.22131571,0.10521044808584687,0.010998356,1892.8794542604894,1955.878536755356,13.307156484215174,1.0801741484248392e-08,0
-0.14747146,0.10456242749419954,0.010911844,1918.0047644654346,1973.393781762397,13.18307040570805,1.0542745887963351e-08,0
0.21411371,0.08979956677784223,0.011708483,2053.738405505956,2141.342534322091,18.202975128329808,8.009346055960799e-09,0
0.048801124,0.18190912304234338,0.011400242,2613.85387201461,2032.245720218749,15.139944972673735,5.376823064784903e-09,0
-0.1252462,0.08929655778712298,0.011028866,1806.7101943614875,2090.4520921951807,14.562119321170803,9.931342056445504e-09,0
-0.026064955,0.08374306663283063,0.01182691,1688.0557994823669,1782.4422660069597,14.804922307658083,1.189899220297021e-08,0
-0.35164165,0.12209863507830626,0.01016164,2296.994511957951,2307.0264015604344,16.97225158915279,7.932417028915501e-09,0
0.029245451,0.05963035636600928,0.011140876,1398.8206652843949,1786.7908430696364,15.431177692842851,1.1804654304073548e-08,0
0.12397657,0.11409580735208817,0.010930944,2179.8250310828503,2243.2055689044246,16.564095343820053,8.799174478327202e-09,0
-0.26370993,0.11051130184164733,0.010954068,2045.509870210469,2132.874362376649,16.875412344393734,9.274381083010651e-09,0
-0.051360138,0.0673941415313225,0.010163682,1463.363918442679,1795.6179389679687,15.27224090520882,1.0744755647004822e-08,0
-0.089163534,0.10292311666183294,0.011087382,2270.083238084138,2355.988229944148,15.013471820718829,8.227938150657974e-09,0
-0.06439309,0.15845349659222738,0.010286891,2427.9179781010193,2054.877823618589,13.762035271384383,6.6352815018700055e-09,0
-0.3367923,0.09584247208526682,0.011596897,1771.3199095922391,1747.545310134046,15.518350389308836,1.125026680127768e-08,0
-0.15446493,0.058975538355568444,0.011145587,1343.1724123535005,1605.1357394665758,14.42067232054465,1.2798723086551772e-08,0
0.16946687,0.11939439530162413,0.010897112,2269.104244198379,2272.2096593171436,15.90310164968776,7.699443609218166e-09,0
-0.23747775,0.10322673470127611,0.011826201,2144.678111719257,2221.373197195683,18.269586381541675,9.047132147401007e-09,0
-0.16640028,0.13318975674303946,0.011026151,2391.851263094027,2229.755735211105,13.868614340043148,7.963881700347927e-09,0
-0.17861097,0.11487751051334107,0.010159211,2221.9663383191273,2207.3220509736443,18.149471946301208,7.597522892503386e-09,0
-0.115739495,0.07774094583816706,0.010879391,1693.8508606731177,1908.330051188513,13.658166180095824,1.157487843841063e-08,0
0.06857085,0.057947995214617166,0.011014021,1448.6675443564377,1840.965101175929,15.273121710560313,1.1521670122182375e-08,0
-0.20730434,0.08591937354988399,0.011078089,1709.230239477795,1803.4300105397929,13.93293833211742,1.182305454052832e-08,0
-0.20033066,0.04076525340777262,0.011617683,1094.95259212402,1573.2770309254026,16.495700150757887,1.0724182003024663e-08,0
0.010348933,0.12195249057424594,0.011040411,2268.6239681877137,2216.563452239703,15.795922974658511,8.348005564401033e-09,0
-0.08529626,0.10900114196635731,0.0109809255,2148.0403857577794,2255.1562627093417,16.475640981563533,9.074602857082776e-09,0
-0.0462066,0.10937839870939675,0.011096978,2131.1703182787915,2241.8441604963587,16.56607760908953,9.319447217352669e-09,0
-0.27282438,0.11614749492459396,0.0110315345,2152.2331583194364,2241.4190062221364,16.74266350575735,8.585805871929592e-09,0
-0.050879266,0.07443966611078887,0.010139207,1485.0807857632426,1615.4568962251947,13.479645520499457,1.1919094807467588e-08,0
-0.118213184,0.08194514936194895,0.011783119,1668.872343609564,1775.7865096781757,14.628473423465397,1.195122255117918e-08,0
0.278162,0.10391780561194895,0.011044908,2089.828947236588,2211.2129783384435,17.28345983175325,8.691513213881968e-09,0
-0.24472024,0.10720435759860789,0.010962758,2040.5716807908423,2113.509553771498,16.554436955744425,9.01889437609439e-09,0
-0.25166753,0.0742255474187935,0.011590596,1506.6071141294788,1639.3675275759203,15.138688591750164,1.2339989130559756e-08,0
-0.08815284,0.07135477088167054,0.011685312,1473.7023374451526,1614.8072842519077,14.704458271219037,1.2646422471821767e-08,0
-0.16963747,0.09346564131380511,0.011016052,1798.2916857926261,1918.112897900732,13.89222559156804,1.1161064164328437e-08,0
0.030297987,0.13758428799303946,0.0110027,2384.683045170689,2253.4048888316197,16.132912660161747,8.00916864703538e-09,0
0.057112854,0.057200279147331785,0.0110005075,1403.2642384424914,1784.5264851553554,15.13951552226658,1.1568933898677814e-08,0
-0.15668045,0.18719185034802785,0.0110285655,2936.14310573984,2380.473567680215,15.375456825868888,4.0211232649044385e-09,0
-0.076250166,0.07798678581786543,0.0110305445,1587.6831299996502,1744.9152998437712,14.03740093921854,1.2333386744105865e-08,0
-0.23380545,0.10766998078596288,0.01181523,2171.0266343690846,2209.8434066017862,17.536733533928306,8.617883411445237e-09,0
0.020132145,0.12310465305974477,0.010261843,1889.2230501912497,1642.799807470597,16.124500083248716,5.960223071664295e-09,0
-0.09309721,0.09133465052204176,0.010230216,1780.2047360212032,1868.8354193108084,14.739407039556584,1.0450204947612194e-08,0
0.040546976,0.304194687137471,0.009237617,3399.844907079388,1952.1300507017318,14.59057327811606,4.0381242499013395e-05,0
-0.02218935,0.06376205408932714,0.011052675,1420.955569526448,1812.281207981985,15.161274855386228,1.1700927613961206e-08,0
-0.20831217,0.07460733577436195,0.011032498,1632.1832446243918,1832.5226729289216,14.705359288862446,1.1604474268500147e-08,0
-0.056471106,0.21657709179234338,0.010149943,2733.5956831051258,1988.88315296508,13.925275160345512,3.1589919678376286e-09,0
-0.055581577,0.07586145954176333,0.0111299725,1596.9289833895657,1753.0685129427654,14.228005966194589,1.1965086827280613e-08,0
-0.32716432,0.11472910020301624,0.011820134,2224.667715234937,2208.1091083858687,18.107242433940982,8.473098752679226e-09,0
-0.10179919,0.05052521389211137,0.011827369,1258.9905055542367,1694.494847457592,16.881168078006464,1.1349887576834628e-08,0
-0.21683559,0.13318295932424595,0.010947994,2036.438038247221,1950.5182084339501,13.667100502948575,9.813260013381627e-09,0
-0.13352765,0.0781272658062645,0.010167629,1765.6972216057434,1967.1745406183832,14.636505520563968,1.0006614862472494e-08,0
-0.0025338572,0.11778453995069606,0.011016443,2221.4974785371815,2280.5024641125583,16.378986941704873,9.077339724120011e-09,0
-0.018549727,0.08156109520011601,0.0111308815,1621.3348119006814,1761.513219886313,13.44977672991087,1.2327757921421968e-08,0
0.069619656,0.06997376196345707,0.01162348,1479.9963302855426,1647.3510586933942,14.731102871007206,1.2504547870343803e-08,0
-0.25932252,0.10356660564095127,0.010853655,1910.2550687557361,1968.5033669021238,13.289788309170985,1.0849278847260112e-08,0
-0.16233765,0.12757282301334108,0.010949942,2463.6777957919007,2419.449918493739,14.758967352504875,7.423099150884114e-09,0
-0.11310395,0.07808874709976799,0.010204771,1605.6355335516444,1752.366868455213,13.055062323360152,1.1264787127479595e-08,0
0.015039368,0.08998309708526682,0.010165319,1726.8558412564178,1808.0031802783933,14.018563079826778,1.0993440631849353e-08,0
-0.125575,0.0570303436774942,0.011725444,1392.0413427823132,1758.2337425748153,15.86468204990419,1.1698225102921141e-08,0
-0.21875873,0.14515208091647333,0.010999662,2497.5443798626693,2227.789379979984,15.506140238792101,6.716477682692832e-09,0
-0.09412293,0.07592716792343387,0.011077251,1635.7664644166734,1832.0608229547622,15.317091274643195,1.1554638414162381e-08,0
-0.060472973,0.12477115356728538,0.011000279,2304.6076108293105,2296.3897278304594,16.557560458570673,7.983782934383257e-09,0
-0.007865088,0.07877528639791183,0.011567186,1610.0738861673888,1736.3694764143934,14.54378656615322,1.2115314353792366e-08,0
-0.09415059,0.08242663319315545,0.011528397,1648.021171254659,1804.6224707680533,15.842095226013006,1.1380006647191849e-08,0
0.09600234,0.12796707330336426,0.011126047,2381.5879817700747,2387.9253544464004,14.994417887090554,7.881835450685599e-09,0
-0.12506682,0.11998577073665893,0.011047321,2106.4759658156327,2116.3906745767945,14.436499122787383,9.387939527521311e-09,0
-0.0888763,0.09541763341067286,0.011149323,1990.4852008232863,2159.5853055747816,14.561140218598513,9.205756939774095e-09,0
-0.06069319,0.12183693445475638,0.010165192,2238.0853640956216,2243.983881436645,17.17667475959457,7.8802612642095e-09,0
0.050364222,0.10374333852958237,0.010920891,1769.6889139910552,1802.2465742971383,14.416318491586972,1.1205677502309966e-08,0
-0.14438832,0.10881874456206496,0.010976072,2278.880613502801,2360.396380722024,15.010708941847959,8.439205886944353e-09,0
-0.08143847,0.06803876341357308,0.011021769,1451.270265573792,1661.7631106490514,14.291002264652727,1.2794687520623543e-08,0
-0.05223756,0.07601893307714618,0.011005669,1644.0851446412316,1831.0749518018754,14.845977247597528,1.1485047003413437e-08,0
-0.19329499,0.1545030633700696,0.011795956,2324.2548490831614,1908.181885245907,13.750951645569675,7.780506698013028e-09,0
-0.07952754,0.046775304524361946,0.011065694,1187.076758442697,1662.4100880563317,14.951896254826972,1.1510713438561553e-08,0
-0.14893273,0.10286873731148492,0.011112141,2004.5255424759634,2158.4232156994776,16.358576735362117,9.80131329701045e-09,0
-0.24771816,0.07107834251740139,0.010172728,1529.2183944421743,1758.0103725961596,14.884866893885013,1.1011182390822046e-08,0
-0.06680902,0.09734017002610208,0.011034337,1796.8430692937145,2058.242740946391,14.683484614795015,1.0324413004271086e-08,0
-0.4950615,0.10513341067285382,0.011808685,2169.101551149768,2182.207345950331,18.460740391885377,8.482451762479074e-09,0
0.10691148,0.08709532700116009,0.01104452,2142.790531725313,2276.0566755186583,15.060950198662876,8.129031186804806e-09,0
0.041312966,0.10737316016531323,0.011019881,2067.232752229647,2180.495092691011,16.283476406233422,9.429079556483213e-09,0
-0.21832746,0.11451951312354988,0.0112845,1998.7826819065936,2015.5804539490357,13.703188715245359,1.0436204255762067e-08,0
-0.042105358,0.0589834686774942,0.010963746,1411.7069483404496,1831.388396495998,14.860391163126394,1.1280471883839871e-08,0
-0.39479166,0.13839771244199536,0.010162675,2453.6192571554693,2230.1238933900095,16.975975905462757,6.433167782215437e-09,0
-0.14343819,0.1261261057134571,0.011063051,2307.8636385065015,2299.2511160337854,16.241057122795,8.667002231728838e-09,0
-0.15163587,0.09641345526392112,0.010935006,1820.5107362043786,1920.171739173958,13.114055142806878,1.1086969929318853e-08,0
-0.20718482,0.06152910201566125,0.010964042,1491.5119132633681,1718.4100372657379,14.501133527733291,1.1387271290122688e-08,0
-0.31410292,0.203115936774942,0.011749475,2991.254554303427,2430.409207707788,14.809205514392119,4.441901131683854e-09,0
0.004417537,0.10034236332656613,0.011693228,2118.654367261713,2201.364504714522,18.922296889562766,8.761481678087676e-09,0
-0.12413308,0.09207556917053364,0.01020245,1787.636830810695,1869.4123689047312,15.038040619748662,1.031965083063655e-08,0
-0.06459363,0.1012713438950116,0.01099663,2115.014354859016,2256.2191676311513,16.719155495244568,8.767132699887293e-09,0
-0.075420894,0.09045211898201856,0.010125665,1727.9482122850218,1809.7528328376272,13.384032091395627,1.0852677054599935e-08,0
-0.11760773,0.10862388522331787,0.011735506,2107.390881749319,2148.8851475054003,18.208504263469422,8.814445230639635e-09,0
-0.000948634,0.054703360643851506,0.0093400795,1195.6618591909064,1580.7673395956415,16.14240874377945,9.24878449258727e-09,0
-0.045430683,0.0905246247824826,0.010985014,1825.060808961041,1992.4127351969212,13.695819535790873,1.0511618134731829e-08,0
-0.3643275,0.11858663536832946,0.010140247,2182.9983717850773,2169.2953018259545,17.055472447855383,7.61733839674183e-09,0
-0.22524954,0.11537032337587007,0.010975949,2133.3640033863157,2196.720371488313,16.460653475600164,8.765996943207632e-09,0
-0.11617392,0.12330857562354988,0.010141568,2428.460057857172,2364.731002500298,14.412886461693155,7.00743074016621e-09,0
-0.11667722,0.1158008265661253,0.011102592,2005.9983662332932,2017.6771916019204,13.308935368249676,1.0306852442742725e-08,0
-0.23769279,0.11534426660382831,0.010144344,2160.729135000023,2206.7264120211717,17.084769307156318,8.048013179579327e-09,0
-0.096210495,0.08805036434164733,0.010937472,1721.8108092817413,2010.5680796705508,15.10716465388975,1.0621248460290463e-08,0
0.3386597,0.12435651102088167,0.01113226,2432.2379908614125,2435.877607243165,15.090002454138014,7.37430924489631e-09,0
-0.06605789,0.10711259244489559,0.01121355,1866.867499365977,1945.795736138102,13.764212222576326,1.0915570248894853e-08,0
-0.1875301,0.15157677457946636,0.0109912045,2694.227032266664,2550.344829469016,15.34495672409504,6.8442101250226874e-09,0
-0.15073192,0.10463153458526682,0.011117913,1972.4247142722843,2073.7432598966566,14.347631284732845,9.715539464339694e-09,0
-0.1734438,0.10808802204176333,0.011256363,1917.1952314413404,1983.9093729911144,14.12220955534229,1.0873510654120649e-08,0
-0.18782699,0.07660124528712298,0.0117846485,1645.8672656730828,1804.2404712199404,15.5090926117598,1.1456869868153346e-08,0
-0.11626713,0.15050844692575405,0.010995686,2607.8456166527226,2391.7327639271193,15.939318919003577,6.711176924199549e-09,0
-0.07563843,0.07800944388051044,0.011694386,1617.3694882340255,1741.4364873948116,14.501144782671105,1.2035793954868293e-08,0
-0.2692009,0.11871918503480279,0.011013748,2277.396245233037,2322.6899166410712,15.305019237012509,8.723421666251263e-09,0
0.2836918,0.11118764501160093,0.011010734,2115.022891105929,2205.1207099217804,16.599754629421543,9.138856370239164e-09,0
-0.19421525,0.12270360535092807,0.010912289,1994.6340261030793,1842.4690786736198,13.723684970340498,9.777184951519414e-09,0
0.02391488,0.06588058294663574,0.010952337,1379.7307733105763,1783.493332525891,15.407586835134653,1.1829848374443195e-08,0
-0.07178829,0.05450963420823666,0.010234892,1466.4394631021548,1845.9536511246688,15.030959533126515,9.83478202082979e-09,0
-0.14698747,0.04520283497679815,0.010215943,1184.2117140909568,1667.4797629819861,15.205723648913487,1.0641787002275485e-08,0
-0.09061548,0.07106134897041763,0.010239403,1469.1253463469507,1644.6391568506644,14.155090697845406,1.195315119374862e-08,0
-0.118846714,0.06947301877900232,0.011149384,1542.1734984449258,1765.1492355684252,15.455542134356888,1.1753538250986745e-08,0
0.07647017,0.10365383918213457,0.011766147,2069.5061240558603,2149.12680013473,19.008177571901715,9.28648424911629e-09,0
-0.010224961,0.11813687282482599,0.0109922895,2232.0042924737522,2254.8656976858756,17.015105719838715,8.696438957985508e-09,0
-0.051550478,0.07155076312354988,0.011767058,1474.5169902007813,1611.0054926505672,14.750411996253913,1.2797666463222903e-08,0
-0.3050113,0.1207130945475638,0.010971972,2301.3722937356715,2288.2548233532625,14.156028615007822,8.544192335326122e-09,0
-0.23546068,0.10721115501740139,0.011096077,2012.592272838224,2135.1938169852297,16.562672300110478,9.50415587927494e-09,0
-0.28837156,0.13756276283352667,0.010158633,2603.8794793271036,2332.108357184411,15.503446262518306,5.501983888991365e-09,0
-0.31894648,0.11776867930684455,0.011023887,2162.2803157094245,2195.575949095984,16.266406881651587,8.824873372595596e-09,0
-0.58252525,0.09685415458236658,0.010116146,2278.4420086232117,2366.407937225577,15.276544597194203,7.113435274739729e-09,0
-0.35719478,0.11510975565545244,0.011112211,2033.1703437161952,1914.4666004667367,14.027455412431934,9.643220165720198e-09,0
-0.048385773,0.11568187173723898,0.010767983,1877.1702327469854,1809.6168390455498,14.63649974039772,1.0556184850162796e-08,0
