mfcc,zero crossing rate,root mean square,spectral centroid,spectral bandwidth,spectral contrast,polynomial,labels
-0.48221365,0.1324737619634571,0.010626291,2181.985600752454,1979.0462867501178,14.802237281414396,8.514656516093504e-09,0
-0.25015953,0.08805149724477958,0.010659057,1741.4862212461767,1832.084358373262,13.6646868949586,1.120794155807851e-08,0
0.098963335,0.07451103900812064,0.010118144,1517.7971921227454,1813.132756334112,15.07187123715106,1.0973229005965372e-08,0
0.062431257,0.11702889356148492,0.010602802,2193.556432317006,2222.402711184735,17.564280803489517,8.242241805738512e-09,0
-0.4207226,0.11121370178364269,0.011297173,2138.45581860357,2178.7556190837427,17.015290431672057,8.625337898586153e-09,0
-0.056379013,0.10363911144141531,0.010701163,1859.6902039651202,1866.8025818742144,14.08643534082492,1.0047715560478115e-08,0
-0.19363081,0.11461467698665893,0.0112940045,2236.6111066611566,2284.650247449989,17.13269112682186,8.583312747980089e-09,0
0.011205324,0.07411678871809745,0.010421412,1490.8236119594956,1635.91443217791,13.327880203211045,1.2115610759973479e-08,0
-0.21285444,0.14412680358178653,0.011003558,2209.579759506521,1920.0358202115356,15.907814570775642,8.227859567635497e-09,0
-0.26775315,0.15980278422273783,0.010137235,2651.2921303912667,2286.202522960636,16.26147971104078,5.319894697727653e-09,0
-0.3037842,0.0587954067575406,0.011298635,1458.7035048005484,1714.0175766814255,15.54976431810645,1.1409073440227871e-08,0
-0.17050543,0.11975692430394431,0.010323686,2251.3995650031184,2263.9091917276837,17.232259596456114,7.88436860524282e-09,0
-0.31671256,0.15105224042923435,0.010692707,2360.381828519475,2069.9823894692568,13.658503872222253,7.707870543731124e-09,0
-0.021735411,0.08591824064675174,0.010771753,1730.357298521178,1837.397544732746,13.823734456371874,1.1252354798637196e-08,0
-0.08482417,0.10669908280162413,0.010424156,1809.1065651196948,1787.2646004968758,13.758888137528727,1.089165762322813e-08,0
-0.25996,0.04829905923723898,0.010672069,1324.9031162156177,1802.4373564357456,15.16985037612711,1.0773911595386679e-08,0
-0.2863097,0.03763051044083527,0.011228986,1002.7853295540776,1481.049407109454,16.848306199490537,1.1248552394268068e-08,0
-0.23766398,0.21293707402842227,0.010441123,2774.4765777060784,2176.073028145453,14.178445536810258,4.82553621454067e-09,0
-0.095959485,0.08215247063515081,0.011313093,1652.245564368393,1761.263433832989,13.183363364277676,1.1949751584069193e-08,0
-0.22389743,0.1658660817865429,0.010935173,2309.2084073487827,2033.029388931005,14.032015879233894,8.098652049252701e-09,0
-0.060097083,0.08853298107598608,0.010665089,1725.9072732436368,1809.650656267697,14.176614498409416,1.1246175875328892e-08,0
-0.2710083,0.15143402878480278,0.010386245,2609.755320274556,2291.0945082454173,16.10940902737574,5.693340477593504e-09,0
-0.14498606,0.08711005474187936,0.009799139,1764.4546654398325,1898.2712336660506,13.718916299958725,1.0138774444043735e-08,0
0.028152093,0.0892705010150812,0.010567684,1726.0149660838233,1813.1935568411864,13.590768746792468,1.1182998793979918e-08,0
-0.41794577,0.3429309110353828,0.01054154,3619.685170788237,2122.3116336741696,16.293016518728408,1.599615490624962e-05,0
-0.32535547,0.12552906576276102,0.011056024,1953.4944515425082,1916.2047339070577,15.00155968203365,9.716311999068205e-09,0
0.029700428,0.1453016241299304,0.010903343,2511.82742785887,2255.4408359964386,16.33302193181825,6.350617220947792e-09,0
-0.10837447,0.05564593604988399,0.010433284,1342.825189033674,1758.3181591775233,15.412669672852703,1.1270020235435862e-08,0
-0.2535282,0.08966248549883991,0.0102152545,1732.2999552534725,1803.6804428610462,13.735659120716534,1.1087590824145318e-08,0
-0.01740244,0.07069202254930394,0.010433675,1465.381553449994,1642.794850298676,14.538534037901961,1.222569297346793e-08,0
-0.12879774,0.08202558548433875,0.011429357,1669.5286287448757,1783.4986890612722,13.246689238172426,1.2301143671564571e-08,0
-0.21136446,0.05712324173433875,0.010612069,1439.2848999059322,1851.254546597859,14.91476921732038,1.0870044032390545e-08,0
-0.2592575,0.1741283443300464,0.010797266,2724.9875431322243,2274.384314648933,15.402478302536181,4.847441917113245e-09,0
-0.36483625,0.06353773926914154,0.010430029,1402.2103555944457,1609.8440751322792,14.27813271085999,1.1962327960637509e-08,0
-0.15509255,0.19281444859338748,0.010088777,2505.1799521288613,1922.8726205527398,13.311258618360275,5.134649953277563e-09,0
-0.12875256,0.06759239957946636,0.0112386495,1572.0490058302926,1830.778660576512,14.960224850816257,1.1659307759998877e-08,0
-0.3325104,0.16754277842227377,0.0103711,2304.2812994959913,1819.1305925107843,14.671667695475024,6.76371109438425e-09,0
-0.27373844,0.13778821055684454,0.010990347,2099.3632234851552,1991.0321753567205,14.348962315087755,9.332753228781247e-09,0
-0.35445088,0.06116997172273782,0.010209668,1388.1782854313615,1623.8560167970254,14.390556775651001,1.1606016988562458e-08,0
-0.5256851,0.12067797455046404,0.010375013,2257.822265752315,2261.0251688591316,16.203865200249375,8.08759868607182e-09,0
-0.07753134,0.11355541255800464,0.0105762575,2163.1552846258874,2244.4464318653777,17.49719945224667,8.389225537779424e-09,0
-0.044219397,0.14870146642981438,0.011276633,2246.38349268005,1884.9035295443457,15.294328228611136,7.930838542539518e-09,0
-0.46237236,0.13174303944315546,0.010131394,2576.0696455772472,2317.765322565534,14.633311700242867,5.631159159746738e-09,0
-0.18959531,0.07837423868909513,0.01042563,1641.043640862931,1830.6127850107189,14.839744001187013,1.1147197537466263e-08,0
0.06712511,0.30192321635730857,0.010975355,3379.425516149191,2010.3152583803017,13.770993030950788,-3.9379905305287835e-09,0
-0.23135154,0.11537485498839907,0.010313389,2525.364016954399,2484.4091240073717,15.724876411312703,6.085637375954936e-09,0
-0.34456462,0.10988140770011601,0.010940071,2031.4410715263834,1967.011874434629,15.218167185639622,8.149686435379393e-09,0
-0.33441132,0.1129787648636891,0.010143704,2339.4343352449278,2326.7796339523343,14.210955843714093,7.1575956126098966e-09,0
-0.26862228,0.11488997244779582,0.0103600295,2128.6137828962947,2157.7760806149904,17.063142706054474,8.21870992545741e-09,0
-0.24676451,0.12920986803944315,0.009945434,2129.3797314355593,1861.7205793394905,15.402240426921827,7.666668030916792e-09,0
0.014857714,0.08379971178944315,0.010167344,1631.8935927959928,1758.582974347703,13.536501650241622,1.1516911129805764e-08,0
-0.25965106,0.07540829828886311,0.011338968,1625.9808619889288,1834.1194884569825,15.038611356915412,1.1836176103247361e-08,0
0.11112593,0.13588606619779584,0.010794427,2312.5731489665804,2216.2158865691,16.744204365776618,7.434349346765772e-09,0
-0.056499153,0.06823248984918794,0.010398232,1420.9424438076921,1606.1401966569076,13.33345393213892,1.2375037126446594e-08,0
0.052995533,0.10781725819315545,0.010365816,2092.2051065838755,2183.0885199642116,17.807755344889358,8.368162357342944e-09,0
-0.3749832,0.11247122426044083,0.010136241,2248.6672577025342,2295.981276324668,14.769699899280612,7.868360236889036e-09,0
-0.2800411,0.1179760005800464,0.010699732,2166.179967478173,2180.000940305107,16.96837649909988,8.527873723486266e-09,0
-0.21705413,0.0830814512035963,0.010184568,1775.5105547574685,1948.9306779972303,14.255373468032587,1.030189458988607e-08,0
-0.23549455,0.10480147005510441,0.0112621505,2150.117940422724,2250.1098641618987,17.918586224291747,8.686906010885909e-09,0
-0.2320619,0.11184926044083526,0.011343653,2170.385464183473,2229.327917661243,16.99482077765883,8.883986944048669e-09,0
-0.19972575,0.11641939167633411,0.011256024,2173.390890973533,2205.1442493883064,16.585477265341485,8.877307880553189e-09,0
-0.13061845,0.12094760549593968,0.010910329,1971.5376915251534,1943.7489778022978,13.759680679758388,9.609746360797164e-09,0
-0.2327497,0.14821884969547564,0.011319554,2416.478240502962,2148.570372613075,13.527221416652718,8.115861196874128e-09,0
-0.24219915,0.10935234193735499,0.010145023,2032.64809870043,2051.5007377420125,14.243218631703177,9.42490947382155e-09,0
-0.08748288,0.039622154147331785,0.011298602,1026.2001122148404,1510.7757712597127,15.929957500166507,1.1768093723564488e-08,0
-0.110648386,0.07491775123259861,0.011368083,1580.149816770222,1738.7372367287423,14.508059158395277,1.2365297164032326e-08,0
-0.029897604,0.07866992640661252,0.01045691,1606.7349259869543,1754.1598737150337,13.732990882194994,1.1642575132039768e-08,0
-0.088722244,0.12206917959686775,0.011264389,2375.451072211496,2318.4988182609573,15.00898735599961,8.005101395240172e-09,0
-0.1876078,0.16636116045533642,0.011059241,2551.759608970596,2285.8714592459514,16.11043297317578,6.2009458055742755e-09,0
-0.08260161,0.13592685071055685,0.011110735,2096.377983421715,1985.6812199682597,13.436478767732932,9.412487128528794e-09,0
-0.05515403,0.07686068010440836,0.011348641,1604.0511652623125,1752.2385223400352,13.447414260101912,1.211699257853313e-08,0
-0.03986252,0.07438868546983758,0.011332111,1571.060912443581,1743.4354807305292,13.417157825040363,1.236370134225264e-08,0
-0.28421232,0.11454217118619489,0.010107308,2332.3930392428397,2349.3565194053676,14.674662974026567,7.35118543961444e-09,0
-0.17589182,0.11192516495069606,0.011077275,1864.3395131538198,1977.4743777000413,14.667390432960016,8.827140286301026e-09,0
0.09316652,0.12925858287412992,0.010948139,2332.854052633838,2277.4589361331305,16.660615542224253,8.136061756033768e-09,0
-0.07042246,0.11154450949825986,0.011252638,2181.8339523933023,2261.9857790930228,17.072844926184302,9.05608510057265e-09,0
-0.118579656,0.09254345816415313,0.010901033,1670.9073672546435,1844.791080537724,15.612821389483269,8.501333911532908e-09,0
-0.11944139,0.05480418902262181,0.010171953,1355.2933771094295,1701.7945377061114,14.248922845527225,1.168718173740849e-08,0
-0.20487705,0.08055167850928074,0.010382898,1589.1384603576669,1716.6519147592958,13.586462451756507,1.185384748411931e-08,0
-0.6909833,0.11305693517981438,0.011293549,2129.025455461059,2185.145637369948,16.827530130536534,9.137073318623081e-09,0
-0.051924918,0.08085076493619489,0.010222129,1563.1993635292376,1676.5687061248352,13.73972508471369,1.1725600872257933e-08,0
0.06479386,0.12022707910382831,0.010475953,2198.0431469143577,2242.1230393155925,16.990397122275454,8.473243298199721e-09,0
-0.15659913,0.07816238580336426,0.0106769595,1697.9547168705228,1895.436625682282,14.890155864163102,1.0986281484310715e-08,0
-0.4177535,0.11904319533062645,0.011335928,2197.7464138138193,2199.632104398611,16.598935236588073,8.737137896386036e-09,0
-0.21280167,0.03605237637761021,0.010274906,1020.1219858570552,1505.6403144245164,15.496826291782398,1.0893657843130752e-08,0
-0.20534068,0.10817525558294663,0.010778369,1916.858390183384,1863.502382389113,14.225900695472534,1.0294001540163571e-08,0
-0.15920395,0.1060533280162413,0.010434482,2057.8351386156005,2085.0611417985,14.271118770944005,9.397787458980058e-09,0
0.18499169,0.10584147513051044,0.01129997,2137.4199817602102,2246.705841576264,17.27802539429255,9.240542703926699e-09,0
-0.14596674,0.06037920533642691,0.010376818,1426.408431008568,1707.3933769292883,15.596748826144815,1.1047856119219579e-08,0
-0.14380321,0.06743832475348027,0.011387918,1454.6556281243018,1659.9783951238908,14.763525002830287,1.2824436856389918e-08,0
-0.17591397,0.07677004785382831,0.010442176,1637.5324394407032,1830.191296386177,14.737970474050561,1.1099281170188365e-08,0
-0.12421961,0.09236672527552205,0.0108639365,1802.116703055484,1875.8763451019233,13.651446135106104,1.1129913224965164e-08,0
-0.21092954,0.12929936738689096,0.010552911,2365.3274542851395,2283.30899217007,16.850036716034467,7.493553836208972e-09,0
-0.1143799,0.19410822397041763,0.010127902,2525.9029965433097,1905.7021946305654,14.718920063842354,4.96873848718934e-09,0
-0.19329105,0.07528594475058005,0.010607898,1466.5081837768505,1618.3044336570233,14.352452146663707,1.2261782201079295e-08,0
-0.05745241,0.08209582547853829,0.01022565,1634.1075578920434,1753.978331082097,13.66439895818242,1.1431440892517402e-08,0
0.056479327,0.08372607308584687,0.010424945,1691.5838339376714,1801.1866585098735,13.213527284188299,1.1175193535715908e-08,0
-0.20851222,0.11748432062064965,0.010886462,1955.745981497154,1907.6541861867329,13.342795829031513,9.793881914482512e-09,0
-0.24835747,0.12276138341067286,0.01034992,2238.391060782075,2201.7386625576846,17.326325528606606,7.607495798993218e-09,0
-0.12394878,0.1525386093387471,0.010537852,2179.945550577877,1839.8611205820462,15.31727708582167,8.191400863454303e-09,0
0.13050584,0.09856030669953596,0.010576915,2300.5162902131356,2366.893209906851,14.828488967303024,7.1477932172861615e-09,0
-0.021092786,0.1349786107888631,0.011020654,2340.553960813011,2175.7221846146717,16.69847040466383,6.226302812602733e-09,0
-0.29997265,0.08007699209686775,0.010383554,1619.5077180793708,1758.2153740546278,14.159303312983653,1.1562706149860288e-08,0
-0.14674066,0.11870898890661252,0.011166337,1968.867853188341,1852.6065396583595,13.869897895846696,1.0027035763038049e-08,0
-0.17352436,0.07701248912412993,0.011179295,1653.028520706738,1852.8882678131483,14.929209840720322,1.1638514992607904e-08,0
0.044857264,0.14039615356728538,0.010176141,2439.2297764154455,2278.162152123025,15.042061399801826,7.1326626242579285e-09,0
-0.023049783,0.21723644141531323,0.009725819,2716.2818763997902,1938.4481797571912,14.61873706337313,4.2662583376883183e-10,0
-0.28804064,0.11429633120649652,0.010383165,2152.8229057892413,2195.668222820857,17.42002649678074,8.555580062662984e-09,0
-0.31921607,0.07720848136600927,0.01041839,1660.4969158640588,1845.499897529607,14.818449930789487,1.0776499334606053e-08,0
-0.17155257,0.11490470018851508,0.010415482,1897.3133229783455,1811.2110331546594,13.130720580325933,1.0296872283280586e-08,0
0.017816005,0.11484578922563805,0.010381155,2144.983429173048,2191.1840270048638,16.471835137860612,8.21359556316722e-09,0
-0.3156364,0.09749990936774942,0.011273683,2149.9058057108055,2278.6136914361214,15.567089338777828,8.859836466463296e-09,0
-0.2056492,0.1495772005510441,0.011078968,2346.0236676829836,2153.325946235038,14.455176759328413,7.713932815081756e-09,0
-0.067166865,0.12229349441705337,0.010969569,1958.9765482306875,1926.264741583046,14.379470684537077,9.94648483357532e-09,0
-0.0045320233,0.18388603900812064,0.011307844,2554.719655454271,1984.7335706920364,14.8794253999899,5.40499713159404e-09,0
-0.10525138,0.13099532337587008,0.011111811,2038.059575405278,1953.5340374444788,12.897269861570347,9.480273778679475e-09,0
-0.32046115,0.09877442539153132,0.010200598,1802.4124385782086,1826.8114927875001,14.119137818428564,1.069216788570056e-08,0
-0.08226149,0.07946862311484919,0.01065674,1651.9673331630624,1805.7885381956364,14.334249185565556,1.1553891666326614e-08,0
-0.13400419,0.07523609701276102,0.010415644,1648.4132893639428,1860.078664002744,14.681225687327894,1.0769774590137429e-08,0
-0.07227521,0.07038273999419954,0.011361024,1466.8442926305993,1628.5628484242188,13.198159575577705,1.2985242558918094e-08,0
-0.35381034,0.12360766205046404,0.01011911,2419.901410213263,2378.310144256412,15.003251381724032,6.973272363282997e-09,0
-0.24026686,0.11792275413283063,0.010126468,2171.4939838960763,2166.5005600614554,18.385791605675987,7.573112229713203e-09,0
-0.06902353,0.08170497389791183,0.010527512,1653.9848580765324,1800.7049851376296,13.99577038966542,1.1521872796993385e-08,0
-0.20245147,0.10981343351218098,0.010825022,1958.7338609744816,1972.353399037853,15.169241014729078,9.273543737428077e-09,0
-0.022630274,0.12306953306264501,0.01132494,2380.6439455179157,2327.539160477771,15.422091889183015,8.066809521464018e-09,0
-0.28711545,0.13152099042923435,0.010974413,2160.764941625975,2081.4949691460597,14.460354819800674,8.648693765642972e-09,0
-0.16787854,0.11031417669663574,0.010371122,2109.0763938246214,2173.839969139146,16.474422960350125,8.146340704001445e-09,0
-0.0037297327,0.04862080372679815,0.010598516,1159.734173476567,1571.13816896791,14.631824863825099,1.1582957602344824e-08,0
-0.05530565,0.08797672563805105,0.010751685,1738.5453089229038,1836.092860121759,13.895226214547254,1.1130966590446148e-08,0
0.003424595,0.054702227740719256,0.011306019,1461.37588713878,1741.9177781600233,15.480090439210247,1.098568149664782e-08,0
-0.08203146,0.14983890117459397,0.01086682,2370.5313036994307,2197.3943722264084,16.410427202510505,6.8776778555617824e-09,0
-0.2179214,0.09718043068445475,0.010391831,1758.511029170481,1782.0180251508011,14.125974052492936,1.1260054704314702e-08,0
-0.0021245123,0.07759480133410673,0.011314897,1549.6938328682943,1687.932124253208,14.896967503527273,1.2369481193009243e-08,0
-0.16764323,0.08646769866589327,0.011373538,1814.3564392702715,1946.7110139130557,14.785390179629564,1.1028192500514865e-08,0
-0.15888445,0.16325927167923435,0.010638703,2249.583962235544,1948.998434090813,13.753300365650231,7.507207920711268e-09,0
-0.18905269,0.11391907446345707,0.010209944,2130.4158030140857,2110.8973135267847,13.830627522106479,8.860291632491486e-09,0
-0.0017528124,0.12169872027262181,0.01061708,2300.957611450763,2232.688373595401,13.923624680561899,8.118273235991354e-09,0
-0.22349297,0.11546548723897912,0.010408432,2234.7012160143204,2280.968944177581,17.46170692686123,7.91813652677785e-09,0
0.17874998,0.05196060216067285,0.010104279,1282.4751315320254,1602.932110629249,13.425228436128608,1.1412410877958904e-08,0
0.03861978,0.06246148129350348,0.011258122,1394.3957208838988,1785.822139700483,15.526817734516012,1.160073509082957e-08,0
0.27992123,0.10784331496519721,0.011354962,2126.42372638543,2220.42908927913,17.254324959479156,9.224779570971427e-09,0
-0.068023816,0.07964648890661252,0.010701232,1623.8756161301703,1761.5062622039627,14.279020943226266,1.1803873560438427e-08,0
-0.047418714,0.28788314783932717,0.009934942,3366.1338411019046,1872.545212938199,14.605063027651653,1.2489521369172412e-05,0
-0.14955169,0.07888064638921113,0.010213634,1551.5646111029173,1687.8176757524616,13.625039863746904,1.1647438579738936e-08,0
-0.04605747,0.05787548941415313,0.011054581,1269.1864656227958,1607.8711508052154,16.279674152326766,1.1379836304053268e-08,0
-0.044277906,0.06976304198085846,0.010161635,1461.989775564271,1643.2162995994233,14.152677126982994,1.1750286511106231e-08,0
-0.23731151,0.09045098607888631,0.010855593,1658.3220327301005,1828.2288575580847,15.81956894817291,9.082398754687077e-09,0
-0.24571458,0.09081238217807425,0.010424161,1792.657668568828,1875.3768750825009,14.85747425981019,1.0638442798867257e-08,0
-0.2583746,0.12581682315835266,0.010589094,2258.8847396738192,2213.2101928677907,17.110900538947252,7.748661921311922e-09,0
0.51234865,0.09611210303074245,0.011330118,1971.6464483089671,2142.6329520930685,17.491346582625148,9.627797811327711e-09,0
-0.0908276,0.05669613725348028,0.010420153,1462.4626410473775,1871.1583912205429,14.924101203327954,1.0474095934973028e-08,0
0.18155563,0.13912503625290024,0.010966943,2417.2760265404586,2193.3281871207705,16.039322230278696,5.839811912743308e-09,0
-0.27270037,0.08669088058294663,0.010192648,1709.7138846645687,1803.8292379232232,13.972140949308715,1.0961677155360448e-08,0
-0.14609984,0.08971120033352668,0.010649176,1846.8585837479445,1994.1253045486155,14.405720185322247,1.0394068707698023e-08,0
-0.06901183,0.1640874238689095,0.010765666,2440.7551615543894,2095.4474146695275,14.222052368364267,7.122338810368309e-09,0
-0.3192354,0.10413419011020882,0.011339253,2097.678506815186,2212.1365538102264,17.23501050767793,9.371656429993083e-09,0
-0.046905495,0.1094690309599768,0.010095958,2167.7306180196742,2227.3730097296543,17.904912640998674,8.068349596661159e-09,0
-0.1249387,0.1632943916763341,0.010698958,2257.3858412905806,1987.0194150551622,13.25920937854556,7.289266662517683e-09,0
-0.18632212,0.10963103610788863,0.010403234,2145.2968720320123,2192.848411500307,13.870613011790542,8.876216280517952e-09,0
-0.08967633,0.13970055104408352,0.011088007,2127.496096288616,1997.6244953760738,13.4496404557131,9.104978767022628e-09,0
-0.12583053,0.19328347049013922,0.011192676,2748.9582411206966,2170.7324769972856,13.930044417620136,4.751110671788196e-09,0
-0.20270216,0.11678985100058005,0.011290892,2200.562544332828,2253.767418246473,16.40199736476191,8.99525699861427e-09,0
-0.6145642,0.11035269540313225,0.011266242,2281.2446574221094,2381.5327750936535,15.833384121025599,8.729038572707249e-09,0
-0.2624137,0.3112458762325986,0.010893204,3408.1260787882998,2201.495812050017,13.124638775298724,-2.37381260852831e-09,0
0.01761648,0.08028771207946636,0.010245958,1623.346391456343,1758.8485924281235,13.978598707306007,1.1375746843391652e-08,0
-0.16501212,0.14705195946925753,0.010101648,2600.670608995493,2303.131633549823,15.23888045177588,5.596554852581109e-09,0
-0.17611355,0.16499941089037123,0.011050465,2499.8935601329117,2235.4469268894745,16.253255505244322,6.201952487802883e-09,0
-0.28182083,0.10869299231438515,0.01047761,2253.6994466904384,2218.037772757851,14.002442369961313,7.754898315108063e-09,0
-0.41562232,0.1684864867314385,0.011062196,2644.8947345663564,2324.268716237448,15.505843382158554,5.674451314362463e-09,0
-0.0863225,0.0792986876450116,0.0106167365,1625.671045457218,1764.899358167073,13.794861993035251,1.1570900143250526e-08,0
-0.23902848,0.0845712188225058,0.010374333,1544.0519693379595,1641.0719111922538,13.858457407240806,1.1763359320341162e-08,0
-0.2360238,0.06920791944605569,0.011383466,1434.7693583384146,1761.6138073166771,15.927840415597323,1.2184301334694265e-08,0
-0.2903329,0.11654514392401392,0.010116714,2166.3898657353334,2192.410118607914,17.705285504434283,7.898509353259949e-09,0
-0.2527833,0.0707894522186775,0.011175411,1447.896084922482,1787.3986156935457,16.14044839848363,1.1687884618768347e-08,0
-0.19661346,0.07292384171983758,0.01075963,1482.8211570811577,1639.5703143239607,14.284148896298596,1.2317381662591979e-08,0
-0.033228815,0.06841941886600927,0.011248349,1640.6679117794815,1924.4142919763115,15.009829995516597,1.102225189414425e-08,0
-0.009454343,0.1601358577436195,0.010833583,2551.9676081127163,2322.375555046511,16.190979361268184,6.2514753595316545e-09,0
0.012403608,0.12232861441415313,0.011212232,2343.302827502044,2320.106556598163,16.487016882375286,8.226930551270877e-09,0
-0.023528669,0.12111867386890951,0.011360551,2279.664421631918,2205.669844016001,14.213978539088538,8.703924732580359e-09,0
-0.06016411,0.07410999129930394,0.010414351,1502.4737328526055,1657.8332976757451,13.864291180289491,1.2056592576692265e-08,0
-0.19685891,0.14823471033932714,0.011274809,2592.541192310771,2256.243713462814,15.833921945479208,6.071420408459452e-09,0
-0.14085248,0.13545216429814386,0.011040313,2079.482274349739,1978.6617996339974,13.523599393444448,9.446973159735893e-09,0
-0.35847098,0.11166119852088167,0.01016144,2263.285719007845,2348.7364158371142,14.174700542458789,8.00666396073841e-09,0
-0.14396732,0.11521624854988399,0.010370588,2165.2815201471085,2230.7209749584395,17.135406430244842,8.597589911719826e-09,0
-0.087987274,0.05410178908062645,0.011169264,1347.2862779838736,1664.8453685182392,15.930746589292042,1.0976416520854056e-08,0
-0.20374829,0.10056781104988399,0.011267832,2233.4835631906108,2307.1051535319543,15.38379282317704,8.344236965752006e-09,0
-0.052570082,0.04685234193735499,0.010492128,1199.6183923028136,1673.8176674133933,14.892173377582452,1.1440432578843962e-08,0
-0.10309924,0.09485911216647332,0.010914133,1799.8640799809898,1864.038325999257,13.997849293041469,1.1201909863214344e-08,0
-0.10277015,0.06981402262180975,0.010373116,1439.3945466585476,1615.190490828573,13.557386978044985,1.2261637347965392e-08,0
-0.11387658,0.12888925645301624,0.010150215,2322.6140886771063,2219.2642503013503,13.756263427225766,7.715618708234894e-09,0
-0.024427963,0.1045952816850348,0.010623381,2152.4246944333922,2190.762110062484,14.02015742148897,8.656548053494233e-09,0
-0.19262493,0.15433879241589327,0.011224192,2323.9757969861043,1983.940964514905,14.15382229292175,7.865876505295128e-09,0
0.05846755,0.04820389537412993,0.010386153,1161.9822183181286,1640.3353068039016,15.635971714775613,1.1139475210144428e-08,0
-0.29911813,0.07165045859918794,0.010374605,1617.9061699114263,1839.158560647989,14.502403461398469,1.0886720663091397e-08,0
-0.082010545,0.03734955046403712,0.010316603,1059.9492255212404,1542.694901700876,15.553751898206045,1.0824773851583797e-08,0
-0.11705146,0.05785509715777262,0.0103783775,1493.6482347680458,1901.2281646937188,14.691437867837958,1.029778735657753e-08,0
-0.039859347,0.049936104263341066,0.010495073,1291.5859905184686,1757.0749826731987,14.858812630543891,1.0968330169473084e-08,0
-0.06323019,0.11712179161832946,0.010432858,2227.5957981607626,2280.259580396979,16.997103592711394,8.312057066917036e-09,0
-0.091988534,0.11889025340777262,0.010648046,2330.9388702151064,2281.375526463951,14.757672583589866,7.595687861228748e-09,0
-0.02665408,0.07352314747679814,0.011204005,1583.4446007523,1764.3533327214343,13.805077812023487,1.1918849666788266e-08,0
-0.056919597,0.08626264319895592,0.010417729,1704.9393883207485,1808.528209582856,13.2724024438209,1.1161610963604172e-08,0
-0.162919,0.11343305901972157,0.011344321,2242.150949369949,2222.060515158157,13.905222508238472,8.931797618382877e-09,0
-0.12439203,0.07874922962587007,0.01073768,1535.5607396880991,1684.3835897297486,14.551031028540157,1.2522298479256066e-08,0
0.15116116,0.10133478647041763,0.011335778,2269.8682071087565,2365.4723084120346,15.855235306215913,8.220976877638974e-09,0
-0.12807918,0.07066256706786543,0.011273791,1450.6391645262581,1624.643041120353,13.93942335050206,1.2970068318095856e-08,0
-0.054573335,0.05264714145881671,0.010136238,1221.4438203532932,1650.5601538205149,15.373526792889699,1.0677711980587557e-08,0
-0.05756166,0.07605631888051044,0.010214553,1528.7272115219919,1679.4432527359174,13.709292434309926,1.1736576238517111e-08,0
-0.18979636,0.27793399253190254,0.010251627,3227.4175246815294,2128.873108057454,13.642719230166263,-1.1803566216783192e-09,0
-0.005849847,0.12534780126160092,0.010934741,1977.51314174707,1919.137145111537,13.068133722082708,1.0026136726330005e-08,0
-0.15961221,0.10982362964037123,0.010864731,1859.6115019007996,1864.2963775844469,13.206714173838602,1.0262254264279158e-08,0
-0.0841776,0.12012511782192575,0.01126025,2281.223757665216,2299.5037006015114,16.811025297989715,8.847081981427154e-09,0
-0.42089814,0.1346092843677494,0.010216768,2173.5669691508247,2018.6699996589005,13.341461792109927,9.095990161599031e-09,0
-0.019425463,0.09790322288283063,0.011308587,2013.3943611637783,2166.261665199536,17.52424399136468,9.063754324150235e-09,0
-0.1764541,0.06071567756670534,0.011279284,1675.4145763058025,1945.9922545717877,14.819685023651239,1.000777185444041e-08,0
-0.164013,0.10032423687645012,0.011298681,2125.936755707418,2242.2715228954794,17.417860533567385,8.568305701426732e-09,0
-0.2624571,0.11962777334686775,0.010367539,2234.659495155013,2264.687180993269,16.981522158063804,8.124591080547083e-09,0
-0.11451298,0.04778811992459397,0.010166128,1215.3770701657565,1656.0108580872927,15.460481623804998,1.0732877338361629e-08,0
-0.27922046,0.11100184889791183,0.010406013,2169.881752159588,2254.4024648011878,18.25898414778126,8.597840162892157e-09,0
-0.16680671,0.10141408968967518,0.010772771,1804.313557018844,1836.898590130946,14.127234349070223,1.0934791569521882e-08,0
-0.40719223,0.07311756815545244,0.011233101,1662.4748895187709,1848.1164621326539,14.967099088395932,1.10126849258754e-08,0
-0.1712119,0.07651627755220418,0.010475678,1599.9006224459936,1751.048979495778,13.29855842196243,1.1379267956021386e-08,0
-0.13086163,0.1226458272911833,0.010623136,2264.730435694921,2256.765814514792,17.003328142223193,8.190792308296599e-09,0
-0.17183377,0.07239930756960557,0.011327255,1621.399876531281,1826.121533390648,14.888187576426324,1.1738570662108326e-08,0
0.018811855,0.06149058330916473,0.010139784,1364.1232123475656,1758.2234796519763,14.93271489021839,1.1188077637858873e-08,0
-0.07189582,0.13700650739559164,0.010325321,2112.544546869209,1871.9946826029593,13.81802090155533,8.838584297562653e-09,0
-0.38554817,0.29283959904292345,0.009891275,3299.4352147801333,2077.2023743665864,16.038036153686388,-1.7870943628906853e-09,0
-0.18049683,0.17101852523201855,0.011347258,2466.6055664300743,2012.7573839509828,13.985737687902592,6.926818973326342e-09,0
-0.13101313,0.06008011890951276,0.011236098,1423.3052406844386,1832.6311736072844,15.544910998922978,1.1623893364827722e-08,0
-0.22232682,0.10866693554234338,0.011385106,2046.5714754207236,2130.163996786236,16.92083955922353,9.255095866265852e-09,0
-0.06328721,0.07183965342227379,0.010154492,1489.6794302375822,1655.4666152878933,13.44102034746528,1.1747221383720492e-08,0
-0.22429372,0.1306985027552204,0.011034567,2061.781118279746,1974.466523362679,14.006727410303414,9.418556264097924e-09,0
-0.13942742,0.1578666527697216,0.010735904,2695.0961669392714,2278.519967632503,15.369141222467277,4.656837004871697e-09,0
-0.07966657,0.09671480749709976,0.010901193,1703.684378074278,1879.9872469405473,14.571051903038924,9.598164599360343e-09,0
-0.3202196,0.07680856656032482,0.010180387,1666.6040772934177,1852.7220824118028,14.860484315846163,1.0653272273244043e-08,0
-0.032738455,0.11678531938805105,0.010994971,1977.8410615287257,2064.940562229503,14.435120542809123,8.894332628429323e-09,0
-0.12686285,0.1299972357163573,0.011108881,2041.343918037489,1953.4209558187792,14.784569429584339,9.346007054719258e-09,0
0.0023926683,0.09418956641531323,0.010830381,1772.908816387121,1839.2299003124376,13.988575351598872,1.1061428369226222e-08,0
-0.12391074,0.07243669337296983,0.01020917,1443.6528558646676,1594.5716700183305,13.425782683231674,1.2227033931544751e-08,0
0.08798306,0.14984003407772623,0.01098237,2623.89310601404,2311.7016827319712,15.832785882041165,5.126151001562619e-09,0
-0.23432717,0.13075967952436196,0.01126621,2487.125811161947,2294.6956498103846,15.769662937827496,6.832929487970164e-09,0
-0.057309993,0.07427199644721577,0.010179685,1509.3278099355923,1667.1165884892707,13.280181116594033,1.1854196741477673e-08,0
-0.13649982,0.07838443481728538,0.010149893,1608.7590331397737,1739.6153972698144,15.077063615539352,1.118772699359194e-08,0
-0.20717509,0.08610063805104408,0.010171996,1694.975411415188,1794.8891046622803,13.860123172853724,1.1077985139529067e-08,0
-0.5059178,0.1350499836861949,0.010140889,2480.704651843657,2306.837693214284,14.475188851399807,6.678605818260761e-09,0
-0.17265823,0.12427267618909513,0.01090466,2028.1911150069348,1951.4004467537213,13.802206004558428,9.696828058156727e-09,0
-0.13725865,0.07847166835846868,0.010173052,1581.7260389242924,1737.5900830202893,14.019554504308948,1.1463498685642856e-08,0
-0.20455374,0.12883940871519722,0.0103352675,2415.7618453482337,2347.4961749554623,14.44542113354463,7.304839574087701e-09,0
-0.40212327,0.08689593604988399,0.010176911,1774.8913900667235,1938.0182060523816,14.520398482709814,1.0278920773663554e-08,0
-0.3026132,0.16014605387180975,0.010400246,2651.7902778754633,2237.4827807019687,14.678531845166585,5.2087229010231255e-09,0
-0.3048814,0.08788949209686775,0.010795228,1701.1876852997339,1816.966921933912,14.322117240776356,1.1651330221448217e-08,0
-0.10052029,0.05025784875290023,0.010599574,1249.98576349638,1728.0880618620126,14.650421204475284,1.1206485713530502e-08,0
-0.052002702,0.14732272331786542,0.010071845,2172.146438711322,1841.8721407242488,15.346529549282595,7.316269834611916e-09,0
-0.3610478,0.040595317937935034,0.010027348,1115.350450567594,1573.8186033586744,15.79845786231723,1.0210146228123696e-08,0
-0.13966253,0.04017274506960557,0.010527579,1106.6341433329794,1598.0773450176312,15.368222182100784,1.060457631488977e-08,0
-0.12679894,0.05402248586136891,0.010483164,1448.549998153107,1818.6916716758933,14.662454294321178,1.0723274197478574e-08,0
0.038745128,0.06762525377030162,0.011333793,1453.726516117519,1655.3560975945088,14.961161604173213,1.275937909141018e-08,0
0.16448733,0.059676805394431556,0.010382286,1410.7602027616585,1797.9855966297475,16.307376953544644,1.0217881151738987e-08,0
-0.21562368,0.09106388667343387,0.010928094,1779.4665621428412,1866.175419695737,14.213511097198255,1.1151314158927272e-08,0
-0.23912802,0.1034397204901392,0.010237287,2086.2665544175748,2165.7766825780845,13.826363125146786,8.833673547298632e-09,0
-0.19409755,0.07114518380220418,0.01126046,1609.1623686075018,1829.9976368593666,14.894863883012732,1.1582771494366154e-08,0
-0.22581877,0.06746891313805105,0.011416905,1510.5116676423693,1737.748155252729,14.689132142793603,1.2322516073742219e-08,0
-0.24332243,0.12478361550174014,0.010095251,2270.122844262315,2256.769877942241,17.033896973848677,7.613038030465114e-09,0
0.03572207,0.11089648890661252,0.010608722,2132.0818695799226,2184.948243241202,17.04428387858029,8.568183509171166e-09,0
-0.026310105,0.07835044772331787,0.010426397,1608.767260773813,1754.1506808030178,13.684080306730499,1.164608178757573e-08,0
0.046104003,0.0725703759425754,0.01077324,1631.8784701410366,1987.647539329932,14.904722250991702,1.0462852806089924e-08,0
-0.19584462,0.07553291763341068,0.010451124,1651.5826571046357,1855.3746837324443,14.629396871633865,1.0946185154021303e-08,0
-0.074865505,0.08913795134860789,0.010617213,1691.2628783179382,1796.4758616668537,13.49794612821539,1.173978323559057e-08,0
-0.14623873,0.06349129024071926,0.011341882,1375.0893039857285,1602.4752415011878,13.736068270940551,1.3137326001993026e-08,0
-0.029340971,0.10663450732308585,0.010103042,2155.9297215564206,2204.721624234969,18.65059908619204,7.489625961218015e-09,0
-0.075591445,0.0955173288863109,0.010801565,1823.9436188776504,1873.2227420750692,14.430827393629412,1.0838497511309141e-08,0
-0.0025189836,0.1153306717662413,0.01094563,2182.7999505006064,2168.4350042760216,16.797957312631954,8.015768446919649e-09,0
-0.13132167,0.07828473934164733,0.010696447,1592.9313478318782,1753.4748547706572,14.28578725323941,1.1774677182530117e-08,0
-0.14430001,0.15905959976798145,0.010124939,2500.1620916275724,1999.671868032773,15.73846966190964,4.3205948451318115e-09,0
-0.10869607,0.14774189747679814,0.010812729,2546.679719559227,2330.5901574336376,15.593636371434988,6.2801124760624445e-09,0
-0.16807601,0.046028721360208816,0.011276938,1196.4522076886424,1689.0443265656552,15.50035399011391,1.1710518679676515e-08,0
0.034404382,0.05311163174303944,0.0104300305,1330.294768479829,1777.1207768368117,14.25406933294634,1.1262279887012442e-08,0
-0.24019982,0.16304175427784223,0.010390244,2290.0453267577777,1869.6993565247897,14.618336809490183,7.075828803841908e-09,0
0.0016758423,0.12223005184164733,0.0101594655,2227.0949532581863,2229.829333080572,17.770427757541526,8.021999614747683e-09,0
-0.07246795,0.05606284440255221,0.010240871,1355.7043970280456,1791.1762692798757,14.441474331200295,1.1006910140505213e-08,0
-0.015687294,0.10953247353538283,0.010391454,2105.8859057285745,2192.9535196167094,18.332178957540094,8.396509015882547e-09,0
-0.37719816,0.23952744344547564,0.010420662,3025.01408296832,2206.8575347503647,13.666622889593073,2.065135816850902e-09,0
-0.14861393,0.19999025703306264,0.010262938,2672.590764962727,2061.1474022524853,14.787989670377755,3.909278226934932e-09,0
-0.1501857,0.14586694279292342,0.010732628,2356.8439901281463,2115.823407581821,14.081872176123763,7.516857181672686e-09,0
-0.00867166,0.08335221505220418,0.010482357,1625.28651339078,1745.1190004839832,14.700367946828631,1.143827946946744e-08,0
-0.09813483,0.06955458780452436,0.011279016,1472.1187464738543,1647.453157856403,15.13280035411962,1.272122107631174e-08,0
-0.54594785,0.14116426189095127,0.01083871,2352.4839002854465,2194.5379843252063,16.898459387293407,7.016095496624667e-09,0
-0.07930642,0.11881661470417633,0.010352753,2168.3832621159336,2189.329175334653,16.838639300729092,8.184524549790005e-09,0
-0.31571433,0.11655420714907193,0.010353326,2359.109587104531,2350.7056723174846,14.7451411052843,7.460641669353832e-09,0
-0.24927188,0.11306033388921113,0.010147941,2094.188935962419,2138.3424468215135,16.96785846961017,8.164274843099986e-09,0
-0.059876405,0.10804837043213457,0.01026645,2154.977602803347,2226.7364917846953,17.416937527937005,7.697111531706713e-09,0
-0.18097632,0.08078392365139211,0.010588789,1708.9987411906725,1864.6638438885923,14.987947707321604,1.0631988192853322e-08,0
-0.16368711,0.187992812862529,0.010815392,2812.7531837291285,2318.239683542319,15.060685934032852,4.41884832357299e-09,0
-0.14042181,0.07543775377030162,0.011383461,1579.6586485154096,1741.6803651735563,13.920649831490993,1.2423405739278933e-08,0
-0.16883725,0.18478896280452436,0.011128255,2633.0843925732884,2024.9870559914107,15.193982359410603,4.665154512550529e-09,0
-0.39932334,0.10765412014211137,0.011286412,2063.767703344609,2152.106174044625,17.339384165673803,9.081117237499399e-09,0
-0.1026011,0.12390561557424594,0.010963897,2014.5813565794251,1948.3063745751965,14.061163382009912,9.522835560346464e-09,0
0.077111855,0.09427906576276102,0.010804257,1780.525229933376,1967.9143270667544,14.643051452265897,9.553492362394544e-09,0
-0.034572624,0.2021461716937355,0.010246078,2597.1685299118694,1941.0562012067037,14.373859096507607,4.809890411475382e-09,0
-0.19506702,0.0924709523636891,0.010654036,1867.012830010361,2008.4264615671793,15.333433007071532,1.0168007538718514e-08,0
-0.29826355,0.12572845671403712,0.010960603,2009.9024516123773,1946.5236810647,14.681016652442745,9.584949556735306e-09,0
-0.191767,0.09673066814095127,0.010744177,1951.759571530172,2035.945970436125,14.433300322978834,1.0088229960378227e-08,0
-0.26720905,0.06556450297273782,0.010367955,1392.952781978996,1728.3051191096176,15.808954552317648,1.1220785128460042e-08,0
0.02578628,0.06048343242459397,0.01015446,1441.0880192718128,1794.5825957223788,14.64875626907752,1.0793100252764437e-08,0
-0.12072348,0.059326738326566125,0.009830979,1536.8940515865795,1782.042799076738,15.337563481946177,8.68948228931275e-09,0
-0.32792956,0.16217395047853828,0.010904267,2496.477617779482,2230.151924453351,16.065877522767906,6.237443867070852e-09,0
-0.021761307,0.0785169844837587,0.010169386,1600.0709991178871,1747.0500322264238,14.04413320665771,1.1320197878786546e-08,0
-0.02620718,0.07677231366009281,0.010396487,1593.2810018163714,1740.069930368504,14.034837283049512,1.145616092031671e-08,0
-0.26942608,0.05771008555684455,0.011340219,1368.5987558115282,1801.9092584000036,14.959851919956936,1.2055504634469157e-08,0
-0.122543946,0.15828242821925753,0.010574513,2320.2639487585006,1856.0613292775677,16.506665634935143,5.477792736420628e-09,0
-0.14044917,0.1857417343387471,0.01053408,2612.6095398701295,1988.2449205634368,15.714813652960467,3.765469792111016e-09,0
-0.19089708,0.14907419156032484,0.010454348,2309.2709014740067,2032.6939000076097,13.979185518808153,7.912706426388666e-09,0
-0.2784021,0.0669908280162413,0.011405104,1559.7156732099684,1805.922317930959,14.84590306095168,1.181482490506838e-08,0
-0.3234834,0.12136451384860789,0.01010246,2176.2946080707316,2173.451208298712,16.54863973717694,7.932084128661196e-09,0
-0.2597176,0.13345598897911834,0.011006665,2056.6674591956053,1962.3293412234336,14.555122829559911,9.358384005539111e-09,0
-0.28355247,0.1215061267401392,0.01069742,2183.4868269512504,2177.861902843226,16.77048166758329,8.101733337023479e-09,0
0.007392652,0.0792023908787703,0.010205989,1857.4978818468817,2101.7708714568294,14.036097724122177,9.565708735276165e-09,0
-0.15841699,0.11536352595707657,0.01109351,2393.9002797794683,2293.056838554418,15.808148675310706,6.80750442968426e-09,0
-0.2930763,0.1122061249274942,0.011328089,2186.4477074741353,2227.76727861919,17.13731566713944,8.858909909227191e-09,0
0.11539449,0.08831206496519721,0.010761518,1749.6978709136154,1931.9088801613689,14.916055689276648,9.320588243115799e-09,0
-0.15747678,0.12235806989559164,0.01091494,2016.6570086222653,1939.3534956947346,13.412338331661875,9.649090595871598e-09,0
-0.1267417,0.06847946273201856,0.011309396,1476.2409705519967,1671.878330753064,15.00366566308901,1.2628062410371717e-08,0
-0.3441385,0.23217603502030162,0.010794131,2883.6666129102678,2149.3586186941757,13.760494806048355,2.7050331494909695e-09,0
-0.23510826,0.05767383265661253,0.011254613,1434.4395105447147,1756.4997655570025,14.93400325792312,1.168002451414936e-08,0
-0.094150916,0.08443187173723898,0.010419609,1835.6313361753187,2008.4424916903902,14.179693985454179,1.0224285380635375e-08,0
-0.17947426,0.1257952979988399,0.010811382,2321.3552693016163,2299.294253222859,16.88151094020791,8.020087035102317e-09,0
-0.17990574,0.1160274071925754,0.010363733,2216.6532209645948,2271.38011058369,17.899734081605676,8.299953103973031e-09,0
-0.30082357,0.12058167778422274,0.01019105,2263.6881616292803,2269.9640745248284,18.222537491320793,7.907567416543784e-09,0
0.02301046,0.08665009607018562,0.010171968,1671.4733389892374,1776.873805299439,12.971416398633934,1.1506055015639421e-08,0
-0.3225183,0.07477500543793504,0.010160362,1591.2853718548135,1746.452843841115,14.506579647332316,1.0996302597264466e-08,0
0.10510801,0.06439534694025523,0.010838585,2081.194208708159,2302.167607677053,15.428547223935434,7.009710607427444e-09,0
-0.15696314,0.12394866589327146,0.01093446,2017.4879326771381,1943.9099183457843,13.779249306538146,9.45170740678383e-09,0
-0.15671296,0.11055095345127611,0.010382323,2076.7208467267105,2162.4892354308445,17.417312590244954,8.528173456215417e-09,0
-0.001863329,0.09045551769141531,0.010622924,1731.912942006008,1815.8545005631363,13.975749737485614,1.1284027526777017e-08,0
-0.22073585,0.0751126105713457,0.011274035,1593.4342221176455,1748.1522832496244,14.885434553040275,1.2133028906741637e-08,0
-0.1927017,0.07110213348317865,0.01019565,1604.3246593702902,1834.35269649218,14.989049967152857,1.0201527806687104e-08,0
0.020222418,0.06685601254350348,0.010125988,1431.5984335545559,1752.371187758312,15.824497051629413,1.0954465985691524e-08,0
0.17010587,0.052743438225058004,0.0113298055,1354.761556049105,1761.1945976149173,15.390957618995124,1.153214955948909e-08,0
0.18208984,0.0945362347737819,0.011311843,1971.7779051925368,2134.402057253108,17.051139577150376,9.184844594618658e-09,0
0.030532647,0.05977536796693735,0.011243172,1347.081431145695,1775.0657625816273,14.367215994601471,1.1821576355546037e-08,0
-0.21885808,0.07555784150232019,0.010430455,1557.4581524734629,1720.901921424099,14.05567824001688,1.1648377211182394e-08,0
-0.12333063,0.12155484157482599,0.010964442,1929.1167125649204,1883.7810268808214,13.307456343162988,1.0171120608681528e-08,0
-0.15191317,0.1300957982888631,0.010822231,2336.4543725621206,2240.8303429661464,16.41555276756618,7.838663497613859e-09,0
0.0031877148,0.07570851761890951,0.0101900855,1649.814380121347,1862.2839762569188,13.365254785943069,1.107546022214897e-08,0
-0.11947639,0.08299988217807425,0.010603818,1660.618767719255,1781.0534377884708,13.542683085067765,1.1533368561597617e-08,0
-0.08127263,0.08571318517981438,0.010428352,1700.0612657696013,1805.6390310756462,13.26231354101477,1.1266698658590047e-08,0
-0.086740516,0.061030624637471,0.010150993,1389.979935491173,1785.3524387970515,15.235540047865278,1.08452011308971e-08,0
-0.094719164,0.061513241371809746,0.010786679,1439.6066324741616,1856.7931952187246,15.025669160429972,1.0928680394794475e-08,0
-0.0043893047,0.07685841429814386,0.010382223,1590.9510738207332,1743.6504779875486,13.992494324266927,1.161754375405594e-08,0
-0.07262619,0.2170970943300464,0.00942667,2743.3550617650203,1977.3063723710109,13.873898670826373,-9.445572051333332e-11,0
-0.2746861,0.12239432279582367,0.011013872,2038.625033692098,1982.507938009658,15.08911509752688,8.598223465124454e-09,0
0.010092365,0.24174340197215777,0.01101329,2846.6898296155496,2113.415500449311,13.895244378638605,3.212385613464623e-09,0
-0.5375275,0.15216135259570765,0.010106545,2672.594484479074,2326.6545862020794,15.115938794772084,5.2832162633191674e-09,0
0.11705039,0.05905030996229698,0.011329429,1424.4898974784371,1795.0003169330923,15.3377380537722,1.1850179720296204e-08,0
-0.081506245,0.11802811412412993,0.010868495,2068.9799105248126,2059.019454488319,14.910172756103735,8.825089837858103e-09,0
-0.37314087,0.13530375398781902,0.010644181,2377.8915717971972,2264.466817357853,16.64765424925961,7.62600168800849e-09,0
-0.01018302,0.11286207584106729,0.011369868,2216.568647543935,2197.1571504064095,14.183681694246088,9.048415265839662e-09,0
-0.20372829,0.10248015153712298,0.010131251,1822.1370130036075,1838.9240300530387,14.044964991807234,1.0824437696014173e-08,0
-0.046734564,0.07583200406032482,0.010658623,1529.1239954935443,1672.3133959981926,15.112891644707828,1.198587669907477e-08,0
0.02082469,0.08530534005220418,0.010428334,1718.18709737415,1816.112292244454,13.15052623711932,1.1091157038807879e-08,0
-0.16944036,0.11346138159802784,0.010328036,2156.874929596937,2227.5496240260345,16.99124651259511,8.263989301472524e-09,0
-0.007895458,0.09479113797853829,0.010226333,1737.237986277583,1788.3445437533906,14.390964152278372,1.1147045135198745e-08,0
-0.25845888,0.2589374728103248,0.010352265,3089.828055468847,2047.0203509871199,14.841158509199879,-2.2834363027610973e-10,0
-0.17219973,0.03245201022331787,0.010332197,1075.5307633103478,1608.2749027206603,14.956639385230245,9.607849564620933e-09,0
0.2283311,0.10918353937064965,0.011328407,2118.0965065555865,2215.3002414195635,17.437091907311565,9.219725090769937e-09,0
0.10164659,0.07546381054234338,0.010447695,1625.507164789529,1798.6031384092641,13.691569243020496,1.103897958414039e-08,0
-0.15219755,0.0664980151537123,0.010595826,1430.904310540588,1648.5171089288056,14.319467008602992,1.213246654987331e-08,0
-0.19516262,0.13459908823955916,0.011076002,2120.701590840078,2032.3275652574057,14.892304607843522,8.907326214727418e-09,0
-0.10767378,0.1608303273636891,0.011017156,2615.1363115652007,2332.171399056832,15.807213018614428,5.780042662946965e-09,0
-0.05930745,0.12120250870069606,0.010951539,1968.0216567636223,1936.013563238342,13.721485575457441,1.0099944979731779e-08,0
0.009475302,0.07900186702436195,0.010163484,1613.2181889681435,1742.4449664027275,13.919653389324493,1.1308483086259426e-08,0
-0.07856332,0.04012063152552204,0.010407083,1118.7982863665914,1616.9443106097497,15.304483679902404,1.0653130654380096e-08,0
-0.10769736,0.051400948013341066,0.011177382,1546.7437274049407,1888.006181215393,15.37431365825661,9.417283347818372e-09,0
0.042265836,0.10560696418213457,0.010944077,1876.1138282231493,2008.6529391136737,15.21883862203616,8.579683020090557e-09,0
-0.2640324,0.07395025195765662,0.010424649,1580.3054493189618,1737.0607333561777,13.950177947591959,1.1418211015242154e-08,0
0.066572025,0.10936706967807425,0.010240429,2286.0268156944,2318.998462808746,15.792180256422046,7.514090578712495e-09,0
-0.029827911,0.08753829212587007,0.010379442,1708.1687375664578,1797.4745263111956,13.309660355604825,1.1235218229050669e-08,0
-0.09157168,0.11195801914153132,0.010830631,2093.2933165625454,2166.0885001616184,17.061282479919473,9.082048942379122e-09,0
-0.09838903,0.0870126250725058,0.010469917,1716.4087489435867,1807.2260549234304,14.091201417266577,1.1178192563598785e-08,0
-0.07918997,0.11934341466067286,0.010210722,2229.4301563958675,2228.481884748584,18.150411866599498,7.671271918527398e-09,0
-0.27752358,0.3294640915023202,0.0100975875,3504.7899095362773,2004.5910573709057,15.320697743341368,1.555609931438082e-05,0
-0.3219468,0.1496270482888631,0.010198121,2594.0710382538664,2241.0310501059903,14.79703102809883,5.508286632440625e-09,0
-0.072824575,0.07432524289443156,0.010661051,1516.5343514661176,1672.8030156143698,14.259424580714475,1.2086753090325147e-08,0
-0.18013823,0.07205377211426914,0.010402204,1636.1404607165994,1854.5567235336073,14.67332066146217,1.0835320592167766e-08,0
0.036593806,0.08600547418793504,0.010403731,2046.9008233092634,2178.4552018804384,17.99877591513467,7.166393750802138e-09,0
-0.16371393,0.12816193264211137,0.011285046,2392.1266138641913,2277.3445673307115,15.520887655709574,7.845797898102254e-09,0
-0.050433084,0.0787005147911833,0.010624621,1599.4011346599746,1750.239909092975,13.551182714753683,1.1857766278957125e-08,0
-0.117373995,0.05318187173723898,0.010486238,1339.6307778836979,1792.407105430212,15.226815168327008,1.0798423781740934e-08,0
0.07518848,0.16557605858468677,0.010922607,2669.007416810661,2397.479715226442,15.414207866876831,5.763427955285929e-09,0
-0.64713967,0.12370056010730858,0.010565623,2311.35508538117,2253.9549912352413,16.49047499605989,7.375832833283799e-09,0
-0.081867255,0.174813750725058,0.009946324,2406.3167342490674,1957.4195913246838,13.608520386948255,6.040362764609305e-09,0
-0.14183775,0.07185438116299304,0.0106999,1479.7905705048877,1667.37325253691,13.758059030705317,1.2153418393694183e-08,0
-0.22330591,0.16271094656322505,0.01100356,2512.0465228360736,2273.169636542036,16.06851287080929,6.313757104671072e-09,0
-0.149238,0.11145501015081206,0.010639107,2081.386203874929,2075.4720836471447,14.533713838624054,9.506688046829327e-09,0
-0.16973406,0.11022127863979118,0.010930256,2281.9136502296715,2284.714873552129,14.87834044962251,7.878625060781807e-09,0
-0.14738163,0.06545461136890951,0.010349105,1421.7983542626848,1616.700700039662,14.559210598189619,1.1819104615737386e-08,0
-0.0888006,0.07045184708526682,0.011383928,1410.2325877280675,1580.4248466446136,14.213620080974747,1.3666733825427996e-08,0
-0.094212875,0.18225352559454758,0.011094251,2423.512701321615,2019.9294064323187,13.037955183491125,7.113475969107909e-09,0
-0.10689804,0.10934781032482599,0.011283125,2175.9862018288654,2248.260953355412,17.689153804954802,8.734754966049242e-09,0
-0.2334529,0.07376672165023201,0.010100958,1625.9779403605555,1814.8110836963858,14.601324535785098,1.0360641978942782e-08,0
-0.21513501,0.12300269177784223,0.010138793,2278.6420845493776,2276.6864429489865,16.463461463067496,7.88552673605784e-09,0
-0.13422585,0.10392686883700696,0.011236554,2101.430923556108,2225.4536088541895,17.804579926209342,8.88696762856247e-09,0
-0.16485703,0.08060945656902552,0.010435613,1678.6130180792495,1857.6489966008937,14.59996800776956,1.103167358838834e-08,0
-0.34673452,0.10714318082946636,0.010902495,1950.211829909747,1958.0096516477365,15.212780428709213,8.615490253196204e-09,0
-0.29729468,0.27814584541763343,0.011287313,2973.0333066686553,2171.0257159389457,14.732764427519374,1.8840917143451994e-09,0
-0.1498648,0.06958064457656613,0.01122576,1466.4520053421693,1649.312581524549,14.722487462607688,1.2638458692925545e-08,0
-0.22635247,0.12228103248259861,0.010805197,1995.5138707735482,1935.2451170253523,14.30232430498385,9.8293328955494e-09,0
-0.18954834,0.11091234955046404,0.01020354,2132.5708782483853,2186.3119642151614,18.301902555622693,7.998172746868304e-09,0
-0.49316078,0.10859782845127611,0.010175065,2142.615485730207,2219.9887530922388,18.15682865873162,8.22538581172181e-09,0
0.119837455,0.0836014537412993,0.010395625,1692.3133005783322,1809.7889707207971,14.072334081567096,1.1183798315951973e-08,0
-0.08785363,0.07192801986658932,0.011434732,1564.5942716364118,1735.8956103370067,15.006968181167561,1.2387214435582801e-08,0
-0.10197429,0.10372407917633411,0.011314699,2039.3776981595217,2156.426375782937,17.30451063698028,9.281076650827886e-09,0
-0.2910942,0.11384883446925755,0.010677913,2112.2476532853934,2137.930883198283,16.823385876423554,8.32660454184456e-09,0
-0.07602309,0.05534231801044084,0.011001281,1226.5190961737453,1649.4382943545081,15.690245916708376,1.122931582409591e-08,0
-0.07746599,0.11878602631960557,0.010856985,1974.712740775052,1921.25936291441,13.364297323050579,9.667310928832877e-09,0
-0.21560901,0.11429746410962877,0.0103641655,2324.628363076274,2325.369461008554,15.512310567193667,7.59524854900731e-09,0
-0.12960875,0.16312672201276102,0.011011783,2594.01575435011,2262.9912986705413,14.05238175500764,5.9425485507529915e-09,0
-0.032661676,0.07259756561774942,0.010460241,1501.3281316461287,1664.3898574609689,13.896597865687713,1.2027303778420744e-08,0
-0.16918536,0.06952966393561485,0.0114258565,1540.5342403532663,1740.1845766048693,14.395341490395232,1.2303007064042495e-08,0
-0.0042283703,0.0827121247824826,0.0106542595,1629.8374123850285,1819.842908328445,15.888684511979777,1.0688637265674088e-08,0
-0.08547778,0.044045007975638054,0.011268516,1098.3530449267414,1568.4139852081066,15.171336191052518,1.2249645194449803e-08,0
-0.10428909,0.1330028277262181,0.011123593,2086.941269513249,1980.6362308864454,13.764686830509682,9.027060956010987e-09,0
-0.051803358,0.08636687028712298,0.0101789255,1706.7549234937837,1805.553002318354,13.804378073015696,1.1024283277760464e-08,0
-0.19665514,0.06296449028422274,0.010605139,1595.2236295397904,1963.753769170497,14.654773086731788,1.0261714994942303e-08,0
-0.09989427,0.10288119924593968,0.010606658,2153.3823700224043,2241.870582928129,17.2763461992243,8.287894555613426e-09,0
-0.095737234,0.0564367024361949,0.010881899,1237.3476567903008,1655.6174110767183,15.631479882178372,1.1372917396702021e-08,0
-0.15971449,0.07643470852668213,0.011436634,1605.3234036337678,1751.4392658327822,15.071292945069228,1.2198964699704828e-08,0
0.18773699,0.06187916908352668,0.0102260485,1440.4792966121795,1814.954954642393,14.898035252978937,1.075238036954127e-08,0
-0.43802,0.11666976326856149,0.010500003,2249.2398282937156,2272.6574312153766,17.200208540906047,7.934228383345968e-09,0
-0.1640941,0.06549313007540604,0.011338236,1533.5491747468518,1798.246020396199,14.941853212995095,1.1769744756014499e-08,0
0.09881644,0.1212863435324826,0.010616475,2043.291267541987,1926.9172275475796,13.965553368597307,9.664430445078855e-09,0
0.08952305,0.14086177675464037,0.010794602,2415.075702724138,2248.278404746717,16.430769933247706,6.585103209224157e-09,0
-0.42737177,0.1627993130075406,0.010911888,2520.577085754461,2239.75699362991,15.701646875028867,6.029816432542216e-09,0
-0.14486898,0.11418304089327146,0.010939376,1883.2137502901364,1990.9091355455805,14.770528797533716,8.663247895376202e-09,0
-0.11799398,0.10860575877320186,0.010356191,2297.9129029500573,2307.6537699903315,14.92073621220511,7.219683131839343e-09,0
-0.22872023,0.07198239921693736,0.01063879,1466.3313834907697,1620.9345673509083,14.584042325812446,1.2281745589437498e-08,0
-0.1063143,0.07000661615429234,0.01041798,1468.496924742441,1648.8047447390363,13.454813697902887,1.2108823416320356e-08,0
-0.08692098,0.09525336245649652,0.010957812,1778.6071489109936,1786.8172268366834,14.870498300339417,9.499431622169458e-09,0
-0.08944527,0.1114176243474478,0.010938386,1875.821662659107,1977.59637640698,15.092305563528097,8.842946978976783e-09,0
-0.16010615,0.057465378480278426,0.010258222,1529.6529971802477,1888.5435783601627,14.699395952375367,9.746014716118163e-09,0
-0.2932918,0.13943205300174014,0.010773008,2347.55066324702,2228.1194724946927,15.435445236817664,7.224010239619913e-09,0
0.013446227,0.05824708164153132,0.010417921,1345.1582883674816,1777.5927488214963,15.004115056840462,1.116333885083552e-08,0
-0.27187353,0.1302079556989559,0.00936727,2016.6698602746455,1709.7452616771925,16.067457560239568,6.699867551259911e-09,0
-0.07823758,0.05991018343967518,0.010121512,1382.1808839317075,1782.9224175165189,15.077175745322617,1.0825492579599594e-08,0
-0.22913383,0.0653379223462877,0.01009913,1446.0420183835606,1786.145515812131,15.063786040194678,1.0798523324187768e-08,0
-0.13704158,0.055826067647911835,0.010482224,1460.9509056875966,1861.7378475833782,15.337891924293785,1.049830664761992e-08,0
-0.14598683,0.04010363797853828,0.010521658,1126.574371872121,1601.0992426062803,16.370391631762445,1.0451842951960043e-08,0
-0.014766271,0.12577150703306264,0.010895396,1987.1067296795302,2032.4955768347752,15.466411795600449,8.631709305952826e-09,0
-0.061399456,0.05010150812064965,0.010189805,1298.7617338196496,1777.5025638001193,15.571451961225547,1.066579044909512e-08,0
-0.01284713,0.1138635622099768,0.010692999,1912.3544235531642,1974.8832389615907,15.466951086751084,8.72207825898365e-09,0
-0.107391454,0.06762751957656613,0.011304756,1427.7752284001697,1628.2515754078024,14.011901748987096,1.3114483716145372e-08,0
-0.19499326,0.1261487637761021,0.011051668,1945.7073232705438,1912.1044680473713,14.437402762566512,1.0081421581789008e-08,0
-0.28227305,0.12729866045533642,0.010938703,2229.0104944253503,2098.3457470744656,14.414479844833728,8.733140534303411e-09,0
-0.3645983,0.1143631724912993,0.010675424,2093.61342197343,2139.5989535682365,16.77348419814133,8.782460612492366e-09,0
-0.10589144,0.08727885730858469,0.010434599,1677.221016288728,1776.6843759736357,13.259618241215971,1.1650006173270822e-08,0
-0.14646767,0.13402244054524362,0.010745319,2389.7702381743175,2276.863580512337,16.123039089299606,7.493718010895746e-09,0
-0.15232055,0.0656245468387471,0.01013203,1430.2457715465318,1793.4911194484932,14.90156145866911,1.1102167625210744e-08,0
-0.09293185,0.10996071091937355,0.011200017,2187.3449465585245,2275.1217742113013,17.547075564727905,8.89921712231324e-09,0
-0.06379762,0.07823829031322506,0.010422036,1599.3019804291746,1742.8417668691907,13.66341930923999,1.1636001042635434e-08,0
-0.20963645,0.10699816922853829,0.0103379935,2077.369798446729,2199.436673098415,17.339743473604955,8.76787480099001e-09,0
-0.07923883,0.12278404147331787,0.010353846,2260.091527581465,2300.039653461545,16.74664435518232,8.376744687587881e-09,0
-0.1306419,0.10688261310904873,0.011406083,2163.0418476129535,2262.715992712469,17.57570347633391,8.937706270868746e-09,0
-0.07792342,0.13738263123549885,0.011238169,2248.219917804387,2010.0427888426211,14.641875256356641,8.785718285400358e-09,0
-0.058658935,0.057397404292343385,0.010561888,1413.5877994250711,1855.666563749735,14.887275099003014,1.0967720680470007e-08,0
-0.28790122,0.109849686412413,0.011216552,2077.8365299568163,2163.506113832481,17.236790200611747,9.254199601847849e-09,0
-0.17047182,0.07036461354408352,0.010474133,1483.0100251901392,1829.573241781123,15.323845230305274,1.1208449822817967e-08,0
-0.09213139,0.14401691197795824,0.010851579,2432.5745344720135,2254.9086477286883,16.90320791813976,6.62790839001383e-09,0
-0.18626624,0.05362936847447796,0.010623998,1324.3944505837408,1759.449206517851,15.408460810081628,1.1332325955700297e-08,0
0.017873686,0.1167932497099768,0.010369629,2291.0025959938876,2303.960869441716,16.254722134876594,7.68845831736168e-09,0
-0.25101635,0.08192249129930394,0.010652589,1680.865429263092,1853.8663669570662,15.058602538332554,1.0953838177431462e-08,0
-0.1287213,0.12133845707656613,0.011251212,2280.5298655260967,2256.182871966889,16.974071054105508,8.724430264725702e-09,0
-0.2249847,0.10409680430684455,0.010192008,2122.9196121684577,2211.730082157776,19.139558820289423,7.493665256902088e-09,0
-0.35177672,0.17112728393271462,0.010967306,2657.007085892245,2355.317699293231,15.636644663426797,5.906253252658353e-09,0
-0.28468496,0.1436509842662413,0.009776617,2158.0249283145463,1837.2594975255674,14.77196001525902,7.173989056232051e-09,0
-0.3360747,0.16450546512470998,0.010943353,2614.189459407849,2362.0796467493915,15.949304863906764,6.084010707935999e-09,0
-0.07087065,0.10376712949535963,0.010339849,1813.0713800666183,1926.1990432596426,15.63411786610948,8.030326994494984e-09,0
-0.26534033,0.11929016821345707,0.010869155,2040.352365838469,2003.2070514951938,15.337088963398203,8.705931853333282e-09,0
-0.16559058,0.12858450551044084,0.01008775,2276.265717297393,2206.561326481174,16.060046228374233,7.3087162720779626e-09,0
-0.017618962,0.10810841429814386,0.011082207,1857.9550972191437,1964.353549639703,15.205892740447728,8.440545148254026e-09,0
-0.16361144,0.058372833889211134,0.010431354,1421.941634523733,1797.293739804765,14.839421092722256,1.1115285038999847e-08,0
-0.12834442,0.10712505437935035,0.010464695,2154.155687341225,2194.478740442986,13.837507576422736,8.783068487018608e-09,0
-0.11478994,0.12704035854118328,0.010385902,2343.591111186419,2308.7211979975887,16.600798653102842,7.728178596919087e-09,0
-0.20332012,0.08010871338457076,0.011393288,1671.8427854293095,1800.6959958916032,13.430147830298528,1.1950614748408752e-08,0
-0.2732969,0.1085887652262181,0.011294785,2050.4503638225415,2119.9804128987666,16.538525479342994,9.250370259381093e-09,0
0.27403417,0.10777307497099768,0.01131398,2091.0643021138967,2211.990621748573,17.656032903066976,9.509751858512598e-09,0
-0.10046178,0.08911982489849188,0.010412512,1674.075361508863,1742.2643820070218,14.049121132122496,1.1565723560001263e-08,0
-0.40573755,0.13674707257830626,0.010089137,2401.6989354205907,2264.6424133510436,16.766635243171162,7.083996791995988e-09,0
-0.09088993,0.08143194424303944,0.010586426,1640.8956676250061,1761.220020833625,14.329323654415065,1.1428348292214975e-08,0
0.002412845,0.08913002102668213,0.010426994,1730.2282378818454,1844.7444071350621,15.144623976996241,1.0605689622185127e-08,0
-0.027432058,0.061539298143851506,0.010842336,1448.497000996561,1867.8693078952329,15.419285960154916,1.1041560854239806e-08,0
-0.24401984,0.11700963420823667,0.011312309,2250.074901470119,2264.4893664324013,16.25947997897076,8.601240299360125e-09,0
-0.019353144,0.11729399289443156,0.010771629,2277.3503497251204,2226.0358153428547,13.90354452374396,8.318295468691624e-09,0
-0.5003081,0.1902438913863109,0.011087551,2842.738022221322,2292.2575527353774,15.724672451579226,3.942581236735826e-09,0
-0.13944328,0.11633329103828306,0.010391976,2158.327652148489,2199.079169103943,16.597564934517145,8.361494800329329e-09,0
-0.073866814,0.10332416437064965,0.010378232,2041.653519554682,2176.6285001468364,17.94951613536164,8.879716895096912e-09,0
-0.08360186,0.11149013014791183,0.010934418,1900.3677127161345,2027.6031732605902,14.493767333158692,9.086398381903911e-09,0
-0.21081881,0.07955472375290024,0.011387354,1628.6956612152928,1778.0884604085527,13.255958629198629,1.2536608831572024e-08,0
-0.13050026,0.08178880872969838,0.0106162205,1656.9973644338347,1796.4114071869599,13.637289728999537,1.1448001930878323e-08,0
-0.25531754,0.14709614269141533,0.01103566,2187.16961794807,2036.7932482798929,13.316033441822302,9.052939895786434e-09,0
-0.12331452,0.11105056373259861,0.010139941,2195.363454392435,2235.9277878431976,18.899900232313144,7.713325208017649e-09,0
-0.33926725,0.07155076312354988,0.010503253,1587.9626483157604,1813.458581634242,14.844423736389174,1.0986330175562247e-08,0
-0.053829372,0.08933394359048724,0.010647912,1750.0805346408497,1840.7417016291522,14.262414778300379,1.118914981670275e-08,0
-0.19104002,0.11486051696635731,0.010804358,1979.1173209123106,1937.9931640154136,13.912871418365047,9.617341102595123e-09,0
-0.2568272,0.12693839725928074,0.010606434,2124.1321234225,2028.2464224625778,15.023506296372952,9.362837681961822e-09,0
-0.36760193,0.1190443282337587,0.01058969,2240.4280686090888,2266.454455318241,16.846664176910615,8.19467163220601e-09,0
-0.2585375,0.1312400304524362,0.010936923,2061.9806010330317,1962.640337469259,13.349487741252029,9.540022466681665e-09,0
0.08346071,0.09806975964327146,0.011269963,2002.6919474601355,2144.2964603791143,17.172897069154377,9.305950081259462e-09,0
-0.09058504,0.10178001740139211,0.010396502,2217.664943278135,2311.827946714729,14.211517593473854,7.947445687290614e-09,0
-0.14154807,0.2265874238689095,0.01013126,3056.8772223881633,2442.519210420891,14.269026256242107,3.666371271246353e-09,0
0.02789197,0.09742287195475638,0.011319928,1634.257692403813,1753.3588554655946,15.497468048664501,1.0670907582743008e-08,0
0.09236556,0.09558417017111369,0.010171583,1582.8941198765751,1567.0838781893967,15.254330050587374,1.0844450932064974e-08,0
-0.1905634,0.10476408425174014,0.011340204,2110.9789270921983,2241.6853503077186,17.06439163038802,9.414455558291742e-09,0
-0.07206524,0.07913781540023201,0.010121686,1623.1275902942823,1751.1508021334746,13.226646473483845,1.1071036579490375e-08,0
-0.52972865,0.13067471178944315,0.010159135,2360.5996851396153,2208.7053656118214,16.884198167628885,6.833432860846796e-09,0
-0.028179029,0.11725320838167054,0.010897659,1944.254089403675,1913.5424344791606,14.420573994836033,1.0016811951292458e-08,0
-0.32783955,0.13449825986078887,0.010922826,2290.172568739975,2141.8880744303756,14.515587201805005,7.917134420764548e-09,0
-0.10197707,0.06409512761020882,0.0104603665,1458.8999323862158,1824.5671062335173,15.28176886641588,1.0919580041346853e-08,0
-0.2052356,0.1175885477088167,0.010154447,2211.633401987073,2259.3688468986593,16.840684284864473,8.267498291434583e-09,0
-0.11923314,0.25939969728828305,0.010327676,3087.3763072886354,2033.8784205612765,13.889415496790027,-9.285608647847672e-12,0
-0.11905426,0.16020156612529002,0.010927585,2613.6117209117942,2338.0679929107473,16.0724898490102,5.585025863729015e-09,0
-0.061368324,0.07236532047563805,0.010531096,1475.2650215181407,1641.7629546131411,14.437264565313598,1.2286444171052081e-08,0
-0.4780829,0.23117908026392112,0.010321562,2943.189646128876,2172.2158145114777,13.20946473472515,2.8150983496393106e-09,0
-0.17531118,0.12895609773781902,0.0101703815,2411.9329746601225,2238.8434122342674,18.568935747587076,6.6339553813206e-09,0
-0.1874353,0.07515452798723898,0.011396397,1598.9069869079049,1748.076232300323,13.742884110977233,1.2275490402396494e-08,0
0.03423434,0.07893615864269142,0.010178374,1611.510331931318,1755.2910741077721,13.558781223037213,1.1371284647365329e-08,0
-0.31839913,0.12386369815835267,0.01015052,2296.5849704707116,2267.9299517505183,17.241301280352634,7.537231562726455e-09,0
-0.11065775,0.11830680829466357,0.010084197,2152.723956590572,2142.811522666866,16.565207258388643,7.717938519094699e-09,0
-0.10900617,0.140611405162413,0.010973888,2031.6899799659834,1923.6817332288908,16.708253678188772,8.56843024403625e-09,0
-0.09756507,0.1234320620649652,0.010373351,2247.8869948045135,2228.9746659679454,17.398697226861973,7.929623965456157e-09,0
-0.05922973,0.2126107979263341,0.0100042075,2728.997402324675,2087.006673936901,13.13494642139913,3.745835262824783e-09,0
-0.18337338,0.07344611006380511,0.0104342215,1615.4752649607044,1830.9430515083495,14.705076270573802,1.1063007804564092e-08,0
-0.34864676,0.1134715777262181,0.010815462,1837.466594606702,1821.282926421258,14.781728288125821,1.0419645314247802e-08,0
-0.2418744,0.159161561049884,0.010962739,2445.042890857514,2201.8302339559964,16.02246364370866,6.480087938220922e-09,0
0.10571626,0.05119362674013921,0.010393886,1300.6091919314122,1760.3591935756908,14.9122251858146,1.0971129831864926e-08,0
-0.30594403,0.0771325768561485,0.010644769,1701.798567115812,1897.4357280612257,15.058438550313058,1.0191463497518518e-08,0
-0.07664209,0.12095893452726218,0.010191356,2243.552756762688,2262.0583572405253,16.898769754689738,8.130487929281233e-09,0
-0.11641784,0.07080417995939675,0.010641155,1488.423150913599,1673.4368825203994,13.788614329343739,1.2050793912344288e-08,0
-0.11747451,0.12535119997099767,0.011027126,1907.7046247225621,1873.1727310968913,14.466250510847896,1.0453895082219397e-08,0
-0.40565097,0.06987973100348027,0.010189676,1589.2733716622179,1801.4215465184373,14.765925101064905,1.0660540307095038e-08,0
-0.20411432,0.07546041183294663,0.010432598,1577.5609694369589,1739.2957137863616,13.894463823085902,1.1663004094342829e-08,0
-0.20969327,0.07736822070765662,0.010608667,1674.7483325201285,1871.7377765595668,14.720343637669085,1.1027524900252737e-08,0
-0.12350871,0.126953125,0.0101871025,2267.2038314648075,2259.8428064454833,16.266925439477223,7.961343611400075e-09,0
-0.19113326,0.148405778712297,0.011055945,2531.073680061917,2317.757245431554,15.667246912071747,6.06820297667104e-09,0
-0.15075251,0.07639392401392112,0.011315341,1595.114619356296,1758.889119860524,13.709638608172028,1.2417103844044019e-08,0
-0.10153671,0.116220000725058,0.011016677,1969.9251338560189,1912.425737783061,14.36413424288088,9.547730119534559e-09,0
-0.13814577,0.12065984810034802,0.010855967,1988.284180383636,1923.6695451559315,13.144183863846898,9.902019388657388e-09,0
-0.2059312,0.08529061231148492,0.0104132695,1688.4449723311839,1797.7149916885253,13.408438461226662,1.147472668165087e-08,0
-0.01627968,0.08816138884860789,0.010567632,1726.4871459742074,1813.7004510495367,13.730103290028701,1.1185087391936275e-08,0
-0.5908379,0.11465319569315545,0.011294212,2144.5054334868155,1972.3292225192827,14.749311910776242,8.568935321870195e-09,0
-0.10964924,0.23656943336716937,0.010608978,2916.7349557682414,2100.318984417005,14.502127010579468,2.206400534242488e-09,0
0.0020683804,0.1196447668938515,0.01130285,2411.255262595785,2403.5724801661245,16.442561677312913,7.717713018777717e-09,0
-0.09991063,0.13783805829466358,0.010322366,2034.5307790613738,1774.5719032438467,13.395145327487892,8.536405022494576e-09,0
-0.14792377,0.0811600474912993,0.0104184225,1642.2212148589858,1751.749338263905,14.116301741421172,1.1214107998518758e-08,0
-0.24604887,0.09699236876450117,0.010242451,1884.5487580239485,1968.2235649403065,14.4101374591343,9.870018461689061e-09,0
-0.13132921,0.11646584070475638,0.010075291,2288.1158758773527,2286.81650089268,16.892845497310727,7.393309399427441e-09,0
-0.061183363,0.048837188225058004,0.010372667,1271.170069439884,1745.2427895753779,15.368303891992744,1.0864816866346423e-08,0
-0.14123267,0.1031032482598608,0.010018924,1730.6163240850492,1733.2934659940615,14.12773450793704,1.1104522395712494e-08,0
-0.39638153,0.042952889356148494,0.011269312,1139.9230573635887,1612.1054900683287,15.932856403194217,1.191998669582096e-08,0
-0.058536947,0.1207912648636891,0.010911117,1908.8508165457147,1977.6428512510292,15.294976865148412,8.077793477993043e-09,0
-0.2885627,0.09459514573665893,0.010175518,1808.8292751811816,1878.7710136156618,14.891347672298005,1.0088833980126792e-08,0
-0.13167521,0.0587954067575406,0.011359069,1196.844525529979,1443.5112626202363,15.210952819110918,1.4248601531635213e-08,0
-0.18478954,0.05810660165313225,0.011174756,1356.7420521568033,1798.8514437955143,15.189372708522763,1.1732281003361549e-08,0
-0.008352661,0.07293177204176333,0.010235552,1499.563589579084,1665.1503730291527,13.712269353021753,1.1956818844685069e-08,0
-0.13596971,0.08715310506090487,0.010196994,1886.8608480176722,2030.0443289572997,14.141132498072947,9.72857671708379e-09,0
-0.28652707,0.16659453850058004,0.010074319,2790.881804259266,2313.999328602097,15.050918583331907,4.261470645164968e-09,0
0.018772237,0.07967821019431555,0.01043365,1615.5772463361275,1752.1655080244914,13.43120249120802,1.1609707794498426e-08,0
0.16730629,0.06280361803944315,0.010461002,1560.2067000011773,1943.867585189699,14.986707362274908,1.0390898948495643e-08,0
-0.027685095,0.07823942321635731,0.010664108,1576.1826253526979,1737.113265675685,14.45275204518674,1.2021700304817715e-08,0
-0.03803481,0.07070788319315545,0.011354136,1468.9087865516485,1646.3180524214063,14.105143661868041,1.2907646628506006e-08,0
-0.09789622,0.08549566777842227,0.010990048,1713.9263545916072,1840.3777549174174,14.013792713175528,1.1291666810264396e-08,0
0.02950208,0.10931722194025523,0.009996062,1622.2638584905922,1495.018431501086,15.134172430127881,9.363160696215049e-09,0
-0.09692403,0.0736432352088167,0.011325234,1565.1771875815302,1738.1436081646873,15.127913404051615,1.2246946568569494e-08,0
-0.2665134,0.10355414370649652,0.011256387,2007.1426436272516,2132.727370997884,17.309805990539033,9.448035639831227e-09,0
-0.37472343,0.12703695983178653,0.010646126,2290.5369511388035,2264.7150751757304,16.85121566108015,7.881893216929826e-09,0
-0.10238981,0.07645056917053364,0.011270846,1635.9909565443538,1809.5822019057134,15.336288669848951,1.1458591287874645e-08,0
-0.20181519,0.07202431663283063,0.011340919,1470.833933643919,1797.0890808945123,16.091855755684826,1.1842239805698642e-08,0
-0.13679889,0.17083272911832947,0.010374059,2867.2844359339024,2463.908792099647,14.903508712389623,4.695151589178905e-09,0
-0.22636867,0.1443341248549884,0.010867827,2323.388586049374,2139.968207450836,14.565059510725261,7.834655601783446e-09,0
-0.24956611,0.08137756489269142,0.010139258,1626.0258172654796,1763.478725415502,13.239040579384056,1.1476131903642503e-08,0
-0.032301847,0.07006552711716937,0.010395833,1468.1790694293459,1643.834809532107,13.997576371943829,1.205865331089672e-08,0
-0.14529306,0.1295667325261021,0.010984772,2012.808286208143,1949.1175978045328,13.830384898800258,9.844725845694142e-09,0
-0.054968804,0.1368796222447796,0.010196796,2427.3614383580584,2240.9332007055345,13.659669470830924,7.165599532745351e-09,0
-0.11798395,0.08306219185034802,0.010163015,1640.8683146400242,1765.3646535655873,13.3633763008733,1.1425105716027267e-08,0
-0.0909608,0.08764365211716937,0.010421271,1692.4917345558997,1796.7816337149109,13.199446975046405,1.1372857865825527e-08,0
-0.03170156,0.058322986151392114,0.010663541,1451.1957450152668,1852.5202554437003,15.389829015092852,1.1054171823326599e-08,0
-0.09462296,0.08735929343097448,0.01024427,1716.076422961541,1799.0073863137522,14.021478276831488,1.0973771783947882e-08,0
-0.39283577,0.11755682642111369,0.011209348,2161.6349783575424,2175.328755676243,16.461695126274527,8.78671234143024e-09,0
-0.22109927,0.11767464834686775,0.010983575,1893.7299953445472,1889.6636627720072,14.681285831101814,1.0196345358447652e-08,0
-0.2820652,0.10974999093677494,0.011383335,2278.104480870569,2331.9025381441297,15.773084802001076,8.497918064340904e-09,0
-0.24363926,0.06307891350058005,0.01054926,1553.428107568728,1764.2977708057526,14.375720388205194,1.0440091646040486e-08,0
-0.21276668,0.11031757540603249,0.010170353,2061.2966802660185,2062.305392402111,14.126588727944215,9.318901892912587e-09,0
-0.012883687,0.07443626740139211,0.01036758,1582.166750337046,1745.4208292940386,13.989175917748145,1.1358941915411567e-08,0
-0.14796422,0.1256536851073086,0.010411988,2302.9874490957964,2220.746380444779,13.852510024889535,8.056733972226053e-09,0
-0.07527807,0.10363911144141531,0.010941083,1834.0489416830267,1985.587098382135,14.324283098342532,9.362222920958718e-09,0
-0.14259267,0.039366118039443156,0.01005434,1087.70601201404,1557.090826325258,15.71337903278354,1.0560218561566836e-08,0
-0.08291423,0.07592603502030162,0.011318646,1576.6833253048414,1742.763552319408,14.322956483295146,1.2439691005305043e-08,0
-0.35020798,0.17472085266821347,0.010352828,2384.3484250230977,1900.037220209598,13.323696344331283,5.767669713038264e-09,0
0.008567961,0.18277466103538284,0.010932247,2594.5706926787125,1974.7222033595674,16.237310237040752,3.837181114360946e-09,0
-0.075449765,0.08179560614849188,0.0105751455,1613.587954301555,1748.586927064564,13.791992668633107,1.1589646684841804e-08,0
-0.15281454,0.04082416437064965,0.010373015,1150.630379340695,1624.0618232482884,14.88636475136833,1.1335055426333842e-08,0
0.05732043,0.0769513123549884,0.010610235,1578.0885445727715,1737.8180793265035,14.150144364851705,1.195024503947213e-08,0
-0.19868805,0.0929637652262181,0.010779974,1782.8368376266033,1855.2512498337833,14.274637681518046,1.121865501268924e-08,0
-0.18963692,0.09445693155452436,0.010984826,1814.69984756041,1883.090847700545,14.170527165546888,1.1010814792223611e-08,0
-0.345851,0.11746732707366589,0.010502905,2229.8013049832684,2263.9667652603694,17.17497783723031,7.992668537546546e-09,0
-0.231408,0.15669409802784223,0.011050194,2447.168446185646,2216.3403784426782,16.287361405518805,6.405094759505694e-09,0
-0.13314661,0.10775834723027843,0.010418773,2045.3390501375452,2060.0474257391875,14.15650602749359,9.626777992071971e-09,0
-0.38652635,0.10566247643561485,0.010378944,2079.2516195267804,2194.9736824360266,16.936852445302524,8.776705493222225e-09,0
-0.39563823,0.12487084904292343,0.01036144,2331.696761724714,2222.862888815943,16.602345368575413,7.147782125452735e-09,0
-0.15443233,0.07103529219837587,0.010129809,1514.9073057958085,1713.1777349498545,14.48003580368854,1.1389062262280293e-08,0
-0.17742436,0.1263153005365429,0.010611218,2367.141616612467,2343.8085620741867,14.948614851900437,7.82688724731579e-09,0
-0.22408864,0.11029265153712298,0.010171624,2333.6887903539714,2324.867307152442,14.297419734937954,7.214666377135844e-09,0
-0.3190927,0.10925151355858469,0.010106674,2174.247602653633,2188.7801128642905,18.88790999289619,7.606000714295098e-09,0
-0.37587222,0.13475542887180975,0.010377377,2443.5783618056676,2247.841586266397,17.977605352390178,6.795765433586642e-09,0
0.028408684,0.07309604299593968,0.0112722535,1559.9965313339067,1735.9736089673938,13.445649504830879,1.2198640085602921e-08,0
-0.15000647,0.12054202617459396,0.010583117,2198.343191970456,2195.5321861303405,16.649641754888844,8.44107751011717e-09,0
-0.19060084,0.1065461408787703,0.010861474,1800.7976805657036,1810.0821532415005,13.520972597395133,1.0784533971710971e-08,0
-0.45205274,0.13289633483178653,0.010838112,2113.9807372406194,1979.1679782641652,14.02906106062342,9.069304566521064e-09,0
0.06950684,0.05383215813515081,0.010157587,1370.1756192087698,1775.1972920754292,15.509398040694979,1.057175065262241e-08,0
-0.22577915,0.165057188950116,0.01073153,2667.7715334291665,2266.947355949244,16.926364073628797,5.506468083032637e-09,0
-0.2661184,0.17445688623839908,0.01133095,2518.847823878112,2023.7688191493435,14.926669726057504,6.12462103075183e-09,0
-0.18440592,0.1029446418213457,0.010233102,1805.9547254823503,1808.815807048165,14.113270151641249,1.0476929138075176e-08,0
-0.21505632,0.11557537884280743,0.010902405,1933.7919720623534,1900.3435011173647,13.497004269779248,9.783544043871222e-09,0
-0.1858755,0.0764675627175174,0.010460166,1660.2854230526505,1851.5568608080973,14.721242966018915,1.101515490237587e-08,0
-0.034177594,0.0687604227088167,0.0103967115,1454.7051222173452,1623.1318950071402,12.95502410350378,1.1926142484249854e-08,0
-0.2772683,0.07687993945765662,0.010796308,1677.8779428848277,1841.2355538893203,14.562522133315097,1.0683617732302512e-08,0
0.12912071,0.11654967553654293,0.010419373,2173.239161482351,2240.778151956654,16.85512430838967,8.4633302684462e-09,0
-0.06216209,0.08136397005510441,0.010235225,1626.5607915365806,1750.7276882365818,13.934477857347812,1.1438973532468034e-08,0
-0.12526861,0.082022186774942,0.010412391,1658.6419668034855,1785.39068297612,13.308115920703996,1.1389617746438142e-08,0
-0.0064294785,0.17390289660672853,0.010258287,2673.4962967133183,2021.3431230478384,20.387306836711076,2.679180865290151e-09,0
-0.028662441,0.10395519141531323,0.011047058,1818.5366758246732,1940.5518032877821,14.798876888471032,8.46233353256333e-09,0
-0.35778248,0.12179501703886311,0.010628111,2282.5686260605785,2263.9034009009883,17.277104695986452,7.876760448868677e-09,0
-0.07158814,0.1041964997824826,0.011254703,2119.667266946222,2223.545560888288,17.672768389407008,8.885763590601164e-09,0
-0.09526436,0.1790179542488399,0.009868397,2458.212002239546,1880.7703278625866,13.94252922934538,5.129572267266979e-09,0
-0.09011568,0.06331229154582367,0.011360149,1491.293773453589,1893.4747021966755,15.096695255590692,1.1534495283393249e-08,0
-0.26372197,0.11838611151392112,0.0108524095,1900.8059128465366,1868.1458195313523,13.519272601720688,1.0120724598574741e-08,0
-0.4199222,0.12883714290893272,0.00913369,2290.1569557340413,2083.6152895357995,16.79354930039845,5.3903732264232354e-09,0
-0.15565373,0.07556917053364269,0.010488415,1717.1528201241745,1932.731390472565,14.852659295701551,1.0387956894803123e-08,0
-0.0315367,0.11567280851218098,0.011320514,2291.9747829045277,2334.4077291260023,15.76885772108582,8.577563734956362e-09,0
-0.19862667,0.08640765479988399,0.010679849,2165.806023199827,2337.5108059662634,14.96407465135217,7.805822244142315e-09,0
-0.2062523,0.17151133809454758,0.010997782,2412.826059425186,2127.4381053057923,13.10027015184643,7.515417918749806e-09,0
-0.12772718,0.17364119598317865,0.0108355675,2723.8016832044636,2253.200736944966,15.297434495207579,4.4842828098836765e-09,0
-0.00550704,0.042722910020301624,0.010647754,1170.3858337488296,1661.7125792631657,14.899210778117224,1.1417019619744567e-08,0
-0.34954482,0.06518158171403712,0.010175978,1436.0577251876978,1637.6307050563048,14.511862328679452,1.1510474604497877e-08,0
-0.21286935,0.10559903386020882,0.011333285,2020.284237864332,2118.4279135479337,16.618191440265516,9.445565338020116e-09,0
0.0033545895,0.0700168122824826,0.010250767,1429.34694084677,1595.9682982046518,13.240761975028642,1.2170525298625493e-08,0
-0.23952305,0.14133079865139211,0.011291254,2140.4591238500984,2001.2988336591397,13.169542406652019,9.137227823607813e-09,0
-0.015137918,0.16721876812645012,0.010406719,2429.5717887239157,2056.8123842593545,13.905668360273069,6.788733740857257e-09,0
-0.347299,0.16721310361078887,0.010355042,2740.8668376922938,2283.311668052921,16.436345650130644,4.636344974822092e-09,0
-0.422509,0.24585697324535963,0.010172944,3010.7323310757342,2072.825778526672,13.678313074220936,8.461465475814984e-10,0
-0.23167309,0.04529233432424594,0.010400958,1202.7452496693602,1688.899406053232,15.225144558458243,1.1061493525044993e-08,0
-0.26874703,0.24869716139791184,0.011328508,3134.2036823336653,2067.7979215009627,14.169537223630483,-5.139063036862522e-10,0
0.03070394,0.15717444895591648,0.0108682,2521.8481851927277,2312.758952220296,16.041455499252134,6.660035569487498e-09,0
-0.23178913,0.0396425464037123,0.010074355,1075.7218591108658,1492.7072810828151,16.276377503728064,1.0026581923801396e-08,0
-0.112831585,0.11478347955336426,0.010496276,1911.0144707574996,1849.725888215422,13.794356313761767,1.0018453979178307e-08,0
-0.16450617,0.11457502537703017,0.010665119,2252.5018780170253,2290.268264327959,16.532221599820843,8.124730221718486e-09,0
-0.19096297,0.08150898165603249,0.010602827,1640.5282429361598,1765.6820324961893,14.083310475009004,1.1655184987785954e-08,0
-0.014134368,0.06987633229408352,0.010494178,1477.4978953576053,1652.5689101987757,14.150084652036448,1.2087571446386449e-08,0
-0.30800033,0.1171025322650812,0.01014616,2251.2745518246784,2229.910700028287,17.635360113999713,7.399133355182334e-09,0
-0.28473598,0.09479340378480279,0.011256464,1742.5094568535071,1767.1157194544062,14.434350449916842,1.1255775805023697e-08,0
-0.01719494,0.15384597955336426,0.010446025,2507.9565169816046,2229.258659245597,13.804918439525506,6.849364442235967e-09,0
-0.0074884985,0.1484035129060325,0.010448002,2280.428637747336,2020.383901853653,12.903630173843707,8.241479581539529e-09,0
-0.29411852,0.10960384643271462,0.010407348,2056.701469961452,2155.733784394482,16.86010585199199,8.725048553919481e-09,0
-0.09655641,0.07675305430684455,0.010529677,1580.3679827596143,1740.0427407118202,13.889851625827648,1.1825004655113084e-08,0
-0.085661344,0.13742794736078887,0.0110570965,2114.824594237959,1991.1300399812515,13.03650444233668,9.15702590048393e-09,0
-0.059662692,0.0917946091937355,0.010172827,1688.489190649877,1764.1318415620638,13.166980073650603,1.1546331702982591e-08,0
-0.30550206,0.106454375725058,0.01040574,2091.57086049223,2172.0791914745323,17.643834146137095,8.6426041739661e-09,0
-0.17288029,0.0673023763776102,0.01135161,1565.289555780917,1825.1369965748952,15.011284604161927,1.1720505566000214e-08,0
-0.06403706,0.0772402026537123,0.010432037,1603.6650236474109,1740.9403177991546,13.892495811200053,1.1538396079253443e-08,0
-0.17990004,0.08529061231148492,0.010423621,1703.9037317120558,1803.1187046984712,14.20726733068619,1.1263917198131256e-08,0
-0.018674452,0.14121750833816704,0.010785495,2441.8611984483487,2249.84135940262,15.96209703536237,6.490236147769163e-09,0
-0.23253514,0.08282881380510441,0.010801043,1683.5162048535967,1833.029184682321,14.36203901319397,1.1452557201414952e-08,0
-0.4622435,0.11973766495069606,0.010156938,2232.6226614891034,2249.958146486115,16.992873933976515,7.71461807252947e-09,0
0.044230655,0.1369963112674014,0.010468832,1981.0074055845434,1681.0387644260422,14.181409624339848,9.42550867133646e-09,0
-0.36513436,0.11390321381960557,0.011324517,2144.706892234578,2173.360350829952,17.1369501739238,8.817361889156756e-09,0
-0.24713051,0.1113167959686775,0.010375711,2192.0340919915843,2243.469881446198,17.521781649564538,8.152139357618762e-09,0
-0.048878696,0.1270607507975638,0.011286393,2323.5314154897724,2215.980832593821,14.012447531254928,8.622676962417176e-09,0
-0.13297805,0.041314711426914154,0.010094564,1073.1755949706132,1564.9474971810191,14.972857728418816,1.0898312628535686e-08,0
-0.37045145,0.08004413790603249,0.011271517,1582.0892628926442,1710.502977730967,14.590785341998973,1.2176280190541306e-08,0
-0.48384356,0.09443767220127611,0.010502273,1897.7830040488823,1905.1360215301029,15.696833675723028,8.97699133713231e-09,0
-0.105355546,0.07300201203596288,0.010680391,1641.0729468747838,1868.0459111195123,15.089811744809243,1.0919614205286095e-08,0
-0.12596944,0.1941592046113689,0.01016545,2485.657180692441,1813.940531664663,14.920984872009386,4.606109856299984e-09,0
-0.024840139,0.0715824844112529,0.010230748,1487.900430399219,1662.8158654057363,14.20569243103568,1.1735177416603496e-08,0
-0.11628566,0.17363213275812064,0.010702582,2698.1567578316835,2256.593881632455,15.19260887922179,4.826343240478323e-09,0
-0.026955487,0.11295723970417633,0.010804183,1867.4434154402063,1946.9668146016634,14.802757324978932,9.319098514580943e-09,0
-0.15660137,0.12242604408352668,0.010786574,2158.5295818838263,2102.704495039272,14.592752118528438,8.683158792042453e-09,0
-0.24317674,0.04796485281322506,0.01105912,1156.990465971967,1600.3574974446856,16.5260537158103,1.09506454202643e-08,0
0.065311335,0.1143563750725058,0.010416553,2171.161074311712,2227.8328660450725,17.81022194777045,8.230006618198073e-09,0
-0.25578752,0.07145446635730858,0.0094987005,1538.9218982232226,1720.488107313656,14.135256898515271,9.994737091008057e-09,0
-0.25386605,0.22544772331786542,0.0112866135,2894.256343790516,1977.282821781455,15.535805758425123,1.3146562467552611e-09,0
-0.22638813,0.11538278531032482,0.010572935,2207.875730991801,2270.6488803528523,17.028991111484167,8.646466436796416e-09,0
0.263468,0.1545075949825986,0.010891806,2772.6931513985155,2275.053399027625,14.991436262869044,3.972706280871267e-09,0
-0.2054116,0.13274339290893272,0.011306864,2120.843463917103,1934.0968012018493,13.189340415699284,9.164283652090168e-09,0
-0.28921327,0.08498812717517401,0.010751158,1766.8756417680165,1802.8220311070324,15.54475335643477,8.232804846936669e-09,0
0.07704456,0.053783443300464036,0.010395414,1303.7970513865705,1750.7577287177905,14.980904595964738,1.0953210171154018e-08,0
-0.24827129,0.06931214653422274,0.010325739,1635.794288953945,1890.830459689326,14.72568807081954,1.0126118473735243e-08,0
-0.36706525,0.10757368401972157,0.011289097,2044.3987608715279,2117.876392950997,16.6334019211704,9.21922208994936e-09,0
-0.22925653,0.0843990175464037,0.010748883,1745.4334569185055,1895.153080028262,15.009600233635384,1.0650510576787267e-08,0
-0.23740458,0.09273491879350348,0.010134964,1778.2426001532015,1865.7839602476224,14.918097327201986,1.02830683632743e-08,0
-0.49218875,0.12098385839617169,0.010178365,2258.0099855102317,2255.967894810763,17.87994714336235,7.810309759126995e-09,0
-0.26019603,0.04466470598897912,0.010169352,1145.2075884546275,1519.3503080117707,15.921434254618196,1.0570524996172419e-08,0
-0.033774413,0.2772383900087007,0.010144829,3287.248602467103,2029.1685869231028,16.232262153260447,-2.2870378095097246e-09,0
-0.3011788,0.1433507649361949,0.01086162,2447.04375209359,2274.2268512472156,17.13434317224275,6.415112146665438e-09,0
-0.20521718,0.11032550572795824,0.0113885,2167.7040196696707,2239.2249833030633,17.081215647148248,8.9174228546427e-09,0
-0.3570804,0.0992037956786543,0.010210719,1905.976016016076,1980.1686697623793,14.447938774817409,9.803917945618357e-09,0
-0.1026157,0.10620966864849188,0.0103896065,2079.4213519252035,2166.784301065237,17.42733876794917,8.678475472837924e-09,0
-0.27355623,0.043355069968097446,0.0111562405,1282.436470073905,1688.4262598626383,15.975776470591473,1.0678262812839282e-08,0
-0.2908242,0.03579747317285383,0.010071593,1013.4236235147857,1505.6896229835606,15.937994820645859,1.0490651424455528e-08,0
-0.13784185,0.06381303473027843,0.0105720265,1490.4767214452477,1891.351929353335,14.306131052075983,1.1108041666424811e-08,0
-0.14920461,0.2964943445475638,0.0103818495,3372.902648401914,1984.929482244544,14.31055940182981,1.8846278345113865e-06,0
-0.20514533,0.10106175681554525,0.010793886,1706.826348696743,1855.7955701192543,15.723218980815279,8.771656118531321e-09,0
-0.10050477,0.11677399035672854,0.0101826,2180.790349330359,2175.8843113434873,18.190405364849514,7.83105209463744e-09,0
-0.19400105,0.06838203306264501,0.011297603,1432.3759233175213,1610.9257699641137,13.424940229140656,1.285298706785833e-08,0
-0.10967513,0.1222583744199536,0.010393219,1931.4309302283186,1757.685596087941,14.134972930300231,9.648904511021335e-09,0
-0.19600922,0.12869892872679814,0.010103409,2284.790605035713,2219.588168636842,16.35598408154053,7.496066252223602e-09,0
-0.1652996,0.06969053618039443,0.010676014,1576.6447998218698,1832.7762729895335,15.326673408175528,1.0905864000693114e-08,0
-0.038915724,0.07615374854988399,0.010397774,1573.5536091994486,1734.3044951347115,13.987029678604365,1.1688127851046078e-08,0
-0.15203512,0.12170098607888631,0.010988319,2008.541438375183,1994.545512669447,14.907465835134786,8.922222264863285e-09,0
0.09150162,0.1181572650812065,0.011317171,2237.9374685198686,2278.317707218847,17.37203452998483,8.879571512006292e-09,0
-0.102737606,0.11959038754350348,0.010156078,2160.348473091279,2155.7072123601847,17.022427072707504,7.691250086877816e-09,0
-0.11779195,0.08012117531902552,0.011300529,1626.9491815665583,1775.5424673048517,13.672596088150387,1.2325416186376345e-08,0
-0.31675667,0.17187160129060325,0.011122051,2598.255394725592,2305.9079515635076,15.897940306131437,6.176787567795346e-09,0
-0.020501956,0.10523650485788863,0.0109652905,1920.918912392546,1929.1486037462573,15.36421034758121,1.0366013118680105e-08,0
-0.05701103,0.12655434309744779,0.0073209233,2315.9279248993093,2147.736411266551,15.155598861482927,2.3780420792699903e-09,0
-0.14695543,0.10957778966067286,0.011310717,2176.6448463303905,2257.109823658597,17.666915659338446,8.86675045253566e-09,0
-0.087902084,0.10334682243329467,0.010469991,2252.442253915036,2364.8170526649565,15.338867391394812,7.808518663756528e-09,0
-0.14365046,0.11203392365139211,0.010564233,2066.29618414758,2117.6075704891464,16.678912999254823,8.535707738304478e-09,0
0.16154806,0.143034684962297,0.010927231,2391.151634610753,2211.867533375559,16.693609230641577,6.193336768715333e-09,0
-0.1072727,0.12340827109918794,0.01036569,2273.157521906728,2275.380420292072,17.161972176649506,8.128672874667795e-09,0
-0.2690995,0.21866956387761022,0.011060644,2754.925027269833,1948.8796515879724,14.030197420873638,2.9938526042694923e-09,0
-0.036333304,0.11733137869779582,0.010520371,2168.473615237094,2188.3000237281576,17.069306331781203,8.501180787504268e-09,0
-0.13888061,0.21119127030162413,0.0096633835,2756.3120544848534,1947.3529872145161,13.929466229412798,1.4342794045546797e-09,0
0.14031768,0.1172928599912993,0.010812647,2419.301253474742,2295.3355986092233,15.584928120166204,6.084704989241371e-09,0
-0.08909199,0.08510141748839907,0.010474313,1695.1314321958887,1805.063877655482,13.4565450005398,1.1333993829988641e-08,0
-0.30867153,0.14720943300464037,0.010931988,2470.0939726879337,2236.8422729052454,14.249253193730613,6.614376450968929e-09,0
-0.24331984,0.158705001087587,0.010410304,2319.5571811014975,1934.689006490734,13.65468173858682,7.294511403494467e-09,0
-0.40162617,0.10802118075696056,0.010325583,2153.3314646351096,2241.08491439026,17.0417914130422,8.092201354011834e-09,0
-0.0977953,0.09343052131670533,0.01062864,1683.159676207848,1730.1139788837556,14.580896594688202,1.1837672631105615e-08,0
-0.03574336,0.08316868474477958,0.011287067,1687.547462309459,1800.8925271985686,13.533317870738216,1.194139534659823e-08,0
-0.27289647,0.09840849767981438,0.010242409,1843.0198882698576,1886.7389297949264,14.698583311054016,1.0188700149324283e-08,0
-0.06765321,0.1214993293213457,0.0109573845,2292.6934049634483,2274.146097101972,17.214415311652864,7.856562039364273e-09,0
-0.15124948,0.12509516386310904,0.010567858,2315.413995615259,2239.845238126558,16.195701642166362,7.617395505574168e-09,0
-0.16776752,0.07199486115139211,0.010147591,1494.9827564143757,1657.4865417921771,13.765997207545407,1.1648326437127784e-08,0
-0.06609452,0.07841502320185614,0.010649922,1630.9279677273205,1779.1764408226868,14.630865412546369,1.1556329720896864e-08,0
-0.10731383,0.08181599840487239,0.0112385275,1672.8650597309459,1804.2910487127672,14.186525700219187,1.1891698376278332e-08,0
-0.16348395,0.09064018090197216,0.010430885,1786.97736148473,1874.7894433647634,14.690472639029664,1.0666671433716309e-08,0
-0.16547725,0.12516653676044084,0.011045678,1948.766031858445,1910.2191723906712,14.699862257943444,9.975716305066629e-09,0
-0.39649677,0.18111382504350348,0.010142264,2630.733488719956,1966.134160238659,15.533681979234148,3.729952961902058e-09,0
-0.0965023,0.056827554016821345,0.011326024,1404.3799065368125,1828.8980074299336,14.717226454066077,1.1424540999975132e-08,0
0.08516088,0.059357326711136894,0.009806755,1339.78176723621,1712.134227171481,16.170432105315665,1.0416357381774343e-08,0
-0.19959986,0.12456043358468677,0.010239283,2279.409357218807,2212.0411521466813,13.81324109428388,8.061044687822807e-09,0
-0.084854335,0.13630410745359628,0.011358575,2395.270156886389,2215.6472487511624,14.0136392608812,8.058391143640915e-09,0
-0.07260428,0.07747131489269142,0.01021801,1598.0924859781205,1742.6213657692736,14.060010734448614,1.1353860003141702e-08,0
-0.38755852,0.11648510005800464,0.010952428,1995.7177345798677,1971.2411479960028,15.339609694904675,8.93634931610402e-09,0
-0.17781135,0.07431617966937355,0.011268953,1567.4875142361943,1743.9903101334942,14.593071719844152,1.2340138701625674e-08,0
-0.07979548,0.12796820620649652,0.011099262,2036.4781769794022,1954.8184271596244,12.88088298822378,9.457943799827883e-09,0
-0.3942207,0.12828995069605567,0.0101007745,2270.182277926102,2200.345705417077,16.057529749526324,7.353645221413203e-09,0
-0.15339255,0.10473009715777262,0.011349607,2114.7715343543073,2228.1474477096554,17.42409812255315,9.311001407244264e-09,0
-0.21254912,0.13476902370939675,0.011355828,2188.943835981434,1947.395466434124,14.19932214512293,8.981970916838786e-09,0
-0.13415262,0.03717055176914153,0.010368241,1030.7061780313659,1543.4157152955306,15.227617608395757,1.1135504288159037e-08,0
-0.25930864,0.12006960556844548,0.010422038,2163.566314061061,2086.0005618660357,14.130458919993876,8.881233692081043e-09,0
-0.24825902,0.08362637761020882,0.011209645,1711.2600069537666,1853.955044549508,15.136844567167286,1.1537348208471416e-08,0
-0.3198915,0.09411479480858469,0.01041521,1844.8095665643966,1941.3634911884558,14.576804440473628,1.0344851616144137e-08,0
-0.2459644,0.04895047853828306,0.009835166,1184.8628817880522,1593.422728863109,16.242700778263483,1.0348040581331716e-08,0
-0.14343469,0.13228796584976799,0.011068426,2109.0215221886897,2054.0909682541323,15.06896066595434,8.976597137345834e-09,0
-0.47092408,0.13855178726798145,0.01019124,2468.702368556056,2307.9151678993167,14.193953928432748,6.966549274170459e-09,0
-0.050823707,0.279748903349768,0.010852851,3192.820036088757,2201.3569477904985,14.139949414346605,9.761458041429424e-11,0
-0.13145621,0.18152280307424595,0.010204751,2579.318048981322,2139.421456032577,13.509682984582886,6.308801965618206e-09,0
-0.12217245,0.11908737855278423,0.010836878,2022.331280901212,1946.8404116378865,13.044703927107188,9.365266482242913e-09,0
-0.10811867,0.0757730930974478,0.010173165,1530.8126016706162,1675.6408302104571,13.230250166194239,1.1768988448085975e-08,0
-0.3027381,0.11772789479408352,0.010158621,2324.224544589239,2325.2529250835146,14.723576965851619,7.550145340255753e-09,0
-0.3058077,0.15602795098607888,0.010975588,2409.4172570098985,2192.4951127580744,16.467066553126188,6.576648020586607e-09,0
-0.17215173,0.0753006724912993,0.010419225,1560.6748217169563,1721.4206347255274,13.94504571633768,1.166726835058779e-08,0
-0.22571456,0.08774334759280743,0.010214987,1723.8394946704711,1804.5758521112634,13.996655299246989,1.1039233876004884e-08,0
-0.29418755,0.1166029219837587,0.010569936,2131.3646657265276,2166.4890494286847,16.918419135463402,8.303131975525991e-09,0
-0.24146786,0.11609651428364269,0.010133136,2152.5336835623502,2192.838207196257,16.682944193440488,7.949776768636003e-09,0
-0.12999268,0.09177874854988399,0.010676432,1829.9050919151457,1930.673800199345,14.996094034544809,1.0472874163518526e-08,0
-0.4353075,0.09085203378770301,0.010194922,1766.1573343084651,1869.8843746314922,14.982434698731955,1.0438227675709036e-08,0
-0.22639859,0.12460914841937355,0.011383227,2147.919054868773,2009.3802743377266,13.39019435662909,9.751314156378665e-09,0
-0.13177001,0.12005714363399073,0.0103403265,2220.604525160966,2245.3326554412065,16.92015177362714,8.16581845633973e-09,0
-0.53608197,0.06750516603828306,0.011303152,1712.8623665980492,1865.3727121060372,15.571432912915832,9.883026146156511e-09,0
-0.2695136,0.07516698992169374,0.010161024,1638.9888750771022,1841.0329049259474,14.928787781889223,1.0558399630172112e-08,0
-0.07232976,0.11389301769141531,0.010815638,1879.7591580731446,1863.288379538516,14.409580966501972,1.0284180652738863e-08,0
-0.056785993,0.1195530017401392,0.010974402,1988.0223428247689,1921.5684238260571,14.564497488552616,9.495364742483236e-09,0
-0.10607434,0.12281916147041763,0.01055836,2263.596759346119,2270.8607343159733,16.96585156247614,8.054277848713124e-09,0
-0.24335554,0.10173809998549883,0.01125863,1999.109343786253,2123.320788196826,17.90992382291746,9.278493118760055e-09,0
-0.019889858,0.07039406902552205,0.010418997,1425.9549132015316,1588.306267532882,13.420623168245081,1.2389565827573526e-08,0
-0.09795965,0.0755940944025522,0.0106271645,1557.092310618297,1733.294450244024,14.449713553363827,1.1779784281996986e-08,0
-0.36032498,0.141574372824826,0.010437573,2280.3656105265127,2076.3971259216482,13.482476194659117,8.502005604946205e-09,0
-0.014776062,0.06770002537703017,0.011335903,1445.8038587330361,1650.006949388112,13.904416137670903,1.2877848304750287e-08,0
-0.07815642,0.13681164805684454,0.011051912,2092.5054259059516,1985.4115845532383,13.496888958546094,9.3215720900377e-09,0
-0.054147396,0.09858976218097448,0.011288523,2019.2359594805728,2169.536592146448,17.614716305684812,9.022751188388451e-09,0
-0.1076979,0.1039053436774942,0.010379061,2223.0733992377513,2301.0056433101245,14.221484450195318,7.968619742174394e-09,0
-0.13805136,0.09322773165603249,0.010622924,1761.8406710312297,1850.6857556638172,14.100983126542918,1.1415673516937292e-08,0
-0.0054728333,0.15149860426334108,0.011357742,2323.37443052666,1992.5248248435605,13.863140270258812,8.120437472156131e-09,0
-0.18529907,0.07802983613689095,0.010176935,1663.415051671373,1850.1467346807308,14.589911869523293,1.0689239457555526e-08,0
-0.1642933,0.12134638739849188,0.010412417,2302.3904853817967,2308.6871529698756,17.199907736699394,7.92620578880239e-09,0
-0.55386245,0.1078206569025522,0.011402015,2052.3024082526754,2158.816076262889,17.063349858925733,9.572798982052445e-09,0
-0.32828212,0.13679918612238978,0.010997909,2038.797514630157,1925.520298091683,13.3914973201158,9.689997535601907e-09,0
-0.0947347,0.10052022911832946,0.011068949,2118.603748678606,2157.7341736684016,14.472988249301421,8.76552394575403e-09,0
-0.21542846,0.03348861658932715,0.010122817,1034.2167482529358,1541.484863209722,15.705762479368728,1.0005990190810002e-08,0
-0.15708049,0.07487696671983758,0.011393052,1660.8551628250075,1870.4159112066977,14.591124225142726,1.1685370069428014e-08,0
-0.1162225,0.08042366045533643,0.010173931,1619.7908156979288,1744.6126946702204,14.016101783943654,1.1202462151378519e-08,0
-0.21447018,0.07658538464327146,0.0102054225,1600.9032022852955,1746.2792482564287,13.892129094730508,1.1188354452271743e-08,0
-0.048815906,0.11528648854408352,0.010980062,1937.0591090507248,2038.8202429541623,14.143544922738348,9.08925979810611e-09,0
-0.0077341795,0.05968246991009281,0.01018914,1460.466711608027,1819.9958628458708,15.000349623437147,1.0747020369019092e-08,0
-0.23524097,0.12065305068155452,0.010110204,2280.7037641973975,2236.95588329798,17.404749773063617,7.245062504117165e-09,0
-0.20164081,0.06300527479698376,0.010360524,1380.2145396536455,1611.454991737176,13.41259457558592,1.210160060935283e-08,0
-0.0011657467,0.07872657156322506,0.011399703,1640.6502847452546,1785.2853521182492,14.508436212998411,1.218589029006511e-08,0
-0.08421086,0.06647762289733179,0.011316075,1441.120515657411,1648.012758815272,13.451124912068286,1.2744899961805913e-08,0
-0.08321826,0.12000729589617169,0.010938057,2006.2864959291885,2001.241742152378,15.2475550739772,8.963587049696554e-09,0
-0.46985304,0.07796299485208817,0.010438379,1626.2752691593978,1823.8270093249866,14.943159568207777,1.0988247478878014e-08,0
-0.2520036,0.14786651682134572,0.010976521,2579.195250452426,2340.704682127691,15.81354390491638,5.784752267044286e-09,0
0.05558926,0.12907731837296985,0.011044012,1990.8605526605552,1988.9062083431713,15.727855942644075,8.679203529775612e-09,0
-0.22478116,0.11528195693155452,0.010901149,2012.9011203184361,1988.4437316424594,14.851659729293253,9.131660228403635e-09,0
-0.12539966,0.10758274724477958,0.011278159,2047.7150798034838,2156.975268979142,17.100690535267407,9.595676567138974e-09,0
-0.08799066,0.11690654002320186,0.010590101,2349.4519375533487,2327.558849864063,16.364082103246332,7.602788950438502e-09,0
-0.20380265,0.07268366625580046,0.010401161,1628.390526722009,1845.5836154864883,14.513544426479939,1.0905350869742777e-08,0
-0.08203636,0.11038441669083526,0.010384542,2169.87382439117,2250.875347257322,18.180660546544992,8.422739070789953e-09,0
-0.17782299,0.1697088892111369,0.010245254,2501.845397087903,2102.795773094107,13.994750665062638,6.0665769972544335e-09,0
-0.081074715,0.21021810651102088,0.010479391,2694.3330338988576,2015.6621545594835,13.405083695853843,3.5340391320025215e-09,0
-0.3054595,0.152809373187355,0.010819163,2498.294376716854,2288.112361364696,16.15975417649828,6.3047989392031875e-09,0
-0.2638951,0.12455590197215777,0.01066594,2288.694438750305,2271.991397771645,16.945392410399045,8.000267811574108e-09,0
-0.27676222,0.17877098136600927,0.010633194,2527.947054995963,2103.6691792979427,13.755271928297741,6.309539777647841e-09,0
-0.20275329,0.07748490973027843,0.0104014315,1544.3696794681932,1753.4396515924682,15.235086364664548,1.0933942649854818e-08,0
-0.31735247,0.1229415150087007,0.010156062,2242.0820490118713,2192.947820633964,16.818509037739297,7.236994067567073e-09,0
-0.05690334,0.07266780561194895,0.010401743,1484.4340259878084,1631.632336647243,13.172680888221358,1.2116196245587934e-08,0
-0.2701183,0.0764630311049884,0.010368008,1461.8034514355058,1578.1489937384422,14.245350545520774,1.2515569420108568e-08,0
-0.16634053,0.18850035346577726,0.010389556,2611.1329186854027,2073.901257083848,14.462772194702659,5.306340078020483e-09,0
-0.077879384,0.11926864305394431,0.010477029,1937.0233213799884,1828.9824501914843,14.159537618570784,1.0386497127238395e-08,0
-0.40107784,0.15131394105278423,0.0109614665,2509.678656536592,2223.8941536459856,15.222196876031367,5.9698404465377606e-09,0
-0.25732565,0.11949635658352668,0.010138687,2195.168191956715,2195.998881631893,16.280273230139503,7.792945918120313e-09,0
-0.31084555,0.11945783787703017,0.010741924,2281.965602052651,2277.4707600469646,17.116354611094863,7.774587872917655e-09,0
-0.16730073,0.12506910709106728,0.010957119,2081.89703332641,2035.3376847280342,14.835605440139524,9.143508714477768e-09,0
-0.09761019,0.13304247933584687,0.011084351,2046.7291265345623,1965.5392986828647,14.59986502400618,9.464267220142273e-09,0
-0.05797729,0.07781231873549883,0.010341286,1602.0295279890724,1758.339038479267,13.241234172782272,1.1524247495042914e-08,0
0.0077708643,0.057805249419953596,0.011321357,1391.432528099706,1778.7578994781509,15.398226505095247,1.1763676628444676e-08,0
-0.15182155,0.13287820838167053,0.010761883,2065.6137483882108,1925.4510813273205,13.676279405822317,9.734604915584856e-09,0
-0.3334362,0.15924879459106728,0.011245148,2377.3037883955676,1999.40695808022,14.225088586636799,7.597147476820372e-09,0
-0.2697456,0.0698174213312065,0.0106299175,1597.787329097858,1844.453090188885,14.999854451050398,1.0971122072125837e-08,0
-0.26328433,0.10830327363689095,0.0112263085,2164.3358332226135,2251.5817637620034,17.96462558281551,8.75783599113471e-09,0
-0.2388297,0.10863974586716937,0.0107998,1929.1220413581916,1946.2334751786184,15.190005902937374,9.313877317748898e-09,0
0.14945449,0.10673760150812064,0.011073674,1852.9088713570197,1952.7079384135998,15.91048605226246,8.503424721421812e-09,0
-0.38433504,0.12081732163573086,0.01005454,2278.4250893838,2263.4855569052647,17.06477947630828,7.310771263216985e-09,0
-0.3739949,0.1620980459686775,0.010877628,2604.4462925766493,2367.2633073678508,15.415502573601145,6.373001580554951e-09,0
-0.17943892,0.12498187354988399,0.010361346,2224.3688724700187,2205.7420820265233,16.422734579586177,7.849344640123238e-09,0
-0.085907325,0.12773142945185614,0.010975295,2001.4105431305352,1933.8692913356058,14.401309877539203,9.617052215415566e-09,0
-0.034935907,0.06307438188805105,0.010417733,1430.3807488239406,1787.0250918609174,14.972374547888874,1.1179418794542686e-08,0
-0.15145497,0.12213715378480279,0.010377874,2290.1448402521137,2307.21616727795,16.757640053243772,7.922605347844538e-09,0
-0.015669081,0.09595236368909513,0.011077459,1821.1880453019835,1885.2461154496912,14.144610278229083,1.1041914518893134e-08,0
-0.12603608,0.07179886890951276,0.010212343,1493.942662056961,1818.1607652897628,15.196726245960999,1.107630866765968e-08,0
-0.1950844,0.12507250580046403,0.010523843,2418.2940446330017,2326.1608911717085,15.08684041090435,6.964263448728091e-09,0
-0.05167499,0.08197233903712298,0.011295343,1891.7330282823914,2114.8701872718298,14.067713308612845,1.0237331025701367e-08,0
-0.070043266,0.07173769214037123,0.010234523,1489.8104447746841,1659.2715911329767,13.57118819182212,1.1820804214024362e-08,0
-0.22712556,0.07479539769431555,0.010649145,1624.999069485134,1842.5590002023023,14.985721329227633,1.116872417039426e-08,0
-0.17163494,0.15998971323955916,0.010949236,2278.1904793120148,2001.818186323752,14.223602063994685,7.639936892699386e-09,0
-0.11429614,0.07144427022911833,0.011421443,1512.035084450592,1680.599452379201,14.664842716604534,1.2723952334712762e-08,0
-0.29391897,0.12590972121519722,0.010699161,2249.1004138466396,2205.6678132136367,16.14209264395712,8.060386321713028e-09,0
-0.20457327,0.07021280452436195,0.010632807,1442.4745343931324,1626.684071803973,14.575440736598772,1.2406859741833073e-08,0
-0.07004941,0.08087568880510441,0.010594008,1657.515501149748,1779.3290325206385,14.211894068929158,1.1253181521986437e-08,0
-0.1656776,0.15930317394141533,0.010239448,2140.7859228148995,1686.5341445408037,14.223426807032187,7.805971189931661e-09,0
-0.24108207,0.24914805684454758,0.011292489,3092.6783466975694,2031.4496101616078,14.377097873531401,-3.379238279004514e-10,0
-0.12453325,0.12953727704466358,0.011236398,2069.297233215502,1880.1188395803083,14.027768590091325,9.69978308740545e-09,0
-0.029758831,0.07809667742169374,0.011293353,1596.1964407751893,1746.4845256999322,13.629005942335816,1.2315312166315887e-08,0
-0.054164756,0.12521751740139211,0.010445964,2292.0377918830027,2210.695380940369,13.723081933598326,8.096638106332936e-09,0
-0.029207442,0.15383691632830626,0.011051641,2415.8351146008918,2186.9627633628493,16.35371934811002,6.3564377250217095e-09,0
-0.21169436,0.1049963293938515,0.011343552,2009.8850392528022,2121.9931113138755,16.9045997652752,9.586648682753923e-09,0
-0.20841259,0.1580535817865429,0.010121553,2685.7498941259187,2280.0270954622356,15.39170092411771,4.886274640920673e-09,0
-0.1369654,0.1646448122099768,0.010415756,2543.1604793913352,2215.912176835926,13.163298456331207,6.909348361658372e-09,0
-0.0649115,0.10103796584976799,0.010442726,2105.111394618567,2185.263799689484,13.764569760876173,8.952789256981114e-09,0
-0.29068682,0.16950383374419953,0.01091376,2732.7316388938507,2318.0598134150887,16.016637700074757,4.796763343493479e-09,0
-0.30919743,0.16473997607308585,0.011147689,2386.031572336963,1975.8024149146343,13.966026096683532,7.04500000057778e-09,0
-0.34691435,0.06062277950986079,0.011319432,1480.3085763929314,1765.0996427846728,14.93258447059341,1.1594556832323156e-08,0
-0.038689747,0.11256525522041763,0.011386459,2173.862482393919,2258.7239922053436,16.95195067154828,9.436332528264999e-09,0
-0.14714059,0.08987660419083526,0.010403048,1646.5134189433006,1715.9234699101225,15.594627108219601,1.1079178184409115e-08,0
-0.11757751,0.08700016313805105,0.010438688,1698.7143077440626,1801.4141392136912,13.528896849706967,1.1384306361694189e-08,0
-0.11108649,0.12006054234338748,0.010857104,2011.699969590494,1945.1284537786041,14.333423780719988,9.55169900816866e-09,0
-0.043366306,0.04866272114269141,0.010081009,1177.9033742793758,1620.032988237013,16.165934673816754,1.0721912037865091e-08,0
-0.27035066,0.1445199209686775,0.010722749,2110.086298728615,1862.4098829088584,14.58521367592619,8.924712678200988e-09,0
-0.20407489,0.08862927784222738,0.011360275,1833.3953832474585,1956.2814204784445,15.026549715899288,1.079853229959842e-08,0
-0.27211896,0.11968215269721577,0.010387996,2194.1337201733736,2223.5123915662166,17.58737963962869,8.301801787952604e-09,0
-0.18947169,0.12060207004060325,0.010565333,2177.641524219891,2182.774047030952,16.563591184494488,8.113801432598212e-09,0
-0.34194028,0.09965808983468677,0.010590201,1734.6599710879636,1736.9570681832529,14.849534779679844,1.1105363233100202e-08,0
-0.08617741,0.0833929995649652,0.010444908,1681.140623226174,1798.1574094435334,13.631358219678075,1.136358815036465e-08,0
-0.3489926,0.1281041545823666,0.010358034,2393.027350327511,2387.3496395277975,14.536186348240076,7.737350243776014e-09,0
-0.10533517,0.18987343206206497,0.010220787,2493.5289423448116,1821.160952362769,14.083997996658438,4.395947325096717e-09,0
-0.13731667,0.24099002138921113,0.010634627,2945.6182070607956,2097.300386541292,13.532437207771208,2.032045355467728e-09,0
-0.24358158,0.04216438877610209,0.010525728,1231.5629196568163,1730.9933663669929,15.81126062020849,9.98685395083787e-09,0
0.039359722,0.053584052349187936,0.0113797765,1348.4186630030317,1751.805495069375,15.739229705284101,1.1798358137267866e-08,0
-0.047576502,0.17927059164733178,0.011035933,2678.916133659196,2262.286643866726,15.70196237088247,5.212693345996115e-09,0
-0.13379732,0.11588806010730858,0.010985196,2113.966715781275,2145.5508859740844,16.72528981991039,8.726294083769913e-09,0
-0.53973126,0.1613186086136891,0.010902593,2328.132661788073,2027.9036956791244,14.533011976144914,7.809742042282396e-09,0
-0.009505936,0.09132105568445475,0.010088275,1700.1313785928269,1775.017587362086,13.32885387586955,1.1211276707400488e-08,0
-0.26676905,0.09169491371809745,0.010890306,1781.8345584550266,1867.679296494003,14.688412616772947,1.1095467768162207e-08,0
-0.052263893,0.055444279292343385,0.010135532,1332.4639829757884,1766.073635755951,15.10357375165653,1.0531862144964508e-08,0
-0.09614383,0.08278802929234338,0.010431177,1621.6105342613762,1733.893714069426,13.247226751753185,1.1700048335264813e-08,0
-0.076708786,0.10427240429234338,0.010902168,2074.84908546767,2063.160376573069,15.288495392220243,7.508793986781659e-09,0
-0.37480122,0.11257771715487239,0.010178116,2207.1250131105467,2272.060741548111,17.97780579519841,8.118991136099183e-09,0
0.010510072,0.10429846106438515,0.01038855,2247.901316786784,2330.891469047502,14.34614009997986,7.887468970641417e-09,0
-0.2011044,0.08140248876160093,0.010199529,1749.1646559832254,1940.495966998623,14.500872153752818,1.0354480073038515e-08,0
-0.023252416,0.05769988942865429,0.010371686,1429.9500746046876,1852.7148720452603,15.066483932962946,1.0703080534381351e-08,0
-0.0020388628,0.11712519032772621,0.010904408,1946.6849452643764,1912.1566174384266,13.268984723529615,9.984423272205293e-09,0
-0.014970474,0.058436276464617166,0.011363528,1343.1361190419896,1700.0625349346712,15.709866409405983,1.114781918148695e-08,0
-0.23010546,0.08143194424303944,0.010192632,1704.553057940023,1858.937853217247,14.744659377922659,1.0600664751891631e-08,0
-0.0755291,0.11667769359048724,0.010626227,1916.9118475934795,1967.8560351764345,15.703951167144647,8.501578112727666e-09,0
-0.10236906,0.1297661234773782,0.011027014,2037.7559097722028,1956.489942825779,14.486448466671202,9.373855318529271e-09,0
-0.1415728,0.13091715305974477,0.010345936,2099.8117407793807,1990.621356437523,14.107664191908537,8.755510573561184e-09,0
-0.27233106,0.040284902479698376,0.010302856,1077.988460278469,1522.498069228251,15.705905826087326,1.0931353159747053e-08,0
-0.17201813,0.07979036760440836,0.0101697985,1657.3759886619869,1840.8543175950078,15.062149579525501,1.0771825011231552e-08,0
-0.17287439,0.07342345200116009,0.0104197,1498.6298820138477,1650.990991738681,14.1923869315337,1.205125740956918e-08,0
-0.09988803,0.08300441379060325,0.011385796,1668.5985372568705,1795.9862641416746,13.587452124399737,1.220094168587662e-08,0
-0.104066916,0.1094667651537123,0.010242034,1799.8312231400212,1741.307470039424,13.641255484101094,1.0106869360792058e-08,0
-0.20973703,0.08501758265661252,0.010146744,1853.8224613075458,2016.9332499871005,14.160067116455082,9.718141449121768e-09,0
-0.3100086,0.08079525268271462,0.010839408,1694.924109625203,1812.9876359890047,15.055840360404108,1.0608846257017422e-08,0
-0.061220765,0.08600660709106729,0.010374523,1730.397949337573,1859.5345481286492,15.047617018424148,1.071642622161968e-08,0
-0.26820844,0.20513703596287702,0.0109831095,2790.9471400336183,2228.7073880337703,14.098018705293931,4.712226044135208e-09,0
0.004377356,0.0851444678074246,0.010806071,1739.9133249779386,1844.369768457296,14.58338772464501,1.0944448329137589e-08,0
-0.16609398,0.2029731909802784,0.011032662,2864.132381250104,2285.833330017868,14.988936101422837,3.990830821583946e-09,0
-0.10698363,0.1177607489849188,0.010556714,2372.648912925383,2358.124871331903,14.378832550768607,7.4484669492692925e-09,0
-0.30697015,0.11281336100638051,0.010097597,2163.135857793018,2236.875673552836,17.188816177631775,8.341625725021439e-09,0
-0.044679936,0.1414916708961717,0.010376802,2437.561119462961,2266.0291846803398,15.758621753812397,7.195712542651969e-09,0
-0.22003476,0.12138377320185614,0.010598844,2248.9964123505215,2253.7431724427943,17.13402408185698,8.090428703946506e-09,0
-0.19206539,0.11290739196635731,0.011243539,2186.4264802505045,2280.4902673844445,17.294572417126854,9.078539635412587e-09,0
-0.3521591,0.15143289588167053,0.010702615,2254.8985272803234,1988.524396957032,14.598196954987815,7.866232233376311e-09,0
-0.25230747,0.1070276247099768,0.011305522,2051.502108462773,2121.532689143977,17.191515111085067,9.047523670506124e-09,0
-0.16811502,0.11890837985788863,0.010355203,2318.2870010528263,2355.346908385083,14.183916259627829,7.623680390471222e-09,0
-0.12544818,0.10129626776392112,0.011301472,2116.6876540219528,2212.720991996575,17.486918166194382,8.79995386417307e-09,0
0.023631502,0.08610177095417633,0.010565291,1693.6159532785987,1803.7112506286385,13.66715052703877,1.1375932060041729e-08,0
-0.27695012,0.11065857924883991,0.010385086,2159.874875614005,2209.1949425539965,17.696424213793673,8.09023118521558e-09,0
-0.32819462,0.10891617423143851,0.010444089,2094.476229095821,2090.7109054191387,14.016225673296523,9.2531733086079e-09,0
-0.15785307,0.07716656395011601,0.010417503,1579.6787225695725,1744.4090542728093,13.252004479668463,1.176314484828263e-08,0
-0.12943804,0.06134217299883991,0.011151773,1328.5437368706432,1622.1479435138071,14.850034722340213,1.3514385078729495e-08,0
0.044559613,0.12678205662703015,0.010368113,2381.6335500193177,2239.7581446527033,17.95916566721289,6.928456369135832e-09,0
-0.13704383,0.18665258845707658,0.010331248,2503.9976947378386,1943.8623133255742,13.505056162183395,5.421446724233965e-09,0
-0.18017009,0.10079212587006961,0.01127097,2231.136347453838,2301.4001777687986,15.161026718034229,8.334049728947607e-09,0
-0.11994383,0.11604440073955917,0.011314039,2247.808223763881,2262.416857348335,17.13667971009245,8.47248088385228e-09,0
-0.36874902,0.14622154147331787,0.010578196,2524.113845572458,2258.1608616877347,17.538627681946217,6.3837952325248305e-09,0
-0.14758706,0.12101897839327146,0.0105748875,2254.5032832065353,2266.238819157734,17.10687196452393,8.171641902254693e-09,0
-0.15933758,0.08433897368039443,0.010436234,1685.6676044367182,1800.52265685288,13.920052004040215,1.1357072431916235e-08,0
-0.19777921,0.16131067829176335,0.010174087,2351.7816201453516,2012.1965774002872,14.804934695033905,7.536771811149395e-09,0
-0.06458366,0.043120559019721574,0.010526998,1101.4926433859605,1561.334371910803,14.845760213719931,1.1431438712232002e-08,0
-0.04594159,0.12156277189675174,0.010393559,2223.141666522678,2237.4075434370397,16.381098000880733,8.057536178076524e-09,0
-0.18716353,0.12130673578886311,0.01058996,2270.7827892967775,2308.172441592667,17.175071177026368,8.238316979542855e-09,0
-0.3001237,0.08838910237819025,0.011344914,1817.4076180902878,1953.155236851788,15.145755548879773,1.0963138145197617e-08,0
-0.31012118,0.09663323847157773,0.010595547,2148.2616051343084,2319.1907094781764,15.33881354693105,8.376741420455486e-09,0
-0.4265372,0.14371216103538284,0.010790243,2426.314298385953,2263.05349983258,16.474297227603355,6.747558448510791e-09,0
-0.26952863,0.10841996265951276,0.011249383,2252.565943642722,2308.308946225771,15.090269414975035,8.540502378259085e-09,0
-0.13159676,0.14656027950986078,0.010801838,2400.492953378903,2237.511608824859,16.471830593057557,6.896214754638177e-09,0
-0.12580708,0.1185651102088167,0.011274709,2261.2357262381083,2205.9855708710056,16.0792464403565,8.215643964328698e-09,0
-0.44730857,0.2501710683729698,0.0112655405,3182.6764743851245,2086.988962683674,16.361515861141044,-7.596582074747509e-10,0
-0.011621307,0.07646416400812064,0.01059169,1625.157691051209,1768.9003477237281,13.419690399412346,1.1232477163588567e-08,0
-0.27053785,0.1488272186774942,0.010980778,2551.778933227757,2347.322429853025,15.876597225203438,6.255121010228474e-09,0
-0.20878237,0.11207810687354988,0.010179313,2081.620040547322,2146.2704770968903,16.191605480285908,8.570431318580642e-09,0
-0.17698288,0.07522136927204176,0.011299529,1574.6130424338999,1747.298870959903,14.260053962069655,1.2315705236054516e-08,0
-0.32815254,0.10722021824245939,0.010354312,2105.3838227887313,2187.4563604718537,17.916037669038946,8.135688754250026e-09,0
-0.27789754,0.07505256670533643,0.011326538,1633.2584344489,1835.0065398287436,14.834971831903163,1.1663815393794478e-08,0
-0.17873162,0.08653680575696056,0.010210124,1696.7196362062489,1799.0087655369477,14.018508743263634,1.1060942711692554e-08,0
-0.21275048,0.102548125725058,0.0109545635,1741.8508078092948,1882.6078259713656,15.189994626635702,8.839980761992211e-09,0
-0.2907436,0.03283833019141531,0.010105497,1021.2647903953184,1513.7260188856524,15.595690043349753,1.0472374914443678e-08,0
-0.056825053,0.07228488435324826,0.011365382,1503.7282980736738,1685.0960262326632,13.823769687324567,1.2980028313652007e-08,0
-0.1863161,0.1668868275087007,0.010960555,2590.6327646818017,2259.0106278278636,14.055646841663002,6.126661717268715e-09,0
0.024050057,0.04154129205336427,0.011254558,1151.9127765196167,1624.1790781988245,15.200612109250143,1.1736795882231544e-08,0
-0.036937177,0.07834138449825986,0.01042811,1610.4418464882451,1749.4062026981749,14.045514117842446,1.1548862168942525e-08,0
-0.14062156,0.11568753625290024,0.0110554695,1900.0753104463665,1873.2566800518678,14.015975528532225,1.0212924052811158e-08,0
-0.0944732,0.0721761256525522,0.011360812,1677.3880895056232,1918.1034817913014,14.924194885344125,1.1372875654190199e-08,0
0.030767666,0.12146760803364269,0.011086519,2067.007074454609,2093.3459038998676,14.599207959839138,8.38927862032262e-09,0
-0.35217628,0.08706473861658932,0.010143975,1905.5130020188492,2039.4919626742021,14.042335992724094,9.468655642851559e-09,0
-0.54168224,0.10199866770591648,0.011363235,2005.7219515718073,2134.854567307965,17.56541298017069,9.482351462545463e-09,0
-0.1047494,0.15555666328306264,0.010976751,2439.003942739739,2238.202806519646,16.175385196980184,6.822428711453847e-09,0
-0.00796188,0.17832914914443154,0.0107324505,2432.865144104114,1963.1913478716071,13.856505484158037,6.693760636305381e-09,0
-0.17940655,0.13234347810324826,0.011003258,2063.0017737283843,1968.9241818402618,13.999347308020921,9.107812795684153e-09,0
-0.24028528,0.11794427929234338,0.011087001,2026.5017679728826,1971.99271467521,15.883033672400652,7.937295002672582e-09,0
-0.114693314,0.12741534947795824,0.011031215,2009.4330121293483,1949.1850206736517,14.65143491243668,9.595419916242671e-09,0
-0.27648336,0.06461739595417633,0.010152218,1425.3550065481497,1786.4408803366193,15.738841845830292,1.081664473602343e-08,0
-0.1349878,0.08982109193735499,0.011308083,1725.9364420723407,1792.31950782138,13.708398636002306,1.1213763778515168e-08,0
-0.1521887,0.1909066397186775,0.010741577,2515.7450389590135,1901.5322625464316,14.233529120652504,5.154249274611207e-09,0
-0.16823,0.21468401065835266,0.010755135,2625.068920700313,1882.2990557945013,14.270111191129455,3.531845431661539e-09,0
-0.41034186,0.25398328741299303,0.010156314,3008.442505168268,1955.0965997119831,13.785389815438519,-1.9674880688379687e-10,0
-0.4651782,0.15440789950696054,0.010158675,2272.0951383272213,1900.376849456573,14.142271014317371,7.4325086649003774e-09,0
-0.13394085,0.08687667669663574,0.010845129,1623.8064906436432,1826.5672250450082,14.86351752434443,9.188384399160904e-09,0
-0.07805847,0.07247974369199536,0.01017231,1471.3981730011367,1616.780010813456,13.388723759532816,1.1809278287242962e-08,0
-0.03801353,0.057170823665893274,0.01068408,1455.5845345822327,1877.8849625980536,14.908756094655292,1.0983494493394194e-08,0
-0.043833416,0.10877682714617169,0.011303065,2133.9641093687064,2252.8215778201643,16.873914340621454,9.257524570844196e-09,0
-0.105437875,0.06995336970707657,0.010399702,1471.1696970092435,1651.824150734457,13.285007983667642,1.2042056760318322e-08,0
-0.098894134,0.1482562354988399,0.010905856,2471.3842319011214,2270.7317665831647,16.690308720960022,6.323999987336025e-09,0
-0.4083663,0.08078392365139211,0.0113650905,1802.7181456735386,1981.1504629080812,15.210277871464974,1.0677502796381455e-08,0
-0.08716831,0.10417497462296983,0.010347572,2286.128902610116,2315.560389226429,14.293962324088543,7.493110668989714e-09,0
-0.21831574,0.14359433910962877,0.011010057,2207.786633836656,2030.099219372487,13.351496554586292,8.622043764801563e-09,0
-0.063544095,0.11978977849477958,0.010502861,2150.5359298226026,2196.1336109791714,16.707204800170395,8.809211166984104e-09,0
-0.09654997,0.1263039715052204,0.010104296,2324.625908744891,2293.344517461004,17.082203302232266,7.585128078203947e-09,0
0.028953902,0.07738068264211137,0.010196008,1515.1243040968973,1657.4566741168144,14.21376070870289,1.1957488065148928e-08,0
-0.35990587,0.12330970852668213,0.010724873,2348.5503738230477,2305.8574360737884,16.48422852589176,7.603780352161178e-09,0
-0.15172184,0.22079375725058004,0.0101969205,2730.9684623920743,1967.7575742754705,13.65013733043608,3.2748053517117965e-09,0
-0.12818182,0.07263608432424594,0.010400315,1490.9405464020563,1650.4033894933752,13.232146955986966,1.215240560203535e-08,0
-0.26653486,0.2047801714762181,0.011166039,2672.8558784746338,1916.032081657949,14.258954842337742,2.334462464642867e-09,0
-0.14332294,0.08615501740139211,0.010431729,1712.5607677214064,1810.8080726840221,13.55639804727247,1.1271150743460427e-08,0
-0.47954613,0.11341833127900232,0.01036263,2142.976169700828,2180.4486565348325,17.454073508684637,8.174323656026521e-09,0
-0.05474077,0.09603619852088167,0.0101626525,1681.5825364490738,1837.8417945778654,16.2946406477751,9.652762555063278e-09,0
-0.22309798,0.15073729335846867,0.010976054,2360.021842995962,2143.6365873536893,14.466209269599002,7.60821158489725e-09,0
-0.08593397,0.07103869090777262,0.0104148965,1489.1004417294744,1651.91922622952,13.754263512407933,1.2017433845610185e-08,0
-0.089517854,0.08844574753480279,0.01061203,1771.9988789104425,1862.7139541414765,13.714343459762446,1.0957104275026068e-08,0
-0.032637972,0.09018701964907193,0.010767755,1751.6589712877624,1848.7323350712488,13.660429347049043,1.1402515054239224e-08,0
-0.076872006,0.08050409657772621,0.010190522,1622.464440345385,1748.5469076912186,14.211953028290896,1.1242184709454214e-08,0
-0.004219951,0.0768436865574246,0.011418495,1589.4611075158343,1757.770205163319,13.190131744369355,1.2521303713997852e-08,0
-0.36973637,0.11756588964617169,0.010352164,2318.739407878417,2319.249683243594,16.699014248747797,7.502251788181343e-09,0
-0.04572098,0.1287272513051044,0.010975622,2020.2617833595727,1946.4006162172625,14.567136354940256,9.541791765120907e-09,0
-0.17796633,0.08014156757540604,0.010518902,1681.9686578423684,1850.9220527023942,14.629441968034019,1.0997926116003918e-08,0
-0.35364628,0.14400445004350348,0.010608371,2533.800828639913,2392.5303493911997,15.670576900634547,6.981785081099688e-09,0
-0.027458172,0.07614921693735499,0.010431646,1607.30570160922,1756.1546262682189,13.36333043792619,1.1462348925361641e-08,0
-0.20949966,0.10708766857598608,0.010788786,1819.9215451733494,1783.5407507465839,13.780484565772896,1.11432848938631e-08,0
-0.22546065,0.15439657047563804,0.010293592,2302.01736264594,1978.8200854278507,14.381307452410475,7.261635373152624e-09,0
0.024652094,0.0723437953161253,0.010196715,1485.5765748026076,1656.8089512054112,14.194686396120467,1.1890165374081256e-08,0
-0.14429381,0.07483958091647332,0.010184552,1568.746646002692,1733.7112037410473,13.599452600637276,1.1244706656832226e-08,0
-0.30714735,0.19772558367169374,0.01012424,2550.7676397327164,1868.4348256581072,13.557953706716898,4.328040546316924e-09,0
-0.11706315,0.1398274361948956,0.010773924,2365.290930772053,2230.800078296331,16.29898905123583,7.251969041124804e-09,0
-0.056840193,0.1544022349912993,0.011103256,2471.3046226787505,2244.5227104907244,17.137324723429277,5.96684651438454e-09,0
-0.27435046,0.12191283896461717,0.010816109,2389.1868881151822,2376.168745732993,15.084656908427041,7.702957076697583e-09,0
-0.24369383,0.10023473752900232,0.010429785,2097.3560273592425,2185.263379278991,13.704055199561092,8.91665687145245e-09,0
-0.36475813,0.09478660636600927,0.009665328,1659.407980221103,1678.5669592347253,15.71350812924072,9.958307419075969e-09,0
-0.044080127,0.11429972991589327,0.010849018,1891.3216740355558,1863.5873583917876,13.391213952760593,1.0330804057248606e-08,0
-0.24854486,0.06647309128480279,0.010408339,1535.5100808246937,1785.1449645150678,14.745842955538652,1.1065846329370218e-08,0
-0.009743936,0.1697247498549884,0.009751483,2240.9666877342806,1646.4121265226104,13.67138275073383,5.379539380052864e-09,0
-0.12213811,0.057826774579466354,0.010499915,1481.5690173116425,1900.64185416386,14.611282372342496,1.0398527054455152e-08,0
-0.11883746,0.06770908860208817,0.011441026,1472.9423159885953,1667.2719466503204,13.982547016764743,1.2818334233395445e-08,0
-0.32193747,0.10856950587296983,0.011314363,2258.666625985456,2293.865005029853,15.804584665831056,8.517079591407334e-09,0
0.12986884,0.11031644250290024,0.006326167,2100.0434035683393,2046.122873155702,14.79673349060566,2.01646150484806e-09,0
-0.42178124,0.17612338674593966,0.010185585,2821.334284840907,2295.9565488744106,16.81874487981378,4.05996663181373e-09,0
-0.100181915,0.07202658243909513,0.010416157,1486.8329900480146,1654.1148942165999,13.736765224906756,1.204145980535735e-08,0
-0.042994335,0.08233826674883991,0.010435086,1671.3245048695112,1795.6334328109021,13.926698540752836,1.1188996221760333e-08,0
0.0044398275,0.08988226870649652,0.009535491,1547.124253464343,1590.0026749410822,13.189014054218752,1.097295393494885e-08,0
-0.13536629,0.112318282337587,0.010598387,2163.8025996314504,2225.9474912143855,17.21964047162169,8.557060244765476e-09,0
-0.42071792,0.20864223825406034,0.01059599,2687.818139273191,1990.5057217235244,14.15788362403132,3.857595955780715e-09,0
0.12953195,0.10230568445475638,0.011402288,2115.0145051492714,2257.8748094395787,17.24671926701829,9.278599163637309e-09,0
-0.5834354,0.17490438297563804,0.010145453,2806.915216186691,2295.772607425083,17.235124203442115,4.127500482190745e-09,0
-0.11678401,0.07839916255800464,0.011402701,1598.60783028429,1737.6470478792367,13.150593174047595,1.2650589829544812e-08,0
0.16253242,0.09912449245939675,0.010419014,2269.2111252338873,2353.1837981933363,15.131162793379275,7.452429822353121e-09,0
-0.032834444,0.07738634715777262,0.010472587,1610.3749173162307,1752.610929092435,13.19273875620558,1.1500145884812213e-08,0
-0.15254661,0.1264852360063805,0.011014244,2043.3012905093574,1946.605366152843,14.462571801007684,9.371265074871572e-09,0
0.058718376,0.16611758628190254,0.00936564,2391.1396416998587,1993.6739799051657,13.653794746250151,5.679918024802602e-09,0
-0.29690796,0.07841162449245939,0.010383887,1659.6743778096964,1826.945962227453,14.911739725253266,1.0884470130630648e-08,0
-0.1226597,0.0824300319025522,0.010953735,1706.0141538041098,1837.2219956085178,14.102263568906755,1.1212321868148988e-08,0
0.12723567,0.10281549086426914,0.01124842,2084.7952170899302,2202.9732522041627,17.3877477497312,8.881522406182372e-09,0
-0.20851406,0.15470132141821347,0.010904149,2602.5157314372964,2320.4281886087438,15.423378356995736,5.724554886238835e-09,0
-0.18558255,0.07698303364269142,0.011366793,1594.6384258260337,1759.1557779543657,14.305009133313145,1.2490653014902093e-08,0
-0.45799384,0.10447292814675174,0.010593848,1896.2841492113598,1888.7185707524593,14.225798142352216,1.0326569309356548e-08,0
-0.09230855,0.127947813950116,0.010938768,2005.5550844781503,1955.7243644980765,13.224142074736038,9.74260875620861e-09,0
-0.093098044,0.09089961571925755,0.0113008795,2063.553376879847,2182.664675150688,14.030193385760551,9.50987625836645e-09,0
-0.2567535,0.10814013558584687,0.01087828,1956.3334213660498,1984.1077573515659,15.003343749540916,9.240424071979103e-09,0
-0.34400195,0.17815015044953597,0.010339537,2382.351169682577,1848.4498703479726,15.389963667691722,5.767552853209043e-09,0
0.007318846,0.10438569460556844,0.010411071,2294.0601601829553,2329.8945020863657,14.478803290415236,7.46590285910732e-09,0
-0.12554815,0.12055222230278423,0.010389947,2236.4770829019326,2251.903881614869,17.110449072750022,8.07539816842551e-09,0
-0.1382786,0.16117472991589327,0.010993946,2624.0457436272845,2316.9849025351346,16.321490530468264,5.665284415069445e-09,0
0.07657114,0.08806622498549883,0.010211869,1699.1035582737666,1798.9192186719808,13.493228015879103,1.1236148439233658e-08,0
0.0064419433,0.11942951529872389,0.01034208,2318.472780135537,2305.9398935425515,16.965903907873425,7.534595625568352e-09,0
-0.04569255,0.11327558548433875,0.010732816,2147.2228778809495,2185.758437770898,17.394685020315436,8.092238925997634e-09,0
-0.2642305,0.1256536851073086,0.010978174,2017.5894623222896,1958.3338282302375,14.630033485927857,9.384097821506667e-09,0
-0.18537614,0.08340092988689095,0.010174156,1653.1041744627803,1823.2378183867213,13.589911331518767,1.0769149226689527e-08,0
0.06945115,0.057060932062064966,0.00969262,1251.948991914514,1635.589976410509,16.431610757462284,1.0219330052195824e-08,0
0.03453078,0.06184291618329466,0.011029135,1521.5182379306004,1917.9690889638407,15.299942540987253,1.0517084073061215e-08,0
-0.06661804,0.12268321309454756,0.011005549,1991.6218918899067,1934.5483605039012,14.127612943607437,9.675759378631772e-09,0
-0.24880897,0.06597121519721577,0.01039784,1413.1329068677962,1615.8969472640129,14.201187736014154,1.1825774828984144e-08,0
-0.1536994,0.08371927566705337,0.010712847,1639.3414284103446,1755.9625802979865,13.43339595463665,1.1984090234355781e-08,0
-0.25513637,0.07251826239849188,0.010359593,1672.7127081113633,1915.3407720819137,15.039534830517162,1.0425424929237607e-08,0
-0.01438432,0.13666890226218098,0.010359115,2413.2540953731386,2280.086517417651,15.064157515935527,7.460989462849135e-09,0
-0.026147328,0.2491401265226218,0.010952522,2986.1946725187513,2135.5899619960337,13.25095112672551,1.5852256594626902e-09,0
-0.10439308,0.07073280706206496,0.010434292,1434.1529136481952,1601.012096725571,13.191242592155897,1.2487813274751307e-08,0
-0.34105325,0.1388440762761021,0.011032959,2108.552750371268,1984.337452569017,14.54441251139689,9.172587432537235e-09,0
-0.4485565,0.11844502247679814,0.010553135,2227.7510815070596,2253.167662129936,16.887830053708093,8.228501989597652e-09,0
-0.2836,0.07158588312064965,0.010686295,1626.4968031103738,1820.9774633459326,14.502994329708745,1.1013606273535232e-08,0
-0.30187184,0.1215752338312065,0.010303342,2344.2302740622167,2311.373980991835,16.374472609774422,7.394735079417388e-09,0
-0.1863842,0.0544926406612529,0.009616125,1267.0689480985175,1502.7661658680227,16.00055396132356,9.985580834812323e-09,0
-0.29315776,0.11948729335846868,0.01062444,2261.7571250296505,2281.9709542357086,17.097644247277785,8.010060581088643e-09,0
-0.27121335,0.07199146244199536,0.010344539,1438.6582027298255,1604.9131865871534,15.748787892928087,1.210538793676648e-08,0
-0.19078758,0.10523650485788863,0.011217007,2067.366498388557,2172.992536425371,17.314289582961678,8.858249340227678e-09,0
-0.12491226,0.06907876848897912,0.011284662,1462.2831884090187,1628.9431768672189,13.345677473548973,1.2668728686930752e-08,0
-0.28559768,0.13676973064095127,0.011094188,2149.322225021207,1865.3600054397684,14.418052206321049,8.804307674678368e-09,0
-0.19040307,0.09629789914443156,0.01060481,1774.8254772198036,1816.2406636252545,13.896372289839668,1.0975516063827947e-08,0
-0.11693406,0.0850391078161253,0.011273522,1698.5072572095944,1806.8741324982268,12.827417729009138,1.1933001637156573e-08,0
-0.29796305,0.10108441487819025,0.01066486,1994.1218528571335,2049.5647137360534,14.458823560808058,9.801471655313582e-09,0
-0.12172801,0.08803450369779582,0.010228117,1721.3955173373602,1812.9205724797368,13.262863201421466,1.0912335120347658e-08,0
-0.0028264392,0.10945656902552205,0.011226862,2198.511659373968,2269.6712164622763,16.948869363721897,8.74101965343766e-09,0
-0.23474763,0.12163074608468677,0.010350334,2198.576004279992,2191.216800433363,16.397632530019305,7.910126575481142e-09,0
-0.16800356,0.07154623151102088,0.010592671,1484.729906494288,1666.573495100399,14.53453214092412,1.2257562087799102e-08,0
-0.14501424,0.1472842046113689,0.010789292,2410.326131124136,2189.579197314495,16.358516724494457,6.331832386693958e-09,0
0.08230824,0.05621691922853828,0.0101796035,1336.934942733725,1787.0659991441523,15.360003638665946,1.0710761926660791e-08,0
-0.33453596,0.1228497498549884,0.01015446,2396.9431578478907,2346.706914084515,14.688966800421758,7.17669915540792e-09,0
0.02463409,0.10669455118909513,0.01012809,1804.7279223740454,1738.3051502640433,13.582341527741622,1.0681851600769472e-08,0
-0.35775483,0.12897195838167053,0.010726972,2150.1799597259546,2034.3513722324612,15.019608460612087,9.22187134697377e-09,0
-0.3793724,0.07095372317285382,0.010344309,1568.1226866736934,1768.091874257932,14.040043114657415,1.1183385936678474e-08,0
-0.3321386,0.06230853937064965,0.011406624,1398.8990435674734,1637.7958152985796,14.05591896645311,1.2558402745090484e-08,0
-0.059059408,0.08797445983178655,0.010823703,1634.074824222396,1825.405947159502,15.177775050697086,9.196079968737073e-09,0
0.08350971,0.09462460121809745,0.010731929,1792.983450819836,1862.4854513389419,14.284600934749605,1.1036093378181533e-08,0
0.034890357,0.05700655271171694,0.0103867715,1301.8965283687808,1686.7188745631768,15.435531754776372,1.1289927708143319e-08,0
-0.22243127,0.12945457511600927,0.010155736,2373.9337182835775,2232.596901746081,16.174789687974886,6.8522127569755156e-09,0
-0.21116012,0.22656589870939675,0.01019797,2881.206962890285,2153.685988316674,13.48205705694396,3.1862382878880553e-09,0
-0.31875783,0.25752247679814383,0.010833501,3006.668778785509,2005.0984106546405,14.104529893284976,-1.769424471694924e-10,0
0.27886125,0.1699467988689095,0.010592943,2443.725169097163,1928.1213279562476,15.619838436681743,5.607938799003202e-09,0
-0.28532845,0.1394717046113689,0.009695198,1968.2825041081992,1698.987466912964,13.635530646287856,8.64099611908049e-09,0
-0.30647057,0.12390334976798144,0.01102012,2053.467545540888,2021.9392607762277,15.03944430545132,8.920975190598781e-09,0
0.16626,0.1000863272186775,0.010416014,2178.8257511649513,2297.517735596533,14.377445097488112,8.148653519624702e-09,0
-0.19479692,0.12393507105568445,0.011300558,2339.115066905658,2325.473287423722,15.261474604329111,8.66486634316552e-09,0
0.12080333,0.055248287050464036,0.010211666,1335.0536387778523,1772.9023537579194,15.440730171222688,1.083812846833051e-08,0
-0.001963091,0.056225982453596286,0.010218673,1374.2819422030034,1779.4581685457388,14.870000220229482,1.0790414785665702e-08,0
-0.29907656,0.13985575877320186,0.01013056,2569.6956863914575,2461.0042910587663,15.841093012920053,6.731586527795258e-09,0
-0.08493224,0.04938098172853828,0.010668912,1304.052522859628,1771.1511904204128,15.456831818859214,1.06687813429704e-08,0
-0.2527536,0.11752057352088167,0.010364261,2200.281178197595,2235.5731445479987,17.00022925892178,8.091371384553215e-09,0
-0.23253864,0.08518072070765662,0.01004455,1821.576311214565,1973.3913622491257,14.323220421216131,9.948159146172545e-09,0
-0.12659946,0.049562246229698376,0.010455195,1298.4450473812967,1755.3656308439536,15.239488290047364,1.1079412067793933e-08,0
0.046332903,0.11786950768561485,0.011168717,2012.0408887078406,2055.7551402974973,15.36145679884859,8.155054088966387e-09,0
-0.0891067,0.1316841284802784,0.010899026,2329.8998550590304,2224.0134711429055,14.349355287412616,7.289101176912e-09,0
-0.06772091,0.10620287122969838,0.010126168,2115.969206841101,2196.092037843077,17.582067908276642,7.751858352115828e-09,0
-0.14506742,0.08792801080336426,0.010548299,1727.0429464635715,1818.1573151983462,13.85233295098043,1.1285435687977752e-08,0
-0.407534,0.1507758120649652,0.010799795,2476.983656416084,2234.6446491316174,16.459739688952823,5.82660424882437e-09,0
-0.19690117,0.09134484665023201,0.010311547,1685.3263114618892,1767.5534258265316,13.379144743228734,1.1277790333777013e-08,0
-0.359295,0.09232254205336426,0.010154631,1926.3181763634975,2019.5955247837956,14.270598065553802,9.571044947095424e-09,0
-0.64461374,0.1175772186774942,0.010679911,2190.1803113430406,2232.931621990048,17.354391925324098,8.358594516685557e-09,0
-0.060526136,0.09974305756960557,0.011271856,2048.3040384918113,2150.0264147907174,17.4538490170821,9.073244425575951e-09,0
-0.0894454,0.23462650449535963,0.0101549765,3129.1355403917646,2479.6367474893264,14.345915209581356,3.263583302814808e-09,0
-0.070549026,0.33067743075696054,0.010876649,3550.6549700048568,2044.9337600104197,16.471868200435463,1.6529929899633112e-05,0
0.13135695,0.1014865954901392,0.01035562,2103.9814382166414,2232.6131660611286,18.096747286325062,8.337729510250806e-09,0
-0.095524564,0.07233699789733179,0.010440575,1470.0405438387904,1646.8103975739693,14.214733038450268,1.213998486324398e-08,0
-0.24409148,0.12365977559454756,0.010939213,1995.4508363470757,1941.1363914796223,13.85065548704421,9.923709514708557e-09,0
-0.14526379,0.05633247534802784,0.0104237655,1412.187948637276,1823.3564784790901,14.901902567509739,1.1209018677066931e-08,0
-0.08204226,0.13440083019141533,0.011052389,2079.6585433492096,1974.4991485426258,13.107401193626284,9.39897129563759e-09,0
-0.15720834,0.07663749818735499,0.011282762,1590.620033223948,1748.3143335409015,13.425335507274232,1.2343459334020057e-08,0
0.036019262,0.061361432352088165,0.010096424,1359.2707849154272,1757.4282838311535,15.144289676298543,1.1112517829626844e-08,0
-0.3020212,0.0926658117024362,0.010187831,1739.5205510147937,1809.778601272456,13.425177516823206,1.1034662309701281e-08,0
-0.12195231,0.17348485535092809,0.011377182,2512.9569808399156,2030.8120678468324,14.380068818069176,6.304066144301839e-09,0
-0.06986618,0.08843328560034802,0.01058013,1726.9667261597256,1818.0508403827705,13.795657906309376,1.1152218724200758e-08,0
-0.18133754,0.10873377682714618,0.01041454,2181.7158797885613,2263.4632033266685,18.076392504613672,8.247789331818948e-09,0
-0.23227003,0.12016703523781902,0.010075167,2166.280521129707,2166.400658797269,16.58382177435108,7.887491924481933e-09,0
0.030459907,0.12151179125580046,0.010432232,2046.805717946814,1933.38857453421,14.409770938293303,9.535655583619069e-09,0
-0.3840547,0.15647318191705337,0.010888711,2648.0118927068074,2396.352321214701,15.964149999274756,5.757253821081301e-09,0
-0.21685734,0.18580517691415313,0.010584824,2450.8634137563863,1857.4136895188935,15.753106920424091,5.306310023761255e-09,0
-0.36232966,0.10182193481728538,0.010593021,2034.1363033756884,2128.7570251358684,17.83971442935574,8.889235067677376e-09,0
-0.09835926,0.11751830771461717,0.010392035,2163.290086430328,2187.7488867832826,17.324415759171714,8.507807332430928e-09,0
-0.24711655,0.16268488979118328,0.010476453,2392.5957223311716,2091.151865858539,13.859071741115462,6.9285135967925e-09,0
-0.25675923,0.060845961426914154,0.010067891,1475.2738967750345,1740.8758785417724,14.962186217808707,1.0729713312443101e-08,0
-0.27479202,0.14931436702436196,0.01008374,2340.9864007534743,2106.3006958097562,13.937048020640217,7.864685659767391e-09,0
-0.05430916,0.09066737057714618,0.010602296,1740.67041525057,1817.9642511801624,13.6574757932241,1.1130223086535564e-08,0
-0.2661207,0.06975511165893271,0.010217764,1521.6183123505243,1731.922798174098,14.181669663221953,1.1477061302910947e-08,0
-0.04703659,0.12168172672563805,0.0108790295,1967.5349863651068,1929.3572062800563,13.755665924188898,9.951815112378678e-09,0
0.26732096,0.09451810832366589,0.010350664,2087.938662363848,2260.5488827230397,15.726323892305833,8.440458245947367e-09,0
-1.9330066e-05,0.20464875471287702,0.010845513,2648.1156345511854,1904.244761959271,16.09233792559796,3.3431344715994047e-09,0
-0.33989048,0.1246012180974478,0.010966567,2014.1434912970028,1995.092797814487,15.203644253698368,8.975138921879235e-09,0
-0.0909235,0.11508030017401392,0.0108945975,1884.9761543880475,1876.3715286324666,14.332425547143814,1.0241427645315465e-08,0
0.044847906,0.1058630002900232,0.011311502,2090.9167868373333,2203.8855487154024,17.754069601597703,9.108727993860313e-09,0
-0.45839876,0.0985274525087007,0.011231672,1786.074129236121,1771.9752967187064,15.250417072311551,1.1145092011239897e-08,0
-0.13840906,0.20203061557424595,0.0108357165,2561.673462574571,1884.4188483830335,14.439209703383721,4.455151448216232e-09,0
-0.03214268,0.07855323738399073,0.011234358,1681.9722525239629,1854.4258064696705,14.182341688191755,1.1078674899808819e-08,0
-0.26300043,0.048986731438515084,0.010473316,1241.6853598805928,1586.7994442725374,14.72308880960185,1.1378989829129083e-08,0
-0.16774617,0.07098997607308585,0.010667029,1617.566232249473,1874.1430018809197,15.217117187450967,1.0642726743228325e-08,0
-0.27167207,0.17239613544083526,0.010084511,2750.854551064178,2332.3449258418127,15.751778016350814,4.983598235346293e-09,0
-0.117938966,0.054756607091067284,0.010372876,1343.38877151385,1754.179423408083,14.709766192753232,1.1145821718029358e-08,0
-0.08877356,0.1365374854988399,0.010249531,2121.963073525062,1935.3802250169967,14.649317522495796,8.705735246088509e-09,0
-0.10052432,0.03631067829176334,0.010348834,994.2143135621594,1471.6467452327386,15.520582473646737,1.1265316446277372e-08,0
-0.13934593,0.07680516785092807,0.0106168995,1620.8683250265688,1760.217285851237,14.350030440162964,1.1318314233856941e-08,0
-0.14239988,0.1377870776537123,0.010899356,2179.6072008735355,1989.8900979709517,13.896795895555522,8.54545731506911e-09,0
-0.1128298,0.11455010150812064,0.011407276,2181.8461458774827,2257.5027308470458,16.60735323799409,9.555339782431841e-09,0
0.052749015,0.05318527044663573,0.010415886,1369.4057497307112,1808.5652839961167,14.479371471662601,1.0642390312949543e-08,0
-0.1641887,0.08601227160672854,0.011235456,1749.1904067786302,1861.7651722032367,14.912301546336014,1.1400087965231357e-08,0
-0.10648891,0.09024366480568445,0.011395753,1768.9429185147226,1864.4250120774523,13.71698761599217,1.1962562833349802e-08,0
-0.049332447,0.12263109955046404,0.010470149,2212.469646383964,2200.0124976475313,16.319166450639024,7.983888786421696e-09,0
-0.44560158,0.12223571635730858,0.0101584615,2277.9138733313357,2270.5967581409673,17.18775457745216,7.642200709958165e-09,0
0.07717485,0.14335869525812064,0.011294182,2463.1102593527153,2375.122736185771,17.15056894304996,8.211647026258198e-09,0
-0.27492574,0.10845848136600927,0.011306243,2073.0817249716815,2161.6725789054294,17.61993074634072,9.252677357874778e-09,0
0.06860687,0.11558557497099768,0.011348589,2259.460047670361,2313.2462251321817,17.616029468673045,8.835506229137781e-09,0
-0.26126868,0.1257930321925754,0.010524049,2350.5346511988473,2353.2483876977963,14.66100183076347,8.09705941195086e-09,0
-0.17295565,0.15436145047853828,0.01099375,2422.97822507102,2201.336928745873,16.40565921213482,6.436962004425249e-09,0
-0.044761386,0.07703174847737819,0.010529069,1551.7230524610015,1703.4656939771148,13.585163892391234,1.1969175814129867e-08,0
-0.18876888,0.07997389791183294,0.011282966,1602.9384896419097,1734.6020962076386,13.334910683417505,1.2292449241868276e-08,0
-0.1648488,0.0816460629350348,0.011375481,1678.4761730991447,1808.9614791416832,13.398380536382154,1.2052267539678106e-08,0
-0.027319662,0.12694292887180975,0.010674307,2303.757165263229,2253.6920667073687,16.719563601012627,7.801336449545685e-09,0
-0.16929889,0.08656852704466357,0.010151068,1712.8114975381661,1807.4298805526978,13.698518884784367,1.09218546946005e-08,0
-0.17574552,0.11490470018851508,0.010578897,2234.001456139239,2277.4352986868575,16.76417329536635,8.147966312102867e-09,0
-0.1518245,0.153333907337587,0.0110396715,2453.6807631410397,2237.875394260835,14.000676810376946,7.06304982874181e-09,0
-0.29712066,0.10997770446635731,0.010077638,2177.720975540221,2233.477853537324,17.010897762945966,7.444578366269995e-09,0
-0.1067483,0.08608704321345707,0.011305804,1826.0626242225044,1985.20167372887,14.772424879583852,1.1024808709061674e-08,0
-0.08258869,0.0911137344112529,0.011094188,1740.9260469732098,1844.2758378439014,13.766432995917574,1.1573789207724539e-08,0
-0.2626895,0.16100819315545242,0.010808588,2654.3337174623257,2255.753471459158,15.211275908523596,5.075453753722131e-09,0
-0.23044187,0.11099391857598608,0.0101595335,2063.917472270275,2139.049599781921,17.159818769216074,8.631042553861892e-09,0
-0.2750369,0.12191057315835267,0.010386605,2183.711747540839,2187.4517986924325,16.8507575263207,8.109435873359214e-09,0
0.04205065,0.11272499456206496,0.006394889,1807.13845225805,1779.5743285790477,15.871367243665642,2.0312230286399e-09,0
-0.18592043,0.13099079176334108,0.0112187695,2084.9863911740836,1977.3345178124212,13.011179615920627,9.164493378636307e-09,0
-0.20157212,0.11794201348607888,0.010095017,2161.1424812430873,2206.2143669362144,16.565997257746158,8.003150266004356e-09,0
-0.22504863,0.07298501848897912,0.011303751,1628.2502552641545,1846.1314979127278,14.997474961695383,1.170337021876184e-08,0
-0.23020588,0.07877075478538283,0.010181888,1653.4585995235057,1839.8908778048033,14.754021304777199,1.0818685402690552e-08,0
-0.42118,0.17607127320185614,0.010147836,2336.806053201074,1836.142764276048,15.29594858790557,5.8456901829695774e-09,0
-0.15608868,0.08294663573085846,0.010194727,1635.64711921656,1745.8075749255763,15.670331792431357,1.1025392043850363e-08,0
-0.2053493,0.08568486260150812,0.011381637,1737.7212613583417,1862.7491575742763,15.012118416673244,1.1462123843213917e-08,0
-0.042288814,0.0475694696200696,0.010200018,1319.5766166717588,1738.8132481972393,15.319956574508497,1.0095628017788955e-08,0
-0.036290646,0.17619815835266822,0.00990843,2323.778305651704,1730.7173274796814,13.74350356165685,5.175862587849589e-09,0
0.011422686,0.06050722339037123,0.011335169,1382.3338702167134,1779.958009117749,15.952312478067768,1.1812692541339508e-08,0
0.004615129,0.09266014718677494,0.01014942,2065.9726378583446,2186.5452515383968,13.66780893840534,8.659931982565734e-09,0
-0.26232463,0.13473503661542924,0.010980246,2117.810126265312,2013.0788458339036,15.002117443408677,8.842709341590937e-09,0
-0.049119018,0.07893049412703017,0.010445608,1607.5930792658048,1749.567947689113,14.081330769217635,1.161850661325066e-08,0
-0.08490166,0.07713597556554525,0.010411486,1613.2939264013614,1749.5166384510992,13.313065816749555,1.1418636426403851e-08,0
-0.04302995,0.08288885767111369,0.010607306,1677.1936169595224,1792.9967613900296,13.889339731362687,1.1454595100394349e-08,0
-0.10816353,0.05968586861948956,0.009881039,1301.1618138678336,1684.8106699026748,15.989432682169943,1.0691852461496036e-08,0
-0.04873869,0.07637353175754061,0.010427492,1607.8224433861628,1749.8039913627626,14.251126084633425,1.1355658820519019e-08,0
-0.11884341,0.14691827689965198,0.01090858,2180.6830998467244,1979.4783118881364,13.061535250529996,8.738053692466242e-09,0
-0.299411,0.14351503589037123,0.009957029,2551.7752445312562,2311.6976280126078,16.775904185247295,5.757505663022521e-09,0
-0.19591084,0.10419310107308585,0.011233749,2062.185017462224,2167.6403668442836,17.653971670215046,9.053272595761205e-09,0
-0.035230808,0.07181699535962877,0.010630344,1495.5591599016418,1679.939089607141,13.78704745686689,1.2106626462908934e-08,0
-0.10996639,0.08580381743039443,0.01066487,1692.8685667854163,1801.5917448855068,14.238046553009609,1.1469512311753462e-08,0
-0.11726193,0.0812427494199536,0.0113411285,1643.4894560942873,1780.1010026126985,13.545355454226891,1.2368433730708089e-08,0
-0.23501797,0.1370574880365429,0.010386353,2458.170614260903,2252.2260431197565,18.70501940221234,6.659283158434685e-09,0
-0.13847464,0.0763622027262181,0.011350251,1600.0810915317688,1753.6691048658827,13.493807096428343,1.2295590762836176e-08,0
-0.10856043,0.12188111767691415,0.010529943,2236.0527183067074,2228.991995237761,16.630907862214055,8.25305030078609e-09,0
-0.07365951,0.18295932424593966,0.010961068,2523.463441665994,2083.6757845268676,15.182282371975411,6.015888923560038e-09,0
-0.2816238,0.13187332330336426,0.010152016,2306.9093749842264,2211.4295774106176,16.201749255141458,7.206494428293651e-09,0
-0.20643206,0.0853755800464037,0.01141105,1741.7697146901025,1861.556489558042,14.92642217191788,1.1569841064829643e-08,0
0.041219868,0.08324798796403712,0.011441963,1700.360487347518,1812.7185776087567,13.227157398271443,1.1866018013507051e-08,0
-0.05394743,0.04857548760150812,0.010159681,1220.531328220278,1684.06892003928,14.354498470212832,1.1060072197995823e-08,0
-0.09470079,0.07707706460266821,0.010676061,1535.5170687441243,1683.385265598604,13.965065752628409,1.2081690424051966e-08,0
-0.2062813,0.15552494199535963,0.010909056,2490.7431266434833,2234.2544675513814,13.821794332341055,6.791356473181073e-09,0
-0.14558938,0.1108375779437355,0.011259012,2130.7296415167134,2219.8850569197402,16.97803039060795,9.167267056211222e-09,0
-0.22118136,0.05096251450116009,0.00975076,1216.5755004494386,1611.9131481163831,15.2114715424367,9.851652176825785e-09,0
-0.09884144,0.052431889863689095,0.010979039,1212.8017882602078,1598.9362914168385,16.97592096459394,1.0896968506495311e-08,0
-0.10111553,0.07887158316415313,0.010862105,1606.4171250365832,1764.6380002274861,14.084315939530756,1.1964720757736416e-08,0
-0.04865189,0.1106517818300464,0.010389022,2148.9490936230195,2203.021134183054,17.144370692471107,7.999749418297093e-09,0
-0.09342848,0.07628629821635731,0.011409294,1603.3078192583978,1753.3621402052934,13.383928592608159,1.2339159821374215e-08,0
-0.2752896,0.09195321563225058,0.010587298,1761.6100214844644,1834.575288324161,13.938694729931692,1.1157613398339474e-08,0
0.024810083,0.05871497063515081,0.01062331,1383.23592927458,1801.0722791599164,15.839632299840249,1.1126378805114441e-08,0
0.074527,0.10710013051044083,0.01019884,2165.716060775961,2183.9541575914363,17.273236244544027,7.433732586154415e-09,0
-0.24236599,0.09202118982018562,0.010399551,1852.4808613865127,1984.6623335871784,14.666435651504917,1.0299846980871699e-08,0
-0.13230425,0.11635594910092807,0.010407426,2170.4414065817637,2216.9409929512217,16.66948310069679,8.479066029859608e-09,0
-0.14990494,0.14168879604118328,0.010887862,2373.727262122556,2257.627865808706,16.63218978216496,7.3128277014062976e-09,0
-0.18762717,0.08505156975058005,0.010702956,1601.0271630903858,1793.1652524876888,15.121286871203495,8.876557074298607e-09,0
-0.067182615,0.0746016712587007,0.010671932,1518.8051904832184,1682.7837243534311,13.690613700834547,1.2172317815101367e-08,0
-0.16847602,0.11035949282192575,0.010347448,2160.883047147068,2249.7464956613726,16.66800889367513,8.366242784345784e-09,0
-0.15986755,0.11900014501160093,0.010878769,1962.6231392106806,1918.914831687617,14.391706022391833,9.98586574233792e-09,0
-0.3193676,0.0634697650812065,0.010145612,1415.0839438925648,1632.5273122642673,14.294148520009363,1.1601117782083723e-08,0
-0.09017834,0.13011845635150812,0.011036586,2020.8580129792622,1942.2068026823997,13.668050464839418,9.636569191865415e-09,0
-0.14562482,0.07801284258990719,0.010599462,1677.9383783095154,1861.3859696048728,14.833432021893604,1.091575277023122e-08,0
-0.2680478,0.16021402805974477,0.010917823,2629.9628051678083,2367.9668959117503,15.6092202866521,5.8897872724723236e-09,0
0.049177513,0.06827554016821345,0.010148192,1451.109830528042,1656.371771759667,13.750715163517395,1.1693133643395689e-08,0
-0.13376682,0.11479934019721577,0.011309748,2182.713881006948,2248.7732066004214,16.880656933526037,9.131732082892768e-09,0
-0.0682082,0.11545868982018562,0.010372876,2159.657380840236,2198.755696364808,17.405066209147734,7.948207177631426e-09,0
-0.27295706,0.07184078632540604,0.010175521,1587.6409594254567,1819.3846001872926,14.808564476153766,1.0848184530021071e-08,0
-0.052653942,0.07606991371809745,0.010155007,1533.2279168295024,1676.4193465748913,13.196932137999017,1.1591067038541376e-08,0
-0.16409849,0.06439987855278423,0.0105801,1467.2235674207716,1892.5432240548535,15.355656902492296,1.1045647941629605e-08,0
-0.12680823,0.06694891060034802,0.010427273,1429.5529354630123,1618.5530581306123,16.220559896769572,9.53115331755703e-09,0
-0.1495186,0.0867237347737819,0.010427671,1720.440697350952,1815.2712729849163,13.835644781852393,1.1109558220716199e-08,0
-0.13661829,0.10102550391531323,0.010441298,2029.1409942084274,2163.533531815018,18.702310400061176,8.696077259289274e-09,0
-0.29365003,0.11265928618039443,0.010815463,2021.4761429235514,2001.6676683578407,14.952687156856065,9.000395920428542e-09,0
-0.03314518,0.08375779437354988,0.011297171,1696.690613075598,1805.309758878066,13.654643026835702,1.1936877172644888e-08,0
-0.24994285,0.060617114994199535,0.009630311,1353.1762001265458,1599.0365753520043,14.680786066254463,1.0240729169379625e-08,0
-0.30591953,0.06552938297563805,0.010304776,1373.5635813931156,1748.171955056595,15.99504777114511,1.1147978748705671e-08,0
-0.23165795,0.10860915748259861,0.011310376,2171.9920214974645,2259.4642164598336,17.976885487931774,8.915129058042032e-09,0
-0.014008229,0.05524148963167053,0.011307187,1316.3163112673774,1742.5048960259235,14.81815109125444,1.1966402931599383e-08,0
-0.0726129,0.08543902262180975,0.010466018,1699.2404947314385,1806.786257637374,13.478241679444404,1.1216004150833513e-08,0
-0.36160368,0.12959052349187936,0.010628917,2107.815991647755,1958.3895030600659,14.010279086196524,9.660707969478381e-09,0
0.22900654,0.15414846468967516,0.010941504,2501.3422721955576,2251.689620658396,16.167225471534355,6.39150250557991e-09,0
-0.30146778,0.10134724840487239,0.01123653,2021.1576620649612,2133.7795164596128,17.817479236695913,9.255168460100918e-09,0
-0.013926909,0.11362791835846868,0.0101258615,2213.349589445544,2204.3196552841023,13.74579760997259,8.32037059389746e-09,0
-0.26391307,0.058172310034802784,0.010414246,1489.145513593074,1878.7051817296233,14.711898182336828,1.0683664896295907e-08,0
-0.2387029,0.1226458272911833,0.011027461,2083.497914089455,2091.8576473999383,15.239446924774361,8.27447088155127e-09,0
-0.05456294,0.18174711789443154,0.010761449,2457.6549742742886,1944.2455084724197,14.232638629842747,6.243700532764384e-09,0
0.23737597,0.10314743148201856,0.010552858,2036.9032092318603,2149.6790526074788,17.68312976481385,8.645192746543884e-09,0
-0.2651765,0.16237560723607888,0.0101872645,2657.607572906676,2283.6991318187106,16.215333674223665,5.335180207684532e-09,0
-0.023399929,0.10779233432424594,0.010129106,2286.3886219129167,2329.133517441151,14.369445623650183,7.424054737428692e-09,0
-0.1446966,0.08405234918793504,0.010677168,1698.1230625749427,1820.907822775978,14.28007870485307,1.1407138998919279e-08,0
-0.13603058,0.08789402370939675,0.010646545,1723.9238651283488,1813.1317037970318,14.013418848920844,1.1298750931030664e-08,0
-0.00086701196,0.05393638522331787,0.010378397,1321.2765398025185,1753.5865547156138,15.172044410120542,1.0935110624999797e-08,0
-0.24188387,0.070321563225058,0.011323297,1605.7801869580162,1827.4218673183382,14.945932061547042,1.1720338938705428e-08,0
-0.1665907,0.2360392347012761,0.010211567,2863.6035897888582,1987.111077899015,13.343757336048288,8.896835124908606e-10,0
-0.07099478,0.07775114196635731,0.010379603,1599.349264874035,1748.4159296205419,13.972747900524267,1.1503240410824124e-08,0
-0.24877088,0.17281417669663574,0.01037369,2526.913044308191,2052.8448041032225,16.027338006735146,5.400799320735082e-09,0
0.13159662,0.06957158135150812,0.010606095,1453.7889351978522,1833.630809211328,15.44092288757115,1.1215883438151765e-08,0
-0.056236796,0.0760687808149652,0.010450329,1585.4371874614262,1736.958614419808,14.04200556038435,1.14629119015863e-08,0
-0.06557508,0.11951335013051044,0.010206173,2250.6020301140325,2216.5524928400964,13.614901476934628,8.285576192185654e-09,0
-0.14739448,0.06322619090777262,0.010121121,1324.1978965158412,1677.8714933823517,16.28190487796474,1.081541347262361e-08,0
-0.27856383,0.06945715813515081,0.010106922,1629.3270580627252,1857.46835273045,14.87355175408194,1.0220477852627727e-08,0
-0.05693242,0.12354308657192575,0.010977518,1984.5030407616205,1931.4648350575478,13.660124282974852,9.793114303666821e-09,0
0.15430361,0.06528920751160093,0.011279228,1411.3768532397773,1815.3516438073327,14.909619998401995,1.1418423711210375e-08,0
-0.057973698,0.06718115574245939,0.011362658,1449.4660685305903,1657.6897732491148,13.51585246096154,1.287591693343674e-08,0
-0.2175834,0.08849559527262181,0.0104196,1705.5477480278917,1796.3444863176508,13.187000995550498,1.143040587290343e-08,0
-0.07207474,0.0937613290313225,0.010846156,1782.8572236749826,1951.839609083719,15.355471328462574,9.108453714128912e-09,0
-0.27763718,0.07011877356438515,0.0103711495,1620.273264937066,1841.1820015029748,14.857325465848174,1.0839629228593573e-08,0
0.037710637,0.14374841393561485,0.010805887,2354.7221102612225,2192.6619897751148,16.16796552400507,6.84980753233177e-09,0
-0.2753768,0.09460307605858469,0.010420684,1797.2022650729728,1872.6613181009893,14.909079372933974,1.036675527082573e-08,0
-0.1680763,0.088365311412413,0.010409249,1771.4562082538805,1865.4398050668963,14.913429409247774,1.06721658921135e-08,0
-0.08240464,0.19056790168213458,0.010371879,2567.0918035046175,2055.061762860266,13.810744409521924,5.833097413152515e-09,0
-0.076261565,0.0880854843387471,0.0103986515,1725.2025884612574,1816.254192075716,13.482454200474178,1.10738394339738e-08,0
-0.042537943,0.07807628516531323,0.01015029,1554.173861959027,1688.3379631191422,13.638508364416124,1.1656224107863016e-08,0
-0.19282275,0.11478008084396751,0.010357965,2248.7967374613017,2278.518035207276,18.15249096796049,7.662768366445244e-09,0
-0.39597553,0.13303908062645012,0.010897918,2409.206946122963,2230.1835922267433,17.70003245036142,7.077394370069503e-09,0
-0.20401472,0.11572265625,0.010115653,2200.1355306195283,2207.510872886915,18.79538267239429,7.549723665167262e-09,0
-0.21026784,0.061651455553944315,0.011287087,1423.0725182060712,1664.4562362980173,15.338415306119419,1.215259862505474e-08,0
0.052465916,0.11295723970417633,0.011342616,2257.649090541918,2375.8525552307733,16.441929445954717,9.084830631805017e-09,0
-0.054854088,0.056425373404872387,0.010196601,1266.2281790089041,1617.5634407379346,16.703039694927618,9.50039111524346e-09,0
-0.0944597,0.05756620685904872,0.010671823,1371.6158102434836,1807.595435696748,15.66173633455605,1.0903907880494183e-08,0
0.007030082,0.11341379966647332,0.010481279,2150.439170254164,2205.5450566288728,17.454320538710757,8.429572408011202e-09,0
-0.08590621,0.09104802602958237,0.010424371,1696.6890270083932,1767.5088499779986,12.983312674405596,1.1673697095836003e-08,0
-0.08163095,0.22028281793793503,0.010517815,2726.485460670157,1971.0288648358471,13.366131556253553,2.6760008324469798e-09,0
-0.08140418,0.1020575786687935,0.008698442,1889.7849255684237,1833.4077767684362,14.405648652638805,7.0223484142334475e-09,0
-0.25497505,0.11724301225348027,0.010158527,2141.7733582233896,2097.1494066909427,14.062909463887426,8.793696149386504e-09,0
-0.18306819,0.10531694098027843,0.011327502,2035.670187489825,2142.1063057207007,17.161450253452763,9.52174160776065e-09,0
-0.03355493,0.07750870069605569,0.0104176905,1613.4340422415196,1756.8222874476537,14.056679783445858,1.143417520115854e-08,0
-0.07011923,0.11048977668213457,0.010919157,1887.4726481977993,1991.7223800664715,15.34597982782122,9.189160408340002e-09,0
-0.23366877,0.11473136600928074,0.010697637,2222.212535079094,2262.4086050615556,17.481747214809523,8.257040840841049e-09,0
-0.39535612,0.12584854444605567,0.010394196,2432.588682135724,2315.0298876978286,14.490074235452537,6.978944324721005e-09,0
-0.018343162,0.07131058765951276,0.010431389,1454.8323618945258,1630.2573459681378,13.718671197645367,1.242406611103759e-08,0
-0.035129122,0.0805777352813225,0.011410483,1660.7490144596195,1800.9679490767514,14.880969555707908,1.2220139653453668e-08,0
-0.044789813,0.0777171548723898,0.010169934,1591.5440355152089,1740.246634810566,13.46387226932596,1.1427362041679621e-08,0
-0.28714544,0.13823684019721577,0.0109359855,2002.895378220236,1889.0361393708627,15.916432579687118,9.298545694984988e-09,0
-0.06599896,0.10886519359048724,0.010940936,1861.3690891579538,1974.1927075344674,15.331731180199748,9.150730143367684e-09,0
-0.18185437,0.039538319315545245,0.010594296,1127.8468481795433,1608.0904180151367,15.758361384800988,1.0618748046590668e-08,0
-0.14143021,0.07220444823085846,0.010387417,1484.8354512340268,1822.650036002875,16.00883049941883,1.11603912995197e-08,0
-0.2636167,0.07955925536542924,0.011320293,1626.2393080609393,1770.487008179953,13.804836391762823,1.2421204007251833e-08,0
-0.029657913,0.10541210484338748,0.010115802,2155.791815807225,2201.0843881694086,13.717336301061255,8.47780177323682e-09,0
-0.25489765,0.0774509226363109,0.0101933135,1668.9754145880117,1864.1014550888058,14.708060611224735,1.0599894746652454e-08,0
-0.061659694,0.09569519467807425,0.01037996,1708.3445055536463,1752.1956799191742,15.0512244988259,1.0852398466462731e-08,0
-0.20129044,0.05757753589037123,0.0101625305,1656.639762732008,1915.3710324153592,14.670706808967875,8.590043050032617e-09,0
-0.04216487,0.11722261999709976,0.010634692,2166.400445506283,2189.550848250933,16.68571707591652,8.322448827731952e-09,0
-0.03751733,0.11585180720707657,0.010771209,1949.9485460979613,1911.4745363616883,13.998252009479227,9.925326850881611e-09,0
-0.4097649,0.08020840886020882,0.010412519,1733.7842153521835,1936.7354578661193,14.380969971896349,1.054286897815363e-08,0
-0.25974762,0.14530728864559164,0.011031981,2207.7653784734534,2068.341579628222,14.942646826451732,8.392513467252262e-09,0
-0.13010842,0.10991086318155452,0.010103078,2064.2185300448564,2134.650432623118,17.96415925619764,8.1597355123393e-09,0
-0.4496413,0.1541801859773782,0.010928425,2468.7129038924113,2261.0580372235295,15.996266807181325,6.500022505496374e-09,0
0.13672984,0.14633823049593966,0.010862897,2424.9573771383466,2251.154678014113,16.603356905957433,6.764458313546548e-09,0
-0.046286188,0.07894182315835267,0.010434056,1599.7704960285262,1741.3475563518818,13.822792433190743,1.1692826272854563e-08,0
-0.12988883,0.17313025667053364,0.009424345,2372.669991678855,1892.1466255349933,14.615236748759774,6.06567739839889e-09,0
-0.21197177,0.132817031612529,0.01096841,2142.8124332253,2053.7737460055064,14.573926984066675,8.84752690578733e-09,0
-0.19510645,0.14477595707656613,0.011279048,2559.7026478801517,2369.8650647034287,15.340501143393253,7.135200426040482e-09,0
-0.30965444,0.08631702254930394,0.010161342,1786.450802850253,1953.7193462228256,14.406098456785646,1.0161740730499556e-08,0
0.05877706,0.06784616988109049,0.011377766,1428.7923301218284,1814.053084984106,15.218139920414083,1.162141208617486e-08,0
0.15512022,0.10831007105568445,0.0113096,2055.4610007237097,2173.959317927533,16.810461612333697,9.86161219665605e-09,0
-0.31955764,0.11712065871519721,0.011245924,2166.5167712438174,2213.0011249209438,16.97184137815169,8.96817228427098e-09,0
-0.048301548,0.14061480387180975,0.010900953,2376.546320472263,2220.0204436483905,16.065816564185234,6.890149257369791e-09,0
-0.087065384,0.068345780162413,0.01038895,1457.0827486222609,1641.8663581678386,14.247081789618113,1.2023594112621466e-08,0
-0.22285806,0.09765285129060325,0.010635654,1998.5103474716125,2062.843092669469,14.629919426123694,9.516617697272689e-09,0
-0.31088966,0.14886800319025523,0.011189374,2299.9888130570293,2005.6565191112406,14.825369223350027,8.295984441975165e-09,0
-0.28025332,0.06050609048723898,0.011447354,1391.115670467463,1820.4209651948129,14.448698780857335,1.223489848380107e-08,0
-0.33045274,0.15459369562064965,0.010412486,2618.3041278066426,2380.3554598949727,15.099350908331617,6.38678039412691e-09,0
-0.08347159,0.10273845345127611,0.011366751,2199.65120966406,2314.2640371438292,15.888255523431372,8.767755173718276e-09,0
-0.49095112,0.12501925935324826,0.010368071,2378.2024193046996,2225.8087665627377,18.106808322686625,6.8652281322183255e-09,0
-0.26054436,0.1190397966212297,0.010917198,2016.000348390965,1988.6887623712496,14.472312106474508,9.31805817629211e-09,0
-0.24589695,0.11584161107888631,0.010161035,2135.840760133261,2178.513236643322,17.404237958677832,8.15965435505494e-09,0
-0.13954002,0.11414112347737819,0.010711338,2123.3725479839986,2188.217224569198,17.14123432120702,8.843546131316003e-09,0
-0.4249766,0.14985362891531323,0.01087499,2360.027471592809,2201.3036439420575,16.203849669514,7.016080897459599e-09,0
-0.10754751,0.07984587985788863,0.010245941,1623.6302756844045,1765.994522917761,13.490250446203481,1.1498092035197704e-08,0
0.057724133,0.121577499637471,0.010363389,2336.8738052023677,2339.0887666753215,17.392149869079326,7.537763824221814e-09,0
-0.2843595,0.08542316197795824,0.0101347985,1868.8154141375014,2019.4272671694964,14.273060545932594,9.668172139544856e-09,0
-0.2030446,0.12359066850348027,0.0106956735,2250.2091777731534,2228.929015616663,16.898966216490702,8.063496040123185e-09,0
-0.26083148,0.09651201783642692,0.010918965,1859.1394948133836,1923.6968593196225,15.142028491998865,1.0599833684250156e-08,0
-0.12930891,0.13413799666473317,0.011038475,2038.760397284538,1967.9495934969386,13.60068872335643,9.79631989861563e-09,0
-0.52902186,0.11845861731438515,0.010812532,2245.9210183897712,2228.3642495456966,17.12396511113993,7.956370219251789e-09,0
-0.3274089,0.1977244507685615,0.010777334,2580.489856003004,2039.7471140269508,13.405183797877319,4.715496342967183e-09,0
0.019430092,0.11656213747099768,0.010807602,2210.4152715261635,2219.502984371179,16.89250586966789,8.149095508823249e-09,0
-0.16966674,0.12318735498839907,0.010085065,2301.3411081742383,2290.603773840949,16.899457860778625,7.324504202197122e-09,0
0.14916664,0.15338828668793503,0.010939146,2421.802192859332,2223.7817328118977,16.67208596120115,6.526681082353548e-09,0
-0.081490174,0.053502483323665896,0.010224489,1264.1542980375887,1627.2263969319313,16.472460242861647,1.0279124804662103e-08,0
-0.024648292,0.08134697650812064,0.010205614,1627.2887238511491,1753.477144081482,13.397245595287943,1.135243967067815e-08,0
-0.12043187,0.07789502066415313,0.010407402,1596.9813556072581,1743.9471274602163,14.019157567614995,1.1548549038937029e-08,0
-0.2941703,0.07524176152842227,0.010436171,1648.8466533250084,1847.385359648239,14.648543918520327,1.0846892428237857e-08,0
-0.29187632,0.10602840414733179,0.009952827,1794.1987540625432,1748.7529402709836,14.956604868165831,9.135438105169329e-09,0
-0.32360926,0.11618714653422274,0.01017198,2126.186293907332,2161.4341201817465,17.216632566940167,8.14676420723512e-09,0
-0.17811927,0.12153444931844548,0.01012664,2233.5717628766997,2200.270240646365,17.491733531177136,7.745187482407578e-09,0
-0.078967825,0.07271538754350348,0.010822787,1671.4910876714193,1984.748667096077,14.814230955572913,1.0628750169564852e-08,0
-0.10025604,0.08538690907772621,0.01139006,1710.322018737199,1814.298049743803,13.455266894400225,1.1991898633909817e-08,0
-0.24742338,0.07683688913863108,0.010209672,1627.5699421443992,1841.7732232533617,14.623775758689556,1.093991427909416e-08,0
-0.14931418,0.0865334070475638,0.010163401,1711.7671259313913,1805.6966987108144,13.51326212459128,1.0983856478594931e-08,0
-0.25655752,0.0886700623549884,0.010238264,1719.2863542927012,1811.7440552436422,13.699892838248767,1.1016414598541094e-08,0
-0.01881617,0.06666681772041763,0.010409373,1405.0623900897392,1614.759240432114,13.728745080454411,1.2346594257158942e-08,0
0.016399931,0.08195874419953596,0.01025387,1635.7443133683798,1754.51998838206,14.099856363690005,1.1379595418432823e-08,0
-0.23995408,0.17593419192285384,0.010880218,2574.9109830356506,2046.8909130999516,14.719998072122925,5.052230323140189e-09,0
-0.33275253,0.09558983468677494,0.010598423,1830.790716133911,1883.4372049407307,15.122221490461662,1.0482989704080782e-08,0
-0.29708806,0.1599772513051044,0.010860133,2636.5022351562616,2249.036786055209,17.06843889432075,5.596212810833333e-09,0
-0.3402728,0.12948742930684454,0.010667307,2291.8202374681664,2229.59866983352,16.27231615081119,7.848188903492113e-09,0
-0.22995262,0.11438129894141531,0.010836832,1910.2705469672258,1901.8539397907064,13.092847012665992,1.0476678074484119e-08,0
-0.11186245,0.12264469438805105,0.0100849485,2276.9128840202216,2237.702885578531,16.36856638202267,7.466771502999964e-09,0
-0.28711867,0.12445733939965198,0.010080917,2281.8485935416365,2262.595742745954,17.29990593970009,7.55312835270154e-09,0
-0.014141288,0.10568173578886311,0.011360287,2037.1013895858173,2144.389759575809,17.68126143199087,9.05118348238937e-09,0
-0.1790514,0.07623984918793504,0.010398243,1661.735878151841,1864.090870160769,14.683843551580747,1.0953679741079902e-08,0
-0.5217264,0.1487717064240139,0.010900293,2455.7545110834535,2262.203361089739,16.93511609626864,6.403985964518114e-09,0
-0.08428234,0.11469171439965198,0.011252379,2367.4684479696107,2370.931552899308,15.616963106490276,7.975742560342831e-09,0
-0.15003473,0.03853796584976798,0.0100916065,1021.5318500942687,1489.144204441122,16.328826976191497,1.0804470516263858e-08,0
-0.4776197,0.1137582022186775,0.010096828,2200.158590520363,2175.370859002333,19.07392885915476,7.074301472156768e-09,0
-0.16422893,0.11023940508990719,0.010366328,2069.9004255211694,2068.281422276803,14.101422962148927,9.440547039859032e-09,0
-0.09485233,0.08987093967517401,0.0110451095,1738.4885710043875,1832.4085141273551,14.089214681362874,1.1333062246586453e-08,0
-0.16622421,0.1207062971287703,0.010932509,1865.7799846497796,1833.5921262828508,15.550103522655006,1.0130605837282807e-08,0
-0.09181411,0.0800022204901392,0.01126478,1623.2081748960022,1759.2354202808392,14.830314348326624,1.2035037395530598e-08,0
-0.2058713,0.11522644467807425,0.011267762,2232.8031697907813,2193.523924846396,17.10412924011043,8.38940192222379e-09,0
-0.017359748,0.04000054379350348,0.011235013,1041.7361146021583,1534.1434466093194,14.70462786369296,1.1790163424162215e-08,0
-0.11642861,0.08732077472447795,0.010542916,1728.5049703800503,1819.8630056424117,13.465511103462743,1.1209945687938592e-08,0
-0.010472108,0.0671924847737819,0.010821327,1565.7737901587627,1933.0421911284648,15.159526178733806,1.064794734724722e-08,0
-0.19356033,0.09967734918793504,0.011296586,2201.943476292966,2278.703856180293,16.135371654071733,8.310533390959888e-09,0
-0.26500827,0.12258011890951276,0.010495828,2276.8879420630105,2253.8639551537353,16.61824924781138,7.786171111257927e-09,0
-0.2106947,0.07001794518561485,0.011311331,1594.1651749775076,1836.78934232673,14.9922190216825,1.1675157233219528e-08,0
-0.32428527,0.2108162793648492,0.011171113,2797.7292764373824,2072.3063385600294,15.539993190812039,3.2541984136238625e-09,0
-0.2526347,0.11048524506960557,0.0112949945,2138.154734707539,2190.844425385927,17.101414002671056,8.68360057542857e-09,0
-0.010398352,0.13808163246809746,0.011222076,2471.078061407133,2237.9059135691173,16.570017046858737,6.8957726900563184e-09,0
-0.2934654,0.1122242513776102,0.010585675,2098.7250768207923,2153.5223676011037,17.76788373198117,8.683272855092249e-09,0
0.18438327,0.11048411216647332,0.010496503,2176.2644723266453,2214.9736926319347,16.611465312370093,7.946728073759076e-09,0
-0.25306,0.12242377827726218,0.011003008,2049.928331882718,2027.6296333016103,15.016970831025677,8.758373253842726e-09,0
-0.11914513,0.07385961970707657,0.00997044,1441.870830772323,1578.998535776867,13.764787500899697,1.2021043431063828e-08,0
-0.30794495,0.11668449100928074,0.0101789115,2230.3993326092036,2253.806494410394,17.608190724973017,7.798316429529185e-09,0
-0.03510752,0.15264510223317865,0.010997774,2413.828152282031,2212.0995294924624,16.399462342760014,6.423963363632238e-09,0
-0.075920634,0.20546897658062646,0.010945421,2715.765545941185,2173.7461097270966,14.165755540820658,5.161312985519898e-09,0
-0.3236002,0.17341574825986078,0.010672815,2605.718054789745,2229.1717010351304,13.905064288758261,6.564712176797744e-09,0
-0.04262972,0.047687291545823664,0.009852704,1216.5998494146008,1643.8788840190084,15.719563198459788,1.0047173334465477e-08,0
-0.39826342,0.12106429451856149,0.010113104,2310.254373290465,2237.317734792288,17.501236355352532,7.107365895342249e-09,0
-0.25772524,0.15167533715197215,0.01101824,2535.646741776318,2320.6489465406935,15.893353695704295,5.85123465488652e-09,0
-0.265593,0.11605799557714618,0.0110629825,2004.2788079693598,1869.044994630068,15.646133479404366,8.716307046461098e-09,0
-0.4585433,0.11521624854988399,0.010178405,2389.106411832959,2392.364945090743,15.453085079502108,6.977003651623925e-09,0
-0.26610446,0.15196649325696054,0.010363115,2581.931439343745,2255.2076007613687,15.983689297864805,5.791940356793218e-09,0
-0.064918764,0.07611522984338748,0.010403256,1597.9495513371612,1751.9455142490874,13.138927169182821,1.1287957720167292e-08,0
-0.24619207,0.16067058802204176,0.010851057,2498.0786173117313,2188.9086436277726,13.921883338666342,7.342434849688613e-09,0
-0.15744063,0.10265801732888631,0.011345467,2016.0649160696323,2063.9343049779477,14.3141571156135,1.0233478990817078e-08,0
-0.46898225,0.11284168358468677,0.010139211,2223.905627522977,2265.5916673639517,18.135826070242988,7.817097837152162e-09,0
-0.36501765,0.1150440472737819,0.0100818435,2215.6794452700146,2243.700750228882,18.077037974193495,7.783002544263894e-09,0
-0.26107103,0.14732612202726217,0.011114155,2174.783490557909,1971.154228359914,14.411489458655941,8.683313100154757e-09,0
-0.044134453,0.08444773238109049,0.011294002,1663.4818965489333,1778.1437426103314,13.059009840667434,1.2136930761700701e-08,0
-0.21652517,0.22829810759860789,0.009235576,2733.7934688599776,1957.8148348473594,13.498812104704687,4.590400462529447e-11,0
-0.055090547,0.07268706496519721,0.010390293,1474.1838291749737,1645.602524176818,14.064910923926524,1.2177238160205468e-08,0
-0.11267513,0.11760780706206496,0.010161982,2381.5906590951213,2350.646566852603,14.671221050936989,7.131157306617732e-09,0
-0.0479225,0.11853452182424594,0.010697052,2201.5668601465427,2213.907362348909,16.80166862296582,8.35565658975169e-09,0
-0.36964184,0.13459455662703015,0.010553589,2431.5384235309325,2314.9469936610126,14.247717833292588,7.513818408051393e-09,0
-0.04194574,0.14155851218097448,0.011358089,2503.3759067574747,2260.4177583926394,15.629525054821984,7.0124083180789e-09,0
-0.110768944,0.08474568590487239,0.010419338,1689.7218830317374,1796.253705596126,13.313823544433571,1.1371222338666976e-08,0
-0.20857885,0.1263730785962877,0.010909676,2044.8755779420983,1952.661374371629,13.15440275172891,9.411884384236075e-09,0
-0.19830203,0.1268477650087007,0.0103737265,2313.9752639613343,2306.4497572348887,16.61893794718544,8.120671681826531e-09,0
-0.2824946,0.11640239812935035,0.010285379,2190.8430120273442,2216.245316121696,16.75852395039818,7.999460630653673e-09,0
-0.27749893,0.17162916002030162,0.010748326,2412.167973540371,2006.814571121994,13.963379475018362,6.513135870133035e-09,0
0.18961123,0.12028485716357308,0.011093304,2053.933345766729,2094.7986217144776,15.275493221927237,8.17848551211484e-09,0
-0.026806958,0.05749709976798144,0.01121975,1397.2569491707723,1826.7859492250204,15.045406340562524,1.1694474203526249e-08,0
0.005940254,0.07272558367169374,0.010195719,1463.3453659830284,1620.6535585634406,13.602981029016,1.2020456382086078e-08,0
-0.036083214,0.15289207511600927,0.010931889,2375.983068882267,2221.5615318450955,16.103911473013778,7.380221815514781e-09,0
-0.122682564,0.08237565255220418,0.011213221,1689.163041428107,1811.7444112799524,13.221015889104734,1.1898468298282181e-08,0
-0.15919337,0.11901713855858469,0.0097569795,1889.8387253785352,1778.222298315508,14.965359303456687,8.337968819180113e-09,0
0.022548862,0.13272753226508122,0.010405624,2362.414699070788,2258.4710647488196,17.562566374014835,7.3190708164710175e-09,0
-0.17955813,0.126446717299884,0.01094772,2365.2862322645888,2258.356994106196,15.939547238134917,7.586042339168896e-09,0
-0.45587313,0.07028417742169374,0.010293478,1616.028206349864,1771.0298270217206,14.780105446188681,1.052584779448806e-08,0
-0.11929871,0.08036701529872389,0.011312298,1673.5995909599333,1799.2811889129744,14.091745156468235,1.196298023021826e-08,0
0.0024626926,0.1093772658062645,0.0109159965,2065.5638009846684,2149.458715629382,17.412004177882334,8.960158109137409e-09,0
-0.15622953,0.06246261419663573,0.0113056805,1486.279065239329,1864.672644597526,15.024526524676574,1.1480887132925885e-08,0
-0.010002073,0.08224196998259861,0.010418202,1624.0324893157156,1784.7142174516393,13.887929803359887,1.155754620122741e-08,0
-0.24269019,0.22094443336716937,0.01132881,2809.5908430032237,1857.4449721702888,15.391914995223429,1.3113700972322204e-09,0
0.06903773,0.11275105133410673,0.011321386,2215.0919815435195,2249.2300484456314,16.595323049245298,9.129308490945235e-09,0
-0.07285713,0.09747725130510441,0.010634085,1792.0934152246678,1848.6516652712357,14.0539638806703,1.1152092385534682e-08,0
-0.2677792,0.07285360172563805,0.011305613,1691.860229228688,1994.242556807115,15.084096995128885,1.0343064986166426e-08,0
-0.2649877,0.1463744833961717,0.01137558,2668.8120377758396,2361.4946151293516,15.440349861269437,6.0165333616452624e-09,0
-0.16704565,0.13677199644721577,0.0109216,2150.2682370346465,1987.5406559168982,12.888886188685435,8.894207453934447e-09,0
-0.1566155,0.11336281902552205,0.010172473,2264.3657381211974,2215.705024701416,13.798410780258045,7.74859341924051e-09,0
-0.37416196,0.11226390298723898,0.0106315855,2111.0487611722697,2163.3318687165483,17.423581931353834,8.545441156267407e-09,0
0.07204741,0.09476394830336426,0.010827043,1866.6346622446597,2004.5448066753697,14.910212180332104,8.892402632149396e-09,0
-0.4030683,0.07393552421693736,0.010424324,1574.0351274748866,1797.7556403617482,14.927291594793779,1.1071827424913963e-08,0
-0.120435596,0.04905583852958237,0.010192497,1301.3797028738036,1772.7910535790218,15.386219433881585,1.0579802825627142e-08,0
-0.07106415,0.08291718024941995,0.010419202,1663.3073465032155,1791.773365045647,13.937033874572958,1.1381342632889606e-08,0
-0.42942968,0.07740900522041763,0.010401327,1622.3338942720272,1804.526606243031,15.316810573169484,1.0942408029796016e-08,0
-0.2411857,0.13782446345707658,0.011274762,2526.7572196832584,2371.607982813484,16.297923479913376,7.281162407394683e-09,0
-0.15046917,0.12221532410092807,0.010967878,2003.3210104682148,1937.2120440331462,13.348481615171904,9.925067856672243e-09,0
-0.12036453,0.11694845743909513,0.0103894435,2229.6222840246796,2273.0148721061537,17.353921236544938,8.273696238173721e-09,0
-0.031936076,0.12084451131090487,0.010903905,2275.5185141442053,2262.2351428550387,17.0630258362514,7.977547638644212e-09,0
0.1133856,0.07517605314675174,0.010157974,1744.6830603471712,2026.6296000493242,14.39941542963856,9.732642562420968e-09,0
-0.26806012,0.1263662811774942,0.010389733,2472.052530164693,2399.6936563254385,14.802514423996543,7.00084919472565e-09,0
-0.22109452,0.08294210411832946,0.010147006,1652.6973848730313,1822.9929822377549,13.644742184942691,1.0757502737084328e-08,0
-0.14776996,0.14344819460556846,0.010203693,2432.4334468111106,2225.709739860269,13.587924072552442,7.203197415985172e-09,0
-0.3686289,0.16111581895301624,0.010939485,2557.1912089401753,2293.6828706404967,15.730065323311015,6.1431785752134674e-09,0
-0.33938807,0.2696773945040603,0.010653066,3120.089991107298,2015.610408768692,13.77020749746118,-8.217373949563411e-10,0
-0.15639414,0.08598394902842227,0.010789299,1713.047140431115,1829.8375931736207,13.7503547350714,1.1265521873250956e-08,0
-0.026931243,0.05765004169083527,0.011308523,1369.9957859573394,1772.0524616040311,15.332536359633561,1.1816486831651951e-08,0
-0.3188259,0.05476567031612529,0.010153277,1389.4946612152492,1813.1150837943735,14.346278739700653,1.0338974055352735e-08,0
-0.40977195,0.18220707656612528,0.010838393,2533.394229448904,2000.8042009383787,14.352202234293676,5.731905412054279e-09,0
-0.2933287,0.11906925210266821,0.010714698,2255.9780737894507,2236.6712520792967,17.7082802087755,7.85082876302776e-09,0
-0.32939142,0.07593849695475638,0.010401018,1636.3888093531536,1826.9441581304072,14.883234584664079,1.0844674028549398e-08,0
-0.16263476,0.0786291418938515,0.010427605,1627.9315888030844,1757.602547668223,13.921403310025628,1.1236078945360086e-08,0
0.01428644,0.16549902117169374,0.009515619,2101.2772880202706,1730.2373998385567,13.489432898030461,5.281102504672102e-09,0
-0.07577593,0.10727799630220418,0.010126041,2346.27094260516,2323.1983347322266,14.446129694484469,6.911877305043535e-09,0
-0.04814228,0.07967594438805105,0.010217199,1616.8883939474838,1748.881766441143,13.874798369638617,1.1434179345635297e-08,0
-0.3377164,0.04305145192865429,0.011264146,1135.7852823723745,1631.2125689974432,15.082300416998054,1.217583508510267e-08,0
-0.04418847,0.05629848825406032,0.010588462,1301.4761870522998,1721.037904058603,15.365900979658395,1.0864989005874913e-08,0
-0.17688867,0.07084723027842227,0.010125044,1994.927311239687,2041.4849228420956,15.53079922804017,7.261084491134026e-09,0
-0.22258514,0.08793140951276102,0.010830885,1720.2566960376932,1831.5229882767728,14.5279163234669,1.1313618812714307e-08,0
-0.2798527,0.0892818300464037,0.010183797,1768.2344533399053,1872.679817413525,14.996780454491484,1.0468194695019047e-08,0
-0.41859314,0.10767904401102088,0.011341779,2109.8079332108373,2200.2490299527617,17.306414345260198,8.939514154562246e-09,0
-0.09508811,0.07985947469547564,0.0106544085,1645.7371253533713,1773.892022412059,13.704067493939505,1.1417908613825617e-08,0
-0.17296469,0.10518552421693736,0.011179608,2123.039519288473,2195.2942782808796,17.15705522218952,8.47866362496899e-09,0
-0.32931805,0.12575451348607888,0.010668149,2314.1670298864083,2290.2459196981586,17.08576784122203,7.778147895443288e-09,0
-0.1308548,0.04949087333236659,0.011284079,1227.3750019607728,1705.0214320564162,15.106183040985231,1.1643497084372652e-08,0
-0.16275516,0.10549254096577726,0.010929219,1910.347851209032,1960.4197527965632,15.173971758906001,9.073925640253468e-09,0
-0.19217241,0.0677883918213457,0.011380654,1434.4273789475974,1633.0641393890999,13.898623561377496,1.3006625142035563e-08,0
-0.5070152,0.12375833816705337,0.010904502,2401.421284392043,2380.9274928283335,15.246020794292946,7.72777180735032e-09,0
-0.29773527,0.12975139573665892,0.010086118,2513.3526148260075,2400.403776574928,14.823115485777588,6.553860607122158e-09,0
-0.27472815,0.07828020772911833,0.010176931,1625.3950809698222,1813.1595909274913,15.264409875372962,1.0273064095024084e-08,0
0.1470409,0.0805686720562645,0.010919246,1610.0219457366961,1877.2489201636595,16.021530190307693,1.1046320713995878e-08,0
-0.10309346,0.09157029437354988,0.010201181,1725.9979820063531,1806.6678769915313,13.972315811743254,1.1071010421472142e-08,0
-0.18961298,0.06558036361658932,0.010429796,1402.7313531492375,1614.8301655247,14.37075686931174,1.213928889895233e-08,0
0.13976148,0.11356787449245939,0.0111168735,1896.1624884708754,1978.3044271468934,15.47545094753114,8.251299656672654e-09,0
-0.42314866,0.21649325696055685,0.010604619,2725.55230625119,1974.933350914112,14.330124245153565,3.223077574963144e-09,0
-0.25243387,0.14930303799303946,0.010799167,2419.714256284864,2211.9415359727163,15.924079075970136,6.647645976600113e-09,0
-0.1441791,0.09346564131380511,0.010800521,1694.23372520114,1879.2770058056149,14.747242235629207,9.282137259460011e-09,0
-0.0883321,0.12228669699825986,0.010340157,2240.2575387050524,2249.7358880197053,17.301805976908295,7.953921243597764e-09,0
-0.09838926,0.14926112057714616,0.010730673,2419.9646309226205,2206.948720286119,16.068025408565976,6.481220035595131e-09,0
-0.46819466,0.1418791237674014,0.010335867,2528.357714193734,2265.3642877778325,14.397670468266542,6.191956869656023e-09,0
-0.24023771,0.11422155959976799,0.010161984,1841.919719300408,1734.818888304828,13.572150486690457,9.943690613468641e-09,0
-0.10599816,0.11358826674883991,0.01082306,1927.861186996534,1911.3089474197684,13.29451712749536,9.892095631842423e-09,0
-0.24658117,0.06344937282482599,0.011260878,1435.1728617493015,1800.281064577712,15.928659993738101,1.1990220911901161e-08,0
-0.2482818,0.09210275884570766,0.010571411,2004.3692318210492,2156.8718608497584,14.075473620685525,9.484520019779967e-09,0
-0.37810135,0.11692353357018562,0.010380972,2143.5127596180755,2184.1290177093833,16.785890941069407,8.379516693744163e-09,0
0.038352508,0.06023079502610209,0.010201771,1381.5841953509855,1790.906057821852,14.842123734119246,1.1023698018612576e-08,0
-0.14144927,0.14528576348607888,0.011057911,2263.022653796094,2115.5204049323916,14.641371856243172,8.340064686720255e-09,0
-0.09506952,0.07350955263921113,0.010395247,1505.8058453666831,1662.629622842006,14.220651964837693,1.203292352912265e-08,0
-0.07913089,0.08381670533642692,0.010564629,1700.3451980569787,1818.334033580909,14.144666454631631,1.1071556526146727e-08,0
0.044773497,0.07347669844837587,0.01035543,1484.6750824869898,1620.4904882395817,13.234442357128492,1.1950760769318776e-08,0
-0.065298766,0.07391966357308585,0.010139083,1507.5089568762085,1653.8374161507281,13.213105105750243,1.1774069802178029e-08,0
0.2434323,0.10997203995069606,0.011324243,2135.8872949989404,2236.492692259597,16.987169662224208,9.310555908662606e-09,0
-0.37641376,0.11626191814095127,0.011367335,2256.7539246021893,2224.3779008129554,16.561405586523698,8.279142769843101e-09,0
-0.22767459,0.05987846215197216,0.011320101,1381.9842978453426,1806.6310582048711,15.16300975697166,1.1973384375174094e-08,0
-0.20847777,0.11833626377610208,0.010385865,2227.8099733436675,2263.8133180241084,16.28028849007616,8.262449686855302e-09,0
-0.25762716,0.150887969475058,0.011386555,2295.4790464858265,1975.8679327804014,13.793964880869941,7.788801720006534e-09,0
-0.11057954,0.03907949354698376,0.0112548005,1034.9113289017291,1523.6452204423645,15.647598600963232,1.1610086401519258e-08,0
-0.19306475,0.09020741190545244,0.010383012,1677.0158741266105,1753.4548485749683,13.409085423852366,1.1534676736466552e-08,0
0.012222871,0.2360550953451276,0.010907543,3138.81229888671,2446.066745095483,14.559205841201454,2.8789055959880543e-09,0
-0.14892626,0.1283239377900232,0.010166555,2412.7471896247876,2350.2150047719483,14.81110823901313,7.117324840093854e-09,0
-0.30514464,0.08218985643851508,0.010690583,1725.2774994234755,1885.202039737298,14.956336084292573,1.074571284833124e-08,0
-0.08228055,0.2111459541763341,0.011282425,3097.117244085959,2426.817700827594,14.54392376362227,3.0549477362135385e-09,0
-0.4173219,0.18295932424593966,0.0105571505,2530.6273279882284,1987.938444433226,15.087327585721297,5.274807962591841e-09,0
0.06984771,0.057741806844547564,0.010163335,1369.9240509645877,1778.5035927955837,14.845848358213956,1.1090701180645127e-08,0
-0.14030176,0.09885372861078887,0.010265158,1727.3784073421682,1752.4252416917313,13.861743389781019,1.082507809756289e-08,0
-0.07727106,0.07882513413573086,0.010189803,1609.7232712993593,1750.4813696356346,14.004765187614277,1.1259266638759376e-08,0
0.1681359,0.18667184781032484,0.010197445,2587.9278518425986,1946.0867399657745,14.910823569027558,4.236170926589012e-09,0
-0.09173791,0.11235793394721577,0.0103963455,2117.5466858009527,2203.2071067817515,17.5987624400916,8.68250981236317e-09,0
-0.116941884,0.0848850329901392,0.010420383,1681.2883883446202,1798.4092736051011,13.812116991745107,1.1385192998284068e-08,0
-0.28873655,0.09599088239559164,0.010547516,1806.0073705899256,1875.4765451449011,14.943628773067207,1.0480135588944196e-08,0
-0.3927258,0.2524346088312065,0.010208873,3009.2887878872352,1898.0378869169995,13.746754250030131,-6.134138855403036e-10,0
-0.15861303,0.0805732036687935,0.011368033,1658.3733791666716,1793.9559698856417,13.339751863683462,1.2156631042857373e-08,0
-0.095166594,0.15904147331786542,0.009415561,2322.974411423651,1944.4728650052193,14.02126717146891,5.0682972620250884e-09,0
-0.25545886,0.12196381960556844,0.010224732,2157.9516630048706,2076.621042477387,14.188861484281686,8.832797844087816e-09,0
-0.25578746,0.041261464979698376,0.010410693,1122.627092161746,1624.2991982112744,15.105951497838625,1.0962874857667203e-08,0
-0.018117847,0.11120463855858469,0.011305362,2172.6340468222284,2229.3316587515924,16.91679305533068,8.879590330747203e-09,0
-0.09247484,0.08730944569315545,0.0104027735,1723.6111708786682,1811.5115346858363,14.036064246051007,1.110746123978449e-08,0
-0.36467892,0.14822338130800464,0.01033125,2229.078790564767,1879.290571284144,15.215946552171214,7.349784257806342e-09,0
-0.41860008,0.11496021244199536,0.010164295,2218.111789446381,2264.5878160506827,18.630107014774516,8.090095621910245e-09,0
-0.12611376,0.10465985716357308,0.01092903,1864.1857828668215,2016.3635859993765,14.640587514398721,9.241687725096558e-09,0
-0.13715318,0.0742028893561485,0.0106364405,1575.614961738632,1762.6537907245038,15.284944933155368,1.130915642861101e-08,0
-0.21675909,0.10641245830916474,0.011288827,2086.0343028177763,2207.853798885401,17.572220934074313,9.332213897402602e-09,0
0.089569464,0.1055537177349188,0.010233817,2111.7057470415293,2175.336866357266,18.49804864041811,7.845145430513667e-09,0
-0.18089554,0.08977804161832946,0.010683217,1809.1802760029523,1911.2880700909418,15.021055606067211,1.0612292235405434e-08,0
-0.13861905,0.11622793104698376,0.010885384,1969.957032123774,1938.7456393386326,13.814882742463169,9.969475746883839e-09,0
0.24042395,0.12260844148781902,0.010915555,2337.9966954814654,2172.1712094725804,16.41486187781207,5.493160549807638e-09,0
-0.14915404,0.13434758374419953,0.010632037,2438.908493924083,2244.461997320355,15.955183654908312,6.828416677011473e-09,0
-0.13316369,0.0696316252175174,0.011353809,1478.460838621319,1664.6524092799225,13.601149380227495,1.2795063968392787e-08,0
-0.11317469,0.06555543974767981,0.010132149,1463.9854287328862,1801.6475022691257,15.027012656678249,1.0741608688193888e-08,0
-0.27447805,0.07403975130510441,0.011294035,1632.1996054235399,1836.0345854020593,14.889650806784026,1.1689468105648552e-08,0
-0.22107595,0.08838457076566125,0.010430167,1716.4770837306326,1805.671045241586,13.185329804862116,1.1327240546503166e-08,0
-0.07831526,0.07443060288573086,0.010620181,1549.7534753765908,1718.5073373375983,14.440279693557613,1.1719330589102026e-08,0
-0.04821486,0.04597434200986079,0.010408669,1187.9836911616032,1656.8409735585785,15.238386301438094,1.1359562694188626e-08,0
-0.08610274,0.07225769467807425,0.010443269,1490.7050659916804,1656.9181534610489,13.585391539094656,1.2139626445450871e-08,0
-0.044930242,0.08340772730568445,0.011359325,1686.7943377068289,1798.2571326162813,13.994466340412604,1.1897133546838848e-08,0
-0.14686394,0.08159848100348027,0.0112624,1715.1196018477165,1856.7393270156367,14.994335350793467,1.1448107318736467e-08,0
-0.16233209,0.09298642328886311,0.0101503255,1721.3500352831516,1790.2397336374386,13.61672381933501,1.0986802263046208e-08,0
-0.12511918,0.0674881724912993,0.01039609,1440.6286570687278,1635.8393648813446,13.46214361541755,1.2083456695282501e-08,0
-0.04041799,0.11077073665893271,0.010701031,2186.5669107462945,2233.3144280896113,17.061861853316284,8.17574248995784e-09,0
-0.21930176,0.148414841937355,0.010356871,2583.7786052952165,2242.4908129544824,17.46894912960082,5.590594981144241e-09,0
-0.3209514,0.1585033443300464,0.011008736,2496.6617858475847,2233.3241395016357,16.6338005443075,5.965756383731082e-09,0
0.23184593,0.26065608686194897,0.011312672,3287.578084230167,2077.056028752498,16.861178462340014,-1.954940033552888e-09,0
-0.10870639,0.0727425772186775,0.010194109,1438.1078636319935,1593.4955748740595,13.481599607404611,1.2392058506308329e-08,0
-0.14123768,0.07146352958236658,0.011206593,1427.0163639272555,1585.4667291672429,14.587041503650044,1.2364474237379837e-08,0
-0.28727186,0.20123191886600927,0.011140965,2626.5854459650177,1980.5788267433077,14.31420773011349,4.187744246264203e-09,0
0.08351574,0.11750357997389792,0.010945981,2365.2661902404784,2333.3144227786397,14.702968588723381,7.513580519490224e-09,0
-0.03788855,0.07079738254060325,0.01127959,1454.5356718263627,1618.1614744888739,13.82813503657601,1.2751991328223311e-08,0
-0.07813834,0.05066229517111369,0.010489209,1263.2819334143182,1709.7139981564735,15.842243092036822,1.0501145273427257e-08,0
-0.23719199,0.08573584324245939,0.011400887,1811.5221702713632,1872.9471303423509,15.132473654661643,1.077360802259759e-08,0
0.0042343005,0.07944369924593968,0.010126096,1626.44870965478,1751.972551638536,14.074264340143822,1.114338111033894e-08,0
-0.32385388,0.07992065146461717,0.010809803,1748.578422165795,1915.8956592318375,15.058673365590728,1.0254603286539655e-08,0
-0.13113749,0.07757780778712298,0.010166609,1609.1895474911496,1749.1947912607213,13.677552569026169,1.1170958044346724e-08,0
-0.0795531,0.06949114522911833,0.0112770945,1489.312246114219,1680.4473547083555,13.28551867461819,1.2661760135375356e-08,0
-0.2527959,0.07844674448955917,0.010607061,1650.650715299063,1837.7006035342993,15.131006425169062,1.098295531681544e-08,0
-0.31345326,0.12714685143561485,0.010836061,2377.9947593893985,2347.0352522413714,14.838828589762267,7.735432634410786e-09,0
-0.062112503,0.10340006888051044,0.0102971755,1805.0261585571222,1694.8962999357489,16.347359162010765,7.168326866871374e-09,0
-0.3622737,0.07701362202726218,0.0113221435,1568.4177178975158,1740.4646475777029,14.546121217498683,1.2601653667840579e-08,0
-0.073440395,0.15042801080336426,0.010396983,2545.6695762737004,2320.408819482541,16.071053188117837,6.5707815316629415e-09,0
-0.06228213,0.0453115936774942,0.010639098,1389.8144909339505,1712.0047682477702,15.388924065799307,9.92136259625297e-09,0
-0.29834878,0.06550106039733179,0.010400986,1533.583314911249,1799.2375310069242,14.843927385485799,1.1137912515018007e-08,0
-0.25372452,0.1278333907337587,0.010603914,2388.7448526466787,2293.690727507312,15.33435549799067,7.540859036021106e-09,0
-0.25724304,0.08467997752320186,0.010037846,1668.9510356891935,1819.8380722166125,13.373268199118279,1.0566427049662143e-08,0
-0.096397154,0.12647050826566125,0.011004658,2004.2695542493275,1946.249354909605,13.319300505893231,9.685146337096856e-09,0
-0.014450636,0.04631081424013921,0.011277471,1162.1212096652937,1659.5094512467986,15.375964206129531,1.1671150160851807e-08,0
-0.22912163,0.07979716502320186,0.010411021,1636.532002808981,1756.7551421934245,14.100168989776627,1.119482081628604e-08,0
-0.317518,0.10250734121229699,0.011348213,2210.0514152958426,2300.4359683370612,15.800935200467796,8.660256922776253e-09,0
-0.15648611,0.12176102994489559,0.010065797,2224.9786934382273,2183.7241977689264,17.01461373995824,7.397796089355255e-09,0
-0.27597803,0.1198192339762181,0.0101255495,2256.2681422828246,2278.7862419649437,16.81568080105984,7.890341057277821e-09,0
-0.1401971,0.09063791509570766,0.010154177,1731.6449252419598,1808.390203825222,13.37638649647755,1.1002019499121233e-08,0
-0.15975296,0.19181296222447797,0.011368333,2730.0224625592514,2150.6994111787685,13.755499065880185,4.859066425351822e-09,0
-0.06997138,0.0593663899361949,0.0105372965,1393.6161800330449,1803.6971229141318,15.472750102575034,1.1178459971989948e-08,0
-0.3322775,0.10086123296113689,0.0111632515,2091.8392007254324,2176.7895214912573,17.059557589443234,8.469400656395214e-09,0
-0.34336972,0.11095653277262181,0.011226214,2285.0436859280917,2336.179522958361,15.848789494510049,8.428728466457571e-09,0
-0.3292849,0.1079996555974478,0.010857235,1949.070498381499,1913.5188014773032,14.644674689228099,9.819898666126058e-09,0
-0.441086,0.12885866806844548,0.010812508,2302.7309544275818,2233.1068156154765,16.79165021760876,7.936533832614455e-09,0
-0.06788812,0.05118456351508121,0.010051597,1233.4483344903208,1523.9929832992755,15.37547345783323,1.1332639448529828e-08,0
-0.2222431,0.06977550391531323,0.011326348,1559.9643840494027,1794.4042897039697,15.095550715018588,1.1432830176724791e-08,0
-0.24057874,0.05732263268561485,0.011379986,1440.0802684419234,1848.9056334876063,15.346909719848837,1.0903775492123455e-08,0
-0.15483907,0.12385463493329467,0.010383812,2304.048513768583,2294.2570431859167,16.70629314443414,7.894368809749162e-09,0
-0.04922449,0.09108427892981438,0.010709123,1786.8333614233788,1867.5119972445405,14.520279935548844,1.090801175716606e-08,0
-0.19868663,0.10146733613689095,0.010166794,1834.2387544621363,1838.3959488633477,13.319945595177717,1.0589644760995744e-08,0
-0.3686709,0.11410033896461717,0.010162042,2083.4833904620164,2129.7543598902207,16.57245200360803,8.291797732347023e-09,0
0.154944,0.10340346758990719,0.011276353,2198.5438262273988,2312.349248538189,16.69786315696527,8.866903853048836e-09,0
-0.08554779,0.059206650594547564,0.010131794,1383.3869417177577,1784.2384854736174,15.216386459633362,1.0951255555010704e-08,0
-0.07734381,0.09969320983178655,0.0106709385,1817.0275794838926,1852.3357960313674,14.476402679314754,1.1127138688225273e-08,0
0.011842416,0.14859044192285384,0.010541773,2155.529246757298,1819.6055141726113,14.366708996449479,8.068150313031701e-09,0
-0.18900275,0.08494847556554525,0.010442687,1652.3010528627915,1764.2061083608876,13.283620552690254,1.1617610271396907e-08,0
-0.1080426,0.08813646497969838,0.010231493,1718.9674397351555,1805.5544302753856,14.114691214818615,1.1032660969335453e-08,0
-0.0113183,0.07875262833526682,0.0107602365,1613.0412878486952,1880.1434496215224,15.3490843735962,1.1041248514428383e-08,0
-0.072444834,0.0870148908787703,0.010422065,1716.713534151004,1816.5906956354886,13.37059092014022,1.1266987385983517e-08,0
-0.08544054,0.09083277443445475,0.011222394,1903.9218121406013,2019.0371437439128,14.223017756930094,1.0720078411554864e-08,0
-0.14764668,0.11058267473897912,0.011379627,2160.8368517552485,2241.322132312298,17.014272538137696,9.116628754439103e-09,0
-0.09187038,0.19690536180394433,0.0100912,2648.716816509109,2110.6490171983296,12.94936303749873,5.230663624233115e-09,0
-0.032816935,0.13088543177204176,0.011046033,2022.7818305309784,1967.8769436641333,14.212765521153278,9.400822666634486e-09,0
-0.11974363,0.09198380401682135,0.010714154,1789.2300814909354,1863.3212581123323,13.896885145453792,1.0949564760978867e-08,0
-0.13713829,0.15645732127320186,0.010999273,2379.0761711603577,2176.0971865409283,16.522006176749375,6.902929014534774e-09,0
0.03141176,0.16853633446925753,0.010919041,2592.5942925305135,2255.932581793192,15.946104838157307,5.94161744342799e-09,0
-0.25764954,0.12561290059454758,0.010716126,2346.9238127399904,2240.6065100054307,16.56176485801191,7.359799073737119e-09,0
-0.036483884,0.07280941850348027,0.010395152,1502.0726171476142,1660.9161038268514,13.307825966823989,1.1953976168104008e-08,0
-0.21195051,0.11280089907192575,0.010308319,2295.2340945971496,2355.635238407929,15.254813145821153,7.827349452418067e-09,0
-0.07406339,0.07737275232018562,0.010356772,1738.987260401807,1928.6407005785284,14.207969453292526,1.0199914155988783e-08,0
-0.0164814,0.07954792633410673,0.010738133,1589.2713418404048,1739.5828938077834,14.102457562198957,1.1987818377116829e-08,0
-0.12825516,0.06960103683294663,0.010433825,1472.560584981125,1649.691128064855,14.213386860661354,1.2028022750413203e-08,0
-0.09550638,0.08413165240719257,0.010395561,1678.2172082736522,1790.533920906405,13.826502677144905,1.13168745268109e-08,0
-0.13109812,0.18382259643271462,0.010604016,2852.91267120245,2268.5634087770386,15.257803817437116,3.828271167042671e-09,0
-0.06694265,0.1053679216212297,0.0103961555,2097.709939052573,2166.645213054906,13.681529632018696,8.806145236794826e-09,0
-0.41216296,0.12734624238689096,0.011294531,2144.1173977554467,1956.8306923782757,14.41116589443164,9.084700372869643e-09,0
-0.0404128,0.08151804488109049,0.010443764,1712.947667188043,1857.8575469809675,14.773933653325793,1.0857537794879033e-08,0
0.10584757,0.11459428473027843,0.010611406,2224.859089104166,2250.5965927412026,17.09953766397298,8.052400066666888e-09,0
-0.0739291,0.09729032228828306,0.011228192,1822.758485392676,1845.5204673574854,13.348991823208767,1.0747455379798039e-08,0
-0.17345089,0.07202205082656613,0.011342825,1617.046718971485,1844.174643747356,14.924119947022497,1.1670633505970103e-08,0
-0.21363062,0.11537145627900232,0.01123176,2166.785004238824,2182.5944093922835,16.56935211137272,8.615921998752918e-09,0
-0.2809055,0.14854852450696054,0.011135044,2194.5890545528982,1981.6209209249253,14.033781405000727,8.644938329442016e-09,0
-0.22380462,0.11637974006670533,0.010168122,2231.9820278125094,2266.029080071586,17.103234061565924,8.10532889130686e-09,0
-0.16499723,0.08028431337006961,0.010415958,1684.1431060922419,1864.5449035778872,14.559696473311034,1.1016857398821486e-08,0
-0.10515831,0.07970879857888631,0.0113632465,1648.7331984112193,1798.5107446856905,13.40500296459532,1.2065370553135488e-08,0
0.18345806,0.10461114232888631,0.011255127,2072.4781841912795,2178.702888637323,17.141096125646044,9.001465897929524e-09,0
-0.1881983,0.11322573774651973,0.010874059,1903.401337532452,1930.2658356182055,15.20186371258285,8.07748635576759e-09,0
-0.17884576,0.06014469438805104,0.011339268,1386.085160620638,1637.730544542935,13.368715854827295,1.2598650820625979e-08,0
0.017951671,0.0684398111223898,0.010447244,1469.2863341932987,1658.8794770757793,14.264679091716484,1.194385437190762e-08,0
-0.24924053,0.07465378480278423,0.011306404,1642.4731077188221,1842.118130698027,14.873402598169571,1.1658874726508374e-08,0
-0.07161894,0.1403474387325986,0.010482743,2425.8966506378924,2230.3673730676246,16.888024838912184,7.167550280772361e-09,0
-0.028536122,0.0682721414588167,0.010454226,1439.6902422018095,1629.5906129450927,13.440662154523967,1.211591194414221e-08,0
0.01425173,0.16705563007540603,0.0109395515,2587.011946603336,2301.8174864046637,16.31710598630063,6.05905228699709e-09,0
-0.27135256,0.12211109701276102,0.010359451,2202.844605961616,2197.5427535294184,16.91742380503178,8.050608882039727e-09,0
-0.1191929,0.07467870867169374,0.010766556,1546.9485283225533,1722.0727720789648,13.866235931918949,1.2138735141563366e-08,0
-0.2627482,0.10329697469547564,0.011356493,2034.1820679861132,2064.1211802763555,14.785233844000146,1.0075893838929837e-08,0
-0.08010611,0.10079099296693736,0.010918007,1781.1344073741022,1952.770990528464,14.28825031251556,9.275616618009687e-09,0
-0.15604353,0.07394232163573086,0.011404424,1628.8416402184298,1844.0256835731966,14.848334343155258,1.1799944479349296e-08,0
-0.25575358,0.18168027660962877,0.010420022,2430.934728827119,1854.0175283302592,14.04323912945645,5.808987652462367e-09,0
0.16449727,0.10995617930684455,0.011287053,2101.4519876872605,2185.2604440915643,17.083010229099518,9.348379631200954e-09,0
-0.20156506,0.2213817339762181,0.010089802,2838.869946187512,1996.9689489369985,14.771914493814185,2.0194110763195885e-09,0
-0.09421613,0.15751885150812064,0.010871351,2529.6191956471334,2320.264129239513,15.976915163074818,6.5516874457416884e-09,0
-0.023864476,0.07623645047853829,0.01018338,1519.4441798726261,1655.2756583453056,13.302383103133968,1.1777628080911656e-08,0
-0.03913217,0.19484347810324826,0.00991993,2523.500077912405,1938.4597404053236,13.668496140075518,5.183780470576346e-09,0
-0.09357795,0.13983310071055685,0.01113925,2128.385372516785,1995.2985380653347,13.31843430034086,9.044007665146029e-09,0
0.045522064,0.06996243293213457,0.010436808,1446.43625807177,1626.0729813573048,14.056363200475062,1.2338656428611843e-08,0
0.026315175,0.19908620033352667,0.010193101,2567.9565590382745,1872.296991711228,14.154264219443663,4.211469630752758e-09,0
-0.20677267,0.06941977233178655,0.010159386,1542.202232337836,1787.315339774164,14.838689219923443,1.0856499640779493e-08,0
0.053404756,0.03826153748549884,0.010124253,1048.1757721105398,1531.3914193415262,14.744392653395261,1.1134144929017462e-08,0
-0.10662493,0.0750049847737819,0.010212464,1523.0836454428083,1688.9527274046736,14.297662910653376,1.1721190390269916e-08,0
-0.29558963,0.11578156721287702,0.010952766,1971.344241247678,1965.4726743374408,15.153555489255776,9.331186623367982e-09,0
0.055963423,0.11323819968097448,0.010379055,2156.541283525119,2220.378766713558,17.950761859212065,8.22145415287429e-09,0
-0.06682992,0.10582448158352668,0.011263811,2095.4079986924535,2210.5742583688507,17.09512554631621,9.145871336701643e-09,0
0.01780377,0.053266839472157775,0.011201511,1464.5822476553792,1739.9016835482348,15.42383183918584,1.0669504529939867e-08,0
-0.09887363,0.14897562898781902,0.010847085,2434.641239799163,2258.144598040897,16.14560743870293,6.9798069455040045e-09,0
-0.40438527,0.12113113580336426,0.010122899,2262.8280258463483,2261.2352130632166,17.82016580253758,7.546272307805476e-09,0
-0.23435608,0.17751345888921113,0.01106065,2527.642121046181,2005.872957320642,14.518031689309387,5.219052591513082e-09,0
-0.21565518,0.04546906721287703,0.0101650795,1179.647406738165,1644.912345119812,15.222504843623556,1.1225784844298849e-08,0
-0.43426016,0.1725241534947796,0.0109857675,2619.456217776227,2253.534263712233,15.487233666954616,5.622432487163531e-09,0
0.08049107,0.10956872643561485,0.010826074,1901.5265224348298,1896.7184942806832,14.202799581548868,9.821395556468018e-09,0
-0.21331921,0.10953700514791183,0.011194086,2154.2932001808713,2239.7941757337944,16.964910487636214,8.816813334980691e-09,0
-0.25979316,0.147004377537703,0.010796421,2450.1484659957096,2265.5088905790294,16.978714990659938,6.567468155733122e-09,0
0.33198202,0.10124868583236658,0.011301504,2017.9748341184431,2152.7805771766475,17.130046201791604,9.58878019021751e-09,0
-0.27906328,0.08834491915603249,0.011277245,1888.7430987661523,1979.3393525691545,14.662488216784196,1.0574149161943685e-08,0
-0.10469787,0.129855622824826,0.010957523,2045.6554393163908,1972.173332414807,13.098002464811655,9.618636373223351e-09,0
-0.355989,0.06846133628190255,0.011222435,1488.5327063071932,1680.760441124941,15.690375782955787,1.2328925196254932e-08,0
-0.15582448,0.06495160237819025,0.01144526,1496.548065004886,1769.607533217538,15.059500560268742,1.2215362088827257e-08,0
-0.2907921,0.07912195475638051,0.011255415,1674.7851412395337,1837.2386919457385,15.171228756961769,1.154524359182201e-08,0
-0.22495484,0.20820607054814386,0.010888947,2618.6330403349743,1936.5498429820998,13.974393104414977,4.340358864456353e-09,0
-0.19415437,0.08832792560904873,0.0104509005,1717.0544340444644,1806.5302210513682,13.364696464465245,1.132493960825423e-08,0
-0.026465338,0.07096165349477958,0.010230359,1458.1794977860693,1624.8567248372658,14.191921548413275,1.2027421379725697e-08,0
-0.11444642,0.1167751232598608,0.010429596,2354.3412460960094,2335.4049928041777,14.96974146425315,7.590386683224249e-09,0
-0.39782256,0.10972846577726218,0.010680179,2084.92296757734,2183.2215698711498,17.74734549663942,8.712806680594228e-09,0
-0.42554277,0.16278685107308585,0.010963981,2591.3403435026876,2241.6501863919493,15.643763149130136,5.674547082179393e-09,0
-0.009900811,0.15329652153422274,0.010986375,2420.0709822231056,2232.4995868608735,15.95368870400142,6.924226684813447e-09,0
-0.14455651,0.0732444533062645,0.010659457,1456.2484336590792,1613.110693822989,14.412646249544041,1.2601657995895088e-08,0
-0.084109254,0.16350964327146172,0.011070538,2475.133527953962,2224.6776458824847,16.299935594331075,6.336625135293591e-09,0
-0.09842534,0.03860254132830626,0.0111968685,1038.097199142202,1520.676517262741,16.074575369757177,1.130901248002282e-08,0
-0.04455331,0.10185705481438515,0.011243077,2189.803146649869,2208.8833838424284,13.851720283861379,8.611140658587397e-09,0
-0.15283883,0.04632440907772622,0.011235386,1150.6180920756294,1623.5063731460687,15.614235596225749,1.2113871395036733e-08,0
-0.08423446,0.08937472810324826,0.01022832,1740.033520919045,1816.249331481832,13.546799036213946,1.092672313386712e-08,0
-0.06413824,0.09942471178944315,0.010416343,2008.431368627512,2076.109404669213,14.046771422754595,9.582845737628914e-09,0
0.07543535,0.07932474441705337,0.01042276,1559.4467047663572,1673.8549848685677,14.206996398557656,1.1633757083880887e-08,0
0.050536696,0.04997575587296984,0.010461971,1206.5414784623342,1690.19267596165,15.607072491406177,1.1259607165085596e-08,0
-0.063835464,0.08306332475348027,0.011328967,1671.7169126039253,1781.0053441229854,14.164050390421735,1.203459270377781e-08,0
-0.40531117,0.09403775739559164,0.009716119,1699.403627919461,1718.2189668457752,15.026739746149648,9.906577497387803e-09,0
-0.303652,0.1241287974912993,0.010186824,2224.0411753604476,2203.1185815229824,17.311661217942287,7.875815268107841e-09,0
-0.24535784,0.10216067285382831,0.0106197605,2259.721683354014,2345.913104367516,16.01115161404391,7.714204396618915e-09,0
-0.032869663,0.07406920678654293,0.011385778,1518.380738945718,1664.9143422601533,14.820372548410969,1.2850584447119101e-08,0
-0.046933025,0.07239364305394431,0.010183151,1482.37396402928,1653.3803883565065,14.07843945398672,1.1853369707007086e-08,0
-0.17304999,0.10808235752610208,0.010493493,2296.3136940899635,2339.3193417399816,14.505250652345701,7.716231109658848e-09,0
-0.15296255,0.16486799412703015,0.010893325,2635.8057158911934,2243.8796706078915,15.309740917703346,5.286110836183289e-09,0
-0.33718485,0.10105269359048724,0.010377718,2072.356214755129,2207.145408352941,18.413774569698386,8.523622376767853e-09,0
-0.033418845,0.06913994525812064,0.010445495,1460.4092010452218,1647.1059518576715,14.42291002242967,1.2106609607629441e-08,0
-0.02008335,0.06246148129350348,0.011139868,1418.1575950317624,1802.7402529802223,14.93199653121992,1.1722553579633177e-08,0
-0.095350996,0.07776133809454756,0.010175609,1611.008339462825,1751.4996255104274,13.247561570014756,1.112838672831449e-08,0
-0.1507267,0.06233006453016241,0.010402427,1461.09974294639,1726.9271927864536,15.436479327350593,1.1008866401475457e-08,0
-0.05640681,0.1460028911687935,0.011172332,2233.786025543964,2044.2818911728034,14.827917333517332,8.263203256790046e-09,0
-0.14937817,0.082035781612529,0.011423159,1671.8101526284158,1800.8681012956006,14.316401440499261,1.2092602502762934e-08,0
-0.21155141,0.10927757033062645,0.010372207,2126.4571912320994,2218.345404551287,17.843315276950612,8.349267432310796e-09,0
-0.27261013,0.08940305068155452,0.01136087,1771.2622345354318,1863.4964334375393,15.06455724241172,1.1367528751455926e-08,0
-0.15004605,0.09714531068735499,0.010370819,1975.65582542725,2136.0653523908936,18.30720303700505,8.476665805569587e-09,0
-0.26938236,0.12350343496229699,0.010508048,2029.3870979564858,1923.3989658897478,13.836923063166056,9.88764228622971e-09,0
-0.14691177,0.19408556590777262,0.011123097,2576.649190797715,2076.0270803502467,13.451691194154952,6.037704721762909e-09,0
-0.36697495,0.1451804034947796,0.011161042,2194.425732092974,2027.6614186852742,15.190032779434663,8.331070916642023e-09,0
-0.04919668,0.1590675300899072,0.011074922,2485.9715563440964,2228.6500589076372,16.563291374181766,6.070453331257748e-09,0
-0.18854085,0.044071064747679814,0.010077016,1170.241012701809,1546.3822390302375,15.054202187816134,1.1341239718400971e-08,0
-0.24279842,0.1253342064240139,0.011004522,2019.4489707320215,1956.2968985502923,14.553032712378142,9.483745405757522e-09,0
-0.035734124,0.10299562246229699,0.010399849,2034.7885167977445,2083.248217110414,14.062727613637579,9.437734416093963e-09,0
-0.048327338,0.06106687753770302,0.010268533,1642.7191188354532,1945.2432546892367,14.842008200532673,8.761151966726814e-09,0
-0.10113212,0.07679723752900232,0.011337297,1581.7664875692851,1729.4365799053298,13.881957187723428,1.255102276697807e-08,0
-0.12640291,0.08271778929814386,0.010192923,1636.1716366786777,1749.1916137044122,14.108686774774757,1.1280525439454521e-08,0
-0.1395874,0.17249583091647333,0.010352087,2717.7705728432848,2247.8258391611175,15.003527763316276,4.826004392807691e-09,0
-0.1973375,0.0865220780162413,0.010551415,1702.2585096854762,1799.5544794130387,13.832384501056985,1.1396829773967673e-08,0
-0.27294722,0.1867137652262181,0.010867765,2805.3955538759383,2283.560983366725,15.213617278048243,4.216454629192166e-09,0
-0.12827781,0.056689339834686776,0.010573912,1322.1936107051308,1601.9484537504372,14.772109825905295,1.1666379122204694e-08,0
-0.019760402,0.11985435397331787,0.010314513,1968.9969152685492,1985.0088831661267,15.431877972524719,8.145792998104695e-09,0
0.22710523,0.10258324572215777,0.011305342,2049.182475205741,2146.9227347328992,16.815569957434047,9.189377926339252e-09,0
-0.3052622,0.16363426261600927,0.010276945,2291.88161305601,1890.5170554065558,13.964888882531666,6.957172685502422e-09,0
-0.16637184,0.06329529799883991,0.01009682,1400.524438180139,1773.7949270083693,15.718284011679867,1.0820251858982479e-08,0
-0.069485426,0.07525988797853829,0.010172014,1411.9680212312433,1551.9436964063582,15.955917468325728,1.189970762737278e-08,0
-0.18301842,0.08917420424883991,0.010177934,1725.7689792263109,1805.3988762051843,14.09999243324744,1.0857817129121563e-08,0
-0.11877011,0.09025952544953596,0.010136358,1744.9565181854455,1816.8845998041554,13.885229574025322,1.0755320004553729e-08,0
-0.12937999,0.11431898926914154,0.01038515,2200.8915325048556,2243.5893692086365,18.261454353786412,7.97638213667478e-09,0
-0.3497485,0.12235127247679814,0.011074414,2162.5182674235866,2169.70507490749,17.131144110840633,8.456515571748727e-09,0
-0.02486315,0.11245196490719257,0.010619041,2212.3343183295515,2234.421940825357,16.59800171316155,7.969070578130026e-09,0
-0.1336939,0.12478814711426914,0.011201582,2321.78541664267,2248.5012014203776,15.623789159836218,8.34321904544979e-09,0
-0.23429732,0.10002628335266821,0.010146123,2024.5106204252043,2077.111369327963,13.985886027914121,9.174459527986203e-09,0
-0.05477734,0.06904704720127611,0.011407215,1445.1161962070498,1615.7704374235022,14.020139158447659,1.2978959568709166e-08,0
-0.0017863296,0.07872657156322506,0.01026527,1608.4608881238305,1746.7466494381638,13.482883931261963,1.1447319282180618e-08,0
-0.03208186,0.07513413573085846,0.010712394,1581.3594368948013,1760.6295485549817,13.945235213651504,1.1838047533782316e-08,0
-0.31769687,0.10690187246229699,0.010194449,1919.8135825909967,1940.1216411020255,13.285939030634198,1.0345398407346943e-08,0
-0.29946238,0.11745599804234338,0.0103884665,2224.462640019803,2237.4495649266423,16.983638729092103,7.845864332114886e-09,0
-0.10107951,0.07132984701276102,0.010236058,1504.2358673494161,1810.1701608027815,15.897260085295489,1.1030991946025714e-08,0
-0.06881577,0.10492042488399073,0.010384341,2029.598445081647,2149.6327059811615,17.436950442722257,8.91652584159405e-09,0
-0.12963282,0.08710325732308585,0.0104158195,1703.321252627167,1800.0423978782276,13.489735685820522,1.1416529113758179e-08,0
-0.12073319,0.10888105423433875,0.010104476,2085.5060749627023,2141.2915412298566,18.034305451841398,7.5967744955589e-09,0
-0.26875216,0.14834686774941996,0.01041602,2251.99072556026,1927.3514809130281,15.783592989927593,7.329294483214564e-09,0
-0.047077112,0.11534539950696056,0.011050128,1951.1521048431487,2045.9879406665186,14.4446323846786,8.839793309021239e-09,0
-0.3562505,0.12062359520011601,0.0109683415,2178.8380720784858,2168.9785493270297,16.891507556592817,8.340389877530301e-09,0
-0.11823748,0.06608563841357308,0.011366397,1451.5785389514017,1660.1660508301952,14.224684597180833,1.2815463248276049e-08,0
-0.34959468,0.11728719547563805,0.010739154,2138.799490208553,2142.5920152260246,16.775607823472946,8.16384805511804e-09,0
-0.122005284,0.10619607381090487,0.010936009,1841.1617146421333,1938.4691387976911,15.41793409034559,8.423444707535298e-09,0
-0.16044176,0.10669794989849188,0.011284987,2141.558461319287,2244.7346179514093,17.649570212287635,9.041867765362239e-09,0
-0.056970682,0.06640285129060325,0.0104493145,1439.2098277162781,1647.081198977085,13.387792906614562,1.2092854872586142e-08,0
-0.020084085,0.1149386872824826,0.010389653,2114.5202905585943,2170.1285048866457,16.850588137022832,8.510505280346464e-09,0
-0.15591769,0.10999809672273782,0.010965465,1845.5670026990397,1859.626428915917,13.927125446642162,1.03711852871096e-08,0
0.040039577,0.11467472085266821,0.010585956,2183.5199912878707,2228.264115817216,16.989249920113185,8.265637406743345e-09,0
-0.25783685,0.07157115537993039,0.010407875,1509.7045451787678,1789.5590762005604,15.838646159448771,1.1175868367123938e-08,0
-0.1699998,0.11654061231148492,0.010379508,2114.387138790649,2148.0132942101127,17.02735235106342,8.219087081414238e-09,0
-0.08417685,0.16461422382540603,0.011192859,2393.1093495924633,1965.7921327454708,14.033946490263283,7.21688203588462e-09,0
-0.1752699,0.12337088529582367,0.010088103,2309.7509660596825,2288.8878205083615,17.39735118151919,7.329348379702808e-09,0
-0.1424278,0.03213593024941996,0.01032073,965.3475377764404,1470.3483497044863,15.601897492198784,1.0625441576317823e-08,0
-0.15275936,0.08933507649361949,0.010387195,1627.9483155666562,1716.307587361107,15.28399443261428,1.1187436654050582e-08,0
-0.51411253,0.10923565291473318,0.010088589,2130.5465209687227,2161.52274392691,17.353350919405933,7.813307251961865e-09,0
-0.2502979,0.10740374854988399,0.010211272,2135.513230368819,2162.2044665897665,13.83723378950384,8.632479009960442e-09,0
-0.13668156,0.06562114812935035,0.01131952,1416.6075650830144,1627.669279142294,14.706198020133089,1.2955777903319374e-08,0
-0.10368432,0.056707466284802784,0.010681212,1379.1667344571724,1805.1922831427357,15.454379488330106,1.0889794972800326e-08,0
-0.067210466,0.08282881380510441,0.011348717,1687.504438513179,1807.9776799178185,14.773181184143231,1.1884046836548634e-08,0
-0.1934337,0.07960457149071926,0.010172051,1682.9772595226545,1861.5135812371811,14.872449941800069,1.0673682391166196e-08,0
-0.24929328,0.11011931735788863,0.010386217,2197.4694607433953,2232.4157052151336,17.795663287676092,7.819408027174638e-09,0
-0.11182526,0.11122616371809745,0.010387116,2079.6161001363284,2162.7451584249634,17.32234961431757,8.484425041632554e-09,0
-0.19810458,0.11293005002900232,0.010513576,2091.401998745167,2167.0526948711217,16.75680329848704,8.551024754926526e-09,0
-0.27333143,0.11747299158932714,0.010133077,2190.913447869796,2225.2372342464955,17.46318203918888,8.110950013849834e-09,0
0.08948975,0.054933339979698376,0.010250431,1379.8907956066712,1779.8012395413753,14.990326860314369,1.0892253897673643e-08,0
-0.31773412,0.1014888612964037,0.011354872,2112.3147607214964,2199.922240940486,17.3369164468941,9.076468647269605e-09,0
-0.031212078,0.07662956786542924,0.0103524225,1594.5314459248295,1760.5965466086498,13.170386000960663,1.1453651336158798e-08,0
-0.17849177,0.11658592843677494,0.010283165,2287.4233226726515,2339.031209076925,14.815858426584443,7.929437078728895e-09,0
-0.2576075,0.1169949064675174,0.010203928,2136.593978463273,2169.465326123338,17.360664878003963,8.029652769243431e-09,0
-0.21793322,0.15591466067285384,0.01101533,2461.580462846637,2260.409468936282,16.851866954353664,6.542383955224354e-09,0
-0.048677925,0.07075659802784223,0.010862056,1586.2229085614008,1928.5756002152068,15.53705052843716,1.0749133385952152e-08,0
-0.11983484,0.08075786687935035,0.011230688,1673.230304959391,1794.6911442991445,13.834424786258536,1.189677884345497e-08,0
-0.12488503,0.08539257359338748,0.011340887,1696.9217615825055,1798.9799187695996,13.396030277415553,1.1964057115551601e-08,0
-0.18082374,0.1639038935614849,0.010681122,2518.6139731732487,2183.6423256877506,13.392156010839336,7.1021478084523495e-09,0
-0.19014323,0.19946912159222738,0.010750301,3026.163605168894,2467.79765356834,15.752871350498292,3.502051997649302e-09,0
-0.19099784,0.13314330771461716,0.011027749,2077.654379316341,1961.6900827500854,13.547310089417788,9.419894114479221e-09,0
-0.26682746,0.18775037159222738,0.010640399,2678.241592774118,2235.202909421502,13.539207456823016,6.023634341155304e-09,0
0.01566058,0.10190803545533643,0.011255377,2092.0534022319234,2214.8516422560256,17.265943419341326,9.252376749762641e-09,0
-0.36797124,0.07817824644721577,0.010236091,1672.3419530384367,1833.5594531025772,14.998843779078918,1.0524891915668255e-08,0
-0.19041762,0.11098258954466357,0.010809091,1903.7880529947763,1896.1316183388028,14.117825402395287,1.0124105530765495e-08,0
0.10657349,0.10795094076276102,0.010172738,2129.5625923698512,2213.668240619452,18.292724292368796,7.799328452934814e-09,0
-0.1247175,0.0789180321925754,0.010600492,1616.3238579071603,1770.3983960391904,13.7291273156863,1.1518091539029323e-08,0
-0.3656661,0.09819777769721577,0.010388999,1804.2938064685022,1820.964467775186,13.889063894232171,1.1017080627641783e-08,0
-0.07238147,0.0757753589037123,0.0112642925,1593.7766271125477,1747.2948551440024,13.67510307272274,1.2130585680985134e-08,0
-0.30310178,0.13182574137180975,0.010991216,2020.5874247609443,1960.4098288451473,13.099239383564424,9.774641444588241e-09,0
0.2167229,0.05127066415313225,0.01125709,1340.5080364962494,1766.7438543457656,15.593740273327564,1.1645072382286848e-08,0
-0.3398108,0.15880922817575405,0.010334935,2266.969374564062,1903.2795234302841,13.684284380489526,7.279690735394899e-09,0
-0.21322303,0.10501558874709976,0.010406886,1995.3102486914697,2139.7214584884864,17.037150548297554,9.100626798220855e-09,0
-0.29844034,0.11939099659222738,0.010290966,2284.1523865721815,2213.224323105387,16.067279211222985,7.2073605859250045e-09,0
-0.28088886,0.1610297183149652,0.010171874,2284.0552269979294,1901.4380425677264,14.449475712201748,6.466866228091103e-09,0
-0.117741145,0.08331709505510441,0.011312009,1678.5298457431486,1800.3831260667032,13.374437744277461,1.1893367037899295e-08,0
0.014818829,0.11775281866299304,0.010160223,2242.345219608388,2214.7158505557095,13.661375720528557,8.243946310924131e-09,0
-0.19693303,0.08727659150232019,0.010683294,1716.4446897113326,1819.7042328700506,13.967667502757237,1.1376527639523508e-08,0
-0.22119841,0.05397490392981438,0.01068227,1324.5556849900413,1736.8892067629195,15.164915533750262,1.1179430647454757e-08,0
-0.072016284,0.07951960375580046,0.0102876285,1618.5387398878213,1750.864502067154,14.155932003585848,1.1341221253858896e-08,0
-0.4364941,0.07512507250580046,0.0101595735,1694.070665911069,1917.6503628711005,14.544406392708,1.0178659311761887e-08,0
-0.1406664,0.1607498912412993,0.010987539,2316.7143237831046,2041.6725041250575,13.054290692442738,7.89151806509038e-09,0
-0.08148754,0.07213080952726218,0.010575454,1477.2246560877047,1637.2324301100805,14.01766339780568,1.2128857410670744e-08,0
-0.24359937,0.07137742894431555,0.0102558825,1577.5431298552965,1809.6244555404496,14.754070470266042,1.1022050303998307e-08,0
-0.2810232,0.18502120794663574,0.009155884,2576.413219351259,1991.4870031527828,14.472711261924788,3.5281635274375084e-09,0
-0.01330282,0.07947428763051044,0.01093314,1590.2362995527637,1735.304872334023,13.984489381870683,1.2114512339114995e-08,0
-0.14137496,0.0757844221287703,0.010435658,1590.0770026913806,1745.4802145795186,14.189906600359839,1.1501456442183362e-08,0
-0.19119744,0.14509770156612528,0.010864245,2489.1398663237446,2324.3955662909957,15.591136778493357,6.548012013527823e-09,0
-0.05702783,0.0750876867024362,0.0110668,1567.6794656080287,1907.204417624465,15.536405616606316,1.121613673668387e-08,0
0.031359218,0.07407827001160093,0.011439236,1591.3836869506447,1752.8542482446637,13.565680654175864,1.2117218126628026e-08,0
-0.14596257,0.1195326094837587,0.010695931,2379.380797100092,2330.924824500068,14.77963239249748,7.467164996002017e-09,0
-0.19510202,0.08854204430104408,0.010400617,1725.3952376749821,1813.511538845953,13.544416404702982,1.1124240545211235e-08,0
-0.20656747,0.05064303581786543,0.011151216,1171.6043760308826,1624.9473212962077,17.19353430348966,1.0907521907742742e-08,0
-0.17960511,0.06694324608468677,0.0113637475,1444.9873934849393,1655.0023569624493,15.004566098168292,1.2653431980312148e-08,0
-0.10595524,0.16184767437645012,0.0109884115,2484.8387842383927,2216.0976961964284,16.480621728045442,6.051777098285546e-09,0
-0.22224107,0.08084736622679814,0.011413634,1664.488606226171,1801.0563012341827,13.356209494889494,1.2159820140434322e-08,0
-0.08274695,0.11296177131670533,0.010378274,2187.507020474432,2215.204731962874,17.513950443342942,7.863695033573245e-09,0
-0.16298735,0.08420415820765662,0.011038116,1750.184980999472,1917.5809511285574,15.022700979363055,1.076898722023876e-08,0
-0.07218363,0.07988666437064965,0.010180219,1554.4361779193707,1821.1778033133953,15.937425386245186,1.1007081067193853e-08,0
0.0708966,0.0912236260150812,0.010680683,1733.1109650667527,1798.5055966352263,14.36439942256893,1.1354877270013613e-08,0
-0.1485544,0.08859529074825986,0.01134274,1881.9403786264256,2017.9744723466554,14.166109702859377,1.088459106742787e-08,0
0.07577412,0.07791881162993039,0.011338345,1650.5236336514572,1844.995049020352,14.869295252346927,1.1596147451165779e-08,0
-0.057741735,0.11081831859048724,0.01081314,1868.2279532194261,1840.8892184445542,14.75889791369093,9.190784356737619e-09,0
-0.037964765,0.07403635259570766,0.0112859225,1575.3149934657897,1750.5793728458252,13.591915671593622,1.2291030437165222e-08,0
-0.19364172,0.13276038645591648,0.010507225,2492.107808080596,2320.751845624735,14.95877760761506,6.677311166931517e-09,0
-0.21124527,0.14138177929234338,0.0103762895,2526.461827719941,2351.628154686357,14.520203861894199,6.845555430723308e-09,0
-0.085832186,0.11801225348027843,0.010509358,2256.5040720349225,2286.7606331127336,16.689151937678744,8.124247147605176e-09,0
0.035781987,0.10090881489269142,0.01037604,2033.333739612587,2173.731432005421,17.911521254807404,8.502941146442366e-09,0
-0.0753471,0.0694209052349188,0.011303951,1483.0191235982622,1670.1124955618925,14.359362706512638,1.2589721436305177e-08,0
-0.0472157,0.14405996229698376,0.010412371,2433.0107772279466,2226.0917970644828,13.774425188002896,7.374690961922249e-09,0
0.11394681,0.111820937862529,0.010362531,2101.721537440105,2174.034842026639,17.276003201422103,8.357443236472245e-09,0
-0.027504837,0.08583780452436195,0.010753971,1716.820040604232,1833.936339161054,14.374202163959016,1.1333783739012299e-08,0
0.08107743,0.09800518416473318,0.0107884295,1795.1310106536953,1957.056714507607,14.495778833839866,9.494438800922238e-09,0
-0.40130195,0.11459428473027843,0.010166837,2334.858614952273,2358.13758455504,15.679423843985578,7.283288714561768e-09,0
0.025419772,0.04740406576276102,0.009899812,1167.0776780701658,1626.105572242895,15.900411466231537,1.011805618758192e-08,0
-0.14300738,0.13669269322795824,0.011115344,2122.188331909521,1991.7336546648341,13.154425187195432,8.993737731398888e-09,0
-0.17754486,0.08224536869199536,0.011281925,1680.0787396897158,1795.8026651879095,13.642262656247125,1.1891860008125453e-08,0
-0.27567384,0.08675998767401392,0.010662222,1671.9224939855062,1782.7634171179543,14.488394346645086,1.2033668989038901e-08,0
-0.2010301,0.1424682333961717,0.010864809,2366.448778805223,2230.0804028008324,15.503081705079317,7.098407558234262e-09,0
-0.48075318,0.12221079248839907,0.01010874,2270.7068428407574,2247.8599924024847,16.57590039979925,7.619927256057808e-09,0
0.037874777,0.11959038754350348,0.010999054,1950.7860867363906,2021.1229215449546,15.337390436707752,9.015023198883745e-09,0
-0.16066562,0.1059411706061485,0.011295248,2230.3356901239713,2331.1698767445837,16.440617604001435,8.69823840184916e-09,0
-0.21416622,0.17555353647041763,0.010855546,2352.4793720632274,1808.6082564854596,13.707137515605273,6.5055442127609574e-09,0
-0.15633525,0.08694351798143851,0.010908191,1728.0787648460248,1836.429574192836,14.58609391625541,1.1229422354752651e-08,0
-0.18520162,0.04084908823955916,0.010341595,1105.2341433913812,1568.818147369508,15.536100542091733,1.0952580804637478e-08,0
-0.28975797,0.1576162811774942,0.010889664,2541.210821157356,2285.860766890954,16.298126544339066,6.238316187299267e-09,0
-0.21591543,0.10365837079466357,0.010821087,1768.4193188984102,1943.9128586577845,14.213194974433753,9.665332784176304e-09,0
-0.010795889,0.07503557315835267,0.01015992,1512.0336068339582,1663.8245784147025,14.082614946521957,1.1808180469317295e-08,0
-0.14109391,0.04285772549303944,0.01051329,1200.8912832101364,1609.4871868682333,15.6309318411478,1.0955258919144008e-08,0
-0.17499804,0.14788011165893272,0.010092243,2219.8536878913187,1939.5993426230189,13.63751111791765,7.414354636790888e-09,0
-0.19185093,0.08751110245069606,0.010161058,1725.2862108671175,1814.8910533202265,13.181192865319032,1.0923178495669926e-08,0
-0.14083207,0.08375779437354988,0.011287837,1691.4064144998397,1811.0024268190866,14.018227601555093,1.1960307628090565e-08,0
-0.17558283,0.040480894721577725,0.010580311,1073.250047663177,1555.5840422240396,15.568750758349424,1.1164245748145403e-08,0
-0.041975386,0.08502664588167054,0.010742655,1703.5883189492174,1822.013798696533,13.747598317576491,1.1359749631476777e-08,0
-0.29524744,0.11911796693735499,0.010829983,1990.7181768546345,1985.5034400082775,15.314133667711744,8.869318808851953e-09,0
-0.023365572,0.18250616299303946,0.010444906,2525.9659438251647,2048.755976460215,13.301598540452535,6.270261119443955e-09,0
-0.092417195,0.15677906576276102,0.011278329,2675.884826526201,2311.9394383670237,15.73310199582708,5.759718651124708e-09,0
-0.26807195,0.1407371574100928,0.010118044,2484.1741899136023,2255.8727651830627,16.837819741693306,6.283322864393598e-09,0
-0.20717716,0.07508542089617169,0.011182415,1604.8910365286274,1799.3584973188147,15.234326961925937,1.1143198371322697e-08,0
-0.18976282,0.1424637017836427,0.0110232895,2524.399012062141,2331.7182420657864,15.441706891239923,6.284093035519788e-09,0
-0.04845977,0.14721509752030162,0.010582277,2056.7891326089366,1680.7538158733507,14.493606853863193,8.842513293091626e-09,0
-0.27608567,0.05784150232018562,0.010161692,1398.7331072658737,1829.3634058297387,15.071682126762367,1.0927734531969277e-08,0
-0.24491607,0.1520707203451276,0.010138222,2631.961682922298,2291.8543810362703,16.89428853846725,5.352508063504772e-09,0
-0.0057333056,0.07855776899651973,0.010194765,1604.0821723901206,1744.9135291710045,13.522059260330023,1.1310666417362783e-08,0
-0.19900271,0.12446980133410673,0.010384932,2395.0312093413067,2354.3482180362303,14.476620868848373,7.492206777488169e-09,0
-0.011681784,0.07484864414153132,0.010883744,1644.1680996049981,1966.695790740873,15.17871245590733,1.0643590217139153e-08,0
-0.37031907,0.0733362184599768,0.010361835,1674.0223698819652,1896.0250775265067,15.023311556654965,1.0425211310758961e-08,0
-0.22437203,0.059268960266821345,0.010406296,1386.8397973753947,1760.299637124032,15.562133342213512,1.1212323358619271e-08,0
-0.13805702,0.06814185759860789,0.011289672,1419.1243644372619,1770.7325790136003,15.63777482316279,1.2133678174081592e-08,0
-0.36914635,0.05626676696635731,0.011279901,1374.315588327702,1807.0661968864154,15.45953590838947,1.1758873707756879e-08,0
-0.23729345,0.1080087188225058,0.011278284,2139.021970618205,2235.754749100174,17.629168740399017,8.916795180403706e-09,0
0.03661623,0.268134380437935,0.010172048,3111.9060730163046,2000.1362490943884,13.596235358093756,-8.707279221108913e-10,0
0.11211766,0.11044446055684455,0.011332961,2136.180732170568,2206.886361837039,16.78782680683624,9.300431970385891e-09,0
-0.102554,0.149879685687355,0.01010127,2503.824885877783,2243.958114825084,15.741629836133827,6.485399463728976e-09,0
0.072620586,0.16129028603538284,0.011254515,2347.4345677529464,1899.7282743391681,15.125959229385504,7.077589840228064e-09,0
-0.13474736,0.0525304524361949,0.010086868,1206.661166886178,1627.4734140780658,16.16470801715731,1.1104727040128108e-08,0
-0.21248826,0.13287820838167053,0.011120412,2054.534826661055,1971.6714290897935,13.333809178546883,9.314238852753152e-09,0
-0.05019317,0.06414044373549883,0.011282363,1426.6841897768393,1794.7599775286496,14.61355618119817,1.2003503026234495e-08,0
0.08470813,0.27924362855278423,0.011280866,3375.4234589868715,2199.267539839177,15.320368383597044,-1.719024371102481e-09,0
-0.13112953,0.12022141458816706,0.010758973,1994.9035983877598,1938.9592298750458,13.203146199374771,9.81872064937559e-09,0
0.33419532,0.10164180321925755,0.011354318,2074.859933946826,2177.5682287404575,16.98392214690165,8.976699489700481e-09,0
-0.24501482,0.1591819533062645,0.010872586,2166.5576612377586,1831.8937460298198,14.19287458953843,8.476624522076483e-09,0
-0.18661699,0.04010363797853828,0.010064339,1066.5401455404765,1534.8089268187011,14.918524821938991,1.07583324658975e-08,0
0.0014971625,0.10086463167053364,0.011323229,2049.614879600218,2201.5225433265696,17.580042261636336,9.812219653629295e-09,0
-0.21154346,0.15059794627320186,0.010893402,2409.1034042773517,2203.738152997424,16.535871001989516,6.636910659379859e-09,0
-0.18105759,0.08475928074245939,0.011370672,1728.0249511558209,1863.5119872973214,14.9434737576595,1.1536091413675828e-08,0
-0.23281416,0.11451271570475638,0.010981064,1953.4071177066219,1902.6403740866108,14.59940521438609,9.465161288437756e-09,0
-0.14259034,0.0782009045098608,0.010150776,1597.407778855196,1740.4457369511115,14.025030505927798,1.1283653902282306e-08,0
-0.07370506,0.08257051189095127,0.010457654,1651.6042928398288,1785.767059733214,14.057779893648704,1.1515427716442779e-08,0
0.0030893318,0.07515679379350348,0.010188852,1495.5390129781938,1655.340064383901,14.302156345309607,1.1966817579841334e-08,0
0.26020005,0.1611532047563805,0.010970326,2546.3463518791627,2294.9036421424244,16.078585735351655,6.386002999200365e-09,0
-0.27521318,0.11445833635440836,0.010382066,2096.6851317824767,2163.7073132940054,16.945379813898892,8.477275339133937e-09,0
-0.2867132,0.12215188152552205,0.0104928715,2009.529829940337,1778.6136684564563,15.325695697933714,7.007753065883811e-09,0
-0.19280757,0.08509688587587007,0.0101341065,1661.236363560231,1752.148061965664,14.307003383539044,1.1080383610187597e-08,0
-0.014462331,0.07772735100058005,0.010795275,1591.8049914059932,1764.0257901909067,14.186447581693496,1.1856024888194708e-08,0
-0.3180793,0.19366752465197215,0.01014684,2639.8084386005316,2068.5545220897593,14.478492528753675,4.87260477995449e-09,0
-0.40752065,0.20911012724767983,0.010858883,2813.1455362752813,2241.5115532855248,13.688714988106215,4.621672329363259e-09,0
-0.11491273,0.11995744815835267,0.010897393,1930.8005077051882,1898.1512320359877,14.232650104504177,9.882744529561559e-09,0
-0.43959826,0.25675663428074247,0.01017927,3032.5169151796454,1907.8987755692592,13.981519866649512,-7.782994574797664e-10,0
-0.41188943,0.14571060216067286,0.010089647,2258.7745619344264,1910.0279476589833,15.148618934387232,5.651083280348497e-09,0
-0.061793074,0.06545121265951276,0.010382912,1411.882301518853,1619.7990214309405,13.571625179320435,1.2242959538787043e-08,0
-0.02469387,0.11479367568155452,0.01092561,1807.1648490514858,1785.7117734576025,14.355523034799184,1.104768696940073e-08,0
-0.06256806,0.10433018235208817,0.010664133,2048.1124486042117,2080.024502080794,14.269936409262009,9.57074936037441e-09,0
-0.21860042,0.10088275812064965,0.010198621,2093.5983436321717,2186.4356382503206,14.009348265623895,8.650713138539409e-09,0
-0.0042275274,0.21553482091067286,0.010188495,2743.4321726155413,2085.948507705582,15.34431488068254,2.7719484197213577e-09,0
-0.13422115,0.08255238544083526,0.011247634,1682.659271547473,1802.0035326589991,14.286312529531534,1.1799744859808296e-08,0
0.15328264,0.10537585194315545,0.010977114,1912.5584839826975,2025.7147073556432,14.695559737488853,8.75651602018711e-09,0
-0.26830804,0.108402969112529,0.010790991,2211.7369077390035,2231.281454042143,15.025458844069489,7.946587995350121e-09,0
-0.052714933,0.07268706496519721,0.010720828,1475.9206836896465,1642.5470839980699,13.983760003171199,1.2487145640451307e-08,0
-0.05048833,0.07918539733178655,0.010452885,1625.7997899324516,1758.3237486677601,13.910926175687404,1.1398355318208713e-08,0
-0.036400594,0.15509330590197215,0.010842641,2520.42138479081,2273.829649554288,15.24179062505513,6.449566258923323e-09,0
-0.063777454,0.11145047853828306,0.010380634,2249.9641281991767,2221.7519490443365,13.545571206083133,8.000075744984566e-09,0
-0.18217611,0.19292887180974477,0.010359799,2908.603294816418,2306.6930051963764,16.4646583480083,3.5555483038186756e-09,0
-0.030876571,0.07214327146171694,0.010162469,1453.285194349293,1621.0249824019008,14.342432215502514,1.2066383489254725e-08,0
-0.3597396,0.06883972592807425,0.010133638,1518.2960849710378,1762.7645796756685,15.103424158075027,1.0807296924772995e-08,0
-0.054427303,0.1502297527552204,0.01086969,2574.744812190831,2343.42318821162,15.000298511793027,5.994201267525537e-09,0
-0.13536927,0.09644177784222738,0.010476608,1761.9014301048292,1822.9856910239896,14.14335641349177,1.1091510492744255e-08,0
-0.18982871,0.0949214218387471,0.010936503,1973.0176668945342,2063.5187964380775,14.728240587373955,9.76311336568058e-09,0
-0.3577075,0.15489618075696054,0.010773006,2527.0865023416422,2226.7993789889206,15.421166207570236,6.0104389089437934e-09,0
-0.30475068,0.09586626305104408,0.010174385,1828.8490007076202,1879.7838508113932,14.937499825864878,1.0184599239169227e-08,0
-0.08676125,0.1783993891386311,0.010398149,2587.6383797551734,1849.7810786807718,16.3992910148884,3.2597636054378314e-09,0
-0.0704799,0.12142682352088167,0.010366411,2239.1409719586854,2238.4302891594652,16.645545791584134,8.101962435143379e-09,0
-0.23190576,0.062287014211136894,0.011194366,1484.3841168233355,1712.4318807625655,14.825961351903704,1.157649314326181e-08,0
-0.08393409,0.07924883990719257,0.0101461485,1609.362435732076,1744.8958107205178,14.005192531573122,1.1312059411533713e-08,0
-0.12063357,0.14956020700406034,0.010880422,2449.8835129539916,2235.153071059292,16.34662296919878,6.419935008550096e-09,0
-0.1868563,0.07836177675464037,0.010419527,1584.1370570505899,1714.6285119058293,14.016414649335069,1.1055447138401869e-08,0
-0.3432792,0.14557691959106728,0.010391772,2525.1256913863813,2267.9884046105735,15.382436898646617,6.3483498035687705e-09,0
-0.04268459,0.11782985607598608,0.010887378,1948.1787667988706,1900.3432193046733,13.919055781082266,9.989990204924948e-09,0
-0.24871948,0.16113847701566125,0.011106461,2515.2387617484032,2273.8871688439094,16.549793602139975,6.3652546195021556e-09,0
-0.061659046,0.0904351254350348,0.010581639,1727.447388900001,1816.0861923100217,13.686650983649054,1.1365479986580567e-08,0
-0.1468736,0.09007599514211137,0.010163529,1734.7873929814218,1806.6765243282819,13.126814665288306,1.074202708660661e-08,0
-0.15263069,0.08465505365429234,0.011430098,1720.865772063497,1817.985705822789,14.544169756056561,1.164906164927588e-08,0
0.053086746,0.05492540965777262,0.011351033,1364.851453460599,1774.654823844642,15.38503020740874,1.163117850785193e-08,0
-0.26371187,0.13684563515081208,0.01105082,2136.266322112886,2048.3720909939325,14.433315782958182,8.706172810222645e-09,0
-0.32937282,0.10344311919953596,0.010731817,1846.3491231812864,1876.713893891841,14.730902422663195,9.641911998594406e-09,0
-0.14199147,0.12841910165313225,0.010125547,2347.9401381013863,2308.451813640893,16.98474132461376,7.749069570122715e-09,0
-0.27920294,0.07498119380800464,0.011289422,1646.9892202304425,1852.4935285308131,15.050872585792986,1.169563253372694e-08,0
-0.32869357,0.12234787376740139,0.010547899,2513.772168989397,2426.619157611607,14.354179633944483,6.449733173304556e-09,0
-0.19442043,0.08111473136600927,0.011256853,1818.184491736536,1999.5961121043722,14.613616307660063,1.0658282902211368e-08,0
-0.12165743,0.16604621338457076,0.01039303,2369.6029682970848,1906.8250422448248,15.10374861919556,6.615760668931894e-09,0
-0.037748136,0.11768824318445475,0.010765793,2356.1408746183965,2341.925254103553,14.511201679322834,7.700204990220024e-09,0
-0.22088107,0.11852319279292343,0.010401597,1901.8409321632953,1757.654015430767,14.410026206611258,1.0418345841589712e-08,0
-0.23541561,0.23056391386310904,0.010535116,2944.116096829496,2081.0200171462557,14.029517475611652,1.0259633371804734e-09,0
-0.035450436,0.2164785292198376,0.01090003,2851.659282165694,2213.4839811416973,14.18365120184632,3.1402971795783458e-09,0
-0.31399846,0.13747099767981438,0.0101221865,2450.8003755240125,2263.8609896106827,15.951798859033786,6.648628392569017e-09,0
-0.17479256,0.15299856801044084,0.010844996,2442.9366954845405,2238.2879192308014,16.130590923555307,6.702280954807518e-09,0
-0.270253,0.07654120142111369,0.011360638,1619.8160878337294,1783.353666233553,13.27629356598604,1.2115498735758616e-08,0
-0.28228465,0.09818984737529002,0.0101453075,1934.9340156664166,2018.1947942770219,14.218027416310306,9.789267547881039e-09,0
-0.026349565,0.09326285165313225,0.010875121,1790.7552594582228,1870.2191853694108,13.809699862298164,1.1118504562968225e-08,0
-0.18998924,0.07497439638921113,0.010611553,1467.1856906331552,1630.4577741766566,15.890051870859851,1.2272338569826957e-08,0
-0.19024493,0.07247861078886311,0.010603334,1489.889089642356,1665.2861190072617,13.800839658634528,1.2049489031770882e-08,0
-0.07077885,0.11479820729408352,0.010078347,1934.3585130905392,1870.7122270374384,14.543175714046061,9.084681792687632e-09,0
-0.162472,0.07682782591357308,0.010164023,1614.3789789676446,1762.4327258153824,13.560831447329845,1.1031692081982122e-08,0
-0.16964939,0.16657641205046403,0.011003554,2389.890613221192,2092.6912969984196,13.445717559749294,7.77023043787455e-09,0
-0.23573413,0.04038233214907193,0.010138495,1070.3539715843513,1558.90079533351,15.092416818648257,1.1037496988244797e-08,0
-0.14879498,0.07102056445765662,0.011453777,1542.4843887649834,1734.973638696699,13.50128142178373,1.2446945924618043e-08,0
-0.056283854,0.07077472447795824,0.010156543,1479.103368430352,1650.1772712127088,13.572655995941746,1.174855179368413e-08,0
-0.10564311,0.141090623187355,0.010751974,2327.0279318178273,2190.0790787148676,16.330421999187017,7.231938275586259e-09,0
-0.096559905,0.07923184636020882,0.010397004,1619.450516612956,1750.5037199592023,13.483425848322018,1.1362339269285882e-08,0
-0.2242474,0.11328918032192575,0.011008522,1897.2391676550915,1862.9191944287647,13.207945070524547,9.927004926121863e-09,0
-0.027193276,0.05124120867169374,0.010261994,1222.170102165512,1648.8482967697682,15.059498725051688,1.0989195211876788e-08,0
-0.112289146,0.12562989414153133,0.010913521,2126.7577804178977,2063.3545360096887,15.006877916973135,8.458608386987321e-09,0
-0.035054207,0.08694578378770301,0.010449989,1715.5361912643425,1803.687239187518,13.536960014184178,1.112544292352546e-08,0
-0.009936233,0.07107607671113689,0.011440505,1503.4674392025424,1674.6666840330402,14.495287655427454,1.2779601900225858e-08,0
-0.0680406,0.11634915168213457,0.010671132,1974.951354685189,1937.4214798374242,15.594463754601808,8.814581746764115e-09,0
-0.07964269,0.09299888522331787,0.011035375,1730.5196355613818,1859.1941444080535,15.503090648588632,8.424938571246206e-09,0
-0.10771492,0.07178753987819025,0.01137737,1561.8206816386817,1741.6277896179577,13.182700020908273,1.2223033910143218e-08,0
-0.29274,0.080087188225058,0.010418385,1676.5444218087803,1847.1979338039375,14.775357394700343,1.101752473080601e-08,0
-0.101480305,0.08567466647331787,0.010926943,1685.911172598051,1829.6087160386596,13.823155457242924,1.1844061940721607e-08,0
0.0018746826,0.085444687137471,0.010768841,1722.4587083056012,1833.5484414390373,14.291974610554597,1.1096402530505513e-08,0
-0.33505723,0.07757214327146171,0.010005412,1647.113413485073,1827.7161596086073,14.764830123503282,1.0395773928546529e-08,0
-0.16312915,0.1048796403712297,0.010653614,2231.7173406680704,2307.624294836874,14.537209375858891,8.108172383559935e-09,0
-0.03496478,0.05563120830916473,0.009719362,1232.1991783755093,1638.4553310347646,16.284493320678827,1.0131695898989427e-08,0
-0.004035025,0.08123708490429234,0.010770927,1668.8719219609748,1818.1729155398452,13.983708438573565,1.1439865569980385e-08,0
-0.12876032,0.07945276247099768,0.010192545,1627.2639290064635,1759.7335266853595,13.686651900450139,1.1057595035406479e-08,0
-0.089245856,0.10744679886890951,0.010870962,1837.9059671472894,1851.7889988312477,14.045929486123107,1.0385898270722045e-08,0
-0.3457237,0.14077794192285384,0.010292146,2225.17191363998,2013.3460876940642,13.777027530230825,8.494877374155653e-09,0
-0.2974391,0.16368071164443154,0.010369789,2667.6296195840855,2365.4349242322005,14.850887440773395,5.973068175731502e-09,0
-0.12418597,0.10434830880220418,0.010982299,1801.9653391759095,1744.0553221532482,13.248627661192831,1.0936004661050222e-08,0
0.23853761,0.10629916799593968,0.011305337,2088.036306421716,2205.82565252607,17.81199374168602,9.3843078648073e-09,0
-0.10490644,0.27939883628190254,0.01084842,3187.0522062115756,2163.6230130719946,13.963850587888876,-2.443687895645766e-10,0
-0.29589903,0.17541305648201855,0.01074173,2417.646347042519,1884.2514606836007,15.900969326880125,5.725916962773836e-09,0
-0.3180437,0.08727205988979118,0.010173914,1705.0815330375326,1799.6209727508233,13.94050170772502,1.1024297668791776e-08,0
0.15665413,0.10368442756670533,0.011260555,2015.114732132799,2157.3065886447034,16.709597117108494,9.752433956879213e-09,0
-0.21927078,0.18796675609048724,0.009724468,2557.2480874083203,1878.5078299006682,14.675357374848822,3.1384958503363463e-09,0
-0.0710016,0.07559749311194895,0.010579315,1545.2995223765831,1714.6602547872296,13.410031520924434,1.1964912023468287e-08,0
-0.26084483,0.16329779038573086,0.0108249355,2652.040777992744,2333.058099129643,15.23027839185933,5.712742313223521e-09,0
-0.25323918,0.19069252102668213,0.010935789,2833.9472049116093,2314.272180309017,15.176352286815904,4.3367331615699104e-09,0
-0.10087097,0.07263948303364269,0.01134874,1446.2212949620794,1593.9477220005085,14.634314397562754,1.3216906990125823e-08,0
-0.19711187,0.07091293866009281,0.011392211,1476.5778895280469,1648.5939587324228,13.490493934460021,1.2883808350967527e-08,0
-0.2602846,0.09866000217517401,0.010616499,1831.0404206999604,1887.5333253380588,14.823434232772268,1.0610759481259913e-08,0
-0.22747967,0.07538677312935035,0.010607514,1655.5701757599622,1849.5874403118667,14.862716399950493,1.0909776475229487e-08,0
-0.018426225,0.07163686376160093,0.011199816,1511.95539542848,1802.4419254991271,15.360221855324076,1.1471772656375402e-08,0
-0.094934165,0.0699250471287703,0.010420335,1464.13614434015,1644.4398878293875,14.223450464752299,1.2126588678525636e-08,0
-0.4088927,0.15109075913573086,0.010370604,2313.6861325245186,1998.1967497028722,15.418827883839551,7.181225586317959e-09,0
-0.05312211,0.12237732924883991,0.010165591,2253.5725974712373,2239.1590786648203,17.834534149197484,7.561607596181495e-09,0
-0.2162824,0.11487071309454756,0.010942382,2012.6829734871508,1983.9547010033496,14.936750658168862,8.96626251017634e-09,0
-0.21423611,0.09539044373549883,0.010134142,1914.190434729425,2005.4870044713805,14.287761587465424,9.85905655857698e-09,0
-0.23514691,0.10912576131090487,0.011293429,2094.700770843981,2154.7924083262,17.281673372144674,8.857443753131771e-09,0
-0.17596896,0.13008560216067286,0.0107736755,2344.3688772011164,2268.0185147798484,17.147443017252886,7.626584682443968e-09,0
-0.049489018,0.08331369634570766,0.011307601,1706.9095430686073,1812.6608497807918,13.703531788481618,1.176287601243002e-08,0
-0.28696674,0.10612809962296983,0.010080293,2227.8379417937617,2262.8191442195125,18.307068441837806,7.2719442954063105e-09,0
-0.07550076,0.09443653929814386,0.010763361,1805.37339513792,1864.7265171745955,13.667865206252781,1.0971727256160632e-08,0
-0.29178444,0.12779034041473317,0.010486891,2369.2510550117754,2224.7419572105873,17.357940190971217,7.149542202169904e-09,0
-0.15376523,0.07768430068155452,0.010231119,1614.7673155787909,1755.0591741166597,14.130911567130909,1.1226674957769906e-08,0
-0.2525045,0.20932991045533642,0.010857916,2959.007787960294,2274.3521350528695,14.718278442393673,2.979565487847597e-09,0
-0.10331872,0.06118243365719257,0.010178453,1446.5037649634075,1800.310293870657,14.60161510609623,1.0816294578741265e-08,0
-0.27086067,0.0750095163863109,0.011276094,1675.8822048613226,1852.816580469472,14.90246846478784,1.1177492067225403e-08,0
-0.10851014,0.11486844728828306,0.010390118,2153.510505290957,2212.4533556105234,17.080110627605436,8.493944268688365e-09,0
-0.17947012,0.07857816125290024,0.01015038,1587.1392032224796,1722.587422301279,13.044090377748166,1.1282543608503234e-08,0
-0.28049457,0.12788323847157773,0.010837889,2080.084402531137,1991.3779562528814,15.061568620385852,9.034181847289658e-09,0
-0.21573564,0.0705073593387471,0.011371973,1478.2654955986275,1800.7457042592275,16.012753216190067,1.2086086895812722e-08,0
-0.13254617,0.07230640951276102,0.010431458,1494.729310321504,1654.587240664678,13.992639609771006,1.1994445692836149e-08,0
-0.14178216,0.08248441125290024,0.0112998355,1684.926153490027,1799.433929938138,14.516678787219615,1.186494110415646e-08,0
-0.30494234,0.11521284984048724,0.010918053,1951.4740412361675,1939.5968888341445,15.636958713927141,7.9740261771676e-09,0
0.14900845,0.14098299738979117,0.010922506,2590.853476249516,2302.927395873358,16.151069703377676,5.295368869169901e-09,0
-0.34876376,0.17487606039733178,0.010068717,2398.684527107638,1955.5021954252077,13.935751049806266,6.162743791985675e-09,0
-0.14890632,0.12144494997099768,0.010380945,2321.1095787636973,2312.810632896061,15.951110619614086,7.745574225790036e-09,0
-0.24123546,0.08252972737819025,0.011247272,1629.2453604796426,1820.396239050469,15.354367239618567,1.1490193471204843e-08,0
-0.005775519,0.1286977958236659,0.011424319,2360.628907848677,2221.330196233227,13.92850336938624,8.29239523571959e-09,0
-0.27765048,0.11102677276682135,0.011369912,1937.2320959835363,1877.2513523568016,13.69684884728041,1.1004059404159304e-08,0
-0.15482067,0.15202427131670534,0.010839615,2413.5100406622537,2210.4722101453162,16.564718197428736,6.613781709623621e-09,0
-0.0663494,0.0886768597737819,0.010190594,1708.458475928191,1794.6130912280112,13.783285476866215,1.1220707126752213e-08,0
0.09885875,0.2068817067865429,0.011078886,2604.590545852981,2044.4415323579728,14.113977062555533,5.2911085049744374e-09,0
-0.107006624,0.06993524325696056,0.010652342,1541.2393977860033,1878.6710443214047,15.41646624210178,1.1070813092414741e-08,0
-0.11039464,0.12614536506670534,0.011039903,1970.9217109211515,1918.7811330750496,13.492919385638576,9.81483257648232e-09,0
-0.15753467,0.06519857526102088,0.0106537,1489.9531211184733,1829.9485132003565,15.578718591680227,1.0339397293579558e-08,0
-0.13737002,0.04673338710846868,0.011283751,1148.2037981090139,1634.6524340898532,15.974163425752891,1.1655063860346291e-08,0
-0.108395636,0.07848979480858469,0.010598758,1629.279263608215,1766.2479577323847,13.364646831735007,1.1408811875125603e-08,0
-0.25929177,0.12554039479408352,0.010332937,2301.1099317053554,2306.470787672205,16.706370772587867,7.887857346872841e-09,0
-0.20060986,0.12386822977088167,0.010405382,2208.288975445363,2102.0791978849275,14.000549360063834,8.690270061180404e-09,0
-0.020882223,0.0870148908787703,0.010138631,1710.2121333104824,1809.2810451589712,13.136409129489705,1.0975937025155611e-08,0
0.056092184,0.11971500688805105,0.010842666,1942.2628246142503,2004.4129971868215,15.485211226635842,9.17113026794035e-09,0
-0.031935275,0.09163486985208817,0.010631354,1761.525638017631,1833.8550816271486,13.726815804668947,1.1128934914484132e-08,0
0.07452828,0.11051356764791183,0.010605471,2143.823768773974,2240.4725650610994,17.61668060400818,8.590278938519203e-09,0
-0.13852388,0.03820149361948956,0.011245524,1043.0317871499458,1551.1680339330333,15.677946212284343,1.1302041238905241e-08,0
-0.35885584,0.10977264899941995,0.010614543,2178.513167180691,2241.3510640154213,17.610967433112894,8.004954123701234e-09,0
-0.074547395,0.11111853792053364,0.010393744,2119.837229143077,2186.106518546964,17.486099636516016,8.438194465358098e-09,0
-0.20976125,0.06855989885440836,0.010210243,1560.610224936029,1822.1571550862297,14.803350097224614,1.0907523294312143e-08,0
-0.061776266,0.12430439747679814,0.011283569,2416.721734157279,2333.5675998321817,16.570091376134823,7.633383177945215e-09,0
-0.111434355,0.07117917089617169,0.010245706,1490.2541041331626,1661.809253300489,14.368608942056477,1.1687567352925801e-08,0
-0.14812654,0.07241856692285382,0.0113271205,1575.9856337777965,1747.4773715254737,13.144600498406582,1.2033489552689362e-08,0
-0.06918166,0.1298760150812065,0.010117662,2482.7841126772387,2342.2764226581166,16.061175533915,6.35176301519476e-09,0
-0.038833898,0.11209963203306264,0.010161515,2137.011498673824,2205.662597298596,16.76309847603666,8.289943162376001e-09,0
-0.15914902,0.11646697360788863,0.010525181,2123.491542444785,2145.8154575740596,17.022805924653174,8.115999832192104e-09,0
-0.41537192,0.15221573194605567,0.010088185,2618.126454742511,2241.2545940332557,17.82183404996971,5.159197365397378e-09,0
-0.08263638,0.09006806482018562,0.010165078,1717.552900460887,1804.4662342601484,13.212430510781365,1.1092744447420302e-08,0
0.037182327,0.060615982091067284,0.009125164,1313.9271337605817,1604.9057126357,16.689430841801006,9.547697555693346e-09,0
-0.19332922,0.12033810361078887,0.011024495,2095.2970132018772,2057.086276806422,16.04207860929288,7.990131794404345e-09,0
-0.22272526,0.10011691560324826,0.011182024,2176.7939682821016,2214.8896053182903,13.9122321758342,8.526502478880838e-09,0
-0.2189154,0.11304107453596288,0.0107608605,1992.641704263369,1977.2812128837882,14.913291115428091,9.322358106179948e-09,0
-0.015580887,0.1177698122099768,0.010795723,2208.8349932480937,2211.805985554422,17.028887511420177,7.999708698481345e-09,0
-0.2950648,0.12377533171403712,0.01014475,2295.6829482261664,2291.684025934781,16.663948558666757,7.894907333343084e-09,0
-0.17114657,0.08444886528422274,0.01071585,1701.1755425698072,1833.498692061875,14.26050538235316,1.1419080989614485e-08,0
-0.11688681,0.08767310759860789,0.0104195215,1820.6389854794072,1950.0077531123934,14.00644321559167,1.0326959402738127e-08,0
-0.1631569,0.10571345707656613,0.0107979085,1835.384709268118,1840.4780435206621,14.804745376491148,1.025279493785772e-08,0
-0.20096901,0.24918091103538284,0.010159055,2936.4573238379603,1877.8754717517947,13.794725831639871,6.5410604579549296e-12,0
-0.14491965,0.07826547998839907,0.010379964,1588.167710192171,1736.7126420401262,13.386874256968511,1.1699493835822525e-08,0
-0.047173556,0.05087867966937355,0.010353314,1304.808175943907,1747.6367173220845,14.605606886680826,1.087606393924584e-08,0
-0.2467787,0.11863761600928074,0.010360734,2177.3908419175823,2192.5830615038126,17.057313070440596,8.139085936524552e-09,0
-0.041315466,0.07618660274071926,0.010154428,1540.5144275401387,1675.6751942179785,14.203585760191634,1.1568887933985324e-08,0
-0.30415833,0.06933933620939675,0.0103659285,1584.4432587820409,1794.396324401468,14.796041907384758,1.071455613242897e-08,0
-0.17451045,0.09876083055394431,0.010658663,1978.672636848294,2060.9499246275473,14.594719429330226,9.998541011929051e-09,0
0.019746756,0.1009915168213457,0.010611299,2110.1113638303677,2184.6246592640405,16.93355180523701,7.779220621465647e-09,0
-0.08236193,0.2248132975638051,0.010675782,2760.3401456876772,1857.8473631285615,14.689230133638242,1.9268572720014033e-09,0
-0.19300297,0.0802752501450116,0.010147817,1632.6278529017575,1752.6331107844155,13.966982478590133,1.109303319717622e-08,0
-0.1953027,0.1487354535237819,0.011355654,2475.058072145708,2222.1961158816453,13.715055748040148,7.81672705455188e-09,0
-0.16342105,0.03388739849187935,0.010303737,975.9928964363421,1462.6740167895753,15.978133026078227,1.095838579969976e-08,0
-0.055283107,0.13692380546693736,0.011085388,2069.8200369557026,1960.7804229005744,13.180280539187713,9.410171474653459e-09,0
0.06262043,0.0956272204901392,0.010884984,1838.7952100290574,1978.0691361519544,15.103903107742449,8.683369419504708e-09,0
-0.21472484,0.12141662739269142,0.010895775,1963.5180746994236,1929.522649382219,13.508743418296898,9.979745968613379e-09,0
-0.08670329,0.248530624637471,0.010134584,2957.457451644297,2082.2652836959564,17.07573194302824,1.3508568980415054e-09,0
-0.26437187,0.10631276283352668,0.011256387,1964.2228094087939,1979.8525384374466,15.333827946276541,1.0603181640593628e-08,0
-0.3062844,0.14720150268271462,0.010340434,2568.0787262864974,2253.83149123837,16.982139457766483,5.731846717674513e-09,0
-0.11968696,0.08000901790893271,0.0107148355,1601.5786809267227,1744.1453455094027,13.815160737190725,1.1969007774452936e-08,0
-0.11886057,0.08229521642981438,0.010604484,1629.652595995994,1762.4174155860487,14.406446854717785,1.1830383230888427e-08,0
-0.17341444,0.07443060288573086,0.010400355,1658.2876504587107,1850.9902606167373,14.757723181337767,1.0647100653311708e-08,0
-0.13669457,0.06957611296403712,0.010415367,1481.6210541758248,1654.9917889109715,14.317174558112324,1.1958858354480685e-08,0
-0.08513004,0.11486051696635731,0.010364781,2148.20426160223,2219.4935819633183,16.735700798373255,8.519129598162747e-09,0
-0.0034950478,0.06271071998259861,0.00992725,1317.2721472882624,1541.71440541327,13.333469574028214,1.2076293341602464e-08,0
-0.3251803,0.08003507468097448,0.01118594,1673.392917866333,1845.5558651596846,15.43363715233121,1.1331231568357715e-08,0
-0.23736848,0.09499279473607888,0.010459641,1820.0899882892006,1884.4878317126108,14.920966422408439,1.0572241768344421e-08,0
-0.16796419,0.1418122824825986,0.010787623,2352.9993200540953,2203.1172693996696,16.504988378815796,7.0460103026340605e-09,0
-0.24612632,0.14652289370649652,0.010371607,2642.981076633575,2303.965118286715,15.290371939240698,5.331661512103045e-09,0
-0.362886,0.14988761600928074,0.010806547,2447.766645419054,2255.4941589719638,16.43586687040106,6.64385447067396e-09,0
-0.2680856,0.08107507975638051,0.010159816,1695.1580840301294,1855.4176551245234,14.661291435881456,1.0707430137836991e-08,0
0.08266169,0.08325025377030162,0.010452483,1688.014391172787,1808.6396584173258,14.04713547274906,1.124417391660584e-08,0
-0.13026957,0.11085003987819025,0.010138142,2137.191123981244,2186.8881396215984,16.80370515303831,8.102432753055207e-09,0
-0.04221908,0.11062685796113689,0.010600296,2076.1108309920637,2141.424311884972,16.904147364051298,8.563079591354885e-09,0
-0.2250061,0.08838457076566125,0.010212798,1703.879627216344,1798.5258369006967,13.583337779353695,1.120749738310002e-08,0
-0.049621794,0.20209519105278423,0.010910044,2546.1941636961537,1954.407232853028,13.427771366758689,4.681438401651122e-09,0
-0.09492788,0.09027425319025523,0.010691354,1769.6011560431593,1845.9687752750006,14.247970290274049,1.1039172335168274e-08,0
-0.102462925,0.08729018633990719,0.010484248,1671.7671100002428,1786.4625850933498,13.204352569561742,1.1815469818052531e-08,0
-0.32418448,0.06078138594837587,0.011164934,1426.8187670089926,1744.409743748229,14.226642283732827,1.1938112240953871e-08,0
0.0029250002,0.0707090160962877,0.010386051,1493.1991360963837,1660.1566683422413,14.287425570260748,1.1892699098688572e-08,0
-0.34986883,0.11130546693735499,0.011027385,1884.98819528938,1917.2316776691894,14.443340460037408,9.423397209882112e-09,0
-0.041400835,0.0791128915313225,0.010730037,1609.4023427014342,1768.1880198318659,13.77415173109198,1.1913331726873926e-08,0
-0.006055387,0.07934966828596288,0.010214606,1619.1166053541974,1757.3186542507156,13.262203077423594,1.1271279537044925e-08,0
-0.10666608,0.0869990302349188,0.010163762,1714.0484061303348,1807.4167729141434,14.255136125041036,1.0898347853976585e-08,0
0.19558294,0.08871877718967518,0.01126248,2072.855696534264,2277.108269715168,16.095207898849313,8.935379614591162e-09,0
-0.08376643,0.1326935451711137,0.01107707,2001.8091406235158,1919.1272055615013,13.693175253541044,9.805785774779367e-09,0
-0.22990248,0.06054800790313225,0.010103387,1388.3981906035729,1620.1152133268643,13.32187608070464,1.1653636479677585e-08,0
-0.12982239,0.053697342662412995,0.011242886,1239.6922399909483,1658.8426912912744,15.09713243852328,1.1710048300798738e-08,0
-0.13994974,0.08502098136600927,0.01017437,2146.5640957174332,2254.953826349078,18.104849715499217,6.896893185284873e-09,0
-0.10104905,0.23956143053944315,0.0110196825,3134.55054391807,2403.9376753027077,13.865800343399588,2.647848596669889e-09,0
-0.10869733,0.13127515044953597,0.010390857,2096.79637710418,1894.483028817947,14.897271348224615,8.92035495798702e-09,0
-0.18057948,0.120130782337587,0.0081597455,1973.8424216646797,1874.0960714462758,14.273447496816654,5.653302218375283e-09,0
-0.1734809,0.15717218314965198,0.010913553,2584.8090219419246,2331.5597507086713,16.08481729650968,5.950203929409032e-09,0
-0.27523115,0.061742087804524365,0.010316839,1483.5117881096467,1736.4263544078376,14.997405560873537,1.070696108057098e-08,0
-0.096746266,0.05111432352088167,0.010214577,1291.5656728553186,1730.0375828109356,15.108401128525298,1.101159634713752e-08,0
-0.08254628,0.057517492024361946,0.009360182,1305.155116067882,1638.0103925065496,17.269070654612417,8.003390109729953e-09,0
-0.16488746,0.16842417705916474,0.010874694,2561.5047625255847,2321.5698105019947,16.377226587171414,6.50354600301908e-09,0
-0.16380143,0.09397544772331787,0.011318713,1736.0434735093943,1796.4628177129496,13.945797794337443,1.1610329911800438e-08,0
-0.22795114,0.12120590741009281,0.011009015,1996.2836530531379,1932.5295782861394,14.422489347187733,9.328590218337923e-09,0
-0.11897752,0.14139877283932714,0.010882767,2492.0298776800373,2308.7338905747138,15.627268655626992,6.403844685996665e-09,0
-0.27177104,0.07248200949825986,0.010181128,1828.478304539955,2113.4035482794916,14.577202539909182,8.91675144141003e-09,0
-0.024562474,0.08078732236078887,0.010413811,1590.6535700894697,1703.2581274084603,14.650929428652086,1.1694415246971825e-08,0
-0.104556754,0.1110347030887471,0.010968885,1920.652779847083,2035.048136252949,14.065861128777167,8.874431011197154e-09,0
-0.15286903,0.14266535854118328,0.010858036,2537.7019356836527,2337.605450469145,15.326791637829821,6.210294973803268e-09,0
-0.035424586,0.09104236151392112,0.010752765,1784.2321427139768,1865.3154071184917,13.536857190431645,1.1070114418166472e-08,0
-0.18603843,0.06181572650812065,0.01121145,1384.157771825484,1788.052588197804,14.672816922052686,1.1715661224097358e-08,0
-0.27767566,0.09316882069315545,0.010473422,1694.2180144635483,1740.9051405999842,14.193912694122606,1.1526031372986563e-08,0
-0.5407263,0.13887466466067286,0.0101411035,2477.2306761205673,2246.923911115238,17.949060691530057,6.384016150748174e-09,0
-0.3738181,0.11160002175174014,0.010598944,2086.370517360449,2072.2162076930745,14.59813983366423,9.290535726835453e-09,0
-0.23104772,0.11117405017401392,0.010118757,2308.963542571548,2364.652266517128,15.156886910878853,7.272441343400811e-09,0
-0.07216297,0.1597619997099768,0.011077899,2356.1000889017023,2097.553791603889,13.18568892739852,8.133715390603146e-09,0
-0.28271616,0.13342653349767983,0.010138193,2405.4506411162733,2239.835988419955,17.565990962540635,6.9090817628030805e-09,0
-0.20059602,0.07178980568445475,0.010122739,1630.2476224320178,1845.825686964584,14.59387896927414,1.0511277190085376e-08,0
-0.052855913,0.11608971686484919,0.010603518,1886.0159776610606,1906.8119726037983,17.03061624895151,8.047453749256668e-09,0
0.0038325028,0.07538450732308585,0.010743274,1679.436985597269,1846.491541464153,14.513617856319357,1.0691474096322827e-08,0
-0.043684624,0.07513866734338748,0.010157401,1514.2896133368508,1658.6420594860203,13.227562010348738,1.1832313419551516e-08,0
-0.10179353,0.07195634244489559,0.011300957,1557.5078001143804,1741.130663453894,14.730002154081458,1.2242867314124387e-08,0
-0.078315645,0.05328270011600928,0.011299034,1312.898569961986,1753.0137328656106,14.741533015861549,1.165534664116847e-08,0
-0.115063146,0.07205603792053364,0.0104609905,1448.9184997158084,1609.324904383768,14.261391856637228,1.2523766059737248e-08,0
0.0007711729,0.15893498042343387,0.011070393,2624.2316051185867,2344.072499123611,15.974063915565672,5.597208616082741e-09,0
-0.16098616,0.11293911325406032,0.010529005,2180.2677899882515,2205.5623097682696,16.9251085197541,8.147088379497938e-09,0
-0.20879936,0.07571531503770301,0.010152828,1630.330246405295,1835.0837770874393,14.693531223412867,1.0805720015021396e-08,0
-0.24475783,0.1803638431699536,0.010383317,2780.4415912779336,2255.972323954703,16.44739393207553,4.258955697102199e-09,0
0.003418336,0.07409186484918794,0.010446774,1502.2921710892945,1655.5824639129846,13.986655780333185,1.2124829445938489e-08,0
-0.21818085,0.13219733359918792,0.010795974,2271.470047025783,2133.69861613055,14.521763069430364,7.969445193192507e-09,0
-0.26905677,0.1315221233323666,0.011237284,2447.1049459973715,2256.2870381244416,17.25774114661432,7.10271891180246e-09,0
0.0075584995,0.052457946635730855,0.010600902,1354.5563111995484,1805.5971413201573,15.130541539795297,1.076157853317239e-08,0
-0.22422585,0.0736319061774942,0.010128069,1575.6073026375698,1749.954336280359,14.345448806007624,1.1112595543688196e-08,0
-0.13457221,0.08862814493909513,0.01041992,1891.9474511435017,2028.997812205394,14.191594906909646,9.878835848102224e-09,0
-0.33535397,0.2432648908787703,0.010450687,3034.170147321559,2188.4045258355272,13.511151758665774,1.7976097757201892e-09,0
-0.18100402,0.06530053654292343,0.010355468,1489.8672995921977,1761.0867219649983,14.877537856965825,1.1229742835318137e-08,0
-0.16434287,0.12492296258700696,0.010138284,2311.2826128559495,2283.001402044812,17.464750087849442,7.517600607710534e-09,0
0.049554184,0.03997901863399072,0.0102927135,1024.3239043694737,1501.8932222789465,15.841367458489461,1.1011699921865093e-08,0
-0.48604828,0.11464639827436195,0.01131329,2170.403940711051,2200.738094117747,16.49185178304661,8.866640709879791e-09,0
0.12992084,0.11621433620939675,0.011078951,1922.0691148203662,2021.700224993913,15.258851867558306,9.208434181336974e-09,0
-0.06294291,0.12961658026392112,0.010411245,2346.776218902312,2223.414956337119,13.625639228775011,7.79260928475957e-09,0
-0.3933119,0.16474677349187936,0.010323809,2724.3270862820746,2291.483457086105,16.72719875453672,4.836800620658602e-09,0
-0.4699708,0.19584043285962877,0.0101140635,2767.4674681809156,2205.7391801757094,13.87467483316071,4.558044084975777e-09,0
0.024771444,0.12046159005220418,0.011039586,1977.9356959161826,2032.938363973691,15.174122759450546,8.595233345878906e-09,0
-0.351983,0.11279296875,0.010082314,2173.939012522245,2200.3666219804168,17.84642969749755,7.536365558936883e-09,0
-0.16362078,0.1206167977813225,0.010564865,2238.9855739422624,2239.8581201245,17.28586707801505,8.057963603211524e-09,0
-0.08215733,0.07800491226798144,0.011400413,1603.8456501305795,1758.7676129438407,13.7789574598071,1.2485275057341554e-08,0
0.045974918,0.07703514718677494,0.010157868,1499.7711438258943,1632.0094765732485,13.273265205696788,1.1925216868329217e-08,0
-0.55931425,0.24759711245649652,0.01011015,2909.8587771712796,2078.5126050497192,13.733740749339649,2.1462566701973196e-09,0
0.016872399,0.11779020446635731,0.010847722,1887.7098547373553,1874.9742433511926,13.546729474489885,1.0349684378226014e-08,0
-0.065855324,0.21363494235788863,0.009900872,2775.819747894207,2115.5538054662634,17.270104148723412,2.9957169460840483e-09,0
-0.28623375,0.12293245178364269,0.010389246,2320.2508760113906,2223.5365526037963,18.932060157117608,7.393485621486694e-09,0
-0.05565804,0.16495862637761022,0.010350598,2916.8005330604187,2564.3442397242447,14.386233341428794,4.964522334348821e-09,0
-0.17734489,0.11100751341357308,0.010137095,2130.1070230470305,2170.777471683265,18.92931675395655,7.85098303367154e-09,0
-0.14178821,0.07111912703016242,0.010036417,1432.3164502619463,1594.2990529526633,14.569740634341443,1.178241614619403e-08,0
-0.15617377,0.12163414479408352,0.010156118,2449.1683839632083,2396.499883170109,15.115600974846938,6.773758998317616e-09,0
-0.35421985,0.11821051152842227,0.010196243,2255.869038889912,2297.76156249918,18.09899150643877,8.128707312302595e-09,0
-0.2912165,0.11126241661832946,0.010166606,2170.964288724409,2231.2876496713857,17.61305146943775,7.72550356676199e-09,0
0.013498182,0.09564194823085846,0.010957319,1995.159058208735,2011.1760250021948,14.482182442725017,8.94438625774627e-09,0
0.11614564,0.10033103429524362,0.010450403,2064.436671985763,2181.6454405128216,16.734415632194228,8.196306731706847e-09,0
-0.20899165,0.0816369997099768,0.010634334,1700.7460332677404,1871.9215717365535,14.88596564520644,1.0915134362732263e-08,0
-0.110218614,0.0606409059599768,0.010202631,1451.6848854294826,1821.4689358587386,14.398793411526896,1.0908791102115559e-08,0
0.02586672,0.11812667669663574,0.010064196,2410.344688967771,2363.469647826578,14.33943699225451,6.841390962564276e-09,0
-0.08821761,0.1517365139211137,0.0108221825,2505.349379609499,2259.31547653128,16.273971529064255,6.341884097313326e-09,0
-0.18064433,0.10623799122679814,0.010420483,2249.9962185060444,2310.0873273239145,14.205566586845048,7.771876406741916e-09,0
-0.08094395,0.08517165748259861,0.010427463,1703.646735092548,1801.5118927767685,14.004014383873919,1.1168861827707667e-08,0
-0.3311795,0.11561163174303944,0.010369294,2194.840730686326,2253.811207765555,17.51301470742015,8.342894638030547e-09,0
-0.09831927,0.12258804923143851,0.010148796,2020.633140390936,1940.4775578568515,13.528601683167075,9.56860050524388e-09,0
-0.18713346,0.13746986477668213,0.011044749,2106.5501291966825,1981.4424452342705,13.23729704128473,9.160864545430777e-09,0
-0.322946,0.15368510730858467,0.010339359,2250.2036738390134,1889.3547334012992,14.503863848559272,7.791009602055841e-09,0
-0.07029123,0.24493025848317865,0.0101538105,2957.2895480018865,2114.782410500384,12.931655698503032,1.9437362223017168e-09,0
-0.21337649,0.10856724006670533,0.0108152535,2061.407595456939,2055.61332344153,15.434164419723205,8.190264720374847e-09,0
-0.24104907,0.11833966248549883,0.010333555,2194.736243442199,2173.2616621174698,16.832094509078743,7.631940227199445e-09,0
0.18504684,0.17876871555974477,0.010113286,2635.956559056434,1953.5485050715286,15.566685341640959,3.2592176922859733e-09,0
-0.2947573,0.10835538718097448,0.01038281,2164.553710721268,2232.656914163708,17.967677473396265,7.963726349417166e-09,0
-0.19436547,0.11116611985208817,0.010361858,2081.795436288872,2161.6730515519553,17.9377776681007,8.468222086953623e-09,0
0.045490913,0.051626395736658934,0.0102671115,1257.296410347408,1637.8656234176772,16.469093643484044,1.0296733433688347e-08,0
-0.119018435,0.08372040857018562,0.010351201,1567.9911045683573,1659.1197546870317,13.587075982989296,1.1396569634164546e-08,0
-0.12228331,0.1065529382975638,0.011297295,2137.456489325276,2252.6459901135236,17.58525785424775,9.287615941411785e-09,0
0.10727927,0.13910804270591648,0.0104198335,2451.2230369614017,2273.8600289895853,16.73942062702674,7.0416173030215095e-09,0
-0.27688944,0.1014707348462877,0.0104512535,1820.2271725237292,1804.0277024930654,14.091944947881696,1.075018080186888e-08,0
-0.03951836,0.16160636600928074,0.01087079,2546.8297990640144,2271.325992412147,15.994540088421871,6.237147296146333e-09,0
-0.05075249,0.13496388304814386,0.0106834695,2010.5034022702216,1868.9492298231446,13.526025108260443,9.406675826566858e-09,0
-0.2336392,0.0887844855713457,0.010828083,1730.055392785116,1823.1828257279772,14.405282796403592,1.1325363283524248e-08,0
-0.069732085,0.07418249709976799,0.011348061,1572.7907339515668,1745.4310856815318,14.681798152943445,1.235442366788036e-08,0
-0.44591504,0.16332837877030162,0.010945161,2493.888166936241,2224.186649966037,15.969406528175401,6.1663025885243415e-09,0
-0.083885096,0.08041799593967518,0.01060977,1662.112972762204,1803.1677177772815,13.907193920209908,1.1514903316158637e-08,0
-0.27406007,0.20212917814675174,0.011067009,2696.504174460421,1928.555062346402,14.822073027407164,2.897708210286255e-09,0
0.24294564,0.10699137180974477,0.011236109,2202.0844232055283,2338.020268446867,16.05289547726464,9.16378032594644e-09,0
-0.16994374,0.11300029002320186,0.011318976,2108.533317263026,2093.78396390382,14.54449044836013,9.250639116529433e-09,0
-0.13407418,0.1596475764936195,0.010285621,2319.965765474137,1997.4302448894691,13.568648762555743,7.339079266311414e-09,0
-0.22227833,0.08613122643561485,0.010460601,1676.5674274243631,1787.278567393124,14.105586714075413,1.1538908076412813e-08,0
0.08297831,0.17979172708816704,0.009686472,2577.7632549279565,2133.416170577232,14.701171069651101,4.126706297688849e-09,0
-0.07931712,0.05192321635730859,0.010353544,1247.6347890518514,1683.3419178957236,15.328919112983034,1.1139963442474238e-08,0
-0.28873688,0.11553572723317865,0.010977258,1901.187820674128,1873.4227656924734,13.970520709322562,1.0309583999919271e-08,0
-0.13159287,0.11384883446925755,0.010570168,2219.6411302284405,2276.1314370112664,17.35029327962707,8.241314617605011e-09,0
-0.09557742,0.11348743837006961,0.011369104,2223.5104665811346,2258.405358937358,16.7448272204343,8.883285075050007e-09,0
0.035277665,0.05871270482888631,0.01090202,1507.531988691204,1907.2330319409032,15.221880828859303,1.0136200871188014e-08,0
-0.09646729,0.12797726943155452,0.010969349,2058.1109284077406,1949.0079140578177,13.182953260389946,9.355132796026093e-09,0
-0.19522727,0.12287127501450117,0.010886865,2154.531083143754,2085.1749925418826,14.629339011340662,8.439386238150807e-09,0
-0.11863342,0.06775213892111369,0.011434785,1483.044909629248,1679.726583842838,13.4340265011339,1.2689882914903052e-08,0
-0.42203176,0.11969234882540604,0.010945153,2014.3399656195397,1994.2659586586262,15.386371467409429,8.631524857918685e-09,0
-0.20063864,0.10080345490139211,0.011290121,2182.3389477695646,2282.3301713054307,15.696633960698358,8.764643006706411e-09,0
-0.018026114,0.11652701747389792,0.011271735,2280.378972265703,2328.1929685075193,17.369981241707887,8.789637030282352e-09,0
-0.34298444,0.10519118873259861,0.011320532,2026.6348325682873,2117.657190014139,17.344480020014046,9.266787224138457e-09,0
-0.10654953,0.1326017800174014,0.010606756,2381.348651667243,2178.2863387725306,14.115476388122694,7.100942513229363e-09,0
-0.24621019,0.1124032500725058,0.009085078,1725.9205720991106,1549.0337285132357,16.309889358323414,8.466553196682467e-09,0
-0.09646566,0.07421081967807425,0.01018738,1501.509703446527,1652.0788926060006,14.17097821117294,1.1726122546750727e-08,0
0.076743186,0.06846360208816706,0.01134716,1442.3876311660722,1810.1400925683322,15.349669667149588,1.1739208926867707e-08,0
-0.045561165,0.08754848825406032,0.010580912,1726.4836215557539,1831.176442391936,13.606641182422527,1.135617676108188e-08,0
-0.09156706,0.10572931772041763,0.010374474,2130.0663374787123,2189.235636865074,18.43958961557765,8.115383293136944e-09,0
-0.4375586,0.11365170932424594,0.010135343,2134.7423900908107,2153.489313965572,18.192018394699453,7.94368502758163e-09,0
-0.0342571,0.1402556735788863,0.010128451,2117.4545809708848,1931.9598417206373,12.956522297347112,8.878415620383274e-09,0
-0.41168723,0.03550744997099768,0.011321804,1091.2420256826956,1613.3612345946913,17.017438182440845,1.0140442349642342e-08,0
-0.38120905,0.15950369779582366,0.011047288,2433.0754025725464,2218.7655702369084,15.957259618204743,6.963135222243658e-09,0
-0.38423663,0.1223637344112529,0.010127652,2209.427090908379,2191.9228616680043,16.961821951573903,7.553508558800526e-09,0
-0.06925116,0.07219991661832946,0.01042418,1455.227252489087,1616.9204723870894,13.946646750499381,1.2349270352858807e-08,0
-0.4098909,0.11689974260440836,0.010363722,2309.362219223511,2357.224820099693,15.980879394226362,7.9824884099875e-09,0
-0.11480971,0.10786257431844548,0.011098455,1865.3286744477978,1968.1841178116088,15.530813475689582,8.028571247357393e-09,0
-0.1516601,0.15324893960266822,0.010801652,2478.012222771196,2280.492026811931,16.48190531546696,6.73862342948727e-09,0
-0.04801325,0.17244485027552203,0.010129212,2446.071913387267,2042.1929284695557,13.167003101952995,6.751024076779601e-09,0
-0.028044485,0.11926977595707657,0.010418646,2305.5342828315934,2253.8764954423764,16.97114860152181,6.872065438000446e-09,0
-0.024767863,0.05728184817285383,0.010129737,1400.4125109208157,1807.6858536240736,14.959090643987961,1.0716079705703588e-08,0
-0.14160909,0.14368950297273783,0.011216329,2529.0818930825044,2275.0123273516137,17.388815577129026,6.817590822761708e-09,0
-0.1681415,0.08076013268561485,0.010389232,1631.3548283896187,1758.2333138576214,14.010257197535216,1.1368163211104607e-08,0
-0.23304781,0.11403689638921113,0.010048412,2272.5287707880916,2346.9678928132425,15.318137317402414,8.024477540170105e-09,0
-0.16726887,0.13910690980278423,0.010911073,2274.0633037519683,2111.1672312891037,14.108951615131456,8.12908281405703e-09,0
-0.21984789,0.1025458599187935,0.010935093,1860.9548378770537,1974.1974848011198,14.797398991216355,9.092333879720625e-09,0
-0.120528705,0.10296616698085846,0.010147531,2122.6184381200555,2154.554203554387,17.88612749856835,7.474647754538838e-09,0
-0.17128989,0.07759026972157773,0.010597858,1727.5051214952944,1936.8006815204262,14.513209697100736,1.0704044230460647e-08,0
-0.37414616,0.1624322523926914,0.0110406345,2649.1234045408196,2348.4114062079257,15.706421953002405,5.70320304893096e-09,0
-0.37499037,0.26265112927784223,0.010391306,3076.1444330306354,2008.8366682061142,13.576171297097453,-3.419041580255982e-10,0
-0.2524801,0.07751549811484919,0.010549435,1684.1754473278436,1877.0132064773143,14.864232685359978,1.0856467764866483e-08,0
-0.14995743,0.11489450406032482,0.010835501,2150.9590003833437,2197.9769193772763,16.774041466951104,8.590230400544894e-09,0
-0.33328742,0.12155937318735499,0.010504993,2281.1793407503847,2276.3572347259496,17.72971719071129,7.784286548711276e-09,0
-0.08501123,0.07329090233468677,0.010456119,1507.6620717324488,1662.2037912116677,14.287884438435736,1.2002435912120666e-08,0
-0.00029138394,0.1007807968387471,0.01038011,2068.942408505381,2168.982259325488,17.498249172068476,8.010403152975733e-09,0
-0.13669875,0.08316302022911833,0.011219253,1699.1008185078185,1829.8681884470484,15.080722361172043,1.122260535664683e-08,0
-0.31287783,0.08255578415023201,0.010421584,1730.0663695030364,1865.7516190992267,14.881561556793384,1.0628000977107837e-08,0
-0.13615513,0.09031390479988399,0.010261983,1742.8072932468021,1813.1967395927716,14.106938378013021,1.08935755531647e-08,0
-0.34102982,0.09526582439095127,0.010195792,1815.036186361331,1878.647050359137,14.778101981630057,1.0136403866535719e-08,0
-0.44950432,0.10451031395011601,0.0104134595,2174.4901298693994,2227.7693303711717,17.867655217922522,7.713717684396142e-09,0
-0.40859038,0.1260819224912993,0.010496724,2311.7859420025165,2269.3055026474603,16.285057141662662,7.74344546455773e-09,0
-0.20288447,0.10877229553364269,0.010643043,2085.675802048731,2077.07341974856,15.29752367400542,9.331003135378841e-09,0
-0.17604843,0.07548420279872389,0.010533003,1689.1503353160872,1858.2594639645115,15.049606267336934,1.0461270779598236e-08,0
-0.21440558,0.16084958671693736,0.011215697,2346.6834252697668,1941.6804683657315,15.63787122277959,6.384732474439099e-09,0
-0.13595065,0.08663310252320186,0.010439054,1705.2292104533378,1800.075332278674,14.040828861793175,1.126331469809782e-08,0
-0.18486771,0.07534145700406032,0.010399492,1617.9018287161107,1820.2562624965344,14.95900961074326,1.1099234155007983e-08,0
-0.09251246,0.04201031395011601,0.011405522,1073.1696039627338,1556.5650804660952,15.353896981360263,1.2289995786779764e-08,0
-0.20689952,0.07952866698085846,0.010157693,1672.2879286643033,1844.4155731228045,14.827089111172779,1.0528340196572444e-08,0
-0.13816878,0.11086136890951276,0.010373228,2088.3673009434115,2165.2539317068686,17.299458258425975,8.328829993027442e-09,0
-0.24902283,0.07838330191415313,0.011332989,1651.5283177144358,1802.4303689245178,13.397542232211078,1.1961050699056187e-08,0
-0.23535624,0.1541065472737819,0.010616177,2576.1803967096776,2226.3957107119995,16.944621945426004,5.816498327079044e-09,0
0.1005092,0.11497720598897912,0.010716208,2131.358501017773,2178.102175552181,16.895817347603856,8.561715385823333e-09,0
-0.30597845,0.1297196744489559,0.010944425,2090.996615450248,2009.4097339670766,14.748319860563983,9.092910030745175e-09,0
-0.12400533,0.080570937862529,0.010622659,1672.34511575422,1815.8210923898157,14.327763115285242,1.128937713247177e-08,0
-0.5044099,0.12276931373259861,0.011042442,1999.545401286801,1949.36546283058,16.90734067623358,8.075859610017194e-09,0
0.011552815,0.3530987166473318,0.010006807,3679.7806619087305,2094.088667121548,14.964519602487169,2.509044461524581e-05,0
-0.24838421,0.12129540675754061,0.010595841,2145.1135266714473,2043.2923814957674,13.691130892206997,9.177180885903803e-09,0
-0.11928715,0.12165906866299304,0.010958783,2012.3907551828104,1946.4032988324784,14.14295870312179,9.269200340423383e-09,0
-0.29323867,0.13143375688805103,0.01012651,2464.3653965010835,2382.3297760542005,14.605142600495249,6.9453667432915625e-09,0
-0.2150026,0.08032169917343387,0.010425251,1672.1887635428689,1800.5054127200758,13.897583463603583,1.1147416173357825e-08,0
-0.3778795,0.1147302331061485,0.010393417,2301.057223845086,2356.868028715862,14.558378920878061,7.833039535844756e-09,0
-0.023259148,0.09010771642981438,0.0102453595,1691.4140127942876,1787.3314417278245,13.179466865746571,1.1474640087528316e-08,0
-0.36318362,0.1097828451276102,0.0113106975,2135.7694734231636,2231.2536162242072,16.719054056715287,9.337990936295484e-09,0
-0.2647965,0.07293063913863108,0.010402883,1600.19467686092,1815.8601745761873,14.665854973495493,1.1038984395624964e-08,0
-0.25315836,0.08395378661542924,0.010430447,1703.093197596051,1849.4171443090986,14.667108737924776,1.0581495113454938e-08,0
-0.046245925,0.11143461789443156,0.010370453,2054.5201245646194,2145.8383438200694,16.704108464019917,8.700460268041557e-09,0
0.14817616,0.11213928364269142,0.010932062,2174.016230300915,2192.0529311914506,16.77869607343069,7.975497266138104e-09,0
-0.034794617,0.11388055575696056,0.009678719,1656.9175749651104,1499.3205081297594,15.142773781500912,8.92322060861961e-09,0
-0.18722622,0.12296530597447795,0.011024334,1933.5037185295112,1903.3333638201116,13.268467963417335,1.0231560186726582e-08,0
-0.16180298,0.14259511854698376,0.010849718,2413.158143000544,2220.3604074135433,14.029593411434824,7.665644277136423e-09,0
-0.19596809,0.11027905669953596,0.0104237655,2191.068455494852,2276.4023379388195,18.626276917900896,7.856291852249983e-09,0
-0.07130154,0.09094379894141531,0.010687924,1772.8578702895643,1851.1847846870812,13.663325837002775,1.1087791588568392e-08,0
-0.15053159,0.11185719076276102,0.010395984,2219.6306547251884,2270.6859466138444,18.397773203022247,7.851368815183357e-09,0
-0.36430237,0.17448747462296985,0.010576314,2556.4707358950764,2191.1818355065443,14.285941769410314,6.868900787763642e-09,0
-0.25794587,0.12318848789153132,0.010087719,2260.8827539668664,2250.6014701315885,17.044427581578557,7.968212328806354e-09,0
-0.14100865,0.13929837043213458,0.011288826,2484.4389211591947,2249.9762483375084,15.727642952168845,7.012629207628717e-09,0
0.17152366,0.1102439367024362,0.010639493,2065.9541940393547,2153.7699016320707,17.044682607749884,8.711965036752832e-09,0
-0.4725466,0.15357408280162413,0.011283711,2700.158837889708,2318.1411726926535,16.16687217282687,5.356989126065134e-09,0
-0.13571048,0.312974686412413,0.010505979,3364.1896440834416,2180.496121807842,15.88332005957922,-1.7849816602822052e-09,0
-0.050607342,0.06983894649071926,0.010854173,1566.327474812106,1926.9120667343764,14.866255175728705,1.0636639886047283e-08,0
-0.3009184,0.116712813587587,0.010396667,2008.3746933957607,1954.5236389890056,13.449991005442705,9.85909697788029e-09,0
-0.4130913,0.13223925101508122,0.010539892,2378.891909719297,2270.8462199001674,16.330760945622295,7.49955396827347e-09,0
-0.1584492,0.1601313261310905,0.01096227,2448.8159723636863,2226.1614061603145,16.470643815904644,6.618069715802277e-09,0
-0.034091398,0.08697410636600927,0.011415493,1935.2840514538275,2135.9563930136646,14.201031575536676,1.0147001235023865e-08,0
-0.40929446,0.1388712659512761,0.010171056,2445.4054862936596,2278.047276695999,15.98796953116278,6.909759960663148e-09,0
0.045490533,0.08043385658352668,0.010669463,1684.5856938763156,1820.0375827974194,13.944690069356351,1.1193603136221448e-08,0
-0.29925704,0.11206224622969838,0.011274389,2292.038297449419,2331.4050552862354,15.572402999893557,8.403843073917491e-09,0
-0.19217414,0.07964309019721577,0.010436217,2104.606079516672,2262.3421738633956,18.033564958183906,7.269163821698084e-09,0
-0.056187294,0.10964463094547564,0.010863374,1894.7583413553502,1960.2717087408312,15.386364966428323,9.528179961616827e-09,0
-0.087155774,0.1186364831061485,0.010910718,1940.1871766340018,1919.2421722242764,14.6435112178873,1.0219767822094461e-08,0
-0.3963375,0.1911128280887471,0.010187525,2699.958047480905,2236.1371875307486,13.285769297658799,5.62713046672261e-09,0
-0.29292884,0.08073747462296983,0.010185341,1655.145257020078,1828.2267814336374,14.88273864756392,1.0821758552976329e-08,0
-0.04689247,0.07537770990429234,0.010724722,1532.338726922209,1678.9389422381148,14.562608837462271,1.2028384154274859e-08,0
-0.06355785,0.08188057388341068,0.010466091,1661.8077274157683,1790.897887280721,14.040235197953283,1.1348434750350371e-08,0
-0.20101134,0.1313816433439675,0.009911655,2135.3259789845383,1859.0808175531697,15.346774458772614,7.615724864642353e-09,0
-0.15672635,0.11307846033932714,0.010376776,2115.8456435528615,2189.7800519220405,16.912066738977618,8.393797330905945e-09,0
-0.22163035,0.06820869888341068,0.010184036,1536.847143565802,1785.7934385395022,15.175635872685511,1.0938601677663013e-08,0
-0.07068558,0.05328836463167053,0.010694729,1353.6722956317114,1795.415626223568,15.4681842923394,1.03706103258751e-08,0
-0.41287214,0.11927883918213457,0.010614498,2257.4088742209524,2286.0046005047875,17.027169297866866,8.035937108288907e-09,0
-0.501389,0.13218260585846867,0.01105337,2068.630654176654,1960.4859634108054,15.383740011360178,8.791039169758854e-09,0
-0.13980515,0.21544985317575405,0.010864064,2920.131942781064,2233.030323330657,15.443978448011498,3.102239619795475e-09,0
0.12561235,0.13413346505220416,0.0113225635,2398.2476446481305,2255.798701754786,16.274264844417353,7.90889888001582e-09,0
-0.08996041,0.07004626776392112,0.011323326,1468.7875867127646,1656.0502872302181,13.90483210736578,1.283906896787099e-08,0
-0.278452,0.13036316342807425,0.010911612,2206.781649875186,2102.9798989531273,14.594017153637678,8.291226641106023e-09,0
-0.053490214,0.08454402914733179,0.011299957,1702.8944090533005,1813.985714305898,13.257442584748542,1.1900328488068665e-08,0
-0.4061477,0.11800432315835267,0.010864305,2141.392737993302,2170.525320569617,16.838994292854952,8.61969192860009e-09,0
-0.3033258,0.15048578886310904,0.011425679,2425.27169119204,2158.9338495341012,14.03742475541099,8.233403906761121e-09,0
-0.31837112,0.10705821309454756,0.010901662,1890.872197290911,1934.928661671123,15.303949088815559,9.229853640287294e-09,0
-0.04997897,0.08118043974767981,0.010170109,1629.9467987353662,1758.7442515649116,14.155105278627326,1.1181557922338913e-08,0
0.16777572,0.1427344656322506,0.010967055,2377.7634813051154,2207.7361286162586,16.183613617425532,6.6086837657385545e-09,0
-0.029918525,0.1095721251450116,0.010062242,2252.205922065089,2287.015910423002,14.923837958490234,7.381911873809935e-09,0
-0.16199383,0.1406227341937355,0.010608656,2426.899138558514,2243.4713076733356,15.641876324615321,7.24032844686088e-09,0
0.02934782,0.28768828850058004,0.010191869,3261.7924606158117,2057.3348551149343,13.559323061839029,-1.9849812886370707e-09,0
-0.095680654,0.20809391313805103,0.010902494,2759.7741650464673,1992.9377143822476,16.054647907365098,2.6448562187502893e-09,0
-0.14536406,0.04099636564675174,0.010343642,1110.3083047552686,1579.9473845834202,15.208820341287517,1.1305282608919413e-08,0
-0.10503599,0.10051796331206496,0.010828947,1909.0509092324205,1975.1812685893642,14.8358468983532,1.0319847059438709e-08,0
-0.07954246,0.075669998912413,0.0104523655,1585.6937627594548,1744.1324113384642,14.19938066824536,1.1441437902294265e-08,0
-0.015177293,0.0765615936774942,0.010172443,1615.1364324941271,1756.73288025699,14.15429911388983,1.1055425306351338e-08,0
-0.15090697,0.1301920950551044,0.011024181,2017.1261981166929,1960.1170303491467,13.461429697406764,9.624850379858864e-09,0
-0.1060562,0.12224817829176333,0.010267722,2381.2984558279722,2404.546159359644,15.121206213342788,7.407909585062692e-09,0
-0.09981181,0.1360560016676334,0.010812429,2332.549242223019,2237.4484054034733,16.66232528879772,7.260788815899601e-09,0
-0.25042337,0.1775848317865429,0.010721352,2410.619672962491,1948.253143140634,13.850303826768261,6.705309120463571e-09,0
-0.2810458,0.04237171004930394,0.011322957,1108.8886762429931,1579.090732648733,16.419092335707408,1.1879028694980801e-08,0
-0.11634661,0.08029904111078887,0.010197692,1615.3140601967862,1742.69360154588,14.448684638616603,1.1241569231361564e-08,0
-0.042190645,0.09107861441415313,0.010220846,1744.692056061693,1813.8301061453287,13.656960603362343,1.0911467155084767e-08,0
-0.20660329,0.08010078306264501,0.011327875,1702.2344263907476,1855.8128863735278,14.936599789761859,1.1453585390643763e-08,0
-0.2981918,0.11544169627320186,0.010343383,2257.2392625763573,2289.894448114835,16.575391362519404,8.016518929706793e-09,0
-0.1675973,0.0467764374274942,0.010066107,1303.2569469694815,1832.8034709579017,14.983079285518631,1.0407463683759011e-08,0
-0.34489757,0.11764292705916474,0.010068953,2367.253785837491,2390.922490036859,15.068943585744648,7.265321602168162e-09,0
-0.21833293,0.09063338348317865,0.010764498,1665.1053739126287,1850.9485069656098,15.74709680046248,8.673782868956074e-09,0
-0.117997795,0.0751839834686775,0.011262956,1655.317330445062,1847.0588179010174,14.845304435556653,1.1575368654632285e-08,0
-0.047895044,0.08889211136890951,0.01063747,1725.3476541407683,1821.8394070426175,13.468406110923565,1.1274488748710823e-08,0
-0.25797296,0.1312490936774942,0.011066749,2103.5887047011934,2032.9849087545003,14.643245106696032,8.729364058520876e-09,0
-0.16233608,0.1075159059599768,0.010073975,2124.2214696386504,2214.5027017262914,17.430866508492308,8.097932080646046e-09,0
-0.09264156,0.11520038790603249,0.010956081,1883.9294734718928,1874.8801388413847,14.237214206332334,1.0197977721122897e-08,0
-0.2538894,0.030987166473317864,0.010326993,991.7410795569718,1524.504929158849,15.364421193212808,1.0200508185295272e-08,0
-0.24361548,0.1574282192575406,0.010798811,2596.997106073261,2275.9009709924503,15.1909491080879,5.83041093073492e-09,0
-0.23115072,0.15820652370939675,0.010950482,2462.9477208218914,2208.767496911527,16.289414994011782,6.356997213932295e-09,0
-0.26052326,0.1214766712587007,0.010381679,2221.419055350653,2211.5458368713935,16.860620299193336,7.997654848667442e-09,0
-0.117216796,0.08872670751160093,0.010616127,1735.6457075557191,1818.948972143066,13.896064033996353,1.1120880772115228e-08,0
-0.16526043,0.038701103900812064,0.011292553,1041.2838375945112,1532.7331194196597,15.937734512850714,1.1646393837617265e-08,0
-0.23860839,0.11527742531902552,0.010414142,2127.175266912453,2181.2758799990597,17.144445564250322,8.431225714720735e-09,0
-0.100491434,0.04907849659222738,0.010223216,1285.5224168014504,1751.286968377082,15.516513995679913,1.0568737047818266e-08,0
-0.18535587,0.11421816089037123,0.010389857,2158.901633838668,2219.2950109560848,16.82674579573412,8.31995074699208e-09,0
-0.5800084,0.11606592589907193,0.010374978,2024.015918570063,1886.9895116598361,14.319766840138286,9.047166068871554e-09,0
-0.042581853,0.07726625942575406,0.010624295,1547.9377257523042,1694.170766340996,13.894535904948336,1.2076278593285672e-08,0
-0.09520025,0.06935293104698376,0.011328927,1468.9582943909018,1663.1949760785194,14.3186699519468,1.2599276470911484e-08,0
-0.17909615,0.11764859157482599,0.010098305,2150.915338013392,2169.554166775848,17.745027826948863,7.858935332102137e-09,0
0.015580834,0.1261578270011601,0.011353755,2340.395446186396,2262.2759203282208,16.09118559723657,8.324428284498015e-09,0
-0.18740723,0.1097692502900232,0.011283915,2209.4207407842487,2197.9523298206514,16.627821617205424,8.216914499433677e-09,0
-0.053215634,0.07164819279292343,0.011311442,1496.137653213162,1676.2705263313637,13.581837974520155,1.27165426440701e-08,0
-0.14480826,0.11242817394141531,0.010198689,2164.5692899298438,2193.3072681464805,13.928365173630674,8.537042290531554e-09,0
-0.060497113,0.11952921077436195,0.010964357,1981.1831921852379,1930.7582280212969,14.241998435310435,9.62569617850186e-09,0
-0.2964634,0.11231941524071926,0.011343957,2209.7901183907206,2229.832439652678,16.977582446287233,8.299363864130261e-09,0
-0.1253209,0.14812481873549885,0.011259669,2594.8125591689072,2358.2506540606005,15.754232765893608,6.6969735279309505e-09,0
-0.20874825,0.1073369072650812,0.010396718,2103.3688557707906,2182.9234496318586,18.032715919321042,8.400670355786661e-09,0
-0.09047087,0.0795162050464037,0.010827357,1699.2984654808097,1881.2020576580162,15.17835331795919,7.355278829459165e-09,0
