mfcc,zero crossing rate,root mean square,spectral centroid,spectral bandwidth,spectral contrast,polynomial,labels
-1.4369936,0.0792046566850348,0.010225065,1624.2172220012653,1753.0118121927947,21.21916620692769,0.19421350711736163,0
-1.0758685,0.0678869543938515,0.010827335,1525.6389981674445,1745.2772294326633,21.745333501753596,0.19254428070402083,0
-1.2484057,0.20068925826566125,0.011066671,2622.863716395747,1988.0912469735865,22.08495111236082,0.19551656364211187,0
-1.3019872,0.0925785781612529,0.010878152,1748.312600494697,1880.9009750516855,21.607651056695154,0.19666674550298083,0
-1.1357079,0.1317237800899072,0.011077527,2166.4749254627177,2009.5505563399374,21.70579677923755,0.21213252283512618,0
-1.1371211,0.08309391313805105,0.01093082,1699.706767576735,1815.2105874440474,21.15730066733764,0.20310351642541144,0
-1.3979101,0.06152910201566125,0.009805113,1312.521439185794,1528.1559343483125,21.17779733109254,0.18512311515323285,0
-1.3001003,0.07516245830916474,0.010959391,1693.6567439477415,1858.2607759959928,22.217862904627403,0.18849012930618989,0
-1.2985624,0.16706695910672853,0.010181369,2416.012050815961,2004.5976665756318,22.229273137489713,0.1807172620992458,0
-1.4111814,0.09314842843677494,0.010177339,1716.3049329007724,1772.548612844816,21.394850216211257,0.20380047406868182,0
-1.3862501,0.09450564638921113,0.010961967,2024.5710245700352,2216.2117596631815,22.817776462653235,0.16276093682083362,0
-1.3658524,0.14626119308294663,0.011183507,2387.0520154313026,2294.7288098742238,24.04290714811199,0.1725538846312029,0
-1.1391097,0.08118270555394431,0.011190413,1670.542416586384,1809.081375738762,21.274102292992033,0.2096083956070676,0
-1.6122441,0.07598494598317865,0.010134839,1620.0070081554684,1810.9916483180589,22.36122555939973,0.18081984508324156,0
-1.2095277,0.11081038826856149,0.010658886,1939.645279359962,1889.974340119197,21.62222534308741,0.2055141325899242,0
-1.210098,0.07314928944315545,0.010984799,1576.556515128928,1747.5912621844286,21.198397135811685,0.20265591693447474,0
-1.2947868,0.0829964834686775,0.010139191,1631.5802317088442,1750.813072393895,21.339518281845823,0.19553178462351384,0
-1.1858325,0.08165852486948956,0.011096909,1881.4829663462763,2099.7604918250504,22.27766112051066,0.18241023799416423,0
-1.3408881,0.11998577073665893,0.011047321,2106.475965969732,2116.390674706999,22.929087125715164,0.18626704745166112,0
-1.4461197,0.08014270047853829,0.011834847,1677.2977025085443,1783.9767816992673,21.814383667088887,0.20810616200707055,0
-1.9567747,0.09898741118039443,0.011302404,2292.2617161323788,2325.900328565742,24.680204435240878,0.14283604325771954,0
-1.3597257,0.07449857707366589,0.010155472,1499.050947206848,1657.798237020541,20.951123859479814,0.19934799416392304,0
-1.1456255,0.0785079212587007,0.011001982,1559.0418780651519,1845.967660770919,22.745251870912245,0.1886553874590526,0
-1.10137,0.05939697832076566,0.010921882,1403.9652640418108,1788.392838107413,22.05925109681931,0.1802753847280805,0
-1.3627223,0.07111232961136892,0.011662467,1530.4066604206796,1736.9294178477076,23.25316929081827,0.18269982478913885,0
-1.3404945,0.09696631199245939,0.01096967,2196.8052530761584,2322.697259849797,24.01343027186348,0.15681706735411569,0
-1.1144993,0.057719148781902554,0.011111552,1425.3685106569185,1807.5848352062083,22.010643553710207,0.1841570885433972,0
-1.4644032,0.07179433729698376,0.010199677,1609.7272640247566,1829.6805631038894,21.96676117376706,0.1824479393769104,0
-1.9445453,0.21657709179234338,0.010149943,2733.5956830858663,1988.8831530366062,22.371531227427646,0.16600570474308587,0
-1.4905454,0.07626703886310905,0.011597229,1612.1931550522165,1734.3044213623257,21.848614205839997,0.20546998582694173,0
-1.394951,0.1281290784512761,0.010806566,2396.29487515253,2426.5566712418386,23.43814288652181,0.1600985345124982,0
-1.2812836,0.11359846287703017,0.011003871,2132.5661871814905,2207.4534602981025,23.92667041319967,0.1762129235214512,0
-1.2831244,0.09107408280162413,0.0101574985,1728.6148022711434,1815.3679182499875,20.933033530187725,0.19898236609957098,0
-1.3684846,0.10860236006380511,0.010996752,2101.3554682403114,2202.0384969144047,24.462528979733047,0.17424636784376754,0
-1.1756898,0.10060632975638051,0.010960614,1861.7853931445331,1947.492518866317,21.39507822676859,0.20012450546767954,0
-1.3323312,0.111830001087587,0.010989968,2194.6739273091625,2291.0491675109683,24.09594835940802,0.17459830644068575,0
-1.4278287,0.09893869634570766,0.011746796,1842.5446500462192,1849.9878996368575,21.849845624137608,0.21372162838627293,0
-1.362816,0.06293730060904873,0.010155094,1394.115286230424,1623.623323045565,21.361934278773504,0.18677450150725006,0
-1.2736785,0.17573366806844548,0.010900968,2344.171064721369,1811.2553122104932,22.251656239598997,0.1972724159198778,0
-1.8196528,0.12598675862819025,0.010109023,2421.07306443285,2362.5125489739216,24.262798056935733,0.14681084995781057,0
-1.1592352,0.07586145954176333,0.0111299725,1596.9289832428176,1753.0685127748618,21.168616668771573,0.20475259826370792,0
-1.8261082,0.11747525739559164,0.010184146,2155.976508231512,2177.040833328669,24.52510897250468,0.15956179651608984,0
-1.1164242,0.1291192357888631,0.010973755,2106.248455858015,1906.2406819474736,22.21622561803889,0.2041004076697145,0
-1.3559709,0.0721647966212297,0.011799593,1553.0607264900527,1715.1481257931496,21.69131014961628,0.20691363935310247,0
-1.278605,0.0895503280887471,0.011087548,1906.997230297712,2098.4914066562405,23.353578194840594,0.18005661198440961,0
-1.8681179,0.1063648763776102,0.011720493,2098.2073426301426,2114.0938152906333,24.87368063486685,0.16678956439334877,0
-1.8557041,0.12369829430104408,0.010042664,2330.838003781316,2305.0633272679156,24.169428832532994,0.15590913171729767,0
-1.3028774,0.1132053454901392,0.011168861,2179.813655694124,2190.7921192612566,22.523206822578192,0.17530312225414169,0
-1.3200519,0.1202180158787703,0.010993938,2180.0598771038963,2200.579707676648,24.090132557841034,0.17427391351197488,0
-1.2586076,0.1311981130365429,0.011088112,2425.4273477293614,2408.04374782338,24.248089411117444,0.17311385300475468,0
-1.4265428,0.07529274216937355,0.010157246,1527.3534003121697,1672.314596750923,21.108627725643526,0.1970744491369316,0
-1.2746643,0.06276623223607888,0.011803499,1402.9794419912714,1611.8065006027693,21.70750459120638,0.20363639634805009,0
-1.3099746,0.11481180213167054,0.011136151,2033.0548930170744,2057.9339321975413,22.208199025224786,0.1903269074981709,0
-1.8458669,0.10586639899941995,0.011759373,2082.656129080849,2116.4209443815002,24.810760123250393,0.16715932115557727,0
-1.1687645,0.12147780416183294,0.010979282,2048.424300402948,1935.881611177063,21.61423644951545,0.21420360310201556,0
-1.4470932,0.07135477088167054,0.011685312,1473.7023374263733,1614.8072845026131,21.38493351597104,0.21140032094510586,0
-1.4063203,0.11266155198665893,0.011039641,2414.1558523365225,2418.4145956938596,23.77741525363665,0.14471567937811783,0
-1.4536574,0.06843188080046404,0.011565108,1581.361562967075,1808.884544898388,22.501961604239057,0.19197781847955367,0
-1.3332995,0.14515208091647333,0.010999662,2497.544379829303,2227.7893798496248,24.02735788043047,0.16949764394605701,0
-1.1806594,0.07646189820185614,0.011062799,1594.0035225455752,1744.6862358901242,21.454093116543326,0.2093185877013244,0
-1.3452903,0.1050767655162413,0.011106867,2037.530714878478,2172.8264230435293,24.680732869783842,0.17651316549082163,0
-1.204014,0.10456242749419954,0.010911844,1918.0047646833716,1973.3937817000399,21.463404992732226,0.19772279334658735,0
-1.8851099,0.09848440218967518,0.011702996,2075.4203543378244,2168.665533305756,25.348887191091432,0.16142490200255577,0
-1.3927155,0.07487016930104408,0.010165108,1502.877914440794,1652.3538484417006,21.026410000447232,0.19814440375440498,0
-1.4436572,0.18176977595707658,0.011696574,2679.7449738287005,2178.0244625736564,21.881711467369673,0.19047755557723386,0
-1.2873448,0.11313737130220418,0.011081819,2125.3268889489423,2186.7259108096896,23.939901462259517,0.18203645086143502,0
-1.3848484,0.13791282990139211,0.011078977,2530.0080334383338,2428.999701488765,23.6053964238829,0.1586619633197046,0
-1.3916588,0.08499152588457076,0.011798035,1709.8987201151715,1794.41290081603,21.60313972658954,0.2099862486731046,0
-1.8076357,0.11315549775232019,0.011596458,2235.415341707372,2275.5974224585057,24.66454721914613,0.17573593445222588,0
-1.2106204,0.0683707040313225,0.011089891,1462.0601795349041,1657.9675451469334,21.520969812945,0.2086378438797395,0
-1.6412128,0.07497666219547564,0.011786562,1672.2653091148131,1829.5859491654992,22.93948187796201,0.19145040796174798,0
-1.2137543,0.10306699535962877,0.01089361,1893.9350134931885,1959.4577549299677,21.641316740346763,0.20081488976497716,0
-1.3165128,0.10264895410382831,0.011131674,2025.976747147845,2176.7548454626235,24.36843579338922,0.17883802239262822,0
-1.2754945,0.1679619525812065,0.010822738,2444.8534113733203,2064.579086323179,23.445962600966205,0.17060501536200567,0
-1.8590868,0.12137470997679814,0.01008705,2274.7444438661023,2247.718919869264,24.7198943363076,0.1546087591360188,0
-1.1416891,0.13032351181844548,0.011743258,2378.1353381702575,2204.0335592787046,22.278312278273283,0.1846285450677189,0
-1.3554724,0.13631317067865428,0.010869024,2317.2673372200966,2259.3737576188473,23.956743945367204,0.16672562186384818,0
-1.28909,0.05778372426044084,0.0099086,1308.6156414745028,1681.8197437662457,22.485250256568694,0.16156301349481442,0
-1.8687688,0.1648623296113689,0.010088856,2758.740744248061,2320.8138583778214,24.394453404350227,0.13998757842104695,0
-1.7014232,0.27555376305104406,0.010142052,3190.816125553179,2093.0937737227214,22.495093336114667,0.1330592104931713,0
-1.2526153,0.07562808149651973,0.010903505,1418.2328535810511,1530.5890215020602,21.60846380298588,0.21905620000472367,0
-1.1526194,0.0570303436774942,0.011725444,1392.0413425816098,1758.2337425887094,22.726595114364866,0.18326766794321112,0
-1.4174557,0.07889084251740139,0.010188377,1584.5271782028688,1731.6554159282555,21.41311543751554,0.19570234238262577,0
-1.2851638,0.11674000326276102,0.011263064,2014.1469005956935,2024.918499356755,21.76828101248695,0.20092915263961308,0
-1.526701,0.05411538391821346,0.01130858,1273.156413621085,1584.1096025917614,22.958356198447092,0.17408430144362683,0
-1.9222754,0.2962405742459397,0.010094082,3386.482966855404,1893.1943925441526,23.844700401991727,0.08835896993103803,0
-1.2193518,0.14011972520301624,0.01172283,2463.873781753902,2210.851510622708,22.348318294030303,0.184895739562439,0
-1.2874687,0.0623074064675174,0.0118448725,1420.0239752623527,1785.3265660962604,22.622203060622553,0.1861735086770506,0
-1.1575634,0.05951706605278422,0.010795064,1305.9336216475042,1690.7198808596447,22.71638930183352,0.17523883123606968,0
-1.8198458,0.11781172962587007,0.011586785,2315.382096386644,2293.048717722219,25.011563310792848,0.16876447740843084,0
-1.303976,0.07272558367169374,0.010166141,1545.0955404807153,1720.4932692681734,21.41642620633051,0.19123940678856424,0
-1.3296375,0.1267446708236659,0.010998607,2260.1336192128633,2273.1069222218403,23.970839728462515,0.16833170714387227,0
-1.4055135,0.08917307134570766,0.010240413,1724.4445066931669,1807.3953870417724,21.384877584040737,0.19636217017703225,0
-0.97798353,0.12725221142691415,0.011041392,2070.0127383522054,1897.2403634782572,21.92327230003097,0.20593962769435703,0
-1.1416957,0.09545388631090487,0.011125092,1823.82487637046,2060.8623252067173,22.400587606495417,0.17390557757181593,0
-1.8297473,0.10617454865139211,0.011727804,2086.7939986643532,2113.5300397699916,24.947150640384496,0.1663184653352156,0
-1.9815841,0.09685415458236658,0.010116147,2278.4420082381207,2366.4079370198374,24.542001108286883,0.13859994027647732,0
-1.591749,0.04351480930974478,0.01010193,1093.060819640648,1556.788718947789,22.022151979459725,0.16053190389135955,0
-1.2014533,0.10144467807424594,0.011260421,1842.2322296636198,1943.8295103314517,21.508916262499472,0.19148216449224587,0
-1.2016332,0.10582448158352668,0.011023098,1926.1962234479568,1973.2495488042173,21.50075902251689,0.20052489705111232,0
-1.185635,0.08536311811194895,0.011158654,1687.0120980532336,1802.3391533621761,21.028527331952464,0.21188268899323656,0
-1.3042394,0.15274479770881672,0.010947044,2584.988374779043,2299.1182666369814,23.904788738424617,0.16733961777292894,0
-1.3238225,0.11534766531322506,0.011062205,2273.329488377219,2219.382118662268,24.547334597678425,0.1702773370419884,0
-1.3259072,0.1114153585411833,0.011025374,2189.5428418394185,2270.005016305826,24.765028477315656,0.16859381437532558,0
-1.3002241,0.06819397114269142,0.0101921605,1485.5588142372885,1804.8239741037953,22.522039281819982,0.16903166408164996,0
-1.2761694,0.1912136564675174,0.010099371,2987.5055237746215,2520.3086002449495,22.553032337482307,0.13483125725489822,0
-1.272095,0.1136641712587007,0.011164952,2189.0377885649564,2242.310772715719,24.228869167964586,0.17553260054736028,0
-1.7839988,0.12750484882540603,0.010146477,2330.706327228967,2313.865089711566,24.51580964701979,0.15794728798771715,0
-1.2888296,0.11200560107308585,0.011063664,2153.3230138140607,2215.9265663129786,24.127515321317933,0.17552756306246875,0
-1.1765451,0.08971799775232019,0.01109905,1913.7623618263506,2038.8012610620049,22.352159455714915,0.19275277303173313,0
-1.3185972,0.24108405234918792,0.011099238,2934.3052856178892,2038.8980139344453,21.9724166566184,0.17083723887519542,0
-1.3742267,0.25851263413573083,0.011123714,3165.853783105291,2020.5879155675677,23.94607527464755,0.12528962439726823,0
-1.458658,0.0880809527262181,0.01017896,1858.8104279674676,1994.4874427362877,22.14292008830044,0.18021905111660974,0
-1.3875653,0.0726757359338747,0.010172287,1479.6642730141293,1644.1725614848235,21.157703784222203,0.19720740873809758,0
-1.1990641,0.07525875507540604,0.011047399,1566.6141768406928,1737.4116165712999,21.35685995151262,0.208663390514792,0
-1.8204576,0.11420569895591648,0.011631136,2335.1475330673043,2345.13692886117,24.15868323864735,0.16110898083834388,0
-1.3464959,0.11744580191415313,0.011007045,2297.410781667606,2304.753130355013,24.018209126538043,0.1694820963834499,0
-1.1498531,0.12716271207946636,0.010979141,2337.8167706511654,2279.528164065217,22.194106508002076,0.173645310059085,0
-1.362411,0.28010803364269143,0.010949016,3326.717639779862,2052.2020724275567,23.144396124077723,0.12471810850146864,0
-1.5280728,0.0763599369199536,0.011674209,1439.2237011027612,1563.76536274657,23.48665814643497,0.17980801360304735,0
-1.2355633,0.0687468278712297,0.011777989,1445.830474679166,1619.5353301707755,21.53038784616584,0.2119741088243667,0
-1.8718171,0.10008066270301624,0.010176726,2060.8562714945747,2193.2920002794217,25.404353770419966,0.1495055312593326,0
-1.2508564,0.1591864849187935,0.011026035,2301.9235787217676,1886.3564914345882,22.323843651830746,0.2083097197157977,0
-1.3598723,0.11098145664153132,0.010915917,2177.2681439715134,2250.8950241233624,24.092714465963148,0.170944464071448,0
-1.3971932,0.09021307642111369,0.010172568,1729.7420740793189,1807.1423591005853,21.087899165730114,0.19856031763418688,0
-1.2131383,0.044220607961136894,0.010997494,1171.6428830880545,1633.3308130279913,22.03410038572361,0.17484660570253607,0
-1.2186824,0.07502311122389792,0.011157843,1576.4193933899533,1743.755097993194,21.661597577320038,0.20819561091290936,0
-1.2875396,0.11252333780452436,0.011083651,2282.5233049672966,2330.9133105371616,23.861277837071423,0.16838437287349195,0
-1.3151829,0.08470716719837587,0.0117180105,1931.5700178989284,2110.734566454265,22.373652530756754,0.18303736102529725,0
-1.2847838,0.10837011492169374,0.011095809,1998.2765366281426,2043.78942578943,21.834117182599147,0.19435376115803507,0
-1.4068724,0.06684015189965198,0.011734049,1453.717278157402,1639.7685830630346,21.780903625515116,0.204523770503078,0
-1.085394,0.08147046294953596,0.011120833,1686.5265076639591,1807.2561506486293,21.283818519590316,0.20961826897415017,0
-1.2167046,0.053982834251740136,0.011102395,1290.2264584861555,1727.4382071078198,22.425066431898674,0.18263056127562213,0
-1.7751359,0.2517605314675174,0.010082808,2992.720762913176,1954.9041300742635,22.93543012617538,0.1328108381379586,0
-1.5048661,0.08608704321345707,0.011784179,1739.8618152687986,1842.7582801540373,22.890118089164236,0.20242755910004107,0
-1.3354139,0.11029944895591648,0.010941089,2147.9726909294795,2251.6305381130073,24.57581202087524,0.16976190407362435,0
-1.3057221,0.041889093314965195,0.011083348,1149.516532100838,1596.0586725528742,22.283896164686357,0.17181563124422508,0
-1.3642446,0.13354208961716937,0.01095083,2331.7787243793664,2310.4387616487497,23.931168625366315,0.16803777707838127,0
-1.0454566,0.06745191959106729,0.011122108,1362.4670022528596,1730.509229325318,22.754529898626885,0.1849134011324751,0
-1.7866951,0.10925151355858469,0.011716481,2158.4721099994913,2205.352848731217,24.814785976465657,0.1726620629685505,0
-1.3128346,0.113285781612529,0.011106051,2097.3973560509835,2163.518447094715,24.157597080921473,0.1807128820010557,0
-1.2509128,0.11844842118619489,0.011146806,1946.323854514809,1803.4158339917406,22.39947465124521,0.20675717046982153,0
-1.3470522,0.0905223589762181,0.010163768,1717.5536257777344,1802.3471659459997,21.038917208267833,0.19994488051132422,0
-1.5623364,0.061245876232598605,0.011746976,1473.3177641068587,1690.450101650589,22.081616059023805,0.18825880384878926,0
-1.373281,0.3202297980713457,0.010988724,3454.1858872463677,2114.3634018346925,23.46984105678705,0.10570021159959446,0
-1.2841412,0.10560243256960557,0.01103782,2027.706615524723,2153.328102854204,24.185935743665564,0.17707905189551387,0
-1.3674657,0.27603298107598606,0.010860638,3329.2045472046198,2109.300938750848,23.064705717955146,0.12683722523210814,0
-1.1473507,0.08516599296693736,0.011035689,1713.3542686002913,1821.9249769647581,20.940612420866177,0.20654704105752672,0
-1.1542605,0.08028544627320186,0.01104343,1613.6872032786243,1760.8798316860355,21.081108929835743,0.2114867239209569,0
-1.8059752,0.10113539551914154,0.011849826,2113.8101998243174,2173.2923003660917,24.90388684276071,0.16643978967369996,0
-1.2199786,0.09734923325116009,0.010878599,1886.5061918489544,2015.4923736357812,22.00743475728134,0.18834705725117143,0
-1.8081231,0.1135837351363109,0.010178137,2114.0174266324875,2169.4675956304773,24.82472828294744,0.15972404284126057,0
-1.8348097,0.11892877211426914,0.010058465,2256.105481198795,2250.1925683666423,24.712856564999605,0.15298791549993482,0
-1.2064934,0.07472175899071926,0.011034616,1601.3653206912536,1751.5165713837464,21.316267658153215,0.20368753312220145,0
-1.5083568,0.16044400739559164,0.011772172,2448.457824734558,2046.7673820580756,21.871562152814654,0.20311428174308188,0
-1.2824054,0.08969307388341068,0.0110782115,1746.2059670902427,1853.4385659544341,22.586781335641746,0.20028020644162456,0
-1.1978201,0.07405561194895592,0.011166391,1592.224624441838,1754.0605540211197,21.32366292641885,0.20660547347920155,0
-1.3241179,0.04755474187935035,0.011070661,1368.0823687213053,1733.5348898221978,22.606373783372728,0.16797952908235,0
-1.3514158,0.13810542343387472,0.011195808,2305.4747728284274,2260.73144552604,23.942653114776956,0.17207419108493974,0
-0.85902196,0.05755827653712297,0.011163904,1468.0818835334494,1725.826888591251,22.242418804867878,0.1812529426829067,0
-1.414552,0.07873110317575406,0.010229441,1606.1133407323196,1746.367996053742,21.087316066672294,0.19674158821478746,0
-1.1648347,0.06588058294663574,0.010952337,1379.7307735271024,1783.4933326825114,22.174750110847977,0.1834782664798232,0
-1.2051599,0.1158008265661253,0.011102592,2005.9983662943175,2017.6771915970533,21.4422288166953,0.19964419830164215,0
-1.4869511,0.09256724912993039,0.011024633,1719.9918438794962,1748.0555038271789,21.712862619314702,0.20195661487400893,0
-1.2845216,0.10812654074825986,0.011056405,2050.0752442784046,2151.988661462095,24.17102343609914,0.1764990350741252,0
-1.8419029,0.10523537195475638,0.011758147,2124.1974724326105,2188.062678033556,24.86664469889586,0.16979679945848794,0
-1.2339847,0.08302480604698376,0.011050571,1675.323359736954,1801.7407705178941,21.443155754356674,0.21039369814995132,0
-1.2230792,0.08616747933584687,0.0109623,1637.2636885395482,1730.1133788929487,21.409165730009963,0.21280906310490025,0
-1.3217919,0.09295017038863108,0.010879005,1760.4983764866824,1810.6484555074742,22.067049572991777,0.18862769615539687,0
-1.213554,0.046775304524361946,0.011065694,1187.0767588430522,1662.4100882328046,22.520146466560654,0.1708518195227753,0
-1.8573802,0.1412809509135731,0.011714741,2564.0989456784187,2230.3093137035676,24.000137270140158,0.16443269617493755,0
-1.2321154,0.09949155307424594,0.011109839,1838.2737469690753,2062.3543009345717,22.48437184301438,0.17788342532566062,0
-1.456765,0.07106134897041763,0.010239403,1469.1253459583254,1644.6391565845365,21.21509184347101,0.19816981476732876,0
-1.4410496,0.09878915313225058,0.011096197,2258.893814218766,2382.438183903378,24.041724377236868,0.15890476188270544,0
-1.2136818,0.05830372679814385,0.010137445,1421.7655981358391,1789.8871896503776,22.144929657171083,0.1683109472005668,0
-1.5472052,0.07959550826566125,0.010151323,1605.038098822643,1740.5447288208954,21.667279246028283,0.1931055634900237,0
-1.2403721,0.056104761818445474,0.010985053,1334.2408919519723,1786.0617058369876,22.623825304443724,0.1770341559453205,0
-1.253434,0.18394834868039442,0.011175137,2695.1432315669144,2266.0170181457834,22.391927954382602,0.16162905238539257,0
-1.2253366,0.08001581532772621,0.011183878,1585.0420207195002,1713.6797851802435,21.52029174707268,0.21666156347606494,0
-1.171905,0.08743179923143851,0.010931818,1706.3370858336489,1805.2777426094904,21.248809159828255,0.20847209262731217,0
-1.1851425,0.07808081677784223,0.0110740755,1618.9119432975394,1757.3721321784446,21.306639919549557,0.20808141526213744,0
-1.4981921,0.07536751377610208,0.010137376,1666.0297854783914,1865.1342807830724,22.033614574247988,0.17870673304401252,0
-1.8361151,0.10604992930684455,0.011742105,2097.296833856337,2144.0528732292223,24.761257108350897,0.17279438438592787,0
-1.1458507,0.14303808367169374,0.010179184,2416.412514684766,2226.3417035480493,21.695554868900924,0.169558107494809,0
-1.3236189,0.10791355495939675,0.011140394,2241.1839338532436,2338.3123394700783,23.66628403282036,0.1690509460882782,0
-1.201143,0.05264147694315545,0.01077656,1283.6699322907814,1655.671539512023,22.406925877868996,0.1676665548155549,0
-1.8268778,0.11307732743619489,0.010157027,2197.529754795912,2235.5456974528847,24.816053360135783,0.15320224424028703,0
-1.820398,0.14497308222157773,0.01015193,2479.911416838057,2253.776281102543,24.198344174557114,0.1608815393782606,0
-1.1893077,0.07221691016531323,0.011193103,1604.6452605412217,1833.5388817108512,22.22299197119676,0.1985410461135225,0
-1.19613,0.10868506199245939,0.011165442,1943.8123733135876,1995.3216357140923,21.31916609751073,0.19501517709343594,0
-1.4223711,0.07468890479988399,0.0101095615,1564.2572045933077,1783.519895740732,22.411391040282258,0.17657712547829796,0
-1.2595628,0.07587052276682135,0.011117559,1646.6146674655809,1847.7453794158657,22.008357191750356,0.1994892224819297,0
-1.1940314,0.05790041328306265,0.0112433275,1334.7756749731343,1746.3126053680933,22.370074166778643,0.1893056092168325,0
-1.298087,0.11458522150522042,0.011036072,2128.7639043803474,2174.6809103402047,24.043339229871815,0.17665831445894062,0
-1.9361477,0.1036164533787703,0.011637292,2100.5448898796362,2170.47196130645,25.134297537502647,0.1642891194729705,0
-1.9065992,0.10330603792053364,0.01174287,2140.0394306954563,2212.687149620534,24.741893228133517,0.1706818231415521,0
-1.4544315,0.11930036434164733,0.011594548,2112.1449082780846,1953.588274889952,22.15524102076381,0.20192939493741,0
-1.6296608,0.09484891603828306,0.010210371,1859.4079714504937,1947.417830276182,22.860684916159094,0.18137547431860931,0
-1.2555602,0.10159195548143851,0.011038702,1787.202982495723,1904.8843891516767,21.42302026102114,0.199009445550144,0
-1.3289638,0.1682961590052204,0.011231203,2697.6753189043106,2432.3419119634946,23.827762757502178,0.16697440606524871,0
-1.1961546,0.09668761782192575,0.0109583,1783.24754265887,1882.4586060829029,21.48883766990745,0.20525372186828952,0
-1.7582822,0.1286060306699536,0.010114844,2368.958497576688,2276.7819957046227,24.355299241492695,0.1550948586992423,0
-1.7804897,0.10657786216647332,0.011612804,2328.876168170551,2357.2793979450503,24.459203727714087,0.16173696340657137,0
-1.2504287,0.16283556590777262,0.011055088,2324.1979336913814,1838.9561565796862,22.46424272398873,0.1935898014855173,0
-1.332306,0.26753394177784223,0.011202418,3121.602406073887,2197.786977251087,22.691207918372736,0.15705746931761613,0
-1.3315334,0.1048909694025522,0.011101442,2081.521310907726,2212.9061135369666,24.504686424423614,0.17217566333336062,0
-1.1553892,0.08859982236078887,0.010955458,1732.8540101042424,1819.4876047328626,21.421860747089877,0.20859446354698175,0
-1.1502793,0.07607671113689095,0.011116915,1608.5974089164486,1777.9114146374704,21.486970633702494,0.20497744647093105,0
-1.4735904,0.08071481656032482,0.011781932,1668.2207364538976,1777.61482504754,21.717155521770326,0.2096134577614401,0
-1.0993083,0.07942897150522042,0.0112274615,1629.751600911336,1777.9643712943644,21.012582695852256,0.21302048971888596,0
-1.1926765,0.05130125253770302,0.011041677,1275.5964237192281,1729.6855892953677,22.669475501082722,0.17653748537155833,0
-1.2213691,0.09672726943155452,0.01107558,1793.7225943581907,1899.5700362091566,21.244780093744218,0.21116738682182093,0
-1.4573438,0.18690975746809746,0.011767806,2699.8310976381317,2119.90818495454,22.250013452144238,0.1864894395480541,0
-1.3553966,0.09060845961426914,0.010953543,1836.0537600482276,1969.6722385400901,21.561534653841218,0.18016323040278268,0
-1.1126903,0.0589834686774942,0.010963746,1411.7069486364162,1831.388396638128,22.18680139869752,0.17556327087278015,0
-1.2343847,0.07528594475058005,0.011118751,1579.4428673886057,1744.2217223166613,21.24888008216865,0.20739275200758045,0
-1.2894154,0.04231279908642691,0.011020633,1141.151113827226,1603.8386652370198,22.155820671504074,0.16829020412115037,0
-1.1306398,0.181658751450116,0.011032633,2540.272688045011,2009.9374028285984,22.15258641358634,0.18611068351235835,0
-1.2689459,0.19249157120069604,0.010871967,2592.500516439181,2037.1550695692758,22.08800652073007,0.19162921052135162,0
-1.2631311,0.1637237619634571,0.010996612,2664.523199739153,2248.114067388487,23.680855026553832,0.1660778828367989,0
-1.4881735,0.04738707221577726,0.011677755,1153.7326704383229,1545.9968937658261,23.546660130122927,0.16300300660931502,0
-1.3072064,0.06351168249709976,0.0109213125,1497.6004711999462,1770.5231013907317,22.287264476920306,0.18940416354407083,0
-1.3231248,0.07520097701566125,0.011814184,1600.947156587521,1727.9337036065358,21.80216919968073,0.2095314003750063,0
-1.3578193,0.09847307315835267,0.011029474,2021.955363917117,2190.4466609642686,24.58785335417372,0.17238939069404455,0
-1.3301276,0.11095766567575406,0.010962608,2066.488434982851,2134.260476929065,24.19430298035864,0.17284191280372893,0
-1.3856611,0.07975411470417633,0.010224538,1635.140802737509,1755.3310616337235,21.07037853949043,0.19423577861453892,0
-1.2916194,0.11228769395301624,0.011136492,2119.627353797593,2216.2564539534437,24.115860034392743,0.18023441332931586,0
-1.1933794,0.0908271099187935,0.01112916,1877.8567075524154,1983.512702257125,22.539293848041,0.1965119523442583,0
-1.3697381,0.12896402805974477,0.010897219,2372.052797121903,2408.5976607964717,23.43459979218868,0.1646826694239233,0
-1.1811887,0.08485671041183294,0.0110403355,1670.336417610054,1785.8649137539683,21.114754673447674,0.2145066942440753,0
-1.8067985,0.12065644939095127,0.010126047,2277.1545974942687,2261.0881652290063,24.832530853259748,0.15395818726884816,0
-1.3277351,0.12123876160092807,0.011047168,2187.075007358838,2203.043785056924,24.171200260807517,0.17459584418068017,0
-1.484973,0.06804556083236658,0.011700194,1552.464618740564,1775.2257525718014,22.697600622987856,0.18989253113572221,0
-1.8352958,0.111314530162413,0.011717883,2243.4729297781987,2245.68816282765,24.843993919147124,0.16760310257914504,0
-1.2549613,0.09019268416473318,0.010980136,1893.5243518092084,2004.7111205851145,22.273652833309818,0.19031986759953176,0
-1.2338088,0.09193055756960557,0.01156995,2041.7110590739667,2119.7664648500863,22.0634794168339,0.1788358014446784,0
-1.2886145,0.11750924448955917,0.011084568,2196.5626574811236,2233.6598459349407,24.325951728411457,0.17940206034339068,0
-1.1744084,0.06221677421693735,0.01099943,1448.623149137796,1751.0464629039334,21.878213741315506,0.1891733697891976,0
-1.9118265,0.11841330118909513,0.010170385,2263.640674473321,2251.619832617573,24.762230637982043,0.15617434735152444,0
-1.8395249,0.12176216284802784,0.0117728105,2402.4476637747825,2333.8215457213887,23.889467899560568,0.17057319418434028,0
-1.2637749,0.0771597665313225,0.011077385,1653.1193466044756,1828.6758457024937,22.12975797131101,0.19693258579406925,0
-1.3146123,0.12806110426334108,0.011079199,2373.2251594972195,2240.559984418665,24.150745280307937,0.17102507710127346,0
-1.117628,0.05933693445475638,0.011087723,1396.1882072779874,1771.8989085554194,22.04481569562061,0.18378493578228114,0
-1.2146653,0.18253108686194897,0.011013665,2478.185061583103,1944.0431055116205,21.983879436656718,0.20170543162823426,0
-1.4026632,0.08942117713167054,0.010216339,1716.6949669597395,1802.7628928704664,21.189942474498388,0.1986635129901425,0
-1.2461041,0.11592091429814386,0.011145594,2011.026907338659,2018.3266336909173,21.558881279801465,0.1990888532586662,0
-1.4472942,0.08213094547563805,0.011593485,1671.1672361075655,1779.0129887670016,21.749134845817817,0.20814578951261944,0
-1.8211917,0.11581328850058005,0.01015295,2155.2841687954415,2174.3335842245497,24.617630482659944,0.15968218429132117,0
-1.1837101,0.06499465269721577,0.010981659,1467.5741753627137,1812.5734662820223,22.34343449663609,0.18408440345435564,0
-1.8918419,0.10715111115139211,0.011729982,2193.8762775650366,2249.126515466277,24.97362585950029,0.16891574894833916,0
-1.887507,0.09807202544953596,0.010193199,2059.169107965633,2185.4985691553784,25.331971549652167,0.14577867148817406,0
-1.8090588,0.1087904219837587,0.011781514,2119.7625479562366,2142.685565334853,24.65513812390358,0.17355090085457836,0
-1.1671201,0.066903594475058,0.011033735,1440.2984720872664,1647.5861621929484,21.236622881228755,0.20755337546324945,0
-1.8488209,0.10885046584976799,0.011746856,2207.3740406788447,2244.282948482394,24.833897600255007,0.1706822248229921,0
-1.2235237,0.071293594112529,0.01107854,1472.163982635235,1654.2279784301093,21.179045784466414,0.21159521656516259,0
-1.829621,0.10728026210846868,0.010168448,2128.9722602751376,2201.9942483086347,24.935862863612787,0.15646807927885886,0
-1.2247713,0.07321159911542924,0.011079558,1591.7849516828935,1824.165504094035,22.223030477304917,0.1973505144042863,0
-1.3387402,0.11642505619199536,0.010996484,2177.2693777201466,2228.6326951142537,24.211336374616117,0.17654076697856438,0
-1.4262295,0.04441320149361949,0.0117164375,1083.3792871048481,1530.9508982220989,22.465994998929528,0.17376142414188891,0
-1.5531584,0.0781272658062645,0.010167629,1765.697221770894,1967.174540714115,22.22480217517593,0.17455784442794706,0
-1.5399444,0.07326257975638051,0.010181421,1580.2442136901136,1801.90685805708,22.153049745975757,0.18265805910920338,0
-1.1561594,0.185072188587587,0.011205033,2603.064366624665,2147.929625306788,22.203398066602183,0.1906284933511625,0
-1.1347009,0.07208436049883991,0.010677214,1596.5262952205042,1793.3807769111797,22.681092093333746,0.1682384371364872,0
-1.4953272,0.06969846650232019,0.01161639,1480.3822255339703,1637.152200410801,21.675345166015717,0.20991943925829262,0
-1.4302516,0.04383428799303944,0.011707193,1083.1091862047351,1529.9292600505516,22.35482352024368,0.1806617483892482,0
-1.8295723,0.16990034984048724,0.0101757385,2710.747850255238,2260.65612029609,24.335264450249504,0.15222547693262453,0
-1.3005807,0.10286873731148492,0.011112141,2004.5255426506187,2158.42321570635,24.270188049884293,0.1803780433926554,0
-1.3781388,0.06565513522331787,0.010847521,1498.1012159252275,1900.535385065958,22.19371351741831,0.16262267111919848,0
-1.217843,0.11560370142111369,0.010919482,2040.3251661599722,1913.9345181699255,21.965877891511077,0.19886659479838167,0
-1.3807304,0.058487257105568444,0.011756127,1462.018708354453,1841.327592300245,23.53331926525454,0.17483660056411612,0
-1.1807227,0.07341778748549883,0.011078775,1507.2380772130507,1676.6050606777992,21.360841522902465,0.21253439479599368,0
-1.8991809,0.1553787974912993,0.011762592,2661.340438772088,2270.4735184946226,24.454321387859284,0.16296609633093884,0
-1.3937097,0.1326040458236659,0.011006302,2309.615653189396,2279.435815368148,24.197046384284373,0.16546493468718576,0
-1.2913344,0.09541763341067286,0.011149323,1990.4852010265301,2159.585305569976,22.529489407922874,0.16824206395184838,0
-1.423129,0.07980736115139211,0.011785005,1613.1274701309069,1725.5109829519397,21.640632976173066,0.2152617839431581,0
-1.4808421,0.08723014247389792,0.010107188,1719.5744680514426,1809.4527381037497,21.19295938497072,0.1944413827940545,0
-1.4160497,0.08628983287412993,0.010227673,1718.3168767609006,1809.2955778998748,21.17618769069694,0.19612302853338603,0
-1.4205045,0.07760273165603249,0.010179229,1617.2779077136781,1750.400763726895,21.161316220684665,0.19085733459464974,0
-1.7889004,0.11943744562064965,0.010139671,2240.657594424553,2279.5330423508217,24.632352933381714,0.15808695177170365,0
-1.446373,0.08016875725058005,0.01014985,1626.930539992478,1748.3532932320747,21.359378431775287,0.19277768349116556,0
-1.2977064,0.03920751160092807,0.010938892,1063.8223492411548,1541.0560436496144,22.052177637291283,0.16906779017110707,0
-1.4244447,0.0714861876450116,0.011836804,1544.6540906306518,1709.9397200646329,21.984976455668374,0.2071803548181269,0
-1.3186691,0.11862741988109049,0.011762867,2329.493608232295,2223.6486357646254,22.256440631295643,0.18077414597319538,0
-1.6909734,0.06305398963167054,0.011754662,1527.035468460295,1762.3238896236637,22.83568855142058,0.1872752489623312,0
-1.2396386,0.07546607634860789,0.011637501,1603.5699832503728,1741.8143972172531,21.617092052472575,0.20754101903935637,0
-1.3738022,0.10328337985788863,0.011083389,2051.785149307989,2197.515936649591,24.54283529751304,0.17406828323232304,0
-1.2348713,0.08293530669953596,0.010995134,1672.5442676706089,1797.5281264345394,21.41604210699038,0.20823747239641113,0
-1.8641038,0.13666550355278423,0.010161034,2429.8959894600193,2223.4719400392355,24.681024100554662,0.1557939194263979,0
-1.3844527,0.086439376087587,0.011446086,1669.559656675865,1725.6097326370045,22.00545902902524,0.20351747646095594,0
-1.7796748,0.11445153893561485,0.010170687,2176.1253878201364,2198.813849897435,24.5877046681824,0.1571986765408576,0
-1.3647814,0.10841769685324826,0.010966668,2146.7080606665586,2251.100405288905,24.555578274716797,0.17507055359315393,0
-1.2875376,0.07326597846577726,0.011216481,1570.7481406654126,1912.8043055182204,22.21634705234009,0.1564782500921267,0
-1.3965187,0.11415811702436195,0.011018705,2327.6545828266617,2359.848566227376,23.56647255396948,0.16708127038601753,0
-1.8075647,0.1267492024361949,0.010092031,2383.609794730209,2296.3392236182967,24.542056152062774,0.15404175007192425,0
-1.7416788,0.1280463765226218,0.010162254,2269.407680588394,2233.8982079952175,24.084907364679733,0.1641505618848554,0
-1.3001409,0.11183793140951276,0.011100707,2128.7135914607948,2209.0377136631223,24.13051789973404,0.18175949307739778,0
-1.1855481,0.07383696164443156,0.011250659,1553.5888037715047,1733.736936627771,21.45405247572123,0.2103703812087705,0
-1.4207038,0.0726644069025522,0.011885081,1570.1333865069776,1721.4396002866677,21.68838486285008,0.20862138287985535,0
-1.2505281,0.19608400703306264,0.010079413,2635.6131719009036,2157.2186357034952,22.246311277882178,0.16768848804304645,0
-1.3049978,0.14019902842227377,0.010942617,2468.1226515863987,2270.957522810701,23.993579366587255,0.17170276062152012,0
-1.4390212,0.08371021244199536,0.011737234,1695.8179643583,1776.486010452487,21.807414257794754,0.2106901216973617,0
-1.1756834,0.0928652026537123,0.011158906,1937.1378705046052,2046.3563836896085,22.20493973309298,0.19389472633786178,0
-1.2497048,0.05442919808584687,0.010936551,1324.7745383185386,1744.6865898489525,22.269990212900645,0.1753054723847305,0
-1.4271256,0.12631643343967516,0.011103776,2258.933270457512,2286.8377126815085,24.371623974982644,0.1614540913376291,0
-1.5763214,0.13697818481728538,0.010090781,2420.3986684303854,2178.972954530495,22.936617141921186,0.13387846197544773,0
-1.326066,0.11051130184164733,0.010954068,2045.5098706414526,2132.8743626549376,24.23735915945193,0.1765115553687978,0
-1.844728,0.10752610208816706,0.011795131,2096.734421115168,2136.0659401004846,24.696679498967267,0.17374640344195588,0
-1.6099985,0.08554664841937355,0.009835759,1625.7777873004654,1715.889658967095,21.308238233013128,0.19205309310355065,0
-1.2818531,0.10397105205916474,0.011027101,2047.892524579474,2156.4904007780647,24.27003996768054,0.17108132100565943,0
-1.1893868,0.08637140189965198,0.011050491,1702.2886478929588,1807.0541550198293,21.425769686693666,0.21248779982888655,0
-1.9070771,0.11849487021461717,0.010079501,2279.0692732966586,2244.6021168344755,24.974284409273928,0.15041974371239342,0
-1.2331885,0.12455363616589327,0.011647554,2331.0573479583204,2218.0194650997346,22.53918497446471,0.18368687276762874,0
-1.3188529,0.12380931880800464,0.010995092,2362.7885171535822,2307.9499067299867,23.630682187589667,0.1742671534795005,0
-1.1546209,0.05236051696635731,0.011101734,1305.8757183889934,1749.871711286223,22.430664297396795,0.177449678014615,0
-1.4642547,0.07794940001450117,0.011771386,1559.8301282345449,1640.7494519828622,21.820613193122743,0.2081054729823958,0
-1.2175258,0.07488489704176333,0.011111607,1623.398460945625,1830.5016552706218,22.109491649437082,0.19713585043918888,0
-1.1994356,0.07028531032482599,0.011027206,1473.9246138017982,1652.4314833280525,21.306830842075815,0.21014654605489735,0
-1.2755961,0.11707307678364269,0.011101835,2159.7301586213616,2199.1672305766324,24.113057560003387,0.17446287941702565,0
-1.7475789,0.12528549158932714,0.010147447,2294.1737732753404,2311.986186755669,24.618613388226148,0.16257112871072024,0
-1.5836233,0.07952073665893271,0.011669424,1706.0643096093745,1838.1652416504749,22.55722664618278,0.19615403456780722,0
-1.4157206,0.07078831931554525,0.010205041,1411.0227725032203,1586.1506912795892,20.93260402769267,0.20348102136729765,0
-1.3440313,0.10900114196635731,0.0109809255,2148.040385963496,2255.1562626277246,24.355568224432748,0.17323595357226618,0
-1.3152866,0.10227169736078887,0.011061239,2163.2796969676097,2297.202991056606,23.483601382399407,0.1709348440070703,0
-1.8745846,0.09446712768271462,0.0118121,2064.7442566647574,2171.102657547557,25.267463752982444,0.16952352373137658,0
-1.2383404,0.22242627066415313,0.011032487,2800.9724249766964,2010.973176472638,22.470402228302483,0.17863851301405184,0
-1.4493175,0.07038727160672854,0.010237957,1471.245838902435,1639.5277266560076,21.026734852062443,0.19620931104724726,0
-1.5408826,0.0943164515661253,0.011491937,1810.744878602386,1838.4794588759773,21.991467382127855,0.2049275938735808,0
-1.1494851,0.08317321635730858,0.011087024,1690.6611109058288,1797.400912036375,21.150397485800074,0.20896795624331913,0
-1.1914593,0.06784163826856149,0.011212069,1584.3375581096423,1822.4285433308726,22.033898249148287,0.19419042558384159,0
-1.1336721,0.26930353647041766,0.011004408,3059.8665628096883,2197.7542311197035,23.816127366224432,0.13686389380318212,0
-1.2099442,0.06540476363109049,0.010924447,1471.7127789945093,1873.0865359366942,22.10686967666822,0.15873845198225608,0
-1.8968747,0.15921027588457076,0.011676857,2781.0313427332767,2263.905021483184,24.464543540431425,0.15266347189342397,0
-1.7880187,0.2018096994634571,0.011659315,2749.4527330510514,2055.8431245007123,22.339261765793136,0.1789097209717477,0
-1.2439224,0.1546038917488399,0.011079148,2325.2947057545707,2136.4369500901735,21.70724274034214,0.20569213939829842,0
-1.166605,0.057947995214617166,0.011014022,1448.6675440048045,1840.9651011508568,22.204075854221713,0.18151476674345138,0
-1.2556455,0.1520163409947796,0.010939818,2304.9217025564985,2046.2716113648241,22.04723540923306,0.20396697840717257,0
-1.2035009,0.09191922853828306,0.010990553,1689.0259698374082,1819.6582384752828,21.62299588620039,0.20528428733638385,0
-0.8351654,0.07002814131380511,0.010777119,1734.9851889458637,1941.2058096977075,22.084797573629597,0.17590607054682483,0
-1.3304188,0.10738222339037123,0.0109698735,2043.943809428745,2170.8890049689944,24.211228026371675,0.17684905450529576,0
-1.2343165,0.05048442937935035,0.011633957,1293.001990469104,1723.4319662694497,23.344781828162883,0.17363426486625547,0
-1.1968362,0.10570099514211137,0.011038274,1830.755677612379,1895.6502404697785,21.43992588855357,0.20769398023918353,0
-1.8040376,0.11969121592227379,0.011555868,2318.992101367564,2270.5482678622875,24.9438423999009,0.17010329675873684,0
-1.3884563,0.12126481837296983,0.011042444,1879.7353326374307,1917.8433460135602,24.07650617731812,0.18108357836245484,0
-1.463483,0.06953872716067286,0.011797382,1466.4734181262684,1631.3354583368196,21.734338730616155,0.21099699851356454,0
-1.2561332,0.0744022803074246,0.010197474,1495.0852864551136,1651.7515649247187,20.985925349711863,0.19812629113802338,0
-1.8448906,0.12471564131380511,0.010134354,2330.174050157557,2211.1175155096544,24.409082492049418,0.15300431402036246,0
-1.9389527,0.1009892510150812,0.011649632,2124.2941740919628,2209.9846743830876,25.50757551683277,0.1572751598608152,0
-1.7543154,0.1736808475928074,0.010090812,2721.1480233781635,2308.984954332573,24.144701734200492,0.154076792919235,0
-1.37137,0.06607657518851508,0.010164792,1423.8324359424855,1620.0035116093793,21.07241153345112,0.19002763191272923,0
-1.4776196,0.13723535382830626,0.010192076,2175.3133767370055,1991.3073815673529,21.676025482906034,0.19545853707878127,0
-1.1978419,0.07714503879060325,0.011091144,1600.2790245449914,1746.897936744133,21.42233111460425,0.20884086418894832,0
-1.3193961,0.22517242785672853,0.011128925,2849.2949674435567,2126.4164131887574,22.12931139476277,0.18023443078565968,0
-1.3310568,0.06382662956786543,0.011057004,1497.5270378089951,1769.4103146951636,22.646752905058026,0.18416595122465448,0
-0.9856485,0.12494675355278423,0.010633435,2366.579588510443,2149.7961381364407,22.22324510275129,0.1582615024503056,0
-1.2450274,0.07944823085846868,0.010590837,1531.1803187747535,1703.6425285232642,21.363071003910353,0.20565284116320007,0
-1.2549864,0.11369929125580046,0.011165305,1980.3200907235664,2014.0963639107106,21.548934542454592,0.2010953006142392,0
-1.8019767,0.1100604063950116,0.011766385,2193.1352518764634,2200.176093275431,24.82204219431344,0.17299060946741548,0
-1.1300974,0.06750176732888631,0.011087889,1576.8344041103032,1821.3884104707486,22.11553920730776,0.19049295698158752,0
-1.3069453,0.08546394649071926,0.011153604,1703.0536842232411,2002.18323932212,22.627625537815813,0.16169823734240482,0
-1.2387801,0.21602536796693736,0.010736452,2781.0732821639613,2000.9974235431343,22.282119205950355,0.1567756041836298,0
-1.3497819,0.11283035455336426,0.011047755,2204.5813057321207,2260.4814617541483,24.37264612275042,0.17411888128648226,0
-1.2584728,0.10616548542633411,0.011179398,1878.0766413130668,1948.0362396304638,21.615033813833413,0.20166452644330987,0
-1.3654505,0.13899135368329466,0.010964354,2368.8171723931846,2276.023837892972,23.88535139145429,0.16452671930832277,0
-1.50612,0.17633977124419953,0.011705271,2523.040600152652,1982.8490954427941,22.28651955447625,0.19278842487559533,0
-1.3327256,0.20350678835556846,0.0099373,2727.962034377125,2139.686394757166,22.130454188345432,0.16060978299964926,0
-1.1269019,0.09507549666473318,0.011089979,1773.1085998519309,1830.6948958230491,21.142151347297702,0.2140776180236281,0
-1.2296042,0.10265348571635731,0.01122628,1835.4950616059086,1938.3319503378723,21.755925205367678,0.19896416639852407,0
-1.242044,0.11578156721287702,0.011171845,2006.2919572149945,2022.1498869630939,21.54708541665546,0.20076687959945283,0
-1.325964,0.10391780561194895,0.011044908,2089.8289472592664,2211.2129781889175,24.61602760697599,0.16382126447494558,0
-1.1963713,0.07933380764211137,0.011016663,1851.0324073968548,2090.539093028708,21.814017466300466,0.17968634730901936,0
-1.7912446,0.10326978502030162,0.011762825,2282.640819203721,2341.2118856949983,24.586959452919682,0.1625005127663878,0
-1.8447003,0.11422835701856149,0.010125315,2201.6039911398716,2236.1126072414872,24.795223555397463,0.15267311840138964,0
-1.8793796,0.11308525775812064,0.011697962,2238.5164214457677,2250.164056111566,25.064317331169253,0.1664545936816584,0
-1.3034587,0.09932841502320186,0.011050041,2005.3712929543312,2136.9326900725728,24.26207264257394,0.1702437100588788,0
-1.2581245,0.1729591882975638,0.010951313,2486.035475759152,1941.3705972025912,22.924583622939053,0.18289682124698006,0
-1.7916546,0.11339454031322506,0.011750753,2195.932876916876,2183.708672126571,24.669325551318053,0.17183176821552157,0
-1.8565968,0.11491263051044083,0.010124319,2233.127180833296,2277.7937732168143,24.982879549087905,0.14877015169882699,0
-1.8575453,0.110835312137471,0.01167386,2213.525296763118,2237.9957011664683,24.879672433021977,0.17340450726801612,0
-1.2801359,0.06965088457076567,0.01108404,1594.6077037778625,1825.012710016935,22.077462802385146,0.1958970583867318,0
-1.3510201,0.09772422418793504,0.011042095,2073.698447567881,2227.502978170344,24.618281024077096,0.17016893177475234,0
-1.8237667,0.11735743546983758,0.010165443,2140.1153510462027,2166.5092320415433,24.819945132392824,0.15849712801186636,0
-1.2808821,0.18052698122099767,0.009528466,2494.8713654657304,2040.3928711549158,22.58452301986026,0.1562701774237011,0
-1.4008595,0.07162893343967518,0.010211989,1539.525146669471,1730.9049802953311,21.175651953523985,0.1914401674210894,0
-1.2095474,0.11722488580336426,0.011140013,2032.059039524094,2039.399789532752,21.626396168104133,0.19717450266392242,0
-1.4473145,0.07315835266821345,0.011704617,1544.6481610578896,1701.9812250455004,21.902282671622324,0.20761652866819183,0
-1.3596901,0.13585547781322505,0.011134095,2333.8957112652365,2308.2129685432756,24.34471321579756,0.16619109085149772,0
-1.2038909,0.09046458091647332,0.011067937,1727.2774289305185,1867.7235748837945,21.353223546274105,0.20511383208258405,0
-1.1521497,0.08632608577436195,0.011010607,1718.22103399536,1816.3252481654272,20.947431438439253,0.20873819754990322,0
-1.7551712,0.1210869525812065,0.010158915,2184.37206718652,2192.372353562712,24.187389920020685,0.1664495218244398,0
-1.391179,0.07599061049883991,0.011758776,1597.9155665226097,1730.563365792603,21.565676311341537,0.20838528690424205,0
-1.368683,0.10590718351218098,0.010180813,2025.0741957171806,2032.5756753093785,22.12158546666418,0.1858382627890061,0
-1.2527797,0.10483885585846868,0.0111377565,1864.7509757957641,1950.0097415555692,21.49722034078658,0.199757379919815,0
-1.134543,0.1070344221287703,0.010907538,1939.9733044513475,1983.1608003934446,21.32049319415236,0.2007692857952255,0
-1.1744561,0.07280035527842227,0.010999631,1515.2977936770626,1682.2079884745435,21.21747752200926,0.20790936607424268,0
-1.3388603,0.1385019395301624,0.010949867,2419.0662515516815,2366.5021038499267,24.11588369181283,0.16824402956739548,0
-1.2944546,0.10803024398201856,0.011201524,1977.9003360820896,2056.6336370154595,22.532362864070176,0.18495521414784824,0
-1.2939272,0.04734628770301624,0.010963169,1164.6465350658361,1617.8099744531225,21.797029214638425,0.1764501140642085,0
-1.1834478,0.14649457112819025,0.010986423,2356.198595117559,2110.208488870644,22.30038354853585,0.16419908516984097,0
-1.2152008,0.08351761890951276,0.01101348,1662.688985371787,1790.1064941705592,21.4465457550293,0.20995486944174505,0
-1.3254738,0.14517927059164734,0.011091551,2483.8059987082174,2399.538972400117,23.96771098508964,0.1648901563347178,0
-1.3429314,0.16648238109048724,0.011114815,2685.768036364416,2367.916503859479,23.4720186248093,0.16491586750037626,0
-1.2316369,0.07393665712006961,0.011038196,1583.8232379276735,1748.0201829572559,21.435477503853843,0.20364110938702393,0
-1.4219412,0.11567394141531323,0.009977887,1827.354453203048,1641.3380312310564,23.0551247045249,0.1766654650291283,0
-1.1503009,0.08924671004930394,0.0110236015,1763.7087636464955,1917.7380972762796,21.69087398623272,0.18654931389218443,0
-1.3407078,0.11387828995069606,0.011048949,2182.46825842378,2265.598050995897,24.541962380002897,0.17356845221253758,0
-1.3019065,0.14899828705046403,0.010986117,2232.511609931784,1841.8877646253086,23.864166415957737,0.17373433432403365,0
-1.323021,0.1200254223462877,0.011069196,2247.3336537894033,2284.860592767771,24.336249168920972,0.1778970399657238,0
-1.2492648,0.052035373767401395,0.010760431,1155.4490741233872,1585.0902420577474,23.02066991207109,0.16173779392560494,0
-1.76725,0.053700741371809746,0.009653434,1203.19810993117,1550.857890627866,22.787486015401846,0.15608796838422384,0
-1.8505545,0.11130999854988399,0.010144929,2294.076626211402,2301.050709934281,24.206849117239795,0.14999640914781692,0
-1.9019196,0.1292472538428074,0.011808807,2503.3037865843426,2287.735909262457,24.90613333119366,0.15901173503098714,0
-1.1851611,0.10808802204176333,0.011256363,1917.1952318491237,1983.909373020148,22.071161651958107,0.2022751228701283,0
-1.2313229,0.07226902370939675,0.011496054,1618.8642786011849,1831.1498034464853,22.157880753836917,0.19097272431173948,0
-1.124292,0.06676084868039443,0.010997214,1463.5621637886984,1656.7677847726552,21.13731263366275,0.20387662565431708,0
-1.3376898,0.10419989849187936,0.01111351,1988.8083531587786,2127.3238684327603,24.442483955418925,0.1791980600763929,0
-1.2577755,0.09663550427784223,0.011090553,1776.870922888481,1907.3840461983398,21.65097679813578,0.1989905352467537,0
-1.3533075,0.06092639754930394,0.01089686,1509.5123720284344,1791.2827351925175,22.119520381441003,0.17947056966713537,0
-1.2473034,0.14213289406902552,0.011026389,2491.207036678519,2411.4538389701443,23.28196737051051,0.17470079718651574,0
-1.4090292,0.08597148709396751,0.011767802,1752.6959781201888,1843.100649737782,23.110793637793613,0.19875822504909912,0
-1.1841941,0.11060533280162413,0.010787918,1938.2751780573933,1927.1312879047423,22.002081289183383,0.20301336571971065,0
-1.2424451,0.09652901138341068,0.011000419,1848.6758812660673,1949.2046762269954,21.58650047135276,0.19648158203202085,0
-1.2381259,0.09273945040603249,0.010910981,1668.499618328074,1793.687447282388,21.52486897967591,0.21170484044492188,0
-1.4242696,0.09044872027262181,0.010216103,1733.2735033086155,1805.7548975283999,21.239069172080967,0.198029315252603,0
-1.3439187,0.14621700986078887,0.0110937795,2561.6522010465933,2465.6380737430886,23.533721653009685,0.16170982743957987,0
-1.360125,0.08246968351218098,0.010209348,1636.2697600385206,1750.53243668624,21.27279405246629,0.1983439185265061,0
-1.2783102,0.12195249057424594,0.011040411,2268.6239684939387,2216.5634525105484,24.088272075095766,0.1754808305810492,0
-1.1279395,0.08069555720707657,0.011042604,1652.8553361404663,1800.9015297855792,21.283768489977035,0.20708689808220837,0
-1.386104,0.14667130401682135,0.01106556,2555.7844114794684,2329.172172147504,24.029690620493593,0.15746508037100737,0
-1.3630111,0.07563941052784223,0.010180501,1515.0947685451863,1657.050600420801,21.236209120491147,0.19926714771749798,0
-1.3229471,0.056829819823085846,0.0109061925,1393.5488733665325,1842.4947886821562,21.902703821035185,0.15336683874507676,0
-1.1865789,0.07565753697795824,0.010877593,1632.530520464239,1962.179334864886,22.13708154812709,0.1727091265964691,0
-1.4127492,0.08635440835266821,0.011650943,1839.4455086039047,1974.3930393957799,22.581587016670994,0.19530783256979267,0
-1.1873988,0.07819297418793504,0.011055376,1615.527833407921,1755.7234226081243,21.231662965051108,0.2053797035103864,0
-1.2140267,0.07543662086716937,0.011074742,1580.3698529225162,1748.8709694266145,21.56713423874098,0.20755334966617264,0
-1.4698769,0.08491675427784223,0.011688467,1702.731714446727,1783.2786510227243,21.84003766792269,0.21090590223579728,0
-1.1863098,0.11527855822215777,0.011374564,2022.9242902880803,2036.3590209023473,21.48209992128179,0.2012177489229009,0
-1.339988,0.14594284730278423,0.011047117,2413.287971305323,2310.738811449292,23.992212543647003,0.16652865076030615,0
-1.5117407,0.08989359773781902,0.011740878,1917.5429526745156,2014.8079667290372,22.61284428189088,0.19283752846713423,0
-1.2298217,0.10855930974477958,0.0110958945,1868.8314536727858,1943.8691451470772,21.615721215569675,0.20154645161110749,0
-1.0866127,0.08454063043793504,0.011774304,1733.776189413374,1835.8151560914855,22.881380606749698,0.20171349042779296,0
-1.277787,0.0905246247824826,0.010985014,1825.0608093437945,1992.4127353164831,21.858067269160042,0.1865054523128061,0
-1.6595447,0.16802199644721577,0.011359135,2486.777728676871,2007.0264560535488,22.400712386313863,0.18677538423015597,0
-1.4822801,0.11860589472157773,0.010180326,2155.2324395022742,2094.9123085471347,22.27404689891873,0.18162623442374082,0
-1.659954,0.06660677385440836,0.010190858,1341.8809684284709,1519.2892927526136,21.345932091508136,0.20284035213650664,0
-1.8352429,0.27774819641821347,0.010081269,3208.246477494899,2010.2804017075323,22.768892109076802,0.12463102038935923,0
-1.2244309,0.08012117531902552,0.011099039,1594.4907291551542,1731.8772831375763,21.297117238400713,0.21378178096391373,0
-1.4974899,0.08987093967517401,0.011618404,1728.841309737668,1770.794579891535,21.88517804422026,0.1991057165378749,0
-1.1647196,0.0910083744199536,0.010925008,1751.1214875077894,1880.965322868677,21.523358375189787,0.1976137714182203,0
-1.1955464,0.08526228973317865,0.011041305,1664.6514003655939,1774.5004687644541,21.450193032289803,0.2136562634366241,0
-1.3680246,0.13488118111948955,0.011032751,2350.1805092413015,2316.698667978548,24.143603035651918,0.17027225087541223,0
-1.8070776,0.12209863507830626,0.010161641,2296.9945114669035,2307.026401436592,24.18995797865225,0.16162368943784652,0
-1.5951251,0.09470390443735499,0.010212098,1790.6936271621266,1861.308532750296,22.63046873264175,0.18820626829450368,0
-1.1996156,0.04342644286542923,0.010930903,1128.2021681815215,1599.9421820443451,22.156592042650214,0.16899007631411847,0
-1.2344607,0.3065397966212297,0.010933513,3477.592600334895,2210.7859197477037,22.059941262465024,0.1246287782570592,0
-1.217396,0.11455916473317865,0.011139786,1957.2238334013175,1988.0864016611422,21.459516910414873,0.20789412139466876,0
-1.177334,0.07867672382540604,0.011010852,1634.9356244517946,1765.3323683343463,21.347658791111638,0.20516960272941112,0
-1.3152292,0.12053069714327146,0.011057938,2184.577931275416,2203.522516199674,24.04523013040162,0.17898959202542128,0
-1.1499434,0.1029469076276102,0.011187871,1953.8578570061536,2166.0146161390862,22.55189357478873,0.17288818377929935,0
-1.173508,0.17096981039733178,0.011027923,2498.4625928079095,2074.49039547481,21.84014399973862,0.1971624124703947,0
-1.2563361,0.08316981764791183,0.011587314,1686.0973100559145,1781.7030430130678,21.781985132118287,0.21001172872524373,0
-1.2415274,0.1117178436774942,0.011134762,1949.590958276821,1997.6036159627247,21.661658929821858,0.19743348072055525,0
-1.2164466,0.12707774434454758,0.011783746,2389.203778760228,2216.0221509677212,22.815880004594444,0.18291036297947003,0
-1.336461,0.06338593024941995,0.010925297,1413.218702563734,1847.9399063460667,21.712396449624237,0.16103259672109996,0
-1.443877,0.07235399144431555,0.01180189,1504.7115570905523,1649.4658895403688,21.724666159510587,0.21168274497890194,0
-1.4485314,0.08268833381670533,0.010131693,1948.4827556278947,2128.002596500586,22.11764145020813,0.16077735799830115,0
-1.8504709,0.10943504386600927,0.011637523,2131.1103123227995,2168.0772593733736,24.625192307506186,0.1749172384230735,0
-1.2217072,0.07758800391531323,0.0111530665,1626.9852660781212,1824.1502731196135,22.195671417235868,0.20291014123224135,0
-1.513009,0.07296575913573086,0.010130158,1491.2520479259888,1652.1967185311362,21.18138042581291,0.19570702675887772,0
-1.0668566,0.08031603465777262,0.011114513,1669.8983533333544,1810.836557278468,21.151578470838437,0.20641971881273444,0
-1.7094824,0.2405753788428074,0.010179444,2915.508056168813,2071.321608623483,22.252117903171033,0.16196229607643736,0
-1.2763717,0.11140063080046404,0.010305439,1865.090550401616,1767.088199712852,21.74447148324554,0.19524141433288741,0
-1.211935,0.15943912231728538,0.010955167,2300.3204314135746,2011.6059763643966,21.444695797823922,0.20376900317284044,0
-1.3843523,0.1336281902552204,0.009927668,1978.150357144626,1772.29378408584,22.807356421615403,0.16644782851352677,0
-1.3194592,0.13430566632830626,0.010995374,2358.4794537742255,2351.820043089033,23.951770711089377,0.1742419812896291,0
-1.1749753,0.08190663065545244,0.011109576,1678.1780587000255,1798.0789538441618,21.371363750195748,0.20881504933398476,0
-1.3400426,0.09479566959106729,0.011022236,2191.072632784407,2341.322857265764,24.14754389696768,0.15430207263066725,0
-1.1952397,0.1661696998259861,0.01099015,2361.1713337711926,2013.4558055381017,22.578356308533028,0.2022009069567228,0
-1.2278951,0.08102523201856149,0.011095793,1661.736399289617,1797.5097425447507,21.62135106482237,0.20961874521430676,0
-1.9076792,0.104501250725058,0.011709925,2159.88052476963,2218.7731003746003,25.142748730552064,0.16654995107748657,0
-1.329785,0.07495966864849188,0.0108059365,1469.13615713363,1711.400649322952,22.472672527816854,0.1433195119508349,0
-1.3911519,0.13892451239849188,0.011063957,2392.204960393592,2302.005707309728,24.265829378483698,0.16274263139699366,0
-1.705193,0.18142877211426914,0.009511432,2478.7000559293665,1989.44300535397,22.010991605391943,0.16465056568350234,0
-1.336201,0.09778879966647332,0.010963829,1995.0384550981723,2154.480354415994,24.486253857415925,0.16611270730004787,0
-1.2969276,0.04868311339907193,0.011778225,1275.612157016417,1730.748747400939,23.254019829575764,0.17045370836510274,0
-1.4111896,0.150865311412413,0.011097914,2572.6058607399355,2407.9274339253116,23.565979923179857,0.1656003085058755,0
-1.1392293,0.04411977958236659,0.010997451,1214.8880233093669,1664.8200215513118,21.663044953838376,0.1730889436509764,0
-1.15252,0.20937522658062646,0.011176693,2750.3127279518867,2083.248499578475,22.371521841969884,0.1777825786211482,0
-1.2311972,0.07643357562354988,0.011100652,1616.7722157936541,1759.910623894865,21.161791380441997,0.20199513939911476,0
-1.323646,0.10597855640951276,0.010972763,2144.06742859679,2243.8346407061567,24.192765110090868,0.1704197178290758,0
-1.3212934,0.09861128734048724,0.01112123,1995.9475576458613,2161.182147579864,24.409739809050752,0.18041529731940495,0
-1.3492783,0.07676664914443156,0.010195719,1519.4780708228084,1665.620118344927,21.21181250712545,0.20023132613735625,0
-1.1199622,0.06089354335846868,0.010172198,1429.6990857993078,1831.1996657191673,22.176124789208398,0.1678598167514508,0
-1.1777548,0.08230088094547564,0.011130573,1655.7844917076038,1794.820094664101,21.30375429351452,0.21027269867610973,0
-1.1973357,0.08223290675754061,0.01110369,1816.6559758323854,1983.1163541671554,21.982722750141104,0.19257879326449293,0
-1.2779595,0.11224804234338748,0.011056447,2123.2678622075837,2197.3575759857163,24.04304247699522,0.17253575028294768,0
-1.443351,0.2156571744489559,0.01008609,2982.885317638461,2447.50253861219,22.82444878139498,0.15307825544346892,0
-1.9686023,0.10434944170533643,0.010090917,2142.727547906704,2203.9082742724095,25.199798376727188,0.14754067163581971,0
-1.4245883,0.06795946019431555,0.011560253,1407.4704806373293,1568.2875106189142,21.327477444381213,0.21453611877116738,0
-1.8453666,0.11351462804524362,0.011736918,2245.3308567457584,2270.0930116618974,24.84352699135238,0.17044038230868652,0
-1.8934338,0.10414778494779582,0.0101330355,2074.797404837514,2163.234973904883,24.924020878236387,0.15504082544609657,0
-1.8378332,0.11563882141821345,0.010172596,2350.972983930505,2349.90126940266,24.322876156939426,0.1501196258951711,0
-1.3356102,0.07728438587587007,0.011586269,1595.6578922353278,1740.575933252736,21.556243002516794,0.20878159215707492,0
-1.2492644,0.06838883048143851,0.010114785,1428.4390739595376,1820.5081571634657,22.163950866221438,0.16333926913250887,0
-1.263002,0.1058539370649652,0.010159517,2156.3696593531504,2230.641766814174,22.131623503177536,0.16614983114360515,0
-1.5175867,0.035577689965197216,0.01019446,1090.771961392546,1603.9725637141757,21.95313760782975,0.1437836064128447,0
-1.8648592,0.13901741045533642,0.011615948,2551.727032939186,2270.4778632758216,24.844650706465593,0.16536872915391707,0
-1.8877074,0.10732217952436195,0.011780874,2172.3582656398157,2212.1354026344075,24.830324078678366,0.17128047115325232,0
-1.2216749,0.07487470091357308,0.0110987425,1495.7243835259242,1669.937820648607,21.564922824678977,0.21589148087398957,0
-1.2885151,0.08375552856728538,0.011061997,1635.342874743075,1967.9974543890528,21.959476596864665,0.16545247965541124,0
-1.1240506,0.10214367930684455,0.011141069,1967.7493415610397,2179.6627392949194,22.28385807220065,0.17579600655083896,0
-1.3753444,0.08755641857598608,0.010201196,1671.3785549112854,1778.9096325222692,20.8527214837535,0.202799550998785,0
-1.197604,0.1302612021461717,0.01087453,2064.447499921798,1883.2487078506651,21.81901735647237,0.2066459896909231,0
-1.1110045,0.08156109520011601,0.0111308815,1621.3348118492981,1761.5132197912333,21.227383972077895,0.21298005930855288,0
-1.4232391,0.07719941814095127,0.011767947,1839.3163553527281,2067.6393312240734,22.75153850401036,0.180199654774057,0
-1.8185846,0.21587922346287702,0.011700891,2848.0628685579763,1939.1393512857228,23.54243389568854,0.14232667662338774,0
-1.3014903,0.10737316016531323,0.011019881,2067.2327517837034,2180.4950925250896,24.04966784793657,0.177661208521857,0
-1.4831746,0.07284680430684455,0.011773666,1587.5114429875023,1728.4118703545898,22.109551460546054,0.20193657755686767,0
-1.428457,0.13193110136310904,0.010945605,2391.4937862405905,2361.726786676544,24.517617629828127,0.15639761193373608,0
-1.3205166,0.10853212006960557,0.01109446,2048.052372454439,2165.588964235889,24.45179810222941,0.17083450880929774,0
-1.8995945,0.1568527044663573,0.009823746,2217.2786875618917,1826.448107958763,22.023650785245383,0.1846277141327883,0
-1.1077495,0.06118130075406032,0.011067074,1406.7581134613572,1643.8121398101546,21.566298828761433,0.1967290705312248,0
-1.3753998,0.1034351888776102,0.011023074,2131.1369412429026,2243.8616781018145,24.766580478544505,0.16310566837411905,0
-1.2608835,0.3034243130075406,0.0109941345,3453.3804724065535,2178.451417111913,22.138750363528864,0.1273762372747966,0
-1.3076383,0.10336834759280743,0.010922979,2030.3378912759486,2118.4280054519045,22.80608433917724,0.1658761294165936,0
-1.7502986,0.13605486876450115,0.010144039,2442.0544257039396,2315.824838469077,23.41063010903476,0.1606173695664638,0
-1.8706795,0.11476535310324826,0.010180922,2142.997287641093,2182.3778075653686,24.472594815035773,0.16632333680121122,0
-1.3775244,0.06137842589907193,0.01159604,1385.571251076129,1753.1073166260019,22.89844868492545,0.18654493129880034,0
-1.2695904,0.09216506851798144,0.010234955,1725.2254251125123,1803.7924350776002,21.31837040120693,0.19912889456167995,0
-1.2912854,0.08914474876740139,0.010228109,1701.0557826997895,1792.0875422528188,20.98682699383017,0.20011850517656482,0
-1.4132801,0.07864500253770301,0.010248914,1590.120615780238,1743.118363512977,21.319168563875955,0.19385682229027898,0
-1.8332125,0.11487751051334107,0.010159211,2221.966338027973,2207.322051022575,25.032565778225003,0.15549912500663846,0
-1.2875093,0.044733813080046404,0.011035815,1139.1278570374736,1608.596575642636,21.792506250781788,0.17105939598876915,0
-1.3402071,0.19733246628480278,0.01104439,2933.9954504770835,2329.8386615081276,23.913835160003117,0.15569603189480918,0
-1.4043156,0.13324413609338748,0.011012083,2306.8887837252755,2314.884284326543,23.899727901385766,0.17030321836747828,0
-1.0091631,0.14881022513051045,0.010904083,2348.864643164621,2102.727026099366,21.860729585668683,0.1898352311319692,0
-1.5063016,0.13996111876450115,0.010637239,2630.0520119162566,2190.4276879130075,25.57119547341859,0.09903875416872376,0
-1.3240122,0.0995244072650812,0.010999034,2134.6543099426885,2319.3404886145586,24.102951092204453,0.16422655706408484,0
-1.7815157,0.11545529111078887,0.010119443,2146.746580238136,2197.7479915038352,24.852189341059898,0.15511142697361982,0
-1.3975137,0.0880764211136891,0.010193029,1716.225726660712,1804.8380325587414,21.188222759221226,0.19670401393863932,0
-1.352443,0.07701135622099768,0.0117934365,1601.0661119157637,1730.0140370067047,21.886030647019044,0.2114038094716212,0
-1.8353345,0.0997951711136891,0.011667657,2141.9396920963145,2207.3399304696113,24.96634697564757,0.1651679224833203,0
-1.7822657,0.11110041147041763,0.0118199475,2167.934202885774,2181.96437789311,24.715477036904936,0.17625528477297303,0
-1.2904599,0.11706514646171694,0.011058299,2277.5650660460774,2296.146151760515,23.956292694422334,0.1742644454546252,0
-1.3990197,0.09400603610788863,0.010146442,1793.5905660335293,1866.4790918235522,22.704873131603193,0.18613685520047227,0
-1.3520255,0.05793100166763341,0.010198492,1424.2774093097676,1833.3227084935415,22.31637315465203,0.16282802824889533,0
-1.6510935,0.13492989595417634,0.009963243,2065.8992383656446,1837.402718617719,22.360492125592383,0.18758981294737057,0
-1.8512748,0.09161674340197216,0.011643016,2108.6879705127785,2216.427187342786,25.29176173219048,0.15776974714739386,0
-1.8171262,0.11403123187354988,0.011619907,2170.861227294529,2171.299631630249,24.673347956586138,0.17199419734497742,0
-1.8463715,0.11092821019431555,0.011799808,2181.9188173794423,2174.8947661355396,24.887079311891444,0.1674447914684969,0
-1.1405582,0.08218079321345707,0.0112412525,1686.4560775500195,1805.7276801585513,21.315427687442924,0.20986835896804537,0
-1.3429732,0.09026179125580046,0.010091952,1713.6713735236613,1796.0557562335823,21.06941167841325,0.19880942355885964,0
-1.4611297,0.09615628625290024,0.010213198,1926.7827315547554,2017.3114431785498,22.047279742507026,0.18268585364541878,0
-1.4253489,0.12556078705046403,0.010925016,2333.0317541830664,2320.267507301173,24.21919949564034,0.16534743221166748,0
-1.2191656,0.15294758736948955,0.011211637,2222.2959263384864,1867.0036779446057,22.41810839784432,0.19934467224239852,0
-1.4305056,0.08115211716937355,0.011803835,1664.9922024911932,1770.2657906038523,21.646675743739163,0.21254057774362597,0
-1.142987,0.08168344873839907,0.011062398,1656.4347553611162,1790.0136393049956,21.287193371737146,0.2080313852269747,0
-1.2907522,0.11618034911542924,0.011027773,2249.8378718828585,2284.9426099256825,24.14861334951376,0.17296357790844316,0
-1.3133837,0.11776867930684455,0.011023887,2162.280315791058,2195.5759491759427,24.175263138970507,0.17491386464830938,0
-1.1921573,0.07505936412412993,0.011066082,1569.5185500538046,1739.8321846239155,21.417832995204897,0.20783139813912643,0
-1.3433213,0.08216040095707657,0.011624944,1637.4372582708377,1743.7469747415387,21.240576623873785,0.21485087117821092,0
-1.3928158,0.12462161035382831,0.010849063,2200.1156468100457,2239.99707536654,24.13067052503019,0.16907790218729946,0
-1.284939,0.07979943082946636,0.011553428,1636.1541485031955,1761.203559973248,21.688005342598778,0.21108688897027708,0
-1.905559,0.10003081496519721,0.01014543,2073.718395808385,2153.007280455623,25.194206912194154,0.14409399524757374,0
-1.402761,0.06657845127610208,0.011630236,1400.5043589961656,1573.4449051963995,21.477890659830503,0.2114296602656619,0
-1.2797546,0.10402769721577726,0.011086955,2062.128750639656,2188.9732552647083,24.475493931338594,0.17407058159889935,0
-1.5102698,0.03939444061774942,0.011794883,1060.0009949645762,1521.1690059538776,22.523226652495435,0.16639671994284452,0
-1.4467118,0.08155316487819025,0.010215938,1616.552485833978,1746.3157785416336,21.343036838441055,0.1960614506905369,0
-1.2761737,0.1402907935759861,0.011048042,2507.2550309463036,2273.1717923364663,23.935372577597352,0.1649484056384153,0
-1.5596335,0.08625697868329467,0.011792394,1756.0624578583636,1853.7320201758025,22.886107597852817,0.20266913507289241,0
-1.8211297,0.11532274144431555,0.010186395,2137.240140247443,2173.873345934613,24.768614779357808,0.15738927744088024,0
-1.3281116,0.053065182714617166,0.010613676,1287.5254860079453,1658.055600977904,22.665689801723918,0.17003736050459453,0
-1.8028197,0.1235192956061485,0.0101321265,2208.6401678750294,2192.5319859430333,24.584936345799584,0.15610529750558214,0
-1.0958618,0.055071554161832945,0.010910759,1297.4064398902365,1678.4997393673664,22.732137566546214,0.1711091664956409,0
-1.2131078,0.08123028748549883,0.010999107,1547.0930149664086,1662.3566809330775,21.410498321351017,0.2137512338470063,0
-1.2591357,0.046283624564965195,0.011106175,1158.5988765473733,1637.1170957836089,22.718791533403984,0.17503136922523824,0
-1.1571314,0.08989699644721577,0.010987269,1709.930702430611,1790.429360268605,21.365756506084796,0.2129621429492257,0
-1.2933192,0.11099391857598608,0.011038743,2158.115928979043,2256.3059916858783,24.136864839338394,0.17619549090223954,0
-1.1809976,0.09562608758700696,0.0111233285,1896.37751046732,2127.8716717327625,22.57634047512877,0.16531297708228967,0
-1.3306373,0.11076847085266821,0.0109901,2103.072158752993,2196.235848993774,24.09833809862232,0.17881120217942845,0
-1.4809036,0.07673039624419954,0.011818377,1585.441353355421,1712.077153898194,21.710950424328182,0.21307731028460156,0
-1.2184556,0.04347968931264501,0.011075573,1216.4724303879636,1682.4928921685826,21.848907403897787,0.1753922510116047,0
-1.2195027,0.07251712949535963,0.011183882,1638.289992270605,1840.6856080761283,21.98777832920555,0.19586219895247325,0
-1.1624967,0.06785070149361949,0.010881042,1458.4581736103573,1652.4139795860776,21.437188894768862,0.20167486907694285,0
-1.8056298,0.1324227813225058,0.011562137,2180.709600775102,1809.8346613759954,23.064853636231444,0.17927071361547273,0
-1.8440695,0.10862388522331787,0.011735506,2107.3908812940335,2148.885147266521,24.99518972098725,0.17225107340141965,0
-1.3940833,0.0889612184599768,0.0117710065,1710.3358956324537,1768.8917179077005,21.66965257372031,0.2150764686924946,0
-1.4034872,0.12283955372679814,0.010926913,2327.780021594733,2320.3650791650566,23.843025680197513,0.16691422064995154,0
-1.2719544,0.10102210520591648,0.011070409,1880.7625122437667,1953.3567230209028,21.584029150136864,0.19927686183342663,0
-1.3632463,0.13599709070475638,0.010940965,2394.0627122358005,2365.2106324467804,24.03804941347774,0.16742225916625078,0
-1.1690739,0.06949341103538283,0.010144605,1495.6262373803659,1803.9299371855268,22.482568699981634,0.1754464463799594,0
-1.9141498,0.10542116806844548,0.010142315,2196.558280452612,2252.2342203396256,25.296641010528187,0.1473388237496524,0
-1.1753386,0.08470490139211137,0.011193481,1730.3282151389003,2013.4037187666927,22.596686845763326,0.17154200315849175,0
-1.3768307,0.1964034857163573,0.010208406,2766.0934803980567,2270.2900170709213,21.568592207771097,0.17413122396639888,0
-1.8250741,0.10803250978828306,0.010157526,2278.9228556818493,2338.1826190301153,23.99015573507358,0.15006353799472794,0
-1.4630015,0.07262022368039443,0.011737563,1571.3193306187466,1720.6958369541153,22.004832064378636,0.20529246059668785,0
-1.8089912,0.12075501196345707,0.010099515,2165.7322376637135,2164.699485423373,24.66695177591512,0.15468523047866248,0
-1.2924298,0.04501930466937355,0.010904749,1266.1441288205353,1693.8931112322591,22.099706928129592,0.16688031473080248,0
-1.1949308,0.08314036216647332,0.011085989,1653.7076978883033,1778.6183015887573,21.4001652799308,0.2142611874176494,0
-1.226379,0.06819963565835267,0.011076615,1418.9882568985834,1615.9660264248976,21.390674325699724,0.21172026225231413,0
-1.5938377,0.03659503697795824,0.011704326,1021.0457980175332,1494.8345818251064,22.85700240348529,0.1585766860113755,0
-1.2306377,0.1063603447650812,0.010903892,1893.635502926393,1941.8757241520061,21.469266128864067,0.2068774143687653,0
-1.030368,0.14752664588167053,0.01110034,2480.146257741057,2302.157755953281,21.675735015447497,0.1735558161757831,0
-1.1786734,0.1044049539588167,0.010994215,1831.1353912636107,1910.5885749123233,21.594354281318772,0.20343349428061286,0
-1.2209792,0.07205717082366589,0.011128208,1532.4804455369333,1730.6087783932471,21.2477651587603,0.20849302046377524,0
-1.3488387,0.13448693082946636,0.010972315,2390.1245971227995,2291.1121339117853,23.891418166862593,0.16380041827574612,0
-1.4107785,0.05721727269431554,0.010195931,1319.0340049232202,1750.781185838253,22.21388089352473,0.16333136533113726,0
-1.8423284,0.15837192756670534,0.011725598,2655.734526761275,2288.490097834831,24.439699535949096,0.16906488551018076,0
-1.8424537,0.1665152352813225,0.011720889,2747.3039953536663,2215.1138347494843,24.34570710175951,0.16108088305329069,0
-1.8654883,0.18157265081206497,0.011762785,2858.341463889633,2266.1218978084617,24.451536445323317,0.1584887188974905,0
-1.5739139,0.04076525340777262,0.011617683,1094.9525926693193,1573.2770312741102,22.80401671038236,0.15647197344971478,0
-1.3428365,0.06369068119199536,0.011584417,1434.887681430004,1789.9596958109867,22.70545940474275,0.18681744103752096,0
-1.3927585,0.05545900703306265,0.010153813,1318.940394246887,1749.0913078131634,22.109758107564208,0.16467704974350056,0
-1.3301233,0.1219853447650812,0.011057026,2301.482877957927,2219.56833437518,24.462181864718747,0.17235061239234192,0
-1.411624,0.08926030488689095,0.010170789,1693.743362909568,1785.3429897647284,20.931124571775765,0.2026739377233788,0
-1.2905143,0.10711259244489559,0.011149614,2079.7241332608432,2193.306056745908,24.353910803932568,0.17687386270371078,0
-1.1289873,0.10006253625290024,0.011101198,2032.6861505315887,2076.4590090487986,22.012170859186167,0.19341364867126865,0
-1.8064775,0.11297423325116009,0.010126048,2094.7850952080576,2162.449727659636,24.612460023497768,0.1620821292657608,0
-1.3451393,0.039593831569025524,0.01111707,1097.9792288408148,1587.4497983503184,22.342369497411674,0.1652349552742172,0
-1.215025,0.08028091466067286,0.011876409,1649.0655798474145,1760.1095193187818,21.669629806303274,0.21292236939660658,0
-1.3767599,0.191926252537703,0.010338942,2615.084211106817,2103.7714235070025,22.130741158075676,0.17695042243412687,0
-1.2927952,0.04115270627900232,0.011061458,1055.2529238107586,1536.194039095675,21.993169651757203,0.17396293242991615,0
-1.2238386,0.0869140625,0.01106104,1763.9591344095313,1875.5750514237347,22.33687112863848,0.20205756821094598,0
-1.8233318,0.11354068481728538,0.011639781,2256.986569604656,2324.884456691439,24.18719557717927,0.1746605633119683,0
-1.8628922,0.09436176769141531,0.011702319,2107.8697035913647,2218.4187560308305,24.33322952295701,0.16861144238592266,0
-1.1998483,0.07174562246229699,0.0110888295,1480.8860695604196,1636.9882841959484,21.1832038781805,0.2126954041188294,0
-1.3787649,0.12477115356728538,0.011000279,2304.6076106564965,2296.3897278183667,24.179421440419638,0.16510218361903312,0
-1.2133248,0.0751058131525522,0.01112745,1575.442758152385,1743.980580962723,21.655618523959106,0.20733028472713377,0
-1.8273932,0.11023827218677494,0.011853242,2235.868469226155,2250.816297975572,25.022434173672902,0.1717780535869571,0
-1.1310904,0.0962072668938515,0.011178174,1882.6735595352143,2142.169595182105,22.377309297725592,0.16805420215543418,0
-1.8103871,0.1261397005510441,0.010079393,2376.040543540515,2338.9269474619437,24.290530648620102,0.1512252155177932,0
-1.5255723,0.0681713130800464,0.009675141,1420.6228272764322,1605.5038016203712,20.91710412976195,0.18568860882721203,0
-1.3915589,0.07912648636890951,0.010183845,1467.9494409473043,1568.837911131271,21.120692305339535,0.20755068182431569,0
-1.4212408,0.07785423615139211,0.010185518,1597.4438471715728,1743.0213557481547,21.11455976661316,0.1947328509709637,0
-1.4377402,0.10022340849767981,0.011005698,2261.1735264330905,2371.8576223191203,23.98019058304114,0.15496668690650336,0
-1.2197902,0.1053611242024362,0.011144155,1820.6034895033001,1798.0943188594126,22.186115534391764,0.2091642865787601,0
-1.3796114,0.10187744707076567,0.010983555,2139.786738897236,2266.2745851048016,23.557955798749685,0.16944763198834242,0
-1.2810944,0.11293798035092807,0.01100449,2064.778670037719,2132.657610302534,24.018341494448144,0.1749297789104217,0
-1.8353213,0.1795934690400232,0.011719735,2559.508382090973,1857.1025450930338,23.38941224763628,0.1773844942996113,0
-1.8848892,0.10033216719837587,0.0117134685,2111.3505733911593,2200.884279543386,25.355063543972854,0.1616830458298137,0
-1.3650458,0.13642192937935035,0.010978629,2350.834372300621,2298.5122373144336,23.769370362730577,0.1699157351209066,0
-1.3410375,0.10368556046983758,0.011034311,2084.4196564077647,2223.96015005964,24.436884208518926,0.17487489717023405,0
-1.5144951,0.07107834251740139,0.010172728,1529.2183942739293,1758.0103726042587,21.97516581389784,0.1825594275872129,0
-1.9123452,0.1521420932424594,0.011772567,2705.054314019534,2262.6808697996103,24.389975131718895,0.15721079830016102,0
-1.2554511,0.1135792035237819,0.011111473,2177.4347848587245,2246.5980155724033,24.07909961843357,0.17968977852329568,0
-1.3431264,0.09427906576276102,0.0099865785,1765.5666863011113,1837.7124131475132,21.892051512154154,0.18773215125885212,0
-1.179423,0.07721981039733179,0.010130425,1610.5853790831352,1770.2562807577963,21.11563089292639,0.19241743091544075,0
-1.1473546,0.07487696671983758,0.01099238,1609.8346000482968,1771.6833088012688,21.517547088729575,0.19983218680254053,0
-1.4982147,0.0731368275087007,0.011688074,1623.463951808316,1815.31638009331,22.363422068384285,0.19837432371857522,0
-1.3860356,0.06604711970707657,0.011759299,1436.0775915363004,1623.849941324533,21.556191778205612,0.20831306149351628,0
-1.2989185,0.1161055775087007,0.011011471,2131.683992181131,2165.557285068349,24.093354144189465,0.1748435919846473,0
-1.2995948,0.1051775938950116,0.011067082,2275.2350057947156,2313.3307035594507,23.367975373026884,0.1647222351496783,0
-1.1702291,0.07574023890661252,0.010987138,1582.1774608207243,1740.1665794482758,21.467952813456016,0.2085738243836129,0
-1.579331,0.0938440309599768,0.010217853,1790.4909922115094,1866.9560890603811,22.60358136965934,0.18979722907334728,0
-1.8732942,0.109867812862529,0.010144327,2136.786098058582,2211.271773797501,24.700328370013615,0.16366003980496735,0
-1.2386546,0.08359805503190255,0.011067468,1684.7165974075651,1809.0769648986102,21.697366989600727,0.21016645419464808,0
-1.2380164,0.04091819533062645,0.0109781455,1114.078094402433,1571.0468238562755,22.39501496338848,0.16672703963759647,0
-1.1430719,0.06681975964327146,0.01113229,1415.8582797232434,1619.3322819481261,21.59554441872661,0.20913889792983706,0
-1.2660083,0.07548306989559164,0.010946525,1520.6630920530085,1668.6263301953466,21.296562967770676,0.20786269854114728,0
-1.8319241,0.11175749528712298,0.010150993,2103.3809436517213,2155.6084345329327,24.602902732870948,0.15979407152500574,0
-1.2216523,0.07583200406032482,0.01097297,1506.0354834576758,1649.69945503548,21.216239475975424,0.21216521514290243,0
-1.173769,0.23449508773201855,0.01099981,3158.760388852125,2515.506491246844,23.02985067795407,0.15167012232620883,0
-1.7317097,0.06209102196925754,0.007873057,1307.9381446438401,1603.5325976348722,23.245204627482615,0.11255418279455082,0
-1.2632525,0.09156462985788863,0.011065187,1781.1336626827529,1873.1450688630514,22.462475179368244,0.20434040907025675,0
-1.8972446,0.10505977196925755,0.011833375,2107.8867699457596,2169.1568742875984,25.14687597354248,0.1706021816457083,0
-1.5208008,0.0417973281612529,0.010131679,1113.6526075073587,1552.8825412117167,22.252661438745463,0.16413235047157546,0
-1.3811535,0.11717503806554525,0.01089679,2246.4057262015876,2241.933335851112,24.529860945893518,0.1660311711606329,0
-1.4990904,0.07971446309454756,0.011707189,1667.5193458355345,1788.724772695869,21.99178156623895,0.20032463221302396,0
-1.307139,0.10903626196345707,0.011047899,2131.5659599512805,2204.20690467567,24.399740989782376,0.17081624070449133,0
-1.1752899,0.11603986912703017,0.011196949,2000.3918482880133,2081.5798236636983,21.844713214497432,0.1948659162797195,0
-1.2371504,0.07512507250580046,0.011042506,1645.2510722252528,1838.4993024662062,22.207266943438274,0.19304721157857965,0
-1.1906569,0.07148505474187936,0.011027814,1516.0228019505712,1679.3579643024898,21.510187885775547,0.2091021577967663,0
-1.3632774,0.12796707330336426,0.011126047,2381.5879817517084,2387.925354498403,23.39588507194198,0.16305353732188863,0
-1.3235335,0.1172724677349188,0.011032737,2261.7942970661666,2298.435563316014,24.33273531632901,0.1739629223332194,0
-1.1980579,0.18905094438805103,0.010952353,2548.4017885867383,2004.4123232248078,22.16268906336569,0.18638004157705634,0
-1.14701,0.06191655488689095,0.0109631475,1392.3912004860142,1620.046573350354,21.037619815905845,0.20030898800761987,0
-1.9791775,0.18688483359918792,0.010083105,2630.9162131783155,1925.6684379744186,24.040016506724378,0.13631371759776037,0
-1.223673,0.08412825369779582,0.011064065,1683.4926620989074,1799.9222504379773,21.471630663866197,0.21027624333636832,0
-1.3466172,0.12246569569315545,0.0109511325,2252.557972449218,2285.899827666679,24.1430031182905,0.17660548303620668,0
-1.4492738,0.08589218387470998,0.010191778,1698.8711218974497,1798.8978215455554,21.166194261254248,0.19649341394437123,0
-1.1849039,0.08571205227668213,0.0110026,1728.0160562633162,1823.1175826329181,21.32878820829492,0.20642809833013734,0
-1.1564802,0.11590505365429234,0.011059924,2123.5433799180473,2082.611046448815,22.528284503860707,0.1978116838386662,0
-1.2788903,0.10204964834686775,0.011013578,2024.6242329525387,2147.667036285514,24.318907554815635,0.1723540276336032,0
-1.069413,0.06331795606148492,0.011193252,1429.4425012217812,1651.1738269130549,21.24587978298291,0.20274822650550228,0
-1.2628926,0.06397050826566125,0.0117698945,1528.9900643994042,1869.742560483224,23.243825302678903,0.18276823553737553,0
-1.1870347,0.0746084686774942,0.011170106,1565.5340773817913,1741.9881441417317,21.4501202204675,0.20917134646417623,0
-1.2420957,0.17387683983468677,0.011034205,2502.766540126578,1929.601720789604,22.986568492746255,0.18597077963132058,0
-1.3455625,0.14991480568445475,0.011132457,2429.763700013517,2315.5709605433617,23.804073625074118,0.1696564355532161,0
-1.3614621,0.05862433838457077,0.0108718965,1444.173950571794,1874.856213204231,22.047120709172052,0.15024884539213562,0
-1.3968819,0.14230622824825986,0.0111689735,2354.1258911155473,2283.371670573569,24.014962540583685,0.17210084560070757,0
-1.3721838,0.2155110299448956,0.010892691,2774.5837161057125,2156.5708065257795,22.22998384599421,0.1810358563072374,0
-1.2379346,0.05540462768271462,0.01173383,1379.8502490789067,1753.1857304961406,22.83153329874842,0.1790234443479021,0
-1.0735055,0.07314022621809745,0.010202656,1549.601490878178,1741.2538558234419,21.135975576676994,0.19197129074993116,0
-1.3736347,0.11023827218677494,0.010897611,2157.5649669960058,2257.8922645377597,24.767587139133436,0.16757307040791247,0
-1.7831268,0.11674226906902552,0.011547599,2245.752954466103,2274.2682196376763,24.893931809685473,0.17333887576824292,0
-1.3132727,0.045452073665893274,0.011063465,1395.2633264777855,1761.5015771735289,22.522050519847387,0.16273425529060354,0
-1.2526715,0.1996016712587007,0.011019372,2737.576470244248,2102.256483439858,23.063098824884257,0.17116993318359897,0
-1.3448391,0.06468650304524362,0.011655026,1487.076977584913,1709.8934421188014,21.651287386022652,0.19832070105529243,0
-1.9000005,0.10081591683584687,0.0117758,1993.9073812276786,2107.5639376534027,24.778999361242537,0.17824354748767138,0
-1.3278104,0.0930736568300464,0.010192561,1749.0340357851933,1813.7770899562765,21.05914483568109,0.20000343627225722,0
-1.3313724,0.11494548470127611,0.011027577,2181.0298825153177,2228.37136972655,23.94626053784528,0.17702938862137063,0
-1.2729272,0.09165299630220418,0.010848827,1745.244583025718,1865.618225130091,21.54264516565183,0.19972481357000252,0
-1.3597351,0.09954366661832946,0.011097617,2243.706360376279,2355.060012563147,23.795726264240248,0.16028623178024656,0
-1.293007,0.15943345780162413,0.011091914,2349.097993726596,2056.4511656996037,22.047386794995056,0.20056659840082414,0
-1.761275,0.12491389936194895,0.010129289,2216.5534713618463,2198.390903889306,24.450885128924217,0.15863458461111424,0
-1.5692401,0.09924911180394431,0.010141449,1704.7938017763558,1709.806298922811,21.443897496704697,0.21098092712586425,0
-1.2561303,0.11069936376160093,0.011298281,2005.9018439154247,2086.6354812093723,22.19486496098846,0.18553043058968977,0
-1.2144868,0.10081478393271462,0.011006884,1865.32873080601,1950.3534063491181,21.74491052133484,0.1971164149523247,0
-1.2533962,0.04966873912412993,0.011094534,1196.731548430006,1632.4194166205884,22.384590763270108,0.18604031086202466,0
-1.2089999,0.1992028893561485,0.0110658575,2670.9710284874373,2072.092117376409,22.1218836538829,0.19184702021453556,0
-1.2661858,0.06747117894431555,0.011079916,1455.7563203469288,1651.411791413417,21.77910382460061,0.2087584808575567,0
-1.246607,0.08713271280452436,0.011033386,1679.0977123733,1893.4650270830905,21.40423953059341,0.18442000176457826,0
-1.1755837,0.19116154292343387,0.01117269,2719.097052579904,2287.0439548693557,21.710399520984595,0.18774018983705332,0
-1.0751529,0.08421435433584687,0.010969274,1610.2547717495397,1902.9312585453965,22.732806810026933,0.1786259351018851,0
-1.1857055,0.07219991661832946,0.011220549,1550.8031145532707,1736.9318320287925,21.485517493746435,0.20762047602432765,0
-1.3272105,0.10503144939095127,0.01105553,2003.728847636052,2136.5899518508504,24.136710494230634,0.17481778884733012,0
-1.204301,0.06819850275522042,0.0110699665,1453.7119190966794,1654.3652925457413,21.171754356481205,0.21037066010717198,0
-1.8069081,0.12183693445475638,0.010165192,2238.085363853891,2243.983881278313,24.78479092572555,0.15978837526479375,0
-1.3454163,0.05991131634280743,0.010193038,1502.63080685053,1871.7105211168744,22.634744575000393,0.16438926017066688,0
-1.2086421,0.08487257105568445,0.011093117,1672.590784279302,1784.6357046704381,21.358224156959807,0.21566099744860268,0
-1.3778346,0.12843043068445475,0.0108850105,2342.031828687239,2331.786799191514,24.203924104325072,0.16256688306216924,0
-1.7992116,0.10719189566415313,0.011686082,2072.2983625342117,2118.0929355523267,24.55707823362305,0.17329346460139558,0
-1.1470698,0.10026759171983758,0.01108656,1839.8960743792254,2087.6218316602617,22.429305852227934,0.17132203669790635,0
-1.5208204,0.1716620142111369,0.010249171,2359.2730800120503,1933.2447492641763,21.812089503722024,0.19169648531349945,0
-1.8730541,0.11192969656322506,0.010180207,2338.5320626401367,2345.7583247947714,24.313068467517514,0.1483786368839175,0
-1.3738505,0.07482145446635731,0.009739099,1499.9808854913563,1690.2576352278793,21.614800463750107,0.18099041566597326,0
-1.3672452,0.11373214544663574,0.011107069,2283.7291505724006,2315.2570753194927,23.71124433639572,0.16935052276129334,0
-1.2765808,0.1126921403712297,0.010990001,2124.058798308582,2175.316375789327,24.196754605480187,0.17452901920765565,0
-1.1411963,0.1587163301189095,0.010981566,2434.230715475273,2127.0653392599133,21.498447891113084,0.19724923234826583,0
-1.8873469,0.10203265479988399,0.011759678,2314.8708153520383,2319.30085910014,24.261500324028848,0.15899765715631645,0
-1.1971111,0.09566120758410673,0.011039152,1771.078864894275,1890.7237326524166,21.44091372634704,0.201381885695767,0
-1.2335184,0.256284213674594,0.011024112,3135.872313523946,2058.3109850947676,22.89062844139917,0.14468771328872856,0
-1.5201807,0.07817484773781902,0.009960002,1579.3239065152213,1808.5487738336276,22.276237407966523,0.1394199024420142,0
-1.8457656,0.10873944134280743,0.011724845,2127.368608957967,2133.9055113702557,24.81644983642879,0.16623385227003365,0
-1.2717929,0.13113353755800464,0.010575538,2168.438240646106,2039.7322356655611,21.980944757305174,0.1902531221144278,0
-2.0583036,0.3397859719402552,0.009971181,3715.149810027926,2015.3723969024734,24.209125855755246,0.06754796610066355,0
-1.4196391,0.12235806989559164,0.011588349,2110.0448801285365,1953.0537395824758,21.874527610012816,0.20568105204683107,0
-1.8584467,0.11329371193445475,0.010150829,2182.989194405108,2221.485374060341,25.145449556045826,0.15723751489599788,0
-1.4411974,0.1260060179814385,0.011744741,2183.2184640192936,1998.0985395360253,22.12996857452949,0.2074513028391678,0
-1.3437688,0.15887380365429235,0.010950865,2722.9817594033343,2348.524269132108,23.79591121008088,0.15329617687749217,0
-1.8803911,0.16824291255800464,0.01017525,2819.64546644803,2345.4823721716684,24.735146976927897,0.14012372824632052,0
-1.8125362,0.1308842988689095,0.010133824,2300.8641396613943,2225.6303361970245,24.48008469228853,0.1559875074243863,0
-1.2926741,0.08647902769721577,0.010173196,1688.5875437242225,1796.11347168412,21.047977941385643,0.19742055022588198,0
-1.4450914,0.06930761492169374,0.011692576,1447.245532428688,1598.7420216196,21.37218925892662,0.21503949326009963,0
-1.5895747,0.2347601870649652,0.010193154,2961.7922635060436,2079.64132669379,22.431451648746556,0.14957394175527414,0
-1.5720526,0.09282894975348027,0.010141229,1767.72524563181,1861.1484744236016,22.62346442013556,0.1850792564111657,0
-1.3532323,0.10158175935324826,0.0109755425,2064.805842585147,2198.2463501659613,24.57104755077005,0.16582558035576592,0
-1.1674085,0.07155869344547564,0.011042476,1508.6650500210492,1680.929915541524,21.37670779499369,0.20850553957423112,0
-1.2711847,0.09476734701276102,0.010619325,1957.4051456758687,2159.901728624279,22.067207518039304,0.1686761312114089,0
-1.2202933,0.12506004386600927,0.010113018,2131.9975096771886,2072.129666617464,22.139579159222055,0.1703686955829616,0
-1.29472,0.10239405089907193,0.011133568,1821.1162995470536,1922.8166739359722,21.837987607380317,0.20136610930631263,0
-1.2152308,0.0692328433149652,0.010982801,1460.5464307169273,1652.2081369019081,21.31234104520634,0.20864988757890937,0
-1.1811972,0.09820230930974477,0.011115046,1757.1155424353326,1867.3066486777163,21.49567337226077,0.20474544619569587,0
-1.3527877,0.28543494417053367,0.010804895,3232.6100550927185,2242.363817084626,23.09458921237238,0.1353565186424776,0
-1.2272897,0.08254898673143851,0.0109947035,1750.5949248284132,1855.4855262365693,21.750423958685246,0.19802592842871322,0
-1.2728382,0.1131962822650812,0.01110937,1979.6221377365223,1985.3170733681561,22.066780088467514,0.20102390675589857,0
-1.3755206,0.0370108124274942,0.01103406,1158.8298093504657,1646.6865541844288,22.423110419867182,0.14628026607564562,0
-1.2241778,0.07841502320185614,0.010984605,1625.010574829693,1761.366396608692,21.265238220236117,0.20439244615535523,0
-1.4515933,0.06841602015661252,0.011613414,1431.6983042543457,1592.2536736613497,21.536931007567862,0.21189148141497474,0
-1.8954626,0.10315536180394431,0.011766451,2087.741606713427,2174.3481522581137,24.78833124184404,0.17383330825846355,0
-1.4334434,0.051753280887471,0.01172161,1291.5522992573558,1573.6635176311768,22.96453257370434,0.17602227730806166,0
-1.6038445,0.09524090052204176,0.010213338,1790.9999303179727,1866.4630630255983,22.527616019697565,0.18830466883144267,0
-1.3184274,0.1754832964762181,0.010999538,2836.613880204332,2345.4507997601745,23.72701767904486,0.15322393452771685,0
-1.3567735,0.07488942865429234,0.011756034,1590.3939206134194,1728.580805010385,21.50025760497673,0.2073341750721793,0
-1.2703872,0.07840369417053364,0.011051002,1702.432913407785,1862.7770155899204,22.2176680621464,0.19507046494126457,0
-1.8307996,0.11735516966357308,0.010036141,2232.282700193281,2248.953777245337,24.975336785618122,0.1530499487580778,0
-1.2537546,0.07592716792343387,0.011077251,1635.7664642441982,1832.060822977243,22.401823714136675,0.19720898853772484,0
-1.3710115,0.12895723064095127,0.010883984,2308.790573985431,2330.0716988173767,24.166386620063943,0.17042089080597608,0
-1.4408875,0.07481805575696056,0.010204738,1598.1321192360917,1747.0626970286346,21.31722313889633,0.1896138928907615,0
-1.8180751,0.14564262797273783,0.010180776,2493.5897433366085,2276.308647193359,24.67177985618104,0.1593189190779005,0
-1.3512187,0.17315518053944315,0.010853116,2503.1612547071836,2106.0912088409636,22.98846340341117,0.1797059428489809,0
-1.0193145,0.07774094583816706,0.010879391,1693.850860802853,1908.3300511973425,21.62180709315183,0.198157401021634,0
-1.2056717,0.07681196526972157,0.011139771,1595.5658188731481,1751.4271967557825,21.233415634810658,0.20863995623011525,0
-1.6547443,0.19525472194025523,0.010069053,2583.5420188411654,2071.7228762003606,21.724969523101542,0.1808082011549157,0
-1.8491673,0.10666396280452436,0.011650805,2263.9829261358227,2268.8961187652626,24.377111663552714,0.16534781156951237,0
-1.3649043,0.14253054306844548,0.011223326,2445.8455797098813,2368.6491685259043,24.227905411859986,0.16494749615936585,0
-1.5914427,0.14524044736078887,0.009988163,2250.2890996216347,2037.0711392216376,21.649857405393455,0.19468490494447208,0
-1.1931554,0.0744068119199536,0.011027921,1640.0314988921943,1836.7372076184167,21.92149074448692,0.1959733877840882,0
-1.199053,0.08087568880510441,0.011033397,1667.0300420876342,1795.6084151616474,21.494455608986073,0.20865779976455143,0
-1.9206325,0.11270460230568445,0.010134688,2155.359039422613,2173.6181733419676,24.722618979537014,0.15535357377835107,0
-1.2480521,0.1305546240574246,0.011037174,2419.434500443885,2275.471095991646,24.12399287731196,0.16779903374208716,0
-1.3273958,0.10367309853538283,0.011121678,2079.296170583786,2221.780240407444,24.46082006260033,0.17596233814850396,0
-1.7987227,0.2720394975348028,0.011781056,3389.522700814565,1971.862675831933,23.461612215916116,0.11545644493602275,0
-1.8719623,0.09959691306554525,0.011732549,2001.2870251021052,2087.746351345509,24.793526507100108,0.16857531302875575,0
-1.4187074,0.06326357671113689,0.010205524,1414.954096736572,1801.878193958343,22.238508454654546,0.16965267419640354,0
-1.1590823,0.06831632468097448,0.011804432,1455.9532036809073,1631.224982934053,21.414573609859822,0.21015917310767684,0
-1.1613714,0.10416137978538283,0.011184024,1893.764750428,2108.333140868621,22.290911541183238,0.17750040133639922,0
-1.3381954,0.10470630619199536,0.011016014,2003.1156390732879,2129.05053803941,24.29896207431596,0.17575622128148138,0
-1.3500609,0.08508215813515081,0.011047574,1952.17799044629,2121.134101385783,24.6928006559636,0.14989884788933946,0
-1.4394286,0.06717209251740139,0.011816598,1448.8081185626756,1624.6630548763355,21.659303809562253,0.2093056305442237,0
-1.8413619,0.11604666654582367,0.010085654,2356.7920195875995,2361.9421357244037,24.431277848868508,0.14740605263662085,0
-1.788237,0.11617921621229699,0.011715606,2267.1136148403434,2279.9269651101185,24.778082199333937,0.17088416333507753,0
-1.3221651,0.10956646062935035,0.011074992,1987.7423380286018,2037.3546249946612,22.341643326463224,0.1919177653531895,0
-1.2071421,0.071293594112529,0.010971671,1628.5131817126655,1844.8625017429288,21.947140835987835,0.1882833529385608,0
-1.2084113,0.1165111568300464,0.01115218,2000.936738561414,2005.3437242662217,21.469569952276817,0.20134436983325674,0
-1.0336661,0.1295440744634571,0.010986989,2330.738484294158,2212.3427154069345,21.933804767196186,0.1838479832258595,0
-1.6453764,0.07104095671403712,0.01009914,1586.9391534320705,1803.0777118862259,22.198629147583997,0.17574880489001488,0
-1.2487743,0.11597529364849188,0.010984917,2135.4738318784066,2173.498589166862,23.844715394591283,0.17680765208492885,0
-1.2208306,0.10360399144431555,0.011090226,1951.0237081591345,2072.0232656174994,22.348129961410873,0.17695278768058173,0
-1.3538965,0.06511813913863108,0.011004767,1517.352139251899,1782.9456072507217,22.621250124782534,0.1878938552517682,0
-1.3279837,0.07154623151102088,0.010996832,1569.6328898670206,1776.1120382851102,22.513904159344246,0.19386243895035618,0
-1.3383234,0.11591411687935035,0.011015162,2241.8468094887917,2224.8226504093545,24.281631895852392,0.16711842147790046,0
-1.3029373,0.11069709795533643,0.0109115215,2072.3311100418646,2159.492065534084,23.902299940980292,0.17641474516033714,0
-1.1361848,0.058666255800464036,0.010574045,1324.5203272388922,1693.2473540309613,22.86190543326169,0.16405441511424537,0
-1.2352419,0.24227360063805103,0.010999621,3204.962177102923,2464.1699509037876,23.012602960520635,0.14789896886336001,0
-1.2968516,0.11233414298143851,0.011008111,2083.9606813030477,2165.662048180097,24.23041455335026,0.17716850851153457,0
-1.5202701,0.08363317502900232,0.010230898,1625.8664324562542,1729.8153509199183,21.058212807944237,0.20229018447903957,0
-1.1098125,0.05381856329756381,0.011113087,1402.5339663977818,1809.1113377445422,22.29431128040801,0.1734458286312711,0
-1.4117949,0.07398650485788863,0.011752905,1575.5467228026025,1725.4162290960678,21.84549992583066,0.2066308056086089,0
-1.7530704,0.10815373042343387,0.011736996,2117.133687708651,2191.4854976015295,24.701010166752265,0.17849042151567482,0
-1.3766454,0.08401496338457076,0.011033255,1742.413109221181,1959.1626596909368,22.503769211058277,0.17572023300141612,0
-1.3538995,0.14224278567285384,0.011067333,2410.57915285873,2297.579531610692,24.01185925244559,0.16343778133545198,0
-1.3005557,0.24095490139211137,0.010767121,3010.5840055989943,2184.813055352749,22.07396997096836,0.15958756953177825,0
-1.8810394,0.10998676769141531,0.010085154,2271.188237776246,2283.8184698616137,24.05022829969886,0.14981618698604895,0
-1.3718827,0.10415684817285382,0.010985221,2141.914321300229,2240.297413858238,24.70392291823442,0.16366726889951974,0
-1.8633188,0.11506783823955917,0.01175791,2398.235876325435,2368.4975289170043,24.548810303004057,0.16049921370669437,0
-1.2051625,0.08377478792053364,0.010967117,1679.1815462519894,1806.1407406720907,21.177604222318887,0.20834657490614916,0
-1.2693684,0.1108285147186775,0.01107137,2144.3067028306054,2260.218897154225,24.50671480373548,0.17369546189584642,0
-1.6692072,0.08917760295823667,0.010177622,1766.6304985584816,1864.5648090595175,22.27824551676643,0.18850088257389594,0
-1.3351587,0.13514967916183296,0.011032002,2435.09639693722,2403.769450432837,23.35849696834398,0.16334084663669407,0
-1.28161,0.0673941415313225,0.010163682,1463.3639183948637,1795.617938852157,22.25867190816488,0.17166644011964624,0
-1.3214247,0.18032079285092809,0.010905529,2484.654181687538,2024.9537248740328,22.204337279434835,0.19995697750001437,0
-1.9467076,0.11088289406902552,0.011608302,2192.096864853417,2217.462676194726,24.94817341872863,0.168950471606601,0
-1.1399729,0.05028730423433875,0.011051332,1319.1841508296586,1767.8339312778612,22.612767941629176,0.1727061315404612,0
-1.2850943,0.0766578904437355,0.011024663,1630.2817562539558,1822.1892352990435,22.38611074749651,0.19724425964135003,0
-1.2875216,0.11495454792633411,0.011083757,2201.56008012033,2259.358804915169,24.24518712756963,0.17304905684049213,0
-1.4808995,0.06996923035092807,0.011580065,1597.741154410287,1814.094074160562,22.43453903422724,0.19414161492872883,0
-1.1453481,0.07435583127900232,0.011074511,1485.057032677323,1812.57158660272,22.506523171523558,0.1903344679957519,0
-1.2412623,0.10595363254060325,0.011143014,2102.971577060773,2214.693660714179,24.40191005976322,0.17546567681414668,0
-1.3521328,0.06494140625,0.011855807,1424.3716900036154,1779.3823445070677,22.811559880455555,0.18672666543025548,0
-1.4408236,0.0805505456061485,0.010199281,1602.1596883608413,1739.9794009718098,21.256706257549865,0.1969323695003908,0
-1.4169234,0.08194514936194895,0.011783119,1668.8723432039242,1775.786509493461,21.79028267660263,0.2103440036740589,0
-1.1901513,0.070298905162413,0.011156243,1476.5179324744824,1660.221426588633,21.373900988868424,0.21089157487530172,0
-1.3626297,0.11614749492459396,0.0110315345,2152.2331583418872,2241.419006296048,24.321695687575122,0.1658278819348657,0
-1.390206,0.11492509244489559,0.011764655,2158.8654452475716,2078.623582643052,22.842037178930862,0.1956909231771815,0
-1.31423,0.11366756996809745,0.011001338,2177.3876959238773,2244.6382386561704,24.394484880606747,0.17226124862115397,0
-1.8352025,0.09853085121809745,0.011748507,2005.6513067938126,2131.3203750736825,24.8166626687004,0.17977556087788657,0
-1.2238605,0.07614581822795824,0.011039687,1593.326931293894,1743.9618092814985,21.555119151166508,0.2064049577521834,0
-1.6276317,0.129412657700116,0.010196184,1913.3822758485019,1671.7371248714442,21.849986411062464,0.2039870490800241,0
-1.2576506,0.18942933403422274,0.010488721,2405.845314203768,1863.1968624295516,22.092767482592684,0.15478453619686458,0
-1.1322744,0.07459260803364269,0.011224917,1575.5170836112761,1749.2649880667534,21.450385632732953,0.20779479098788256,0
-1.176362,0.11662671294953596,0.011176207,1965.5433764513398,2002.0350545821323,21.324532889128086,0.20399521570311482,0
-1.7514951,0.15895877138921113,0.0116849,2660.351565741949,2291.1219491484344,24.489567740454056,0.16988922616899968,0
-1.3318268,0.11593790784512761,0.010963773,2273.7158656754723,2339.3334379747444,23.48813447382376,0.17235467537942561,0
-1.323201,0.10061539298143851,0.009870837,1794.8710095689257,1783.9782844905712,22.061650937880888,0.17505629552751722,0
-1.3134403,0.11305240356728538,0.011044875,2204.3622204594913,2215.9279445857323,24.14000120659994,0.16937438346957331,0
-1.3699327,0.09385875870069606,0.01015556,2081.317086301533,2198.6425265321304,21.845049500167143,0.16033383714524105,0
-1.4833895,0.07634067756670533,0.010236983,1591.4346246503958,1733.8620243738508,21.27638553807809,0.19434702937391776,0
-1.3808289,0.0869027334686775,0.010197976,1701.7573704945364,1800.823578912922,21.27627734197753,0.19857448391685995,0
-1.264711,0.07965215342227379,0.011775863,1546.7865884521295,1829.6843311025875,23.02178726186302,0.1912413354698548,0
-1.3107895,0.10581201964907193,0.01103882,2079.008528660874,2210.5010699306063,24.50150576430811,0.17733350338123777,0
-1.2550951,0.19428042524651973,0.010959614,2548.2962696420136,2011.4224895147831,22.269108006514752,0.1778972446116505,0
-1.4422313,0.07634067756670533,0.010233462,1511.7479082875677,1652.7430617398843,21.500942880746532,0.2007986835197841,0
-1.4592782,0.0800939856438515,0.010185335,1610.191682406109,1737.5148642940453,21.397148367353743,0.19660139954373024,0
-1.452696,0.08876749202436195,0.01020809,1682.5701264630595,1774.0043410553183,21.331441923113697,0.2019944154876989,0
-1.3044063,0.11925844692575406,0.010998709,2294.70852640502,2282.796372160726,23.443979944086323,0.1768707363303034,0
-1.3957038,0.11344665385730858,0.010959778,2424.1667541419183,2427.474189375642,23.77986442901484,0.1482406770389622,0
-1.314281,0.1173778277262181,0.0110788075,2156.3854622757403,2191.6028948691096,23.800425516564797,0.1823422045481827,0
-1.8684437,0.10971487093967518,0.011651293,2192.7966703474585,2219.9547351163687,24.765972034310014,0.16935558095675232,0
-1.4051378,0.13812581569025523,0.0111044,2432.229910475864,2369.2343714432222,23.91043312287187,0.16734610748931397,0
-1.5333468,0.06510907591357308,0.011612064,1497.2691532729812,1762.2871840158564,22.77233037874101,0.19249440170888157,0
-1.5153959,0.03871583164153132,0.0101121515,1027.199680383086,1522.616402412977,21.704715662324368,0.15859811681040464,0
-1.2024703,0.07815105677204176,0.011013494,1602.144752441777,1758.2620885963536,21.245631436549843,0.21078518090547502,0
-1.3795699,0.1340643579611369,0.01087027,2385.4101066361577,2349.943734736138,24.244383385606902,0.1628028720701983,0
-1.5350554,0.06879440980278423,0.01168937,1573.9457411067046,1789.2764794647892,22.41263525174884,0.19407999434357845,0
-1.1440405,0.07870391350058005,0.01086709,1709.0497181166281,2048.1299825694014,22.129181722475746,0.1731837691366942,0
-1.2327597,0.13357267800174014,0.011188106,2289.8721362378897,2202.8750520107033,22.56414377248086,0.18613625746004084,0
-1.2882674,0.1768495776537123,0.010958844,2777.343024058633,2297.3352686381177,23.707998331991366,0.16007773922835686,0
-1.2760446,0.08242663319315545,0.011528397,1648.0211712998862,1804.6224708446862,22.379232192132918,0.19536299343388921,0
-1.3495971,0.10639319895591648,0.011010086,2233.420448839582,2311.6995676907313,23.525391915386564,0.16740065092350032,0
-1.5957016,0.08757114631670533,0.011751638,1749.0874608277934,1839.557500300194,22.86891061853842,0.20069347580670482,0
-1.1364951,0.05979462732018562,0.011073052,1401.013969677528,1794.9196194111228,22.41615651240931,0.18196041102538685,0
-1.2436094,0.07490642220127611,0.011125604,1640.9864722870498,1835.5422715551783,22.355631070893594,0.19564169994750327,0
-1.2130582,0.1175998767401392,0.011195884,2012.4545557943854,2020.0752760870155,21.417503204921694,0.20783590877066885,0
-1.3034554,0.14563922926334108,0.01064701,2206.88537646434,2046.56107350795,22.09771370442084,0.18925128122958523,0
-1.9821311,0.09665363072795824,0.010116589,2059.9856743529776,2152.6571038368675,25.31239543653652,0.141568339612881,0
-1.366072,0.0742255474187935,0.011590596,1506.607113841536,1639.367527528096,21.91296343122753,0.20821667688043552,0
-1.0915354,0.07736708780452436,0.011095134,1592.351238794403,1749.363619716307,21.203249812592073,0.21031093510107043,0
-1.2422197,0.10136310904872389,0.011118101,2012.8305235572318,2067.333720811097,22.528788416046954,0.19343539978800836,0
-1.4292095,0.10648609701276102,0.011783616,2090.4486747656174,2076.188819540264,22.781051386656753,0.19582091652483946,0
-1.857533,0.10455109846287702,0.011793255,2071.872361258209,2125.6194482287583,24.757804437574887,0.16942998592144928,0
-1.0553275,0.0610328904437355,0.010941327,1462.0611908374458,1811.7579689788083,22.073250148175898,0.1782361546909166,0
-1.1902101,0.0753833744199536,0.011138504,1577.0428087847686,1736.5962140476227,21.473198962278786,0.20850273152043772,0
-1.2503349,0.07365909585266821,0.011121148,1447.4267232332154,1581.7965852607654,21.21160963614736,0.22089799119095366,0
-1.2481368,0.10363231402262181,0.011020209,1899.802209641833,1962.782549183388,21.57501606675643,0.20276751953887887,0
-1.4063731,0.07250466756090487,0.011810454,1578.562613179328,1728.8094810661275,21.599325751873515,0.20431040244311693,0
-1.4609535,0.0743218441850348,0.010204473,1573.6948477034132,1734.5417027617445,21.84181718576781,0.1930744993627621,0
-1.2787657,0.23935977378190254,0.011026265,2922.383835476229,1995.2521029903392,23.458605425008066,0.1501233000617014,0
-1.2807552,0.13813034730278423,0.010885556,2160.0568966228307,1948.8904053764375,22.733856746102326,0.20263549177600595,0
-1.3317751,0.11644544844837587,0.011004988,2126.366916733186,2175.3654151467713,24.221097120371788,0.17516905365084315,0
-1.2231959,0.08131185651102088,0.011174125,1657.9835344086996,1797.3402715170043,21.663587854594045,0.2109376806022851,0
-1.2909787,0.11844162376740139,0.011133802,2292.8388745069915,2303.6924418889926,23.98574858788228,0.17326226698841482,0
-1.2935464,0.2632889537412993,0.011008875,3115.963072740367,2059.7182796099546,22.49300407818668,0.15011509990295865,0
-1.3412257,0.0751216737964037,0.010072844,1689.9680329882692,1891.0670377315384,21.451599897923295,0.16659794986428575,0
-1.8738818,0.1522315925899072,0.010119295,2406.2040002099347,1920.5901574324855,23.906333619819684,0.14509586013677303,0
-1.3750373,0.07596002211426914,0.011564501,1590.9003972546082,1727.4796358014273,21.698842340889193,0.20780514201016745,0
-1.3768374,0.14349577653712298,0.011105504,2458.2304270274562,2323.0009134123843,24.429447579421115,0.16638591915834766,0
-1.3708454,0.13336535672853828,0.0109043075,2347.66594037394,2333.4068427848474,24.183740459801452,0.16519751615395936,0
-1.2166053,0.15566882069315546,0.010898372,2307.667440197965,2033.8072965779015,21.486199000355587,0.20698353972886496,0
-1.178546,0.1725286851073086,0.011170782,2847.2167097887104,2502.466246150456,22.89710645901263,0.15896099136954325,0
-1.9098274,0.11754436448665893,0.0101195695,2227.9711833536703,2236.250489467215,24.96965378919674,0.15264990046211893,0
-1.435648,0.06857349369199536,0.011619605,1461.8082791486574,1632.6134085294757,21.560996494798456,0.20913663351014497,0
-1.2770919,0.05052521389211137,0.011827369,1258.990505238982,1694.4948472406045,23.654100248541337,0.1716176533137974,0
-1.3008344,0.10226943155452436,0.010963641,1946.6124346456393,2058.074786957549,22.214950110905797,0.18011072410929577,0
-1.2998543,0.08058113399071926,0.011020955,1641.9155186042592,1801.9143858063915,22.803638177477687,0.19605137973946166,0
-1.4421403,0.191880936412413,0.010210949,2721.129700559317,2247.942889262377,21.700509116820538,0.17664939655051212,0
-1.5358989,0.06155176007830626,0.010157195,1627.8176161951185,1896.9029681871461,22.259169075546946,0.16024855613457697,0
-1.3364472,0.1050767655162413,0.010960153,2066.181092449807,2186.8972031747485,24.77153654925053,0.16866100172937656,0
-1.4183323,0.08744652697215777,0.010228493,1714.20326051593,1809.8518377009614,21.215529503351117,0.19702200708620018,0
-1.4065349,0.2855437028712297,0.010953197,3281.1679589258747,2131.9233392033,23.177985609282082,0.12141770964345039,0
-1.1555735,0.0581122661687935,0.011098389,1476.7650429894359,1851.801461410755,22.329302798908866,0.17582571813495965,0
-1.6362542,0.2083057660237819,0.011751186,2705.190831273546,1872.4669766948834,22.45115395818261,0.17172152312313438,0
-1.1371367,0.13855858468677495,0.011087923,2131.7501595752005,1917.708070207022,21.906120250424994,0.2035862486102389,0
-1.4610692,0.060246655669953596,0.010178038,1423.074157045929,1836.5788468480928,22.22806010666037,0.1706180318164794,0
-1.260832,0.10721228792053364,0.010959209,2078.124073853562,2074.854335266862,22.084737434391126,0.17208889817972875,0
-1.4738356,0.08439561883700696,0.011731806,1647.3194233166123,1723.220039378065,22.38456965523957,0.2043532508018009,0
-1.0669951,0.057200279147331785,0.0110005075,1403.2642385926372,1784.5264852915814,22.236047565623885,0.18106457705594978,0
-1.5578076,0.06763884860788863,0.010183369,1594.92344294207,1847.5243657289159,22.095034139464385,0.1759096844342721,0
-1.3599839,0.13165580590197215,0.011139023,2305.9683520786452,2326.4957492456588,24.464034338603522,0.16429668616107054,0
-1.0877447,0.06760259570765662,0.011031557,1460.2007100625788,1662.7830559507988,21.2098778379889,0.204824479793968,0
-1.9434998,0.09840509897041763,0.01177568,2045.9315701704581,2115.9769245177895,25.051554338797295,0.16838906118100458,0
-1.139248,0.05652393597737819,0.010989754,1334.3358204766926,1736.6006856273193,22.038220683961146,0.18359777876047578,0
-1.3996857,0.13306060578596288,0.011016298,2417.0765489907094,2284.027683065123,24.502673668915968,0.16469345072184347,0
-1.1994482,0.09641345526392112,0.010935006,1820.5107363996437,1920.171739200257,21.28117119640436,0.2002932829175452,0
-1.8848513,0.11565694786832946,0.0100626955,2165.0964499687484,2205.4823004195327,24.539588662008025,0.15669840649920685,0
-1.230703,0.07424254096577726,0.011777299,1590.3716867291541,1733.56092239693,21.724553818518014,0.20847799999924288,0
-1.3559129,0.12615216248549885,0.01092974,2265.7631659632684,2290.989596318534,23.997644399435348,0.17303777960792147,0
-1.0946791,0.07783271099187936,0.0117807,1664.564573836388,1787.4420729869325,22.035905501197703,0.2052737246142826,0
-1.2352687,0.08659231801044083,0.011086012,1704.45848517433,1809.0797923618288,21.619462198368772,0.21154799521882753,0
-1.3086896,0.12044459650522042,0.0109639885,2195.6721536544037,2213.9236973410707,24.1210319088515,0.17165456384168976,0
-1.2880911,0.11101997534802784,0.011092861,2139.85794835041,2231.4066508747255,23.938339123101652,0.18154555724481894,0
-1.5987042,0.09829973897911833,0.010230417,1848.474350220706,1887.6995358327868,22.368940288445803,0.19093483582628923,0
-1.1084093,0.11322913645591648,0.011122726,2024.1931135552738,2042.3249315272506,21.791895804597807,0.1921015564082688,0
-1.8604195,0.12477908388921113,0.011568585,2434.1559622148534,2220.6500387423075,24.134577530809192,0.16391549782667011,0
-1.3191986,0.07499592154872389,0.011624533,1624.7236181448545,1873.380115776379,23.133311787275613,0.17518452977509244,0
-1.3844638,0.14087197288283063,0.011173024,2400.383124966736,2336.992649844752,23.95645860630492,0.16993002875727894,0
-1.2257671,0.226580626450116,0.011107688,2812.6012302948284,1916.8458593934517,22.487415439488938,0.17108181893355937,0
-1.2929364,0.04363716284802784,0.010946605,1076.8533943052764,1547.0520954681986,22.070113334977016,0.17641508702158196,0
-1.3104223,0.12125235643851508,0.0111435475,2074.810916230837,2061.675972246762,22.471306437264197,0.19530916232202988,0
-1.1508569,0.06143733686194896,0.010918289,1402.304944416571,1782.6084699623766,21.827825537126436,0.18123482743835304,0
-1.1997323,0.06278435868619489,0.011578658,1511.2134671389429,1841.3323001221765,22.276861995185552,0.18315920722475118,0
-1.4770956,0.04060211535672854,0.011492239,1176.9044507799704,1646.8256067526063,22.586512685216565,0.16089269588948227,0
-1.7326783,0.08459274398201856,0.011752041,1737.7103740546886,1836.1896745537802,22.930277042708685,0.20126222872128072,0
-1.1176007,0.16476489994199536,0.011057852,2545.2260142757364,2232.028865444429,21.7648093421858,0.19488612758004528,0
-1.1766129,0.08483858396171694,0.011155445,1694.8123424612147,1807.6525865587075,21.3264238750798,0.21138758029016055,0
-1.3262715,0.09484325152262181,0.011014921,1846.551103624399,2002.5476987801774,22.418612716928465,0.17916478149465742,0
-1.4187095,0.0824345635150812,0.011874329,1682.5961830307506,1776.9914261862714,21.804199917004023,0.21343243103161258,0
-1.3699285,0.08938152552204176,0.011622892,1772.6422813596862,1852.0172124215744,23.15269100162489,0.19834109833535085,0
-1.217903,0.08296249637470998,0.011014457,1682.9288350264278,1801.4412150417213,21.57994082379118,0.20642480630496932,0
-1.2893369,0.15207185324825986,0.01100853,2605.914486606527,2391.0455784247847,24.060240860493675,0.16386040764113036,0
-1.7883182,0.12951008736948955,0.010129607,2358.3376325312984,2288.663539100936,24.459875443343755,0.15462566913688516,0
-1.3120985,0.11476988471577726,0.011058426,2162.36630940964,2188.4872604849106,24.132098109777594,0.16960462964949083,0
-1.3995144,0.07212174630220418,0.010161333,1473.886646595565,1648.1520781505205,21.082516668998267,0.19681366938387482,0
-1.2290044,0.1091778748549884,0.011110308,1890.190822328681,1942.5079639839744,21.68457052827201,0.20488515063370405,0
-1.3850625,0.12921893126450115,0.011026685,2273.752914835078,2256.706159271944,24.099560874486116,0.16779434809732616,0
-1.4375458,0.2092959233613689,0.011554039,2828.759994689853,2078.421749281307,23.3933037988302,0.16384915725001217,0
-1.4177494,0.12721369272041763,0.01099463,2381.782448757032,2337.4825182711415,24.457066805781185,0.15622588264069268,0
-1.2795477,0.11778453995069606,0.011016443,2221.4974785536174,2280.5024638213135,24.0560838343381,0.17878238742968142,0
-1.3301119,0.10051796331206496,0.011055342,1947.1456203385442,2094.94214747728,24.105047356464144,0.18066458973227795,0
-1.1831619,0.0863521425464037,0.011096041,1703.5635045840143,1800.1134860616858,21.34964914260897,0.2132231809343393,0
-1.1822133,0.07516472411542924,0.011210663,1614.9879520982179,1762.2459882067012,21.46357291116741,0.20447242013610897,0
-1.2996229,0.07212741081786543,0.011749823,1487.7834584301863,1648.4920115349687,21.807909687647612,0.21265311793268635,0
-1.4202038,0.09395052385440836,0.011740814,1946.147132315409,2000.4194503158978,22.73012436299276,0.1923806367091865,0
-1.3647523,0.1420739831061485,0.011105462,2443.0749201825147,2366.54368698463,24.323966653617585,0.1632794721536692,0
-1.3545076,0.10982476254350348,0.010993807,2166.8534851930294,2239.9430531744183,24.464610568360182,0.1689941284949782,0
-1.7735434,0.2023093097447796,0.01020114,2699.5761094243467,1997.935249369517,22.53368753844216,0.16805430644499378,0
-1.8337455,0.11383070801914154,0.011562764,2324.244022473031,2335.0264375353063,24.298252179663507,0.1682413469629559,0
-1.1206394,0.08069215849767981,0.0110821035,1672.746788589145,1800.7529503005526,21.212795432158366,0.20598504505886198,0
-1.8854355,0.11381258156902552,0.01014813,2176.4991649982267,2220.793485529034,24.750725089118824,0.16115958991880028,0
-1.2101481,0.08448285237819025,0.011027419,1646.6294184716212,1752.4864280073787,21.496339429698736,0.2133980292135147,0
-1.3536471,0.09570652370939675,0.011073482,2130.4090034313576,2234.206721603059,24.426894420289873,0.16469187549230632,0
-1.1864737,0.08767424050174014,0.011100312,1725.13794017279,2026.4184158508463,22.412545951092284,0.1666210517937516,0
-1.3472235,0.10602953705046404,0.011038849,2037.0857945815742,2153.970910284691,24.420857636534894,0.17448436487147076,0
-1.8245391,0.11186058947215777,0.010102468,2176.390491258351,2203.642243726518,24.691626970956303,0.1502314858677692,0
-1.4117352,0.05200591828596288,0.009930775,1239.887655778419,1661.622499391477,22.498095007861025,0.1544172180912213,0
-1.790143,0.09297736006380511,0.010165992,2178.1603874705643,2296.690940611292,24.428061862597424,0.1439969678964584,0
-1.2271342,0.08331709505510441,0.011009274,1677.775331510541,1794.7749128178023,21.63437629374301,0.2086124647368077,0
-1.513065,0.07262248948665893,0.011770503,1571.0032098829643,1719.2456003067643,21.96345751118393,0.20615606702757602,0
-1.234741,0.09787829901392112,0.011071162,1793.6685375953698,1915.934861275283,21.478329619268205,0.20122690368268006,0
-1.8884534,0.16055843061194897,0.011777641,2797.9284275232053,2306.385131735349,24.460503894054934,0.15333697613709787,0
-1.3911374,0.10773342336136892,0.010917635,2134.372965713336,2215.3905535960002,24.54054492302128,0.1643801932168135,0
-1.3184211,0.13244883809454758,0.010619077,2057.94941542151,1891.4842135272677,21.696993568125972,0.19767520739938838,0
-1.2391812,0.14424802421693736,0.010984635,2438.589567710585,2245.070779165069,23.952410428971792,0.1780386651419408,0
-1.1942282,0.07932814312645012,0.0109255,1553.6962912072186,1674.1737133304089,21.362358546696253,0.20680753177220249,0
-1.1694772,0.10136650775812064,0.010758764,1819.4902250579694,2002.2027895484296,23.01030518338745,0.15844517202164665,0
-1.3370426,0.05689892691415313,0.0117637245,1333.9362720992442,1736.6857282002131,22.60573097154034,0.18536361707213897,0
-1.2491274,0.07163459795533643,0.0111025395,1591.3926186471458,1815.8998512830585,22.0146442530754,0.19646697315497044,0
-1.8364712,0.10604313188805105,0.011779679,2079.984710838468,2121.2320478284173,24.84768027655942,0.170446275756308,0
-1.3170692,0.07731837296983758,0.011757034,1589.790681825231,1716.4528337931717,21.78563279985511,0.20970948893171937,0
-1.277667,0.12526623223607888,0.0115699,2073.09512156685,1912.0798223924758,22.390007126987875,0.2010016392602574,0
-1.8339735,0.107896561412413,0.011860364,2117.286511303871,2146.4024056911367,24.769468335447414,0.1720921736454576,0
-1.55302,0.06673479190835267,0.011735635,1503.6828274510349,1752.6747660777087,22.876942889429245,0.19081840425077445,0
-1.8162262,0.11946236948955917,0.011725075,2323.483372114806,2220.9093114635575,24.932195259582215,0.17057375544434675,0
-1.4238973,0.09126894214037123,0.010195687,1746.446340543732,1810.5602569151292,21.25274712045361,0.19669586889911142,0
-1.3121035,0.10072301877900232,0.011019322,2270.041823689088,2360.467476399625,23.918214872699878,0.15807445365410278,0
-1.1514156,0.08076579720127611,0.011051133,1803.187605097111,1969.7789332772286,21.8195530389732,0.19245335510602193,0
-1.7905581,0.20750706931554525,0.011681287,2907.5220915393966,2109.3388091234096,25.05161883183471,0.1447182296106547,0
-1.2325344,0.12270360535092807,0.010912289,1994.6340255867358,1842.4690787327263,21.59453455768565,0.21033246643865774,0
-1.1993898,0.08214793902262181,0.010982125,1640.3409651888542,1771.9196690604026,21.105792986813878,0.2127482301463024,0
-1.3946865,0.10220372317285382,0.010959267,2031.009517466537,2184.4146986353476,24.710813669521137,0.16801889450732777,0
-1.3004074,0.10464286361658932,0.011040662,2002.1316631727748,2138.79026954369,24.38655497349191,0.17711526974691524,0
-1.3051084,0.06163106329756381,0.011034979,1487.2006564203975,1840.5529539404608,22.745369995947133,0.18879144750399002,0
-1.2718655,0.10887878842807425,0.0111364955,2146.1102331933507,2254.1825393101662,24.33606663616473,0.1791337592566422,0
-1.3515458,0.10534526355858469,0.010955171,2106.6259973277392,2195.676601032789,24.59140292290176,0.16630068574764253,0
-2.0266948,0.0938281703161253,0.011780042,1788.701771399654,1614.006691931113,23.55750266819385,0.17632922801413434,0
-1.2484908,0.12482893162703017,0.010386738,2041.4672936912834,1893.9975364277075,21.644752768536737,0.1919985114901592,0
-1.2562,0.09958331822795824,0.011007205,1889.4322947045619,2018.9281388417871,22.193022858655613,0.18820485915090915,0
-1.2535536,0.0628806554524362,0.011729846,1493.217382888875,1738.2682440142362,22.050924112213206,0.18877318076522545,0
-1.2504259,0.13032351181844548,0.01093623,2356.0560965534155,2239.6005707180702,23.880995451618357,0.173929092214296,0
-1.4013051,0.13110068336716937,0.010978502,2337.6615319831335,2335.1117308094395,24.274934921712923,0.16577880121314617,0
-1.8858044,0.13756276283352667,0.010158633,2603.879478889886,2332.1083569631724,24.64283834590189,0.14090928390838073,0
-1.1793234,0.14790956714037123,0.010900946,2351.6309448330253,2067.6666045837724,21.995658426271063,0.1907464732243668,0
-1.8177443,0.11941818626740139,0.010152058,2173.0352657050225,2172.176293021718,24.41686502171368,0.16137639230702758,0
-1.340847,0.13049344728828308,0.010977473,2322.885471221609,2314.785461543426,24.02260521054003,0.16770288020116378,0
-1.8465827,0.13505791400812064,0.010178537,2432.300022340255,2228.9200101944466,24.613442932017076,0.1541393727232278,0
-1.3927809,0.07781798325116009,0.01020661,1553.1854204956705,1701.2108578119685,21.328130274947664,0.19923263021908047,0
-1.2262654,0.07361717843677494,0.011072329,1628.4465261133487,1829.528316026391,22.14308028379762,0.194422597916054,0
-1.8535473,0.11860929343097448,0.010108672,2240.5815502601595,2238.510422599694,24.91016709512454,0.15390530518639925,0
-1.9117166,0.10851286071635731,0.011744376,2217.7167926192706,2264.0026104079357,25.16149235164138,0.16631027076589125,0
-1.3808401,0.08735249601218098,0.010920332,1772.2719692078022,1957.1683642673545,22.601061349550132,0.17820836480486454,0
-1.160298,0.09776727450696056,0.0110959,1746.7073940863147,1768.8451479706312,21.59676056613643,0.2165524369342933,0
-1.1986914,0.0752021099187935,0.0110357655,1576.6257904626066,1743.3774722833011,21.534204902303518,0.20807296222524216,0
-1.250939,0.08119856619779582,0.011669535,1667.2545889507799,1780.3846164659878,21.810073637652483,0.20916526814526204,0
-1.2112184,0.09048270736658932,0.011013749,1758.2531693481696,2000.1138674333165,22.601944765983067,0.18227283155383542,0
-1.3113805,0.1114017637035963,0.011036849,2256.245554734514,2331.919936974361,23.658537221829135,0.17127658153717548,0
-1.193824,0.07433770482888631,0.01108084,1584.065499110343,1746.2658281636443,21.343816202472187,0.20721442400325243,0
-1.8670866,0.10322673470127611,0.011826201,2144.678112416967,2221.3731977520033,24.993101652478327,0.1749052331078218,0
-1.3312546,0.10029364849187936,0.010205315,2065.60961972095,2155.0066950261325,21.816620507430255,0.16974702016144153,0
-1.4332707,0.08676451928654293,0.011777824,1878.3358321045846,2002.8627841325463,22.36244557066248,0.19546643848823256,0
-1.5021952,0.0975644848462877,0.010144134,1976.4622121177147,2061.618942861791,22.089207346483985,0.17713190453838,0
-1.3516396,0.1369022803074246,0.010905874,2386.544147824214,2363.335969754337,23.81564145425364,0.1692143414921925,0
-1.4889567,0.044855033715197216,0.011753499,1062.7888665967228,1528.9526317059133,22.453580013278163,0.1726036129077937,0
-1.3742454,0.10345104952146171,0.011029068,2097.401019348278,2255.7084271279873,24.79229524928108,0.16952199961819514,0
-1.4718416,0.07741127102668213,0.010114274,1599.2919945756867,1735.4863666083615,21.51264038729267,0.19279485131896923,0
-1.856061,0.12330857562354988,0.010141568,2428.4600581805007,2364.7310025065776,24.044660225915358,0.1507222802781135,0
-1.9236101,0.10199980060904873,0.011764034,2047.6966739409006,2127.376073693526,25.171151330176347,0.1674641413646465,0
-1.4331223,0.08813759788283063,0.010167292,1725.6284855989131,1810.0647099618438,21.423722744450327,0.19493274698564256,0
-1.3034978,0.10591171512470998,0.011044038,2166.3197363863096,2295.697838191984,23.26242222835801,0.1716928871112087,0
-1.3311328,0.09425640770011601,0.011041139,1967.2609078045869,2096.584527903944,24.157369735941774,0.17047168622614242,0
-1.2349813,0.07959324245939675,0.0111019835,1771.9484685430084,1966.643480687499,22.300914985621784,0.19339795089232828,0
-1.2753453,0.16711907265081208,0.011001003,2452.112344240833,2062.2407092841286,23.341362642758465,0.18038858603584684,0
-1.6349506,0.07944369924593968,0.011791248,1658.2523369933267,1797.1641389216352,23.02375464400472,0.20059283270469883,0
-1.8935156,0.10861595490139211,0.011530458,2118.660763178829,2163.610064689017,24.925023379928273,0.16999934897567104,0
-1.7976677,0.12839870939675174,0.010093422,2397.038822502709,2321.6628775504682,24.39777000890003,0.15417976183894816,0
-1.2111785,0.04945575333526682,0.011103123,1273.8499258867262,1707.372869661383,22.603613107582753,0.17953078389272248,0
-1.192316,0.06970752972737819,0.011036198,1418.3200960158545,1600.9593161354671,20.878714338949774,0.21727511694168247,0
-1.1606748,0.04810193409222738,0.0110692335,1288.2410833671659,1746.5587513694145,22.53262118491276,0.17106409782233467,0
-1.2774633,0.07823375870069606,0.011742076,1651.099519507912,1774.6123136492276,21.81902529085446,0.20667886266680854,0
-1.7208128,0.31396597665313225,0.0101661375,3442.0585364677067,2240.2379790714685,22.097702333559443,0.12708119327480563,0
-1.3182303,0.12182220671403712,0.0109041305,2300.927977985681,2337.669386960554,23.423857753534737,0.17347001302330123,0
-1.2445846,0.08836417850928074,0.01022249,1716.6773412739224,1803.8719188210976,21.032880258247562,0.1985889657733668,0
-1.2239481,0.10920393162703017,0.011059849,1955.3381595149594,1992.9407700729002,21.438024519094785,0.19971575139644848,0
-1.5212003,0.07831192901682135,0.010161942,1662.8470880293246,1849.7447636590775,22.006766521553256,0.18280475063507928,0
-1.3153692,0.050964780307424594,0.01105318,1176.7727647022416,1601.290159085154,22.99598279361639,0.17449480973963127,0
-1.2796217,0.07155189602668213,0.011791353,1482.7842855662445,1642.4190011533565,21.453384523762022,0.21085147687589015,0
-1.3146367,0.06867432207076567,0.011517028,1388.9761796248276,1774.7382065861664,22.594512995666573,0.18209253716017504,0
-1.1940815,0.1455282047563805,0.011073188,2477.7231154395186,2313.463986628203,23.555063286824314,0.1741286769710959,0
-1.4650832,0.07455748803654293,0.01158302,1570.117349762469,1719.0490950700712,21.96383898518764,0.20675836824362484,0
-1.302319,0.10941125290023201,0.011021937,2175.436608342821,2283.37734445898,24.20890322789251,0.1713596954429684,0
-1.3042188,0.14335189783932714,0.010984743,2509.3196829406074,2298.281336874288,23.717578050341483,0.16981151291956134,0
-1.2074884,0.07333055394431555,0.011085829,1485.2951459294766,1642.453968909044,21.082178501263098,0.21486496111397443,0
-0.97731006,0.09550033533932714,0.011188697,1888.0545747299757,2016.6977708099491,22.271921955923,0.1693151483845895,0
-1.2362208,0.08394925500290024,0.0111073395,1684.6446023129004,1798.1534083026365,21.397099250898524,0.21035984241428654,0
-1.2531664,0.12048424811484919,0.0110937515,2209.578036657428,2236.9400186990597,24.103609796968872,0.1774253867757791,0
-1.3035488,0.10873037811774942,0.011091245,2062.6597453303525,2147.3725995763466,24.069047805295273,0.1772202704685081,0
-1.3201156,0.0995153440400232,0.011084955,1914.511457988762,2002.4607028101357,21.835393087745224,0.17799455461553645,0
-1.2346737,0.1715079393851508,0.011069846,2830.6902965756162,2525.090761497496,23.245314078056115,0.15848284540278568,0
-1.1173197,0.10491362746519721,0.01117012,2201.9379402800764,2212.3094508679656,22.13204369635483,0.17534610141860782,0
-1.1747302,0.07667035237819025,0.011017118,1598.2028135331989,1747.9522060325896,21.474417823727226,0.20409061576539878,0
-1.8421412,0.11858663536832946,0.010140247,2182.998372224787,2169.2953019524016,24.541860511138957,0.15506150422426826,0
-1.3013158,0.16539366118039442,0.010812561,2374.9209054084486,1874.868785649377,23.04610626583226,0.18745986646386711,0
-1.1890237,0.07883533026392112,0.011137157,1577.1796521243607,1732.7397726951588,20.976923994724263,0.21650885013367516,0
-1.1384485,0.06910369235788863,0.010984033,1465.854269177571,1819.2980672948688,22.401029284752337,0.18825117418608198,0
-1.6662502,0.21511791255800464,0.009967357,2742.0004316767063,1895.152536002563,22.462745613498775,0.15189036564220393,0
-1.6605561,0.07974165276972157,0.011822238,1571.8509798203681,1642.8021696179821,23.102966170621205,0.2023453377095268,0
-1.4513909,0.09131199245939675,0.010186626,1859.669371294639,1980.1538889638023,22.08387594290858,0.1836876501515254,0
-1.3702924,0.11939439530162413,0.010897112,2269.104244102609,2272.2096590474935,24.24000051195474,0.15792415912026722,0
-1.8163457,0.10081591683584687,0.01184157,2034.33267142413,2147.0291230923126,24.66872266535366,0.17731715990386485,0
-1.2886038,0.11651908715197216,0.01098114,2226.9626566717216,2316.9599912249187,24.06577618013652,0.1734080714785201,0
-1.5043752,0.07389247389791183,0.01022604,1516.2795101814133,1655.0990835470122,21.344195083809375,0.19749434099441168,0
-1.2861073,0.12681037920533642,0.010880084,1995.9283502680498,1913.5589096537662,22.010212713237642,0.20261503338701184,0
-1.358555,0.263612964037123,0.011035205,3147.4049035244716,2134.934857279914,22.29855684370012,0.14955525123366767,0
-1.2097,0.08495074137180975,0.011039273,1688.43619819172,1799.7597282295958,21.459694469860285,0.20872937593163474,0
-1.1740407,0.1667950623549884,0.0111407945,2497.6764395308073,2195.4670802472983,21.757582569325116,0.19742099612638273,0
-1.3893118,0.06904818010440836,0.011707576,1465.5512087621844,1636.5423910637194,21.445221744200758,0.21074391324165606,0
-1.4509816,0.08403762144721577,0.011773184,1695.153080259137,1784.8484495842272,21.856489644692996,0.20937905384317343,0
-1.2300129,0.0722678908062645,0.010975788,1497.7427095901885,1652.182801264236,21.133324120074423,0.2105842757469786,0
-1.84904,0.10421462623259861,0.011839884,2084.0373356409777,2164.6610447913185,24.926339340643192,0.172022512873379,0
-1.0843148,0.0966864849187935,0.011168749,1809.3819478320643,2080.172768435383,22.49602402790662,0.1676683714739161,0
-1.3836702,0.13714472157772623,0.010922171,2351.2540048857904,2295.7545693949314,24.01205483314315,0.1668216657220594,0
-1.4003148,0.06255777805974477,0.009092427,1368.8056420580228,1572.203539339883,21.662205679680262,0.1495027219001259,0
-1.3995398,0.08521584070475638,0.010118513,1778.3844078170266,1941.6662903958297,22.240788908929403,0.18125538467142863,0
-1.4678521,0.07660124528712298,0.0117846485,1645.8672652922398,1804.240470911935,22.69596731781693,0.19768695611798426,0
-1.906029,0.10706161180394431,0.010105279,2139.003997695169,2203.602551850599,25.096738568258793,0.14655543080282063,0
-1.3175942,0.09459741154292343,0.010747404,1742.392861219489,1775.2284097980191,21.73306493409903,0.20926403706389854,0
-1.2894046,0.1352788301189095,0.011088017,2422.8850208094223,2307.0714044821916,24.139640458378665,0.1754683358270884,0
-1.3185012,0.11320194678074245,0.0109465085,2183.034492361696,2191.2444028378745,22.433532418764685,0.17426402163325336,0
-1.4732366,0.19225819315545242,0.0101305945,2555.4961480835955,2001.1478457649705,21.88273561211276,0.17665814714287886,0
-1.3256118,0.13024307569605567,0.011084085,2369.70468765284,2234.8421689328047,24.223726847406777,0.1755073663891585,0
-1.4221087,0.0759883446925754,0.011750487,1619.4664544158977,1740.4367316474072,21.803021778414436,0.2067589206986521,0
-1.195626,0.06102722592807425,0.010180909,1440.2470536387139,1809.576905253136,22.108278392993096,0.16911754756525296,0
-1.2768579,0.17639528349767983,0.010439651,2478.1662816235616,2023.9407417705247,22.329020391267413,0.18364109543741727,0
-1.4207821,0.05190508990719257,0.009893742,1238.812433135795,1660.1838004401563,22.47283896922519,0.1538844200969687,0
-1.2059243,0.09052575768561485,0.011140525,1827.1804920502132,1949.8438867735172,22.707219962805517,0.19568922377868292,0
-1.8795094,0.10513341067285382,0.011808685,2169.1015510956677,2182.207345685781,25.182779193460355,0.16966944317268084,0
-1.3903455,0.0907172183149652,0.011800183,1709.2089854360663,1747.4047266815212,22.249758151146832,0.21944697811490696,0
-1.2249892,0.07112592444895592,0.011087319,1610.9977759668493,1833.423976109448,22.18718877974319,0.19278383450087266,0
-1.3857954,0.12091588420823667,0.011118225,2234.7614554017127,2259.2601095157083,24.40251468198523,0.16224615308387494,0
-1.4804611,0.07155076312354988,0.011767058,1474.516990673488,1611.0054927402691,21.478164655230753,0.21413339538021578,0
-1.49863,0.08827921077436195,0.010213076,1717.8586851219775,1805.1971298745918,21.350043993185757,0.19681163625365816,0
-1.8937912,0.14312418430974477,0.011750698,2620.7862083404098,2304.6871808683622,25.051674376505662,0.16054394758007864,0
-1.1146455,0.09497126957656613,0.011182389,1860.638034115946,2129.8400418850233,22.0917797872001,0.17184966548750338,0
-1.184409,0.0663099532337587,0.010957782,1431.4571616793653,1648.5643003333216,21.383900092096866,0.20590133028946025,0
-1.8297321,0.11624945620649652,0.011821246,2328.6248278547832,2223.143812191429,24.62997636737013,0.16890346048738106,0
-1.344829,0.16929424666473317,0.010965374,2690.9006174069737,2284.628776170594,23.184246158131934,0.16457737925396554,0
-1.2296561,0.12907505256670534,0.010623388,2064.1021679231467,1891.8105096318218,22.07076874839751,0.1872339659007405,0
-1.3672448,0.07904038573085846,0.011868694,1624.2764108253623,1752.9260019911535,21.259990554322005,0.21542080538232153,0
-1.270316,0.06900512978538283,0.0111124655,1544.2416378160015,1796.4875428209166,22.124355988227908,0.1974546995037069,0
-1.3294885,0.11403236477668213,0.011162888,1948.5607874030409,2021.2405692950067,23.41722045426265,0.17956537412995668,0
-1.4161091,0.08053808367169374,0.010206541,1633.4262861353589,1752.2493943824131,21.26741659763861,0.19254443415996725,0
-1.8321973,0.1226458272911833,0.009982172,2354.561537624494,2368.0552679785505,23.87268703945201,0.15044837857846508,0
-1.3855605,0.14217594438805103,0.01119014,2359.539916330515,2272.7746794756845,24.261990524958456,0.1638357325082432,0
-1.8486814,0.13590872426044084,0.011776367,2500.0513975304775,2221.5843049540194,24.211229002292548,0.16756718323991635,0
-1.2149504,0.0663949209686775,0.010985516,1524.3289745792104,1792.690809172879,22.398959721307854,0.18899383842706205,0
-1.2933307,0.10937839870939675,0.011096978,2131.1703180446293,2241.844160446129,24.505485470464635,0.17728595685318227,0
-1.1134232,0.08364790276972157,0.011109045,1670.8053032638534,1794.3200618913684,21.314012500454673,0.2123912409643064,0
-1.3488946,0.2701407518851508,0.010688087,3193.8003675564023,2337.077421311179,24.44868569197669,0.12193728521593052,0
-1.1590275,0.07755514972447795,0.011118471,1618.06286406354,1758.7534139237614,21.428004523184804,0.20886757780137388,0
-1.8380822,0.10179814385150812,0.011687729,2242.853132910273,2308.0614537643646,24.41268992585041,0.16522811650600497,0
-1.3310932,0.10982476254350348,0.011057883,1933.9745301349178,1970.4832763831034,21.77523217971078,0.1942140022485026,0
-1.2203686,0.11256072360788863,0.011179963,1985.0794022777052,2013.7805322250788,21.43613309714612,0.19759228098666579,0
-1.7204639,0.07204470888921113,0.011296867,1405.0156354526482,1598.213891836896,23.13850719654647,0.13141026569993164,0
-1.3566889,0.08188057388341068,0.011673687,1638.3030516655872,1747.5010505772052,21.46181310451338,0.21217567235520926,0
-1.387028,0.07151224441705337,0.010226481,1469.5526449567924,1644.5812117615683,21.258296487630084,0.19784004643446554,0
-1.2717258,0.11578836463167054,0.011093617,2158.095291413042,2204.927564120176,24.026488020013442,0.17718601715498225,0
-1.2306213,0.12840324100928074,0.01115265,2226.0500263629065,2183.754058995766,22.314081199496815,0.18942008816066258,0
-1.5461104,0.16305308330916474,0.01154583,2451.2803257487644,2047.4671144291922,22.52032590119664,0.18746003650952545,0
-1.1851377,0.0908180466937355,0.011013793,1773.3230890890504,1865.253344463255,22.551096716535444,0.19935943048705848,0
-1.1382247,0.08110113652842227,0.011229341,1655.1628311454067,1796.9753791099156,21.237879698610406,0.2110062038337652,0
-1.3910651,0.07963289406902552,0.01019433,1606.1187347003838,1739.6937341811426,21.2568618102298,0.19565270589341102,0
-1.7939385,0.08143874166183294,0.010183737,1682.357884782904,1820.075611859087,22.683543059161824,0.1841858976425916,0
-1.4688617,0.07443966611078887,0.010139207,1485.0807860792422,1615.4568961976208,21.161516407961763,0.20036513767253383,0
-1.3137906,0.07156775667053364,0.011741077,1418.1178061873836,1553.5389930250155,21.54960047507863,0.21848362259669252,0
-1.0895542,0.1100536089762181,0.011123477,2208.9486221590437,2218.024555726139,22.188926715821935,0.18091496374976068,0
-1.1058236,0.06952513232308585,0.011091361,1473.9665624143877,1814.898178211683,22.430205654742704,0.19080084436172598,0
-1.1191719,0.09566007468097448,0.011061903,2076.2931772363304,2180.387110502991,22.166183861811174,0.17958066966993524,0
-1.1818682,0.1000240175464037,0.011004477,1804.666903334539,1918.7780615143395,21.579736893042952,0.19831914152878194,0
-1.4525704,0.06598594293793504,0.011648003,1388.3986103550628,1561.367319671589,21.431804618197514,0.21420031396277642,0
-1.4989077,0.0733384842662413,0.011773627,1618.3247305026591,1817.4301898673893,22.609327484071535,0.19735877327221066,0
-1.8731275,0.11706854517111369,0.010040821,2226.2504020912256,2235.2883749140915,24.722039523534523,0.15114828416085493,0
-1.2517841,0.09592970562645012,0.010908794,1835.1993263273814,1995.1639590075329,22.396123105686097,0.1895093761711085,0
-1.5635833,0.07474554995649652,0.010227134,1620.5393966689194,1823.1524855319615,21.95730415931892,0.1822681591922034,0
-1.1869737,0.11220499202436195,0.011168306,1964.0256755236276,1996.103509230546,21.496913113454866,0.20126425194082975,0
-1.4797297,0.13271960194315546,0.010885095,2482.0299212027635,2441.3920484859873,23.767949466919095,0.15935435614350713,0
-1.2172753,0.07051189095127611,0.011131188,1427.9629179942312,1608.617114517144,21.06040708749031,0.21805135085132032,0
-1.129383,0.07663523238109049,0.011009934,1690.9939943403842,2008.463288638034,22.27929115250178,0.16897917769106532,0
-1.3909667,0.09045211898201856,0.010125665,1727.9482119202596,1809.7528328293467,21.25995569956678,0.1951402105480788,0
-1.8951825,0.10763599369199536,0.01176475,2246.4315996325367,2238.5810446470714,25.154106781240966,0.16471966957253767,0
-1.1512539,0.07623531757540604,0.011153599,1534.238906980054,1679.0144954572615,21.279250727647742,0.21354184349870417,0
-1.2166197,0.07184305213167054,0.010985163,1484.8272490816914,1663.35986252942,21.00676709036217,0.20875370348355984,0
-1.4092808,0.13642646099187936,0.01109638,2402.9165164198175,2316.234325878764,24.394744695299835,0.15950622478726298,0
-1.4865077,0.11464866408062645,0.011731036,1865.5174219103135,1675.3102266840024,21.671808901451715,0.2182638570713079,0
-1.1916347,0.08257730930974477,0.011006225,1683.3691587690532,1802.9635265282516,21.391780037250687,0.20771062416546535,0
-1.4843861,0.07688786977958237,0.010153078,1510.13038332833,1652.2924009369851,21.148853967539928,0.1985494700387883,0
-1.7819941,0.11405842154872389,0.01014048,2130.430716183276,2148.9803227681764,24.50037497410583,0.15631959445249152,0
-1.2539552,0.11224464363399073,0.011052656,2250.276693893696,2309.8065750479386,23.63525722805993,0.17246386067865524,0
-1.0929981,0.08402515951276102,0.011092861,1714.2478138280578,1876.3069393411456,21.505949052617748,0.19428293393673113,0
-1.3043332,0.1229664388776102,0.011045797,2214.638094246932,2241.0256240359654,24.025201293694938,0.17813953314803768,0
-1.6122028,0.04825374311194896,0.011780712,1165.4392988175146,1541.0883755508326,23.061241186623665,0.17769447166826946,0
-1.4710907,0.06887484592517401,0.0115705235,1543.6079648991342,1779.4286590678992,22.612584532313917,0.19524012553974227,0
-1.2568967,0.04729983867459397,0.011041784,1203.5446516357297,1673.2150807528292,22.334250174682193,0.17598181289885137,0
-1.5668094,0.14396479843387472,0.0096145095,2144.066535106166,1883.0608984640483,21.939235237422988,0.17273032932302357,0
-1.0814965,0.1006731710411833,0.011074235,2093.8838054360485,2179.18917210209,22.229571461874396,0.18142953598772293,0
-1.3944609,0.08933847520301624,0.010172821,1718.0192507269262,1803.7873867410035,21.177035431830443,0.1968311958495682,0
-1.4163822,0.1346602650087007,0.011004671,2323.613194571744,2296.13656662611,23.94378264480436,0.17553501792638448,0
-1.3582408,0.056303019866589324,0.011783651,1357.108024699624,1742.4399710957039,22.687889986366113,0.18685664859298837,0
-1.3743739,0.12201480024651973,0.010930932,2248.7795702096405,2273.775011357726,24.112763101014334,0.1640578506188134,0
-1.3883003,0.11294251196345707,0.010042278,2366.591412747484,2361.9889537038393,22.284239313050154,0.14572284530235005,0
-1.1858044,0.08394019177784223,0.0109491,1769.5150410766366,1956.5724395005714,22.023233757575323,0.19588009283425387,0
-1.2319559,0.10320974115429234,0.010964449,1791.8426759773324,1776.0026149939397,21.297819636576452,0.21963263467359165,0
-1.4116108,0.12435651102088167,0.01113226,2432.2379913003483,2435.877607144699,23.720426951488797,0.15405230752135693,0
-1.181302,0.08561915421983758,0.011088712,1697.3645418695987,1798.9690960265275,21.16607130027184,0.21241918284490624,0
-1.3000509,0.19116380872969838,0.010980202,2830.584024965331,2325.9449536629086,23.601369244271588,0.16366473549178134,0
-1.3049736,0.10934667742169374,0.011193171,2285.162181289219,2350.327282733525,23.800721493973324,0.1675714659439391,0
-1.4762269,0.09413405416183294,0.0077716527,1725.0399731310579,1840.6941362907444,22.82456468853459,0.10856754687697263,0
-0.9428133,0.1136913609338747,0.010962446,1955.0923074145503,1861.6240881779675,21.93710450991266,0.20196286403739425,0
-1.12302,0.06723213638341068,0.011055869,1452.2163687806917,1649.345470345243,21.40440936706457,0.2080767735886102,0
-1.3615429,0.052317466647331785,0.010635435,1212.04061795874,1593.9535374874324,22.901848306851218,0.17203706671409733,0
-1.3207384,0.12586100638051045,0.011036362,2307.2919080446923,2223.7703321296203,23.92015462631006,0.1758783710993411,0
-1.2905918,0.10923791872099768,0.011071207,2040.2631169913554,2141.6611378923826,24.078229524727256,0.1792331342687775,0
-1.1683656,0.05963035636600928,0.011140876,1398.8206655239744,1786.7908432928455,21.99315308386534,0.1844340676659415,0
-1.3103446,0.03843260585846868,0.0109313745,1032.6300641891432,1531.7994871885762,22.155530267118145,0.1653979187264347,0
-1.9885753,0.10932628516531323,0.0118498085,2589.285129450093,2321.5224920979044,25.501085081162266,0.13609481484433866,0
-1.1464407,0.20939675174013922,0.011050695,2929.0080571657913,2274.3361405889955,23.120334747098532,0.14761210523513865,0
-1.124596,0.07099224187935035,0.011074912,1463.7937099979963,1808.6585919936063,22.352298435160442,0.1853871220739101,0
-1.2040862,0.08136510295823667,0.011053718,1662.531846232682,1800.1486785954205,21.310936746767048,0.20948489677803292,0
-1.35288,0.08281182025812064,0.011757282,1696.8649297358795,1792.3181729000569,21.614305893320537,0.20904646449603095,0
-1.251606,0.08755415276972157,0.011052132,1965.7494636556537,2138.3186970407282,22.309016363152747,0.17910818764266656,0
-1.1066322,0.12772916364559164,0.0110631855,2345.219391161849,2239.301217046478,22.351506677222325,0.1827560930884253,0
-1.371309,0.08345077762470998,0.011790122,1699.1870289505143,1786.3076110376935,21.680563446491476,0.2121926923335898,0
-1.2053809,0.07798678581786543,0.0110305445,1587.6831300910492,1744.915299905248,21.44337593501044,0.2106086819214761,0
-1.2159176,0.0725703759425754,0.010222702,1489.8600957580106,1659.597019631595,20.956309718020723,0.19695521050520995,0
-1.2711543,0.08003054306844548,0.011037304,1556.9341655785386,1675.5072369714658,21.872712296111015,0.20671629307805303,0
-1.1443822,0.11741294772331787,0.011032222,2147.3597345270905,2083.535251685882,22.3220492793414,0.19665691102667804,0
-1.19058,0.07016295678654293,0.011088037,1455.7801564906347,1656.8435348688474,21.252029760458576,0.21010461580131415,0
-1.399382,0.06086295497389791,0.011720082,1367.8860755575813,1587.5494199378315,21.60694492141757,0.20296364136851772,0
-1.1720718,0.16740003262761022,0.010958654,2574.428940603937,2234.9585831515656,21.61644786859238,0.1906573786821444,0
-1.3614097,0.13761487637761022,0.011127805,2384.2731004758716,2360.141803692058,23.27895220227079,0.17686866681602983,0
-1.1455324,0.10550386999709976,0.01087835,1841.052123438045,2043.5314178460612,22.847481737029632,0.16749340026119863,0
-1.214522,0.08161207584106729,0.011001789,1677.4177363364115,1800.941521022954,21.524009125126327,0.20716317182026203,0
-1.5076292,0.04142460303074246,0.010198817,1056.2766997165843,1527.5108531844173,21.65136964949625,0.15998105492851292,0
-1.4264205,0.0811623132975638,0.01175649,1680.4207472537144,1784.4005075292848,21.711936585897146,0.2089305955294335,0
-1.2116941,0.14190518053944315,0.011054164,2236.0105948353034,2027.69006469643,21.655766519683855,0.2138644812320916,0
-1.4778904,0.0791842644286543,0.010131953,1611.4707513025917,1745.7377045961246,21.50771592008413,0.1927349735247441,0
-1.7976562,0.11381144866589327,0.010143646,2173.5659098646834,2221.698953628166,24.5733361348938,0.1567824456071372,0
-1.459324,0.1190397966212297,0.01020653,2163.639829128615,2098.905410449355,22.385519868107412,0.18123382083957665,0
-1.4094999,0.08534952327436195,0.01181161,1703.0424689706708,1784.61881672283,21.755165946178415,0.21288874325389828,0
-1.2494249,0.07460733577436195,0.011032498,1632.1832439887828,1832.5226727441634,22.048700922569452,0.19760196929694343,0
-1.1779563,0.08949368293213457,0.0110984985,1770.760090014343,1869.8842251804326,22.722324416680642,0.200453288755305,0
-1.5021455,0.037156956931554526,0.01003798,1017.2028669437678,1513.3144526064677,21.668075302936455,0.14953239117366138,0
-1.7417592,0.1503792959686775,0.011698194,2228.250957667436,1827.0147635418891,22.11262472118911,0.20573030270305817,0
-1.8639823,0.24217956967807425,0.010128579,2904.2808729174717,2038.3978688611644,22.36806932136463,0.15925295362185213,0
-1.38108,0.12545202834976799,0.010999127,2249.6720802715686,2288.475714900923,24.235176166060608,0.1628012569543883,0
-1.457372,0.07298955010150812,0.010142955,1499.2557204849888,1659.3513441945604,21.31454174270916,0.1963439998920504,0
-1.2474293,0.10176528966067286,0.011344722,1819.424340396212,1920.5477020316891,21.784916955116646,0.20299514421260076,0
-1.8426071,0.13273999419953597,0.011780197,2502.2250347114214,2235.6742488171194,24.764158107989008,0.16268169332498847,0
-1.5406609,0.08117477523201856,0.011573701,1601.0428796130154,1663.0446341486443,21.77494985232872,0.20982214563622514,0
-1.5949562,0.2096697813950116,0.010130855,2688.799646647373,2059.292245739564,21.52010227817016,0.17987954286928368,0
-1.3891852,0.13654994743329466,0.010870064,2348.596561867003,2293.395757340804,24.079631205276776,0.16568860602974653,0
-1.3020269,0.10621080155162413,0.011004558,2106.8554866055524,2223.5548211310734,24.49718789449631,0.17549602375327114,0
-1.252843,0.10142541872099768,0.011083463,1864.279215722487,1950.5350874151911,21.836650601108357,0.20136830788776697,0
-1.406626,0.08374306663283063,0.01182691,1688.0557990716397,1782.442265672775,21.5294191995186,0.21105753734832036,0
-1.8818519,0.11166912884280743,0.010098862,2263.8471999722224,2263.2357841434873,25.11925269255328,0.144599304277529,0
-1.2740622,0.07570058729698376,0.0110601,1646.6076265032525,1845.964079467041,21.76920032045857,0.19740721343245227,0
-1.229135,0.13318295932424595,0.010947994,2036.4380388224158,1950.5182085283361,21.509043307119043,0.2067795464609644,0
-1.8761066,0.18840518960266822,0.0100897765,2546.807268036867,1991.346298345134,21.894074122980253,0.18606061074574232,0
-1.3123877,0.06434436629930394,0.010962279,1473.0280500921551,1764.5981084446637,22.4920229670622,0.19129779855249185,0
-1.4509841,0.08713724441705337,0.01020113,1745.2724887439667,1865.6318504584658,22.19324285205971,0.18783759326545071,0
-1.4112959,0.07495513703596288,0.011756808,1608.7566918881719,1732.8224043112298,21.85363268495396,0.2055442099845298,0
-1.2635611,0.06888051044083526,0.0110639585,1465.5855034273604,1658.6811424828707,21.52985286507531,0.21090046464118173,0
-1.4014611,0.06790961245649652,0.011771414,1439.9987477908699,1618.307726415129,21.529120085008667,0.21065374281017027,0
-1.2024564,0.0693427349187935,0.011167363,1472.4926085396428,1660.401822068225,21.397034583828194,0.20914095150094236,0
-1.2341276,0.0724491553074246,0.011116447,1620.1191896700495,1835.210902518662,22.00115416422101,0.1980910979637253,0
-1.21803,0.07739654328596288,0.011080364,1591.1663731820977,1741.6434198506943,21.131965270613428,0.20755928738748644,0
-1.3414743,0.05863226870649652,0.011026679,1426.2763060562793,1723.0493857723266,22.043905522870823,0.18926091023382552,0
-1.111883,0.06642777515951276,0.011052648,1468.7004199275668,1817.031050720062,22.566487112808325,0.186047500272675,0
-1.3140557,0.09908597375290024,0.011070976,2023.6498962816368,2155.989808869891,24.588487603180486,0.17594710469479555,0
-1.367921,0.1534256724912993,0.010866422,2568.7955711038812,2300.042494918287,23.69088423884842,0.16594329569809416,0
-1.1898105,0.0785147186774942,0.010968438,1692.5759441605412,1883.7483132510115,21.940731439978126,0.19431408342255496,0
-1.379352,0.05865379386600928,0.011818215,1325.1622291410292,1725.3677215977057,22.613212038026393,0.18502699629042693,0
-1.3437624,0.07104208961716937,0.010060793,1410.569193767019,1569.489425562117,21.24582429080261,0.19441585817195042,0
-1.2325945,0.058602813225058004,0.011089272,1342.8751883163595,1756.1183261755602,22.369399255090137,0.18583553727398494,0
-1.2665589,0.10939992386890951,0.0110611785,2138.140669014642,2248.4018367564167,23.900675254921815,0.1789583830266237,0
-1.8503023,0.10348503661542924,0.0117508825,2265.138446164065,2313.6894851591946,24.495357145283524,0.16293458692125914,0
-1.2185149,0.2160956079611369,0.010969122,3034.0151250516983,2486.8752255323825,23.68626860068662,0.15442192588354714,0
-1.1401651,0.08512747426044083,0.011088147,1689.3906371067094,1799.1044730477233,21.451273526147766,0.2116175820868894,0
-1.1774011,0.08013250435034802,0.010934669,1951.5780911483719,2152.1164585809233,21.65947426915434,0.1630747875004116,0
-1.2600526,0.09981896207946636,0.011003777,1847.444566637397,1935.973226737784,21.694308939469487,0.2020853338508881,0
-1.2601029,0.09721215197215777,0.011174094,1797.878296454107,2021.216958130934,22.461151194465543,0.1737178433783303,0
-1.2111933,0.08302480604698376,0.011069293,1671.093832489667,1793.510916683083,21.460959923461214,0.21077046518561815,0
-1.9362115,0.3567489305394432,0.010060928,3757.8113343057103,2070.791731096572,24.038861331677083,0.07265879415019201,0
-1.3189989,0.10287326892401392,0.011047755,2055.0267030611103,2164.2443868286477,24.42001555837091,0.17000492739685705,0
-1.2627331,0.13108142401392112,0.010966885,2463.1850815796656,2328.061155219667,23.121230577228022,0.15111265425163112,0
-1.406984,0.14345272621809746,0.011084182,2385.2008839438145,2285.0775785020032,24.150430993100372,0.16399606276462803,0
-1.2753996,0.07425840160962877,0.010586975,1491.1552614287878,1612.5359026322608,21.861199259868503,0.1923749750666447,0
-1.238466,0.13758428799303946,0.0110027,2384.683045190704,2253.4048886570286,23.909347475690293,0.17919826457926546,0
-1.3223609,0.070805312862529,0.010182768,1472.6639576974676,1654.2730328252892,21.128673369116722,0.1932242237247919,0
-1.1595811,0.10004667560904873,0.01089803,1867.7410710243548,1971.801840689386,21.695889442304274,0.19841612338439066,0
-1.1658745,0.0708880147911833,0.011072873,1487.3278139725721,1672.43044183347,20.928483383537802,0.21094010979947223,0
-1.4394363,0.08110906685034802,0.011750414,1687.1214521072422,1785.9178829141863,21.98383040035655,0.2077187921553326,0
-1.1267103,0.15860643851508122,0.011028845,2425.797466001587,2094.7369441225756,22.462933127481005,0.1897956783876978,0
-1.5008409,0.06764564602668213,0.010019766,1563.5938952465713,1807.3483358233254,22.143613539877638,0.17131349376908486,0
-1.3370185,0.11377066415313225,0.011051231,2167.8344157092774,2267.6281674968072,24.118304194267093,0.17761273926890184,0
-1.1725433,0.1301717027987239,0.010979992,2144.5765478425396,1959.4725002965376,22.15249925108435,0.20091917631250247,0
-1.4249985,0.07211608178654293,0.011764883,1648.9177829489176,1827.4738769559463,22.613855250603052,0.1932151676929569,0
-1.254067,0.06616154292343387,0.010987941,1560.8590588623222,1812.8706413384878,21.97343664238443,0.1886512813268747,0
-1.302469,0.1287940925899072,0.011009942,2369.6554212539695,2301.509232763226,23.317862509679628,0.178411583717245,0
-1.3285527,0.22062042307134572,0.011075113,2858.5947491896673,2110.1319790533394,23.337940301159538,0.1606752310229042,0
-1.3905827,0.1297661234773782,0.0111028785,2326.6869561254744,2322.710530928986,24.452967623940463,0.16549368249986654,0
-1.3204365,0.11408107961136892,0.0110543575,2176.2338725369596,2257.7686611076306,24.38068535125031,0.17359124725480346,0
-1.3687826,0.11813687282482599,0.0109922895,2232.004292387996,2254.8656975539993,24.50380111490643,0.1746658269300578,0
-1.1554601,0.11602627428944315,0.011187093,1994.1205660256453,2021.0609156906594,21.577219544290795,0.20285387527151766,0
-1.7683526,0.12012738362819025,0.01019623,2250.5275323369538,2280.6657076072497,24.49685639662402,0.16140592406994161,0
-1.4612083,0.0417078288138051,0.011682267,1032.4437044915683,1459.65015428518,22.951816161385956,0.1716461539592632,0
-1.3197823,0.11779586898201856,0.011046677,2266.661602646278,2299.543816877419,24.136232444397574,0.17492672707901993,0
-1.5998054,0.17520346940255221,0.011697728,2460.9013688734926,1868.200549220137,22.240496471796355,0.1906858051599829,0
-1.319653,0.10721115501740139,0.011096077,2012.5922729987208,2135.193817137827,24.19780322430982,0.17725800704771857,0
-1.3201047,0.19743669337296985,0.011187747,2725.653045801047,2088.490147047177,24.088362326757647,0.1500737087733991,0
-1.1151758,0.05497299158932715,0.011000722,1326.4528936108843,1732.053323739897,22.316782538179417,0.17558301685863975,0
-1.4136113,0.13722855640951276,0.011170672,2362.806303471319,2303.8603994146442,24.778122800423528,0.16909632437910016,0
-1.2773054,0.07236305466937355,0.010820158,1823.6292800695744,2084.9782205582237,22.48238274003979,0.16647130388310896,0
-1.1099957,0.07726059491009281,0.01109781,1604.2530781235794,1770.1776680219896,21.307488863612374,0.20943176484478776,0
-1.492168,0.04582366589327146,0.011502343,1146.9960367107706,1597.2730343198562,22.49963690647625,0.17511905611558876,0
-1.877767,0.10250847411542924,0.011774721,2109.488007515605,2199.293448886567,24.864277781697837,0.175472463133975,0
-1.2178986,0.10211762253480279,0.011826999,2105.61698558561,2167.2401741339245,22.6107776853405,0.18434957193572468,0
-1.2520676,0.17830195946925753,0.011066709,2764.2358058326504,2317.1825172708564,23.74489331729107,0.16427088787785102,0
-1.2011561,0.08591937354988399,0.011078089,1709.2302396585792,1803.4300105717007,21.451812688536368,0.21092515278274418,0
-1.8300682,0.10452390878770301,0.010175628,2248.295615013723,2302.767050768078,24.128811647179216,0.15050839620874557,0
-1.4521669,0.09096419119779582,0.010185211,1739.9565118231633,1812.3919054752846,21.333671224036397,0.19646703517446296,0
-1.3507485,0.10877456133990719,0.011033702,2091.7636100577724,2198.2998386368777,24.457549435340752,0.17485306062806868,0
-1.9622792,0.16192924340197215,0.011798154,2362.889796476153,1816.410202629868,22.627407045143514,0.19586901112261493,0
-1.2546365,0.07397970743909513,0.011142861,1562.6225309755127,1738.8835759415824,21.659085478150622,0.206813914904568,0
-1.314712,0.11288360100058005,0.01019202,2228.5122526213336,2213.2135787974375,21.65111765107718,0.16897147616775662,0
-1.263535,0.04081963275812065,0.011071356,1035.9799565123149,1506.8205894844632,22.345204152888222,0.1715933411957775,0
-1.4966795,0.07848639609918794,0.010216948,1608.8875648218943,1747.5384211709684,21.478644262207954,0.19358589473647012,0
-1.3986778,0.07437622353538283,0.0116822,1572.4739236988326,1725.0237940001166,21.654871760065028,0.20715827941593176,0
-1.0325767,0.04274103647041763,0.01092643,1202.6368362882756,1582.8537153311138,22.092009281270823,0.16951646384194827,0
-1.2640264,0.10533166872099768,0.010856982,1925.2686301719864,1960.1365046351095,21.626581442718898,0.19965435124789443,0
-1.2895254,0.11208830300174014,0.01105469,2136.8775314101067,2203.3208640651164,24.20719253503599,0.1752788099269712,0
-1.9248145,0.2093140498114849,0.010168538,2706.999825806201,2021.3545235965394,22.1934436358159,0.17483443694343295,0
-1.1628447,0.07505483251160093,0.011160606,1593.7149654386221,1747.5489668305086,21.39421341907192,0.207808687692688,0
-1.4625334,0.09260010332076567,0.010204456,1737.2434895105064,1807.8142698767901,21.618574642416117,0.19443449806793536,0
-1.2121154,0.11388395446635731,0.011235494,1984.771276131651,2013.8223681455045,21.527823513256433,0.20199208970620855,0
-1.4024947,0.11637747426044083,0.010187186,1981.4432120670856,1889.7501949754562,21.716100158383046,0.19382751825179712,0
-1.328259,0.1338830934599768,0.011771678,2186.7099972065616,1925.518797273066,21.78469246854188,0.2100992921176883,0
-1.9049592,0.14099545932424595,0.010154485,2499.2427769925757,2337.6126551777675,23.657146467207088,0.15815987616953067,0
-1.3682967,0.11811761347157773,0.011003822,2184.2484713280714,2235.2130343043855,24.1077459188756,0.18077606100392227,0
-1.29043,0.10968201674883991,0.010975554,2057.7628345546937,2148.712279973719,24.3420404110144,0.1768454098519783,0
-1.3945953,0.06017868148201856,0.011514049,1387.8035502437563,1818.6039909715705,22.72978837915061,0.17754291367487218,0
-1.3033682,0.11537032337587007,0.010975949,2133.3640032535686,2196.72037143256,24.234467987768223,0.17060421227145503,0
-1.2414374,0.2734216393561485,0.010978952,3296.450726179612,2189.96475032923,22.840451163060155,0.13875608507832732,0
-1.321677,0.11883927276682135,0.010919983,1966.74433991496,1945.396527881076,21.791301768125354,0.21318981505974952,0
-1.8310834,0.16219320983178653,0.010152921,2658.534963903237,2273.479003702746,24.517174092229002,0.15151682762585264,0
-1.1878117,0.08142627972737819,0.010811799,1545.0926231519607,1731.9216368620532,21.41407029840429,0.19701984615039178,0
-1.1211978,0.08442620722157773,0.011070152,1680.1118822892388,1801.5282962097929,21.21310033888045,0.21005451268177833,0
-1.201324,0.08299761637180975,0.010892627,1768.6821667584716,2075.9598056205455,22.649935652874262,0.1713905103970185,0
-1.4926027,0.04417982344837587,0.01165941,1087.765633684965,1514.282488277332,22.5806690597153,0.17842030096087622,0
-1.4546202,0.10060406395011601,0.011812228,2031.474953362278,2050.9765253815176,22.928551294480332,0.19468801597166732,0
-1.3122979,0.11327785129060325,0.011039386,2099.797272118812,2177.5649629966665,23.9833938407952,0.17883092611265408,0
-1.9311192,0.26720539986948955,0.011668329,3323.68132941803,2082.71559525773,23.700184623223574,0.117087816709321,0
-1.3433024,0.06824155307424594,0.01181046,1460.5742549093795,1633.2062491369256,21.28209367003856,0.21093152806325877,0
-1.3967496,0.12242604408352668,0.010875528,2211.6768695928477,2273.2298332551536,24.176026165973543,0.16752642530465023,0
-1.350843,0.2932043938515081,0.010993967,3355.901424804065,2097.1663069064784,24.657269541221105,0.10312844987441387,0
-1.2872046,0.08119516748839907,0.010232155,1619.144762161671,1741.2826409296072,21.113791418159902,0.19988645773054434,0
-1.2839581,0.10593437318735499,0.0111410925,2113.540270202745,2238.0195501069393,24.37206256400345,0.17910329391592483,0
-1.2241457,0.054386147766821345,0.011046086,1427.578965056721,1843.8049550763603,22.78398055835336,0.17361553146498812,0
-1.0994056,0.1604836590052204,0.0110082785,2485.4372386506034,2250.1824323766887,22.107600724404303,0.18247927903150463,0
-1.1812677,0.18640334976798145,0.011073246,2671.4443720403774,2249.2982487020886,21.66247499471969,0.18299784851333747,0
-1.2311482,0.11187645011600927,0.010993221,1992.288108422153,2008.8764088789599,21.57795939526619,0.19872308862072538,0
-1.4443727,0.0927711716937355,0.011639752,1904.2572373117334,1995.7855893501828,22.742747994616682,0.19533025312696284,0
-1.2981822,0.03937178255510441,0.011106174,1085.185810339157,1577.1153586147054,21.997516421746724,0.17322968073699033,0
-1.486381,0.1545030633700696,0.011795956,2324.2548489461915,1908.1818850623442,21.67921685212837,0.21124306587841965,0
-1.2519234,0.12175083381670533,0.011169155,2067.2285410785585,2042.8973174302832,21.845294893207065,0.19799452435607975,0
-1.3926845,0.04136116045533643,0.0117654875,1082.1501702772694,1545.6891618835073,22.335199661466692,0.17250817409793565,0
-1.4435394,0.07750190327726218,0.010160786,1609.033896707545,1741.9084961917858,21.554326015236487,0.19238719964661152,0
-1.6282139,0.07840709287993039,0.010189588,1553.850429217519,1743.8879411625226,22.754644261940403,0.18249336271920247,0
-1.3980083,0.03802589363399072,0.010818258,1153.7345559044622,1637.1736644219775,22.4201292999178,0.14992129012992758,0
-1.2228503,0.0833102976363109,0.0110113025,1670.9648730051033,1801.2344972947906,21.441062959808562,0.20998713078735476,0
-1.3151507,0.04945462043213457,0.011022079,1180.6582104826919,1650.611343483145,22.543416849428677,0.1759491410446039,0
-1.3200346,0.10201792705916474,0.010964598,2067.3503690439143,2179.9052070410053,24.55546446654096,0.17091522074951515,0
-1.4714957,0.20354304125580047,0.010208415,2667.198482167763,2051.025589803061,22.599758644585865,0.16835656540399177,0
-1.2451738,0.08884566234048724,0.010892972,1716.9644777003673,1868.4583397550466,21.430798825239176,0.1988853041022671,0
-1.4306254,0.07993424630220418,0.01175118,1662.5385771717006,1780.3243195837663,21.82718603743578,0.2098575666777899,0
-1.3565805,0.09992092336136892,0.010977585,2022.877924872936,2208.7543998054866,24.56983164900563,0.17106898315234842,0
-1.3114645,0.12836019069025523,0.01099926,2374.87693559823,2253.607316547847,23.80694911792237,0.17146786829097518,0
-1.4335475,0.09069342734918794,0.010133161,1742.686275672705,1812.9901612119609,21.352892834461866,0.19402135837728152,0
-1.3547068,0.09782958417923433,0.009920793,1778.8866648545345,1957.165490655502,22.346224871347065,0.1273363150010224,0
-1.4072013,0.08312223571635731,0.010470417,1656.4235542432436,1916.5013174535718,22.71334597423034,0.1579058072359866,0
-1.3563087,0.11039687862529002,0.0110249175,2073.577841588246,2177.234283129424,24.10678187094914,0.17847973748582183,0
-1.800367,0.2607988326566125,0.010156138,3078.0148249024537,2064.6245899245687,22.199924687320067,0.14664850768227564,0
-1.1969278,0.10414551914153132,0.011035194,1889.2295037014105,1956.107739592821,21.45127978959791,0.20695963464365932,0
-1.199157,0.09143661180394431,0.010204008,1894.0240800690462,2026.6575808441542,22.1187823964471,0.16987073451272458,0
-1.2958238,0.11729739160382831,0.0110673215,2226.8889385360617,2295.4645270804044,24.302273194807793,0.17653719782160768,0
-1.4272664,0.12398605169663574,0.01094168,2259.0592729662358,2291.793699463619,24.04286809811009,0.16973249316103467,0
-1.3086766,0.1391261691560325,0.010188844,2437.9873363715906,2233.888323178943,21.75407504958044,0.16925713468453404,0
-1.4651914,0.04744145156612529,0.0099764755,1211.7149433717848,1641.562372737702,22.36018743717965,0.1552994976234097,0
-1.3578384,0.07440001450116009,0.010191462,1555.446113361822,1724.602220062757,21.107007710368805,0.19326271245212556,0
-1.2483895,0.11400857381090487,0.011164536,1979.4202841206516,1999.6121850798056,21.635818041890825,0.19800662224236357,0
-1.748061,0.12710153531032484,0.0101959845,2278.8241891950493,2242.718199504122,24.304804252370907,0.1618952152870949,0
-1.8180124,0.11574191560324826,0.010087877,2144.9176329122215,2212.111634911116,24.81036770067894,0.15730497937860097,0
-1.1752944,0.051057678364269145,0.0102258045,1283.7600123408517,1735.2818046115128,21.781158538951896,0.1669861293458628,0
-1.1642267,0.05811339907192575,0.011820647,1409.0999680858113,1761.3684325343786,22.484767962563346,0.18541292982139676,0
-1.951842,0.10234986767691415,0.010055051,2081.815483347693,2180.794831691042,25.24903769878299,0.14516908920983349,0
-1.2890885,0.06598707584106729,0.011114366,1511.809042730784,1766.3507646725632,22.32812602555925,0.19517930895662594,0
-1.3991346,0.15834926950406034,0.010210549,2323.595447344651,1941.3511086656558,22.69533260350276,0.18832282773846531,0
-1.5050685,0.13698724804234338,0.011611898,2247.559054446729,2002.3835384318468,21.993996142868948,0.20645140369962367,0
-1.5311329,0.03664148600638051,0.01013873,1034.1323464608477,1522.502138623744,21.516819877279676,0.15734437744421065,0
-1.0994918,0.07455295642401392,0.0110375695,1551.3732636025904,1825.7874229719291,22.721887553244493,0.18375672594950845,0
-1.3859011,0.05885318481728538,0.011749025,1375.2862026353525,1604.2501979014198,21.73516322471766,0.19828998524229305,0
-1.3860903,0.12512688515081208,0.010871506,2275.1686969672774,2268.9914886396314,24.07096203991128,0.1661037502913306,0
-1.2851051,0.10767791110788863,0.011099314,2078.5105523381512,2209.5941144613535,24.192716891362654,0.17799625928626084,0
-1.3547441,0.05833204937645012,0.011694953,1351.3258119225247,1728.8485417310046,22.55625985029554,0.18614312495221297,0
-1.8786798,0.15889872752320186,0.011728706,2530.9946746664314,1936.9335460486782,23.936643836487317,0.16275249578376474,0
-1.818604,0.11121256888051044,0.0101815425,2074.659519452174,2142.3772755998534,24.731189613268434,0.15990340653493498,0
-1.1730206,0.0837940472737819,0.011176572,1681.0027849139833,1803.2334655904801,21.28971606930131,0.21145632632445122,0
-1.3765656,0.10275657990139211,0.011018172,2015.052185718841,2136.8968252445666,24.256731878038767,0.17615992197767227,0
-1.2956944,0.09495314312645012,0.011209771,2053.6303560686224,2166.5259660546644,22.358662632555898,0.1582729665141787,0
-1.33176,0.07884892510150812,0.010129628,1605.8506154662975,1745.4036611732154,21.060919773684994,0.1949755184254798,0
-1.2684624,0.06109633301914153,0.011073134,1393.157200942463,1624.215495779754,21.269331397910484,0.20278520588287866,0
-1.8290704,0.10854458200406032,0.01018261,2277.443554196506,2330.5529140841254,24.138026456844415,0.1506441451093898,0
-1.8478537,0.11917008048143851,0.011641983,2317.6258402586286,2248.9227842764712,24.505190708975334,0.17200198933803065,0
-1.3094318,0.10670814602668213,0.011113706,2105.6443792271784,2207.5965367343697,24.390827403593047,0.17805871264696424,0
-1.2736641,0.10889238326566125,0.011066339,2144.607671449246,2251.98913135889,24.231907518105686,0.17201189667956315,0
-1.3032788,0.09245282591357308,0.01097323,1787.7798153823096,1879.1873280350728,22.27398508595378,0.2031292170651108,0
-1.6136152,0.19816288428074247,0.009792394,2617.326193021282,2043.3130687624239,21.892501638858782,0.1719897150450225,0
-1.3543376,0.13910011238399073,0.011157246,2374.965481404706,2330.182691092305,23.911664229401907,0.1750774998931758,0
-1.2943459,0.15157677457946636,0.0109912045,2694.2270315817154,2550.3448295634744,23.51469306236695,0.15540896445850325,0
-1.8672373,0.10477767908932714,0.010198126,2293.1177619560253,2308.873137440285,24.01834893232379,0.1484106219492976,0
-1.7571251,0.10776967626160093,0.011676924,2104.502863410969,2139.4615254634523,24.651496230993413,0.1719050647448481,0
-1.1592594,0.0780196400087007,0.011118158,1590.0697624606528,1748.2790102667122,21.33988250591262,0.21142057904840894,0
-1.3155575,0.0943232489849188,0.011145364,1788.7750115307801,1918.631230559942,23.35702325024503,0.18432116604707316,0
-1.9962187,0.166522032700116,0.0115859145,2492.326940645514,1952.2114219245432,22.720639667366616,0.18403430875425617,0
-1.2903149,0.11014877283932714,0.010990509,2138.3923904348553,2198.699291986096,24.269353598087402,0.17100754571807827,0
-1.3058405,0.11339000870069606,0.011071558,2159.061027886401,2216.822624905296,24.36368481939394,0.17469206205737156,0
-1.230862,0.0538095000725058,0.010021774,1254.8959974082159,1664.2165650139036,22.38312061881246,0.1635192132160887,0
-1.3840166,0.14547948992169374,0.011101054,2479.3784290318354,2374.3494713800665,24.26130959580484,0.16299057372498965,0
-1.2274855,0.06997716067285382,0.011144448,1477.8255524884964,1661.5127081280064,21.779861244883886,0.205919867065362,0
-1.7791588,0.10883120649651973,0.010162575,2197.7448139195235,2295.243856232232,25.188785942121935,0.15566813442500774,0
-1.7582427,0.14411094293793503,0.011734189,2648.7075052318173,2373.805172473575,24.307254985478465,0.15863853310046658,0
-1.2908198,0.09044192285382831,0.011046571,1808.3626762172441,2005.4364431710896,22.300552519402892,0.18234975777330864,0
-1.2243285,0.14683557497099767,0.01077486,2238.229851017828,1940.1099728292725,22.11292757163083,0.2043986116095483,0
-1.3751436,0.08300441379060325,0.0101992395,1631.5195179928191,1760.903330002775,21.009308558120463,0.1992498702373243,0
-1.4740496,0.06883292850928074,0.010195713,1542.9155558398102,1789.4430490739057,22.17879907036983,0.17837834212824902,0
-1.1552942,0.0861210303074246,0.011048281,1697.1440261679916,1805.6537586021627,21.02287075275692,0.2122433164704101,0
-1.1512758,0.08611763159802784,0.011032812,1703.3489475439414,1802.7418649361032,21.01053118920874,0.21146550649966048,0
-1.3026533,0.11428160346577726,0.011115026,2235.563643888283,2296.314596496457,24.19705351265397,0.17652731603322766,0
-1.9084736,0.11255505909222738,0.010121842,2364.2940694714657,2358.529013300127,24.58960414094025,0.14219187560609875,0
-1.3932259,0.12623033280162413,0.010907422,2411.055139974876,2388.6571574594823,23.600552238125918,0.16100824790648333,0
-1.2826085,0.058001241661832945,0.011042926,1464.037046949589,1857.750829424693,22.710220469786837,0.17204878523073916,0
-1.8830175,0.15274139899941996,0.0115616545,2353.5012681383964,1913.3746350279375,22.26369656009349,0.19760660805958197,0
-1.3612709,0.12084224550464037,0.010990909,2338.388652622223,2373.6906454761993,23.601128932744434,0.16204330490486654,0
-1.3511517,0.07184984955046404,0.011774152,1698.9066495550996,1924.6056130442992,22.701633395646613,0.18815095844340687,0
-1.3349403,0.10801664914443156,0.0111056045,2044.6465052369524,2149.0987114198556,24.43364385141874,0.17572234135873374,0
-1.8109516,0.108412032337587,0.011662432,2115.9737640121625,2118.3400655276046,24.856597855497377,0.16605170360973234,0
-1.3538874,0.13918847882830626,0.0111289825,2382.1668363385047,2323.2943156584765,24.082947031605507,0.1661526619060619,0
-1.7115673,0.06635300355278423,0.009907975,1555.7443699534592,1786.7014697193854,22.32427752032448,0.16717025878233316,0
-1.2408242,0.08683929089327146,0.011016327,1887.984092478534,1959.62061173518,21.970154563480758,0.17824417008701673,0
-1.8913579,0.11051696635730858,0.0101177655,2237.877724420311,2271.9864089526086,24.368264665510555,0.15055721033770597,0
-1.2109206,0.06231760259570766,0.010993673,1394.4508446043524,1769.556087473059,22.778259413649327,0.1830125660563449,0
-1.8587141,0.1640602341937355,0.010117649,2676.9787218547735,2266.6478362604134,24.242008004093982,0.15187426767263779,0
-1.4701221,0.07980849405452436,0.010227723,1611.7195344909867,1739.6851914965675,21.487482438013075,0.1970956697213573,0
-1.7607661,0.11753756706786543,0.011538471,2404.477292560808,2372.3180839372694,24.355582921613983,0.1619081456776272,0
-1.3826478,0.1236110607598608,0.011044778,2373.5901868223236,2387.0107170894803,23.531079542634,0.1623893394182816,0
-1.3907788,0.05193681119489559,0.011562322,1219.2719471978287,1672.0338900634358,22.93621132567941,0.16451693173550994,0
-1.144927,0.0656154836136891,0.01098,1517.9338622341152,1886.6501409222394,22.489938083747024,0.1811870153907037,0
-1.1806498,0.10279396570475638,0.01109237,1989.9201197829389,2050.05660116171,22.183668159314305,0.1995745310536042,0
-1.1688362,0.0859397658062645,0.011013861,1702.7438754822222,1808.8969408945156,21.174397258978534,0.20843860824152824,0
-1.1313403,0.06805009244489559,0.011110406,1457.184167920185,1649.1095595148545,21.190354612896385,0.20913820186592647,0
-1.3503586,0.10629350348027843,0.010955204,2079.4605384669435,2211.836038551383,24.434536296188487,0.17889901558263377,0
-1.8993933,0.11296630292923433,0.010130416,2148.8052551181645,2196.044166066733,24.792971833373446,0.1568520355112306,0
-1.8445247,0.09507436376160093,0.011569559,2170.2449241341074,2271.5201017080617,24.49154283386719,0.16113824504488372,0
-1.1594439,0.07636106982308585,0.01024959,1667.60101034661,1878.1089397284757,22.023138441034227,0.13595407396441142,0
-1.2331625,0.07248427530452436,0.010942085,1538.9885523793696,1721.1397225957223,21.649946839938643,0.20538605516662953,0
-1.8817277,0.1123805920098608,0.010107352,2187.011929532317,2241.5712357910584,24.89127963863231,0.15577905232576136,0
-1.4550325,0.07110893090197216,0.010221128,1467.5649892910699,1648.3407053976223,21.330489012088204,0.19559286000568263,0
-1.4768977,0.04885871338457077,0.011626625,1151.5080026186615,1563.7275497514913,23.45817242454557,0.16135788859237463,0
-1.456503,0.08998309708526682,0.010165319,1726.8558413269502,1808.0031803943277,21.329700095991345,0.19769322569289724,0
-1.822683,0.13922473172853828,0.011477568,2528.933458355049,2247.53720690304,24.638649342840797,0.16086228197034805,0
-1.3050705,0.1441415313225058,0.011239163,2420.1516036079584,2351.318998400792,24.338309960504173,0.17220218859119563,0
-1.211198,0.07838896642981438,0.010983874,1605.3205095292676,1962.5097708632816,22.31099247749564,0.17620812461275256,0
-1.1590497,0.0707271425464037,0.011000608,1526.5048517715943,1721.992885115361,21.3768573509325,0.20510107576037995,0
-1.1604376,0.06824835049303944,0.011068279,1563.2688697122758,1815.5494361903077,22.12750545484843,0.19111722030373335,0
-1.2748455,0.1038090469112529,0.011108854,1958.541167996476,2048.6330352309155,22.73894244902581,0.1786095653037697,0
-1.7037116,0.2535709106728538,0.01020276,2994.7842988233265,1928.8808476506063,22.185347096634953,0.14579280668077874,0
-1.8177245,0.12584174702726217,0.010112534,2229.0578603376234,2187.4151709140133,24.448332796753824,0.15849835393816933,0
-1.3992528,0.07288645591647332,0.010123717,1501.0255004909845,1658.8470511992857,21.112510594052655,0.1956320802893636,0
-1.1445746,0.06777366408062645,0.011140507,1460.2956812845255,1662.7963366027031,21.162702614975895,0.20856019948358248,0
-1.1850072,0.10521044808584687,0.010998356,1892.879454344237,1955.8785369799994,21.530056095291513,0.20058474681727226,0
-1.4915644,0.07783497679814386,0.010216459,1629.8236526156848,1754.5065501296401,21.49122217680292,0.19038150604645832,0
-1.3869752,0.13490497208526683,0.011015223,2296.973685490521,2287.6290169935523,24.179372868512967,0.17167888675560825,0
-1.2181295,0.07376672165023201,0.011054116,1560.4523481104172,1732.7796614939089,21.642241949772085,0.20840047386847904,0
-1.3729414,0.05807374746229698,0.011777926,1341.1633577330808,1733.3636936840899,22.816644879844723,0.18539397848113967,0
-1.140553,0.0599645627900232,0.011060839,1505.2451100715684,1898.9510958922679,22.152769802310868,0.17239147891189796,0
-1.3937354,0.13697138739849188,0.011047121,2354.2312727884805,2320.76671104832,24.333174057067755,0.16783665161748515,0
-1.078458,0.14976412956786542,0.011205927,2533.1792573028692,2302.1423268621543,22.105738672528197,0.17773523802573432,0
-1.1014665,0.06810447179524362,0.011019035,1592.868813460193,1921.9057305430406,22.265498807149452,0.17610117503964254,0
-1.4739232,0.1585996410962877,0.011792544,2295.157686958346,1807.3200392924723,22.369144368241678,0.20032756930113518,0
-1.3011652,0.0665138757975638,0.010968396,1570.6099746989366,1813.4250530858628,22.301125063061097,0.1834514937092655,0
-1.1631361,0.15641200514791184,0.011075857,2415.6236326851636,2121.3786855940716,22.778805498347392,0.19558170081918416,0
-2.0101063,0.07655819496809745,0.011781387,2050.8621642367834,2208.8941809135367,25.866436534421748,0.14340521972997536,0
-1.2079844,0.07539357054814386,0.011038431,1599.9551675779394,1752.8702613245912,21.45828037221261,0.2048188452485826,0
-1.5362383,0.03558448738399072,0.011739579,1006.645869590109,1473.4100045460536,23.124894900326275,0.15750692405206254,0
-1.138857,0.12735303980568446,0.010936438,2368.0051473852714,2287.134691025508,21.697659677933718,0.17297881220408343,0
-1.388406,0.0731390933149652,0.011814513,1574.5599994488614,1719.1237596041062,21.88086542215459,0.20755180629449607,0
-1.3277975,0.10686788536832946,0.011024339,2056.027457008679,2195.4044971985077,24.267998985946814,0.17874451783903755,0
-1.3531268,0.08128579973897912,0.011617751,1682.4118773480159,1786.0737485734487,21.49995582726044,0.20873666710630645,0
-1.8841913,0.1097692502900232,0.010156149,2264.8209803489144,2280.595301624886,24.121916313412385,0.15112026134297027,0
-1.3453735,0.10697664406902552,0.01097254,2300.8131610739474,2388.975147939195,23.735095480815605,0.15222712074892844,0
-1.4510887,0.03804515298723898,0.010159282,1014.6066394269935,1495.6029929929116,21.79419870129205,0.15410188794936194,0
-1.2527667,0.10971826964907193,0.011268671,1926.4095270181717,1984.8212035838344,21.862763694544444,0.20177188219366893,0
-1.3097911,0.16750199390951276,0.011017627,2749.1760092052164,2321.2939214758767,24.05072911287711,0.15547678191471612,0
-1.3935033,0.07208096178944315,0.010212132,1479.8557359871288,1644.793154227675,21.097672844966663,0.19844580754171057,0
-1.3498465,0.12301855242169374,0.009920321,1978.6593855777378,1839.2446148139343,21.767883863197508,0.18979189253808182,0
-1.5381374,0.04235698230858469,0.011708887,1049.0223145520347,1512.3224181680218,22.524650460391058,0.17064644834773765,0
-1.7825774,0.11245536361658932,0.011501059,2221.669859439325,2259.527231229963,24.96476143906372,0.17234779579779813,0
-1.3499984,0.1124055158787703,0.01091462,2195.55395115418,2272.452608594145,24.607539890576188,0.16905058251383787,0
-1.1457161,0.10711259244489559,0.01121355,1866.867499492453,1945.7957363178566,21.486603263827856,0.2000169743612248,0
-1.0070853,0.10406168430974477,0.011059844,1873.837968838573,1884.640744732116,21.585040894433625,0.20067833126490306,0
-1.2536399,0.08335221505220418,0.0110183805,1661.9828202683088,1785.3711081773652,21.556204420334662,0.2106148435913907,0
-1.2707795,0.10208250253770301,0.011090383,1882.0256727826452,1959.874122305206,21.457721957736926,0.19600267992200984,0
-1.5319048,0.10810161687935035,0.010136037,2073.4625505677936,2079.4924271348114,22.5206532866047,0.1773780266434787,0
-1.4091313,0.07241063660092807,0.0117726615,1576.756098573601,1724.785197877028,21.839954431908726,0.20515731864236944,0
-1.2588489,0.0821094203161253,0.011830793,1684.7569684357206,1782.745675000926,21.76299426040014,0.2103979600882588,0
-1.1504238,0.08805036434164733,0.010937472,1721.8108086880866,2010.568079575904,22.48194907187352,0.17841548166092616,0
-1.6396401,0.08267473897911833,0.010079442,1709.8589124504913,1845.1114037067787,22.517146714153967,0.1818658674254822,0
-1.3198162,0.0992287195475638,0.011058608,2006.6204062710594,2164.3704995756134,24.49232048843115,0.16999595220582173,0
-1.3310481,0.10792714979698376,0.011008243,2062.125565979239,2157.0030109747036,24.058211605812147,0.17736840628916847,0
-1.2982386,0.13978325297273783,0.011199963,2352.036664528202,2266.6603223678385,24.00049962916439,0.1663781568447646,0
-1.2417946,0.10380338239559164,0.0110906195,2044.9969094720004,2068.434025938925,22.53395162588598,0.1940055271208011,0
-1.9897896,0.22829584179234338,0.01006634,2842.9431576758984,1955.9353630188152,22.89911993265992,0.15290007038409062,0
-1.4026496,0.0774441252175174,0.010178831,1595.9511356617834,1742.3260294314568,21.129855463867433,0.1940358766271463,0
-1.1067215,0.05812699390951276,0.011105667,1436.9113881379615,1844.2120094809522,22.211735560803977,0.1812346288248632,0
-1.2435889,0.05150857381090487,0.011089954,1213.8960790397061,1681.7013855769596,22.282467518044346,0.1795457985146913,0
-1.3076553,0.10511981583526682,0.010820235,1861.8282176629307,1883.9431607263916,21.543454563472206,0.20053631154970863,0
-1.2180947,0.14569020990429235,0.011089848,2210.070867890942,1957.8441583135639,21.90748327965693,0.21777818336190227,0
-1.5012267,0.032821336644431556,0.010018741,972.2177291407559,1470.060598320305,21.693759331502292,0.1448588370787164,0
-1.1353381,0.11695072324535963,0.01123768,2002.828745420232,2013.6611984058725,21.82624079575897,0.20290250015301772,0
-1.2802815,0.11693486260150812,0.011055864,2214.782849347639,2311.155960470868,24.377318788305395,0.17521312245762846,0
-1.4640844,0.0850459052349188,0.0117494725,1704.4868892295515,1789.8297601584416,21.818903074191713,0.20881891757378276,0
-1.2383947,0.07643584142981438,0.010939176,1573.827438994783,1736.4796023778397,21.50382363778161,0.20599933232867543,0
-1.5733929,0.12485952001160093,0.009641068,2002.4811854041177,1888.7331241420231,23.011824755763104,0.14418675387442292,0
-1.6051338,0.07024452581206496,0.010108395,1582.3504317424934,1766.1104785948062,21.66898132585825,0.1807722827534011,0
-1.2500563,0.09935220598897912,0.011004525,1817.0562752643839,1910.499590939684,21.26249591500819,0.20824045177958164,0
-1.2613982,0.08316415313225058,0.011085832,1630.3258670862022,1727.317162146634,21.585435145927644,0.20923802060636695,0
-1.5929161,0.09584247208526682,0.011596897,1771.3199094572947,1747.5453100031839,22.382697541862036,0.20878260265737128,0
-1.4483145,0.09133465052204176,0.010230216,1780.204736255127,1868.835419237532,22.370589668640726,0.18950398765092322,0
-0.9972298,0.05442240066705337,0.010862726,1608.5416401141358,1803.1687446216536,23.15124557069961,0.1423816944993036,0
-1.3461999,0.09486930829466357,0.01091213,1817.6083207495572,1988.0452423032475,22.575292671596987,0.18293013672099656,0
-1.2983379,0.14083005546693736,0.010749095,2138.2128848430325,1891.186705827961,22.213139725793862,0.19632188274454113,0
-1.0604495,0.07093106511020882,0.010982654,1541.767467999207,1834.4924739459072,22.337335877398377,0.17961095932987825,0
-1.8091031,0.11596056590777262,0.010188596,2137.0306315675357,2169.83738266716,24.833256711704397,0.15993045122809038,0
-1.7112646,0.2003629821635731,0.011741049,2736.055251981971,2005.6706123204328,22.775723441310372,0.1781162344519809,0
-1.2931086,0.12329724659222738,0.0110477125,2302.57319563365,2240.854433328167,24.253580747751,0.17299496725257893,0
-1.1885893,0.11325292742169374,0.011055264,1975.2787337625753,2003.658177217266,21.330267468136164,0.19964994244645454,0
-1.3015455,0.08793594112529002,0.010045323,1943.1007636105696,2124.4355685104374,21.98211598930282,0.1658490478243155,0
-1.2799647,0.10738448919663574,0.011010666,2143.4389408143315,2264.2898596871414,24.423023567862458,0.17369482249265053,0
-1.2471565,0.1256582167198376,0.01098706,2126.356748064815,2084.272747963787,22.50622829476825,0.19958195700673784,0
-1.3002648,0.1100558747824826,0.011095814,2144.9315138483257,2241.020501990208,24.36996504910257,0.1750518423649471,0
-1.1553391,0.08674752573955917,0.010983313,1683.9413836608778,1795.9554391011904,21.208482446702764,0.21296885312112313,0
-1.2975911,0.1090793122824826,0.011132194,2114.6880914294807,2202.816487849677,24.43091824056798,0.17682975392295752,0
-1.3077118,0.10279509860788863,0.011039273,2039.4342500015077,2196.811088962957,24.20851148862649,0.18258343803279975,0
-1.3345981,0.12617708635440836,0.011000669,2316.773947674108,2301.7444094173234,24.304694734641664,0.1627139477814944,0
-1.4034636,0.07894295606148492,0.010206483,1624.2114782281324,1754.1122709871756,21.33154252001903,0.1938832926586682,0
-1.3423017,0.11464639827436195,0.011760319,2151.6006272159652,2078.4806099454786,22.75843546800484,0.1965082536591366,0
-1.3569932,0.11725320838167054,0.011008977,2146.329984798814,2201.8924752243347,24.327777102330508,0.17288269279548688,0
-1.317663,0.3218441850348028,0.010723722,3496.6002519948142,2321.2249336685095,23.630520118614243,0.12017126979575571,0
-1.1774046,0.0853755800464037,0.010962468,1701.3484558076696,1799.8568198908122,21.278437565383204,0.20902431882007488,0
-1.4697387,0.06935066524071926,0.011725061,1462.0620898805978,1627.8908726892644,21.881164101834493,0.20934114840371185,0
-1.3380767,0.08523736586426914,0.011765579,1709.9929741217481,1789.0338057694798,21.8298882026603,0.21059928043330836,0
-1.3824482,0.053432243329466354,0.01178676,1403.7047401683933,1803.1377607155002,22.66650451441127,0.1763108330115476,0
-1.3391727,0.12583721541473317,0.011773534,2220.1139000832245,2058.7268506372,22.08651068462251,0.2028191746241447,0
-1.3525416,0.07844787739269142,0.01108377,1634.1235008861506,1956.1448646571405,22.078612521056023,0.149191324045564,0
-1.2792604,0.10622552929234338,0.011110881,2084.498703557995,2168.2490612861225,24.16887562529443,0.1742131764268726,0
-1.4872801,0.07325918104698376,0.010217396,1509.8651465821179,1661.2131183904105,21.228207703527094,0.19699838348960216,0
-1.2189423,0.19385105495939675,0.011010692,2622.364116680503,2045.0368675819384,22.642118708064142,0.18776773422170587,0
-1.5344411,0.050015407482598605,0.011289712,1174.829918755665,1553.8701236307893,23.29945532737861,0.16317582589974022,0
-1.2844834,0.18719185034802785,0.0110285655,2936.14310638841,2380.4735678601214,23.803595165632032,0.1486655564245154,0
-1.2164805,0.08587745613399073,0.010918481,1716.268213642826,1807.1489801821822,21.31031291695429,0.20666236277305428,0
-1.2000554,0.0757730930974478,0.011067954,1612.1428407015594,1756.4783100618888,21.090723762663597,0.20517786337889535,0
-1.4333992,0.08342472085266821,0.0119382385,1702.9725392752753,1789.288379412451,21.712028195623166,0.20976299176514845,0
-1.8533136,0.17892279038573086,0.009889034,2420.797960788669,1881.7851052706874,22.135323994820446,0.18180761132275383,0
-1.580674,0.09207556917053364,0.01020245,1787.636830427705,1869.4123689201565,22.474644890233403,0.1879628009819819,0
-1.348196,0.03825360716357309,0.010065375,1004.8999040218213,1474.9779744011635,21.55459438943318,0.15611187573134488,0
-1.1044972,0.08061058947215777,0.01105352,1620.5800598791059,1749.4849143163633,20.965136846988838,0.21109079002792655,0
-1.445863,0.06738847701566125,0.011759901,1507.384230606304,1699.0765020730187,21.90657342369487,0.20058850618144897,0
-1.1729089,0.08267473897911833,0.0110750105,1640.913875484759,1766.328769163975,21.12369821506417,0.21324764602311866,0
-1.1891388,0.11007060252320186,0.01111993,1900.333616742633,1954.1287897315942,21.36134047105035,0.19925009107414912,0
-1.3735973,0.05837056808294663,0.010218462,1348.448524783046,1746.5797878219275,22.009291975530882,0.17411930998402472,0
-1.2729042,0.16107616734338748,0.0108679095,2362.796808376498,2000.2771679096425,22.05459731854192,0.20513995675795804,0
-1.4281114,0.07027964580916474,0.011744413,1591.8833854181541,1816.25720251619,22.424803496732668,0.19794579845712326,0
-1.3246801,0.10219692575406032,0.011105803,2051.788931377027,2190.508939822834,24.48854282583983,0.16931755115740788,0
-1.2787766,0.09341579357598608,0.010883466,1794.8404007247252,1909.8698150952102,21.5926094910341,0.20009542348815357,0
-1.343751,0.03694057243329466,0.010899714,1167.7990817480363,1647.8916549887524,22.396885541549636,0.15027743049319217,0
-1.3794649,0.13192430394431554,0.011128948,2275.382592430611,2271.2566656886547,23.973585856505906,0.17440908148477363,0
-1.0864644,0.04654192647911833,0.011012277,1189.3842931568224,1543.3902050067124,21.88145273566582,0.1843425758897088,0
-1.1834713,0.0663008900087007,0.011104649,1563.9682626847189,1919.2669392559856,22.439669991858807,0.17683540514757515,0
-1.1505928,0.1184597502175174,0.011033157,2021.9756401492018,2028.5091882352478,21.405143990064296,0.19779416382120263,0
-1.3040975,0.13568214363399073,0.011091062,2463.1940708663433,2300.258506968102,23.546945903689572,0.1700779163610556,0
-1.1704247,0.06184291618329466,0.011154947,1321.033528437847,1743.6896505779646,22.553411530091175,0.18466860866201196,0
-1.3535384,0.10152171548723898,0.011086041,1909.3111355459926,2030.4797935360425,22.47132527292291,0.18006882420562043,0
-1.3582426,0.09005107127320186,0.011007562,1929.1098087156383,2108.736119178172,24.500614959458364,0.1662156636482957,0
-1.7979962,0.11472910020301624,0.011820134,2224.6677147416435,2208.1091080890433,24.704057202599152,0.173272929582616,0
-1.3344479,0.13623386745939675,0.011062728,2331.4447917959924,2315.1135582552683,23.99672228497921,0.1702686344279014,0
-1.4507719,0.07843428255510441,0.010187961,1614.1597034844544,1745.2062757958058,21.200977306825227,0.19211370063273162,0
-1.2240576,0.10664583635440836,0.010984522,1931.7406009815552,1973.5821722517992,21.556291594172478,0.20055009928140125,0
-1.9606127,0.08979956677784223,0.011708483,2053.738405422343,2141.3425343606345,25.327778355242902,0.15201047913317184,0
-1.757385,0.14097280126160092,0.010058408,2454.6733428413613,2278.3216663821204,24.306432340438807,0.15917643653957822,0
-1.2250754,0.09768004096577726,0.011077184,1789.085067887002,1822.578339408171,21.324677092864288,0.2160778424784666,0
-1.1114147,0.057805249419953596,0.011102669,1432.3629770116975,1841.53627199693,22.289459889761662,0.18155110169844604,0
-1.2110436,0.07510014863689095,0.010987749,1564.9962376856322,1735.4792652129959,21.291045710031955,0.2068600970902386,0
-1.8425281,0.11132246048433875,0.010116949,2125.4351485063294,2185.513617432221,24.82580550844873,0.1551616409417651,0
-1.3346084,0.08170157518851508,0.010175488,1626.920018803373,1747.5266933870018,21.30983042634062,0.1965057982192867,0
-1.2285888,0.07832439095127611,0.010984229,1784.7767360544565,1979.5443319189799,22.269477209304657,0.18594861487325007,0
-1.3926619,0.14197202182424595,0.011094403,2418.3082234278645,2355.8044458902036,24.266606067394154,0.16613938523775823,0
-1.2966163,0.05563913863109049,0.010866138,1217.8639725289834,1585.5061924913634,23.09946679390693,0.16737055262782607,0
-1.1712489,0.0788104063950116,0.011028684,1769.038585675003,1953.9416362992522,22.293982454579396,0.18801397758545277,0
-1.2816657,0.09854218024941995,0.011003518,1997.8648985154741,2138.955849547042,24.419419930968917,0.16950053502958706,0
-1.3741181,0.07495740284222738,0.011830016,1610.8351893782385,1736.9314477637936,21.629386265220997,0.2075698817674201,0
-1.2383848,0.08177408098897912,0.011064417,1677.9665596910029,1798.3338407006074,21.81244491445552,0.20788404450203513,0
-1.2289621,0.08997743256960557,0.011010734,1726.9735134362525,2016.6440425170315,22.403556577756458,0.16852567177824332,0
-1.2507432,0.09075120540893271,0.011033565,1785.6917581634918,1875.988277011793,22.33143925662562,0.20555362932434676,0
-1.2924058,0.06469216756090487,0.011080852,1475.6561982297892,1773.1343263883266,22.510292734781615,0.19060578004155795,0
-1.1679823,0.051274062862529,0.010918766,1214.9609162111262,1555.8294149102642,21.698031285571282,0.18918025741042666,0
-1.5065572,0.05992151247099768,0.009826538,1330.5855780115935,1719.5789108953013,22.807931354412744,0.15881182003174746,0
-1.2351426,0.23949005764211137,0.010770664,3020.873157767151,2160.777901284653,22.617552259249955,0.1553219811974604,0
-1.3927336,0.03909422128770302,0.010201554,1071.7180303700102,1556.8968602705027,21.873814477421384,0.1609276975057987,0
-1.1859356,0.06908896461716937,0.011112552,1450.0515892673245,1653.0664575873016,21.34583447166423,0.20994991792435105,0
-1.7874393,0.15402044663573086,0.011527449,2370.311038174245,1965.444460779656,22.494334115974905,0.1945235885991542,0
-1.520915,0.07970313406322506,0.010177289,1628.3123242082625,1748.8938120482621,21.49190670270942,0.1924467039178912,0
-1.865576,0.1228588130800464,0.011635693,2357.1775519393827,2218.968416830768,24.916789235027785,0.1640366771706153,0
-1.3169943,0.08736269214037123,0.01014256,1704.1513064224894,1803.7878913571437,21.105283926943304,0.19544551445300953,0
-1.6406105,0.06857349369199536,0.011532788,1554.8631578433267,1777.1059908941031,22.54605900340461,0.1893873895141008,0
-1.2070098,0.06376205408932714,0.011052675,1420.9555693686088,1812.281207959845,22.363873250395525,0.18326125929825043,0
-1.2972964,0.09454643090197216,0.011020729,1725.3502669747515,1848.5514091983898,21.50900149695148,0.20527725623386758,0
-1.3573508,0.09633301914153132,0.0109873945,2071.6768142375768,2217.467707709414,24.68125313934947,0.16538430120813954,0
-1.3445145,0.12412313297563805,0.010955357,2262.628890425255,2248.616903628722,24.01458735841646,0.16692586920999067,0
-1.3506099,0.13731125833816704,0.011111334,2318.9698693989844,2282.850258279606,23.76893869428625,0.17138510830316092,0
-1.3881187,0.13050930793213458,0.010931964,2312.7948966403783,2296.9403908771096,23.855546696800463,0.17049623298937477,0
-1.3481598,0.11201806300754061,0.011065431,2297.988503488312,2348.461375518284,23.76936598727016,0.16578780678825097,0
-1.1580398,0.09719969003770301,0.0111663975,1860.9905214852204,2111.9000261687956,22.387757231232424,0.1718726166187012,0
-1.8615185,0.17031272658062646,0.011800268,2936.7255520296617,2364.1572985599905,24.729260545265074,0.1429451235835323,0
-1.3388139,0.10999016640081206,0.011050285,2061.821034049438,2177.2910525719203,24.14184307628681,0.18010291144978766,0
-1.2652353,0.07172523020591648,0.010899232,1635.415047629015,1868.9762518708692,22.336116024470773,0.1857243614030922,0
-1.18225,0.08792687790023201,0.010938145,1724.599018077284,1812.5717939728406,21.31165496205635,0.20770580802479557,0
-1.2436261,0.0521543285962877,0.010488114,1276.1995025818455,1653.1280171778042,22.78914380837764,0.15628414410519256,0
-1.2563679,0.17199735353828308,0.011059547,2278.654368660913,1769.3558085429727,22.144216305181285,0.20806643369705405,0
-1.2539927,0.10170411289153132,0.011037654,1923.7504394968391,2030.9733179139773,22.37807802023304,0.18459273807714793,0
-1.5006742,0.1038181101363109,0.011755211,1835.5968379029925,1753.7446798792366,22.176076156823164,0.21487951284417608,0
-1.2129484,0.17083952653712298,0.0109075615,2388.115332584895,1898.4299256018917,22.21703620308553,0.19792517427233022,0
-1.35845,0.10999016640081206,0.011027972,2066.9471633950698,2176.5135525011333,24.18441103228008,0.17652461019995055,0
-1.356538,0.06801270664153132,0.011769628,1421.218791111462,1598.6433372467563,21.66100148125721,0.21340499870991148,0
-1.2977756,0.10827608396171694,0.009978881,1863.6533051847534,1762.6178506728702,21.274141685976335,0.19134577892543858,0
-1.3882012,0.0697437826276102,0.011848627,1537.108845473583,1713.6408205290509,21.72801677448079,0.20328170491368194,0
-1.3923632,0.09836431445765662,0.010931575,2015.7656373369286,2152.15649237089,24.62691581194639,0.16810544058033824,0
-1.4009025,0.06607091067285382,0.010903639,1501.08500036999,1886.2415114111498,22.27999436379786,0.15252608805316728,0
-1.5480758,0.041166301116589324,0.010115677,1077.412034719858,1529.8395298349983,22.045193957675355,0.16104709468102943,0
-1.2082441,0.09734017002610208,0.011034337,1796.8430691561537,2058.242740843701,22.52289194049046,0.1770831215435508,0
-1.2578415,0.22843292307134572,0.010911129,3115.7049838409835,2494.9472775950276,22.486482506908267,0.15450129405882948,0
-1.3760194,0.08233939965197216,0.01183938,1680.975285247468,1775.2467488645345,21.84831266098725,0.21031771292499776,0
-1.3115007,0.12094987130220418,0.011120158,2068.6249533125947,2066.0503940160543,22.348184372089694,0.19472906333371695,0
-1.906807,0.10013164334396751,0.011798664,2112.382324185035,2191.324223186444,25.417804777807252,0.1611713277761464,0
-1.228801,0.09106501957656613,0.010998036,1739.7184954427062,1862.4059613852094,21.672638948377628,0.20405686597056716,0
-1.292432,0.12506004386600927,0.011005894,2292.4047571778037,2234.2577509177318,23.99342626956547,0.17693931211164118,0
-1.2342484,0.07123128444025523,0.011100052,1487.6389720836166,1646.8318459503191,21.466139976547392,0.2102650394505912,0
-1.10939,0.21109497353538284,0.010938398,2877.237089920772,2338.63614143999,21.560729326994608,0.17719845185547292,0
-1.4723407,0.06861427820475638,0.011780938,1461.9736867730885,1631.676883802187,21.712163209490768,0.21062951812975791,0
-1.2239481,0.11451951312354988,0.0112845,1998.7826821285812,2015.5804538450775,21.588301178723402,0.20117844970082363,0
-1.3550273,0.07670207366589327,0.011729416,1608.718083751175,1736.420462151374,21.575325549890238,0.20835906149777125,0
-1.1998422,0.12677752501450115,0.010157501,2145.524340757775,2021.2747936500234,21.517956678110927,0.18338930482931826,0
-1.4783679,0.04156168430974478,0.0116369035,1064.2954259469484,1515.2617775438023,22.723173632978476,0.17232997153977456,0
-1.1617304,0.10452844040023201,0.010906069,1925.2557883563863,1974.6199356160544,21.388035252286134,0.1991207116720015,0
-1.2351176,0.06743492604408352,0.010989937,1449.6664233366103,1654.8384561260807,21.496420939015234,0.20737861505763341,0
-1.835398,0.10624932025812064,0.011731513,2128.0014993599925,2193.1796991564056,24.901297865145676,0.17184875322473211,0
-1.3943738,0.1752635132685615,0.01175022,2536.596991935666,2017.77513565489,22.354820987903338,0.18809458476769905,0
-1.147866,0.08247761383410673,0.010995701,1643.7372098411925,1918.6385116519389,21.464529676682243,0.1771625209326018,0
-1.3551242,0.11369702544953596,0.010171315,1880.5052138587207,1792.4032220092051,22.023188897665584,0.19398396255169006,0
-1.8647763,0.10766998078596288,0.01181523,2171.0266343955072,2209.843406844452,24.816690438316577,0.17008564345139965,0
-1.1967376,0.17004989305394433,0.011097436,2389.904570988294,1951.9361958012164,21.79584765226258,0.2079718589307128,0
-1.8467212,0.1226367640661253,0.0101282615,2246.6890220988594,2201.1412247786916,24.716701673930697,0.15116031235382274,0
-1.3535395,0.10314743148201856,0.011005554,2037.6998782714636,2162.9864730310724,24.3576860188244,0.17090328020326637,0
-1.2593486,0.1037059527262181,0.011381607,1917.8279152909308,1993.625530618098,21.82182989190668,0.1949742344313089,0
-1.1875417,0.0534129839762181,0.011025958,1328.0697808649998,1755.0189070083438,22.317072692728537,0.1717301759832616,0
-1.5153701,0.06427865791763342,0.011634763,1489.4228514537913,1751.2216796022308,22.761578339222275,0.1924416705883748,0
-1.2416812,0.04549285817865429,0.010939611,1136.016525946361,1591.3612880378782,21.470778839219943,0.1737712206224198,0
-1.238202,0.06722080735208817,0.011816806,1544.048220644025,1742.4435679410885,22.044379556509167,0.1984347130283217,0
-1.2356457,0.07655139754930394,0.0109948665,1660.3599800424372,1842.3026843857579,22.137297556218975,0.19490117697340023,0
-1.227556,0.07922731474767981,0.010179553,1617.2993790911362,1765.7959654629522,20.951147006856704,0.19454940359494297,0
-1.3767781,0.08304293249709976,0.011685082,1652.074861034773,1736.98302367738,21.74435267005352,0.21298569233297482,0
-1.8101162,0.10024606656032482,0.011753561,2213.231848198051,2300.231992090165,24.33014853123924,0.1654421086572865,0
-1.3028517,0.05394091683584687,0.010901391,1501.4608706645722,1799.0194829441655,22.279005345826143,0.16415347662738464,0
-1.211942,0.20357023093097448,0.011006304,2644.612459113347,1924.956847949081,22.75285551177631,0.1770522411090357,0
-1.2949913,0.11519019177784223,0.011038202,2137.9116115831157,2191.6840054658387,24.1558938579185,0.1748711319995847,0
-1.2741497,0.18072523926914152,0.010627132,2474.5793105825715,1928.200782750902,22.18506677131043,0.16664611219833425,0
-1.4179673,0.07113385477088167,0.011732278,1432.6477258806578,1562.4375304717894,21.69385306721041,0.21853058340691042,0
-1.8340546,0.1530268905887471,0.010154652,2663.314502352447,2335.213356860465,24.488692060226366,0.1460798937436645,0
-1.8710775,0.19767007141821347,0.011537552,2688.6094509177133,2083.8668865480463,22.872036644638975,0.1825237579805541,0
-1.2091485,0.04744938188805104,0.011014131,1211.7069064073014,1687.691488788692,22.760716013692107,0.17235900217396774,0
-1.3632245,0.06896547817575406,0.010164044,1584.9577025853132,1822.1306428489354,22.13520916863312,0.1746568203466918,0
-1.2506475,0.09423828125,0.010104484,1720.9539789033277,1945.5041666531492,23.243474458746565,0.14724337195583187,0
-1.6569933,0.07701022331786543,0.01177135,1696.6596899816009,1833.8172079492192,22.734135181760593,0.19350670335782824,0
-1.191145,0.06755727958236658,0.011119087,1422.828665587353,1629.0910686558427,21.074519936204734,0.21237780078867521,0
-1.6609936,0.1749904836136891,0.009991459,2340.7324631656775,1816.2018326677241,22.516508161050776,0.17011375151577932,0
-1.8693321,0.11837931409512761,0.01009662,2247.130577103802,2218.3754693829032,24.729811813717276,0.1599587361068366,0
-1.3105128,0.1129855622824826,0.010975349,2213.451107505304,2274.997310341149,24.016569988944546,0.16967404998849353,0
-1.3635895,0.12425228393271462,0.010933347,2309.9500377132977,2289.932098147716,24.221316062548862,0.15897062481036986,0
-1.4326833,0.07742373296113689,0.010154099,1607.9298009029983,1743.8470982265903,21.334768759714002,0.19176068408191146,0
-1.124295,0.07878321671983758,0.011183309,1600.5007291898053,1757.9434479660908,21.431152996791088,0.21248731945607938,0
-1.1801891,0.1461037195475638,0.010999874,2431.8314390754767,2182.6715431467806,22.57887053802885,0.1681440460405529,0
-1.2468996,0.1776154201711137,0.011119831,2485.3872778846107,2091.5672513998175,21.912477841489267,0.2024979494660999,0
-1.3133521,0.06430018307714618,0.010226734,1542.079308573975,1903.7163661522857,22.164788997003605,0.16539002610986525,0
-1.4139929,0.12638554053074247,0.011017754,2298.912775588771,2320.751195003719,24.394018393723155,0.16451408792753464,0
-1.2445374,0.11488544083526682,0.011092362,1972.9649443643482,2003.4747275031518,21.58234890259067,0.1974183405663034,0
-1.3622711,0.04851317792923434,0.011040856,1189.118980669394,1588.0552870919855,22.403917203542303,0.17478179476980427,0
-1.3931286,0.08467318010440836,0.011168732,1691.5485754828094,1948.1533000179827,22.76044709464255,0.1635892138855565,0
-1.3467962,0.04340378480278422,0.0110110985,1144.2893216558398,1599.7777474094883,22.464778765601856,0.17456362795675442,0
-1.1698093,0.07444419772331787,0.01119876,1594.0158960029084,1758.9792968167958,21.36870161499747,0.20593708511498243,0
-1.8881116,0.10627990864269142,0.01015849,2170.5185139571413,2210.1085980360795,24.901293758047075,0.14921311169908527,0
-1.4847418,0.0958911869199536,0.010215657,1731.649081196806,1765.9026268623352,22.11036685437561,0.200921476626066,0
-1.3718811,0.07287399398201856,0.010182529,1490.4597699178255,1657.434439938894,20.827818439011377,0.1979393697445034,0
-1.6848934,0.22849409984048724,0.011670629,3066.0241136912214,2221.5539638333075,22.58181310170199,0.15900626667032022,0
-1.2841456,0.04369380800464037,0.011007293,1155.3637097906737,1613.124830082728,21.982956873964344,0.16933110568231566,0
-1.1200002,0.04342984157482599,0.011686127,1251.9669133220052,1623.800302571325,22.717568822683983,0.16359467420213894,0
-1.2593676,0.23675183077146172,0.010916667,2933.9516618365997,2132.4186177001106,21.734420374154357,0.16887718499210616,0
-1.1947447,0.08125861006380511,0.011121254,1630.2267270550856,1777.535213189641,21.249428136061983,0.21584630853897138,0
-1.2380722,0.15845349659222738,0.010286891,2427.917977907985,2054.8778235635073,22.058138550378665,0.18300257973830303,0
-1.4381982,0.06984574390951276,0.010186233,1424.125474771173,1584.5682034233414,21.04071780987673,0.20055628748016927,0
-1.4584051,0.07847846577726218,0.010176745,1624.8244784023475,1748.3988130695955,21.427318644798422,0.1913450285198521,0
-1.1753137,0.0843718278712297,0.011096937,1703.3658223651958,1807.2620585650452,21.3123681151854,0.2088555849239622,0
-1.2159734,0.10379885078306264,0.011026141,1899.6307549903759,1969.8119346875105,21.290232523090474,0.19718705915067739,0
-1.3147044,0.05652280307424594,0.010215743,1445.6895420736646,1863.502236130837,22.215798183956046,0.16153491856697552,0
-1.1985214,0.11234887072215777,0.011061776,1971.6426850772245,1986.1997731252657,21.52440003754028,0.20485332986675864,0
-1.3876655,0.125,0.011101848,2335.627647176551,2361.6940018878154,23.520447793682848,0.1649701504661125,0
-1.2375431,0.07645396787993039,0.011709254,1594.1898690420517,1726.8807935317916,21.619109173507553,0.20880482271368295,0
-1.587042,0.12356461173143851,0.01143823,2119.3735005142444,1924.9526071867208,22.07570381203019,0.19640282659968297,0
-1.2780817,0.26562613290313225,0.010978285,3083.9343658611047,2069.895568417675,21.785266278209747,0.15728294687642116,0
-1.4905198,0.09650182170823667,0.011685413,1730.582723840281,1718.8319126015524,22.29601761496927,0.20840482635268795,0
-1.21616,0.0757866879350348,0.011085883,1580.0317845327397,1744.103328937459,21.691627810480117,0.20808068683162687,0
-1.7107642,0.18569188660092809,0.011456844,2937.684756798856,2460.8435288076644,24.023386808543187,0.14985657343206182,0
-1.4543556,0.07957738181554525,0.010185523,1667.6437755754728,1841.435086060767,21.986327983438652,0.18728555848723957,0
-1.3420883,0.10950415095707657,0.011058232,2132.5921438059695,2234.2095268826265,24.497530427581,0.17319688913015674,0
-1.4753286,0.08858962623259861,0.010193522,1878.2029751967132,2000.7686024763225,22.139130062671974,0.18135827228487442,0
-1.2214673,0.11847221215197216,0.011166681,2024.1157645034998,2036.0619902765197,21.54956090661469,0.20019153249805247,0
-1.5079606,0.04010250507540603,0.011800788,1060.014503581287,1506.2586716543099,23.004111779770348,0.1665730101532321,0
-1.299196,0.061847447795823664,0.011077922,1471.4284686511055,1757.7435436370106,22.23938825152134,0.18937315522693274,0
-1.2344432,0.10319388051044083,0.011168753,1844.7068551302052,1930.3180700785965,21.553165041798714,0.20375779494571375,0
-1.2914267,0.11472910020301624,0.011037198,2124.295096261811,2174.343306703422,24.11413786934808,0.1737719319017961,0
-1.524718,0.038758881960556844,0.011722784,1094.205387687745,1573.4781839318555,22.791691688186614,0.16100987672105452,0
-1.4348651,0.07063877610208817,0.010150513,1478.27825985247,1646.9508736139915,21.685182793105298,0.19479286227289225,0
-1.4489819,0.069815155524942,0.011854166,1489.4240795774333,1644.0766826231609,21.58406340336206,0.21182129682147774,0
-1.4049441,0.08363204212587007,0.011832264,1700.7895750664723,1785.5725946054872,21.673192208305895,0.2104468666159415,0
-1.788548,0.0336891404437355,0.011764301,1044.4302588767061,1555.2155205514268,23.479044969559407,0.14078312241756918,0
-1.2104498,0.10736069823085846,0.011122101,1930.8646803516829,1981.5976841437548,21.35816367116865,0.20042858417872741,0
-1.2985157,0.1019499528712297,0.011110031,1987.942868522491,2136.9659836761625,24.4320513566286,0.17441094291899162,0
-1.4437274,0.1292755764211137,0.010726757,2388.955234530295,2355.8648502020196,23.88782130054903,0.15779508239389545,0
-1.887293,0.10567380546693736,0.011734951,2164.343349245995,2231.1472648467898,24.99408952040546,0.17301443446178422,0
-1.4008976,0.1242160310324826,0.011096011,2486.7323165650364,2449.354573865297,23.97993189222623,0.14462430079362124,0
-1.4214458,0.08243116480568445,0.011782146,1689.5309742771458,1785.8907328653715,21.982939744719754,0.2082181234254804,0
-1.9056131,0.11092367858178655,0.010102488,2230.2697708685064,2249.22281245349,24.906341311201484,0.14876849359467748,0
-1.359719,0.057399670098607886,0.010181356,1447.1371042869612,1864.45492799613,22.317428819440075,0.16151003242224965,0
-1.1367755,0.057349822360788866,0.01104379,1420.4502072693097,1830.0048383290411,22.377607911503194,0.1797541970062818,0
-1.2428524,0.08708513087296983,0.011011623,1724.6470397002142,1855.7236556463401,22.433936857793913,0.20276169315745252,0
-2.0503983,0.304194687137471,0.009237617,3399.844907427356,1952.1300505602012,22.769356751892904,0.06540802144005244,0
-1.3852475,0.1252752954611369,0.010987801,2214.5280185734405,2246.2853237002832,24.088274452552803,0.16675372897472387,0
-1.2396517,0.0634833599187935,0.011852899,1385.5812938519825,1759.3262749435091,22.557386806062816,0.18640034343068143,0
-1.1429265,0.08171063841357308,0.011064784,1647.1508602942984,1781.9730430114528,21.26789110030709,0.20989154202839347,0
-1.3840191,0.1402511419663573,0.011079523,2410.6635554587324,2334.354825105041,24.178365914217107,0.17239670512569882,0
-1.4452708,0.07320706750290024,0.010084789,1799.4075739882744,2083.2522461725835,22.043294719412238,0.160928857617527,0
-1.4212205,0.08083717009860789,0.011861322,1673.1140941227627,1780.5499378944533,21.685575114780995,0.210079813873445,0
-1.3566055,0.1207130945475638,0.010971972,2301.3722937343255,2288.2548235526997,23.428561388617474,0.17633264897471299,0
-1.181418,0.06100343496229698,0.010193595,1446.0386244231017,1807.8359393140095,22.002647262055763,0.1689638724369977,0
-1.2819468,0.10463153458526682,0.011117913,1972.4247141566798,2073.7432597862885,22.086301675205075,0.18262684003175442,0
-1.1536515,0.1310270446635731,0.011003049,2161.604839449722,2045.4494465365594,21.807106983987858,0.20305364879532464,0
-1.3230728,0.10178568191705337,0.010960815,1955.784318529864,2059.003293166081,22.373482315164022,0.17545950991921677,0
-1.2331531,0.07157908570185614,0.011187036,1656.366787874549,1927.1367086762987,22.825783275202046,0.18995266689727122,0
-1.09166,0.07767183874709976,0.011121739,1592.0251279346128,1747.9377359197904,21.160791578389325,0.21385110288912182,0
-1.2115953,0.07231660564095127,0.01104804,1441.8743176547143,1603.618175709209,21.228881388642403,0.2175214409378492,0
-1.3275152,0.19108223970417634,0.010967224,2909.096507097413,2315.481393567031,23.55058196846357,0.15220822144480187,0
-1.2554559,0.18241213203306264,0.010998384,2560.1783267514566,2009.7554737895375,23.32284191332986,0.18048935147782222,0
-1.386698,0.0772356710411833,0.01170088,1604.4817555897584,1731.3584677183508,21.914225501520637,0.2086719714799122,0
-1.3907588,0.09118850601798144,0.0102045,1725.1990099843324,1791.986357970329,21.39649077947038,0.20092005779172142,0
-1.7594621,0.12359406721287702,0.0101440735,2265.4826186828404,2248.364745103855,24.674386442904332,0.1566766593133429,0
-1.7918234,0.10777194206786543,0.011677131,2154.650473858934,2204.387250215269,24.790267696369863,0.1726540790149144,0
-1.2749631,0.09995264464907193,0.011101242,1776.0224809474425,1887.794410330466,21.7052903431161,0.20265657265406334,0
-1.2409768,0.09308951747389792,0.0109411,1790.072734720139,1919.2027150706026,21.948217165669895,0.19790216489773058,0
-1.3502702,0.13239899035672853,0.010893414,2308.0889863456127,2248.3643943925945,24.06959674645893,0.1638149596348269,0
-1.2004691,0.06661923578886311,0.011070211,1420.9725667045536,1627.603722677195,21.4092142695373,0.20850881302659904,0
-1.5430528,0.07291477849477958,0.010202587,1590.7184632039364,1814.5263488097944,21.876314084387342,0.18393581202160933,0
-1.3440745,0.09046797962587007,0.01012543,1725.8403492059201,1809.35130955058,20.995015532526878,0.19860571289066223,0
-1.3133497,0.11499646534222738,0.011070765,2137.398712046359,2183.4553146995963,24.23380271440156,0.17495422240835826,0
-1.8433326,0.1466316524071926,0.010153215,2553.6403589266483,2281.9743272908745,24.095232520825725,0.15262614173141612,0
-1.3349929,0.2617946545098608,0.011000003,3109.703677784137,1996.8341415912507,22.655111234758156,0.14062805245669488,0
-1.8885214,0.1045658262035963,0.011753795,2145.959165250813,2219.1574488263136,25.087217839677983,0.17139397986538993,0
-1.2361882,0.10055988072795824,0.011031624,1864.301774347805,1888.8568269940067,21.616213740732046,0.206692542839964,0
-1.4030067,0.03990651283352668,0.011741702,1039.2863348540734,1512.5582719660983,22.21442880788299,0.1732584358374013,0
-1.2750813,0.03989971541473318,0.010963845,1096.6770519075687,1562.611792843121,22.05081848694207,0.1695265066110279,0
-1.257236,0.13156857236078887,0.010821229,2098.5473165943617,1887.9495280534181,22.41690788621069,0.20416648875784735,0
-1.3638811,0.10881874456206496,0.010976072,2278.880613262327,2360.3963806704924,23.689374458819298,0.1650183852797326,0
-1.272964,0.07229847919083526,0.010185065,1498.2421876789651,1667.6874391894107,21.09524525939984,0.1947336945801755,0
-1.3062766,0.10852079103828306,0.011143921,2050.1727974953724,2152.786951343029,24.418864653836405,0.17632262233714155,0
-1.2496612,0.15971328487529002,0.010906562,2373.721795712054,2061.084325244932,22.35419503254818,0.1885899654350508,0
-1.2191502,0.10275771280452436,0.010999202,1898.822638374617,1972.904588349928,21.31271284193961,0.20087797881774516,0
-1.2819493,0.09918793503480279,0.011008594,1888.388806088031,2021.4553757337123,22.280826960419574,0.19045486029979167,0
-1.3826352,0.07059232707366589,0.011708983,1424.9051800830196,1559.4996697713902,21.661363598282474,0.21802458547537787,0
-1.4055219,0.07352767908932714,0.010211805,1493.8266921805114,1658.574489651009,20.9207196633368,0.19861823304156523,0
-1.1133718,0.06391386310904873,0.011171386,1422.386923915593,1787.04970136367,22.052778179359898,0.1894416421033653,0
-1.485643,0.07019127936484919,0.011555754,1591.8550488021924,1806.2320770914805,22.38160530593795,0.19408203615389394,0
-1.8906493,0.11809948702146171,0.010175765,2223.925397098692,2241.7378896904825,24.615003464418628,0.1573380331391563,0
-1.4326134,0.07359225456786543,0.01024119,1419.10165009248,1562.4124363981778,20.81452439120247,0.208113086315581,0
-1.2963046,0.1226594221287703,0.010190205,2111.765338385757,2029.0780559356363,21.40804168766986,0.19565723939254306,0
-1.2915564,0.11039801152842227,0.011058412,2076.5951947020176,2140.298950897139,24.090290265053458,0.1789262249908321,0
-1.3566226,0.12585647476798145,0.011337845,2061.150829719055,1842.8146841330295,22.330477533795456,0.1990483715209916,0
-1.1861427,0.11728266386310905,0.010766885,2293.4070128538674,2230.937761398429,21.80082185561699,0.171462134892538,0
-1.3758965,0.14600628987819025,0.011254948,2530.14037909647,2420.266892742743,23.826113164304065,0.16377274667879202,0
-1.2656156,0.04084908823955916,0.011111231,1061.6866041668693,1554.0003324735362,21.837959747694416,0.17867859346798234,0
-1.4895978,0.04296988290313225,0.011742133,1055.004954183062,1512.5144538228733,22.523074927560952,0.17248906840485587,0
-1.8564854,0.10034236332656613,0.011693228,2118.6543675955236,2201.3645048749668,25.214076572807073,0.16845057874858296,0
-1.3924438,0.11593450913573086,0.010963474,2317.2634589516574,2375.536559237614,23.675381622074756,0.16752867361540139,0
-1.2352769,0.09389614450406032,0.011745254,1997.142036245333,2113.065940686098,22.674587978967388,0.18424498678923973,0
-1.171614,0.10374333852958237,0.010920891,1769.688913883674,1802.2465742825723,21.602580832380088,0.2082049781622167,0
-1.2534732,0.05380836716937355,0.01017212,1377.8074477444734,1822.5094949536299,22.164598076403404,0.1641135570695588,0
-1.14147,0.04933566560324826,0.011056292,1289.118858916314,1742.4388214830224,22.877932159910284,0.16971681707023434,0
-1.6206145,0.07811480387180975,0.010150314,1658.3625146210466,1835.2879000169403,22.09853679605383,0.18326815308343183,0
-1.2554713,0.15272553835556846,0.01078141,2278.740664766374,1892.7280257524542,22.72363668109548,0.18391751432288536,0
-1.2869022,0.10516286615429234,0.011085488,2039.982779845853,2152.6884141804853,24.062469171783935,0.17752340982296633,0
-1.3413064,0.10287893343967518,0.010985668,2102.5048891581,2239.355536491477,23.768816319270393,0.1748710294695485,0
-1.7329481,0.11521624854988399,0.011538346,2221.932381518413,2265.66388864386,24.710216069115884,0.17571452801490572,0
-1.8372031,0.10365383918213457,0.011766147,2069.5061236387937,2149.1267998895805,24.84193897559626,0.17746098860727313,0
-1.1790364,0.07238344692575406,0.011132528,1560.398659694312,1743.8904593005775,21.436696182278244,0.20645411040677566,0
-1.8766499,0.13839771244199536,0.010162675,2453.619257073326,2230.1238934497123,24.714468538650276,0.15522882044642686,0
-1.3727565,0.10818771751740139,0.010919467,2151.8457407829687,2238.269147565413,24.48056532602817,0.16746674184240665,0
-1.4852576,0.09085656540023201,0.010208712,1799.7134431183765,1878.89443910189,22.25146363174928,0.18937712221527267,0
-1.2061303,0.07608350855568445,0.011062921,1591.2084350676168,1751.0348439959678,21.229492197567602,0.20618103041765645,0
-1.2888775,0.10184912449245939,0.011073135,1982.0857334600414,2067.292846421322,22.188604838064084,0.1829736941740303,0
-1.3831768,0.10571458997969838,0.011030773,2042.9358025211225,2183.7505351399745,24.21311919022568,0.1778727423394636,0
-1.8083836,0.10694605568445475,0.011641768,2114.4696566118523,2182.3878838083724,24.882126268300674,0.17306829567306437,0
-1.4301763,0.1606105441560325,0.010720634,2200.102146124801,1645.380243569443,23.777961185952677,0.15331857397109358,0
-1.3014268,0.06997376196345707,0.01162348,1479.9963305160918,1647.3510588467636,21.440138414174985,0.20796210864519304,0
-1.3685946,0.1350431862674014,0.011130452,2468.8912376608123,2416.8492440611262,23.57456907651184,0.16036462383588368,0
-1.1633031,0.05961109701276102,0.0110011455,1364.2457032892,1757.8707537253053,22.886852615193497,0.17966859511134628,0
-1.3465791,0.07317081460266821,0.011744882,1567.7192518556778,1720.1899764487139,21.641627918051395,0.20792215117722426,0
-1.4243286,0.07651061303654293,0.011706423,1611.6625984871703,1737.3769695924254,21.96895143716357,0.20488864036578372,0
-1.1868145,0.20942847302784223,0.011082814,2777.80565003193,2190.894588163078,22.085226677707766,0.1776135339267708,0
-1.4056079,0.07353447650812064,0.011787438,1507.3866080241482,1656.4319352483876,21.75862665273916,0.2130685383748018,0
-1.1328917,0.12444827617459396,0.011038898,2133.026409191428,1990.3289606995124,21.604979330968415,0.20212742297660022,0
-1.4632776,0.09053482091067286,0.010182451,1872.1265484209423,2000.3276220616567,21.979459577290697,0.18159859506556728,0
-1.1025822,0.05766816814095128,0.010935513,1399.6868425183957,1798.2402826078953,22.554844342990652,0.17756435493748393,0
-1.6401443,0.037181880800464036,0.011649707,1094.2935258808561,1575.7005140391025,23.369836587789926,0.14867269961981247,0
-1.3277717,0.060499293068445474,0.011480465,1290.3291278589672,1657.2620906206935,23.450555728074075,0.17182311424227417,0
-1.0859214,0.13818699245939675,0.011137374,2390.23060974548,2301.3802917653866,22.006485833183472,0.17547491582283914,0
-1.3407634,0.08087002428944315,0.010145731,1547.1443461980905,1832.0426051182621,22.602503893585997,0.17710699131922725,0
-1.3751519,0.08924557714617169,0.010180216,1722.4486684028352,1807.434162915037,21.378174788704737,0.1974779031623285,0
-1.3027884,0.11059966828596288,0.011028319,2100.843818431312,2183.130662702101,24.092702798974848,0.1735663438569309,0
-1.2171834,0.054698829031322505,0.011204617,1343.5404276833415,1779.0251500594518,22.28762381060473,0.18156633545731604,0
-1.2241842,0.08900993329466357,0.011009879,1766.5952345002684,1873.7481603474112,22.24544820916198,0.20239347339791436,0
-1.3636538,0.10490569714327146,0.011635382,2246.456279576876,2214.4462940742956,22.52746890849607,0.17312932171739717,0
-1.229723,0.10166446128190255,0.011016182,1893.623704672103,1958.8226539851046,21.3850353782934,0.20092492880296878,0
-1.135938,0.055159920606148494,0.011043843,1359.8670279271587,1777.9763062174097,22.724250771356797,0.17541881136467755,0
-1.2544034,0.08001808113399073,0.011108239,1707.2329894953662,1858.2207234905761,22.264926018839937,0.1986653273527805,0
-1.4039682,0.13635282228828308,0.010903919,2409.1129703276615,2270.3438923887225,24.24525590370887,0.16861695374539595,0
-1.093604,0.05695104045823666,0.01095835,1294.9871719975408,1675.418873358715,22.71001804850989,0.18322522978327346,0
-1.134233,0.06834917887180975,0.010966797,1476.0641074777272,1672.5241337646244,21.6609789996308,0.20209781112945968,0
-1.3870612,0.13825949825986078,0.01101117,2409.8889819791398,2378.3841535701413,24.036552574870708,0.166942950158854,0
-1.1468563,0.05959636927204176,0.010775406,1303.0370192464766,1690.3507956579513,22.79304612814122,0.1749354446793837,0
-1.2756977,0.17504599586716937,0.010944164,2379.9497386628987,1875.8947236093475,22.309532345412006,0.20096262415341148,0
-1.3581433,0.08107961136890951,0.011725512,1685.4737240967622,1793.3086862794235,21.560711985060554,0.20639686047818992,0
-1.7843955,0.11352935578596288,0.011546392,2280.3308395773292,2331.836140526343,24.205935442768098,0.16906577512222135,0
-1.6303608,0.13033030923723898,0.010102003,2204.3017925048225,2062.844882104089,23.070297261921514,0.18384347260745704,0
-1.8435105,0.1176689838312065,0.010184559,2386.463112304205,2335.0955790651506,24.31977300581985,0.15045771472684252,0
-1.427677,0.09574051080336426,0.009872237,1752.5566714698948,1800.1925808058586,21.17083977521239,0.19186509087816972,0
-1.2438841,0.19921875,0.010977668,2916.325001952729,2461.877407958797,22.792536021151907,0.16718463392368965,0
-1.1291201,0.10271579538863108,0.011134469,1889.726817881671,2089.611044940368,22.426242715401308,0.17416598265862168,0
-1.2779939,0.06355359991299304,0.01108213,1504.7635754602732,1730.4216284353763,21.137993089516687,0.18952679223481986,0
-1.3622559,0.07953773020591648,0.010226066,1605.5500672573376,1745.6692952214207,21.074316979730902,0.1960947975513185,0
-1.0834715,0.061995858106148494,0.011009824,1439.7325393335486,1806.865719087482,22.3132201572526,0.17993058422557354,0
-1.4196848,0.07984361405162413,0.010143163,1617.002212803991,1747.3035387868292,21.357982810246288,0.1927241199510826,0
-1.81792,0.09779786289153132,0.011712822,2119.981537336375,2224.160344939878,24.841634069261335,0.17428702194833023,0
-1.4789447,0.11963230495939675,0.010213697,2157.8709380746736,2089.9754229689884,22.2845743865,0.18271036308606958,0
-1.2461536,0.09392220127610208,0.011008227,1756.2380933403927,2030.857369665855,22.61941371031605,0.17592684026415642,0
-1.3047585,0.11276577907482599,0.010957257,2181.738748580476,2263.648547906051,24.22216273293288,0.1718288579918881,0
-1.2485453,0.11751490900522042,0.011090765,2037.872214123832,2029.134504301313,21.776846571387246,0.19693639567481602,0
-1.3034272,0.0705050935324826,0.01092335,1495.0807871772847,1873.0383014869724,22.074580409725453,0.16359871873751966,0
-1.3023994,0.06472615465487239,0.011739665,1376.430470196553,1762.661598711449,22.62523219227694,0.18431884474478444,0
-1.3505987,0.07544001957656613,0.01164571,1583.3521484439257,1724.713177951486,21.666241826712668,0.20688162480544595,0
-1.2526121,0.07271425464037123,0.011036537,1459.1989648041076,1631.231937859729,21.37684643159594,0.21482043330926304,0
-1.3606119,0.1316252175174014,0.01098827,2272.2579734689675,2250.797242873198,24.026905347170594,0.17221540340060063,0
-1.1479962,0.1309534059599768,0.01098821,2094.44427957168,2018.6198067112,21.818181688594507,0.20382365407326086,0
-1.3969964,0.08712364957946636,0.011833519,1691.6759946687891,1753.637606567876,22.063888279066358,0.21192298659543096,0
-1.5053103,0.03967086898201856,0.010183703,1172.449874281854,1657.8796131110096,22.061730601354764,0.15385675798526577,0
-1.1761001,0.08387788210556844,0.011006214,1686.658598684924,1805.4110770074199,21.37727002267835,0.20831209802444536,0
-1.2343291,0.11289493003190255,0.011160717,1967.5277352992773,1992.098406419295,21.597484774608315,0.2056961330256343,0
-1.4279568,0.07421875,0.011621662,1598.7425715562945,1731.1460253601222,21.889263181096712,0.20479665442958586,0
-1.2006683,0.08458481366009281,0.01099873,1682.208500482238,1795.016732428045,21.36826692801926,0.21149754919301098,0
-1.8462814,0.05965754604118329,0.0117965,1440.0665373219867,1689.7273062916966,23.338490727118533,0.1860884228642005,0
-1.404711,0.0868336263776102,0.009556472,1580.7889909564915,1694.017316057673,21.255410384605007,0.1893542597989363,0
-1.3948597,0.07677004785382831,0.010223735,1551.2208462867463,1693.2780112470887,20.98404995612091,0.198638362052343,0
-1.2860147,0.10370481982308585,0.011070771,2081.2743548176763,2193.2156863331884,24.57697964624329,0.1759047278366542,0
-1.1322485,0.16908692539153133,0.01114503,2597.172070910861,2241.930777996419,21.678737234861625,0.19292423838502604,0
-1.2418909,0.17099813297563804,0.011182153,2437.158302401448,2088.465403769921,22.028635655060764,0.19980727037957632,0
-1.2048723,0.11836571925754061,0.0112056825,2020.931838447705,2022.7967702078868,21.44617604503458,0.2014579703218987,0
-1.3085654,0.08498246265951276,0.010174778,1923.406978606162,2133.432735273645,21.58950285025249,0.1666565018159175,0
-1.2965374,0.10978397803074245,0.011054677,2142.371970177399,2242.804787998153,24.25322287194524,0.17877538248626612,0
-1.9688482,0.0983393905887471,0.010198657,2098.9721583486385,2184.8702880219294,25.324959045762164,0.14432978647205824,0
-1.422611,0.09052575768561485,0.010203472,1737.1795971773645,1805.4730080334143,21.267162661102475,0.19735677880286837,0
-1.2188516,0.07121202508700696,0.011085707,1500.8959649485907,1670.1077036015001,21.24192363011476,0.20973810622738887,0
-1.1035634,0.139616716212297,0.011029622,2249.700276773681,2033.4955878888236,21.554913100009248,0.20586894113334467,0
-1.8751853,0.11263889392401392,0.011570032,2157.513445155574,2182.08281662517,24.712416757307267,0.16954751473664695,0
-1.2831572,0.043015199028422275,0.010141622,1128.2071832145996,1484.2799895944968,21.44292107969535,0.16942171500506012,0
-1.2698789,0.07175015407482599,0.0109548345,1498.60941342386,1877.3272462550876,21.905120058919163,0.15901467526311405,0
-1.3605492,0.10142541872099768,0.011056581,2214.1724568020627,2306.2030139004337,23.58997873377333,0.16463960812286824,0
-1.3404405,0.11021334831786543,0.010914134,2130.709924637495,2218.8086712913755,24.412120873947742,0.17442690465959712,0
-1.3225276,0.04075619018271462,0.010948819,1070.1896702624888,1519.5253832583444,22.387889475990274,0.1703279493895515,0
-1.5826705,0.26505968133700697,0.009856552,3072.9698948977666,2008.05507466378,22.96364001435711,0.12387156455187624,0
-1.829684,0.12818119199535963,0.011515258,2447.4960229416233,2228.734512415946,24.756786926850484,0.15810860570900367,0
-1.92484,0.10605672672563805,0.0101400325,2238.6291307411425,2298.3578158521113,25.24445914683878,0.14376239818273837,0
-1.3283373,0.10688601181844548,0.010976852,2197.079626760442,2349.5228407901277,23.94801879767403,0.16633134692625626,0
-1.4662743,0.08892383265661252,0.011757619,1881.2134136235727,1988.1478576571071,22.902471421473518,0.19392993788122279,0
-1.2372766,0.06672686158642692,0.011801738,1472.3847108775446,1641.790838846605,21.4902725763836,0.20704554574689646,0
-1.2020365,0.07630102595707657,0.011008441,1605.4974724431315,1752.9041281410257,21.035840408216693,0.20522686637846713,0
-1.317699,0.0629860154437355,0.011484119,1413.262109488486,1744.7895016149691,22.67309346480829,0.17734021826493737,0
-1.3293507,0.10803364269141531,0.010986243,2255.7625116354343,2341.5348933713494,23.535166989519276,0.16890739769348093,0
-1.0899026,0.06619666292053364,0.011047306,1562.796381538459,1914.175951882209,22.543415677536863,0.17767129758363273,0
-1.6337826,0.0738199680974478,0.01014671,1614.1971129646045,1819.411595160129,22.294371178396855,0.18108734565981868,0
-1.3557152,0.10571458997969838,0.010964976,2111.1104433299124,2229.530409513896,24.450484256350713,0.16413113692257505,0
-1.28598,0.08577662775522042,0.0101139555,1691.644233705914,1790.5867016839786,21.251563397907514,0.19314690077970006,0
-1.460402,0.06555204103828306,0.0117745055,1437.7018792265917,1624.6629670873447,21.778955153528212,0.20709789880598084,0
-1.3331066,0.10983382576856149,0.010971686,2145.249858449236,2239.296570385923,24.273222914054827,0.17492721124304456,0
-1.0101174,0.06887371302204176,0.011128824,1516.522494409754,1728.2959868986404,21.11179049379331,0.2062942425631341,0
-1.4124255,0.09480359991299304,0.01018506,1648.211567301368,1693.359751539647,21.23893392326126,0.20948984504851606,0
-1.2199308,0.08807981982308585,0.010988848,1757.9358060168756,1863.9531984837329,22.4626317898813,0.19968638985113943,0
-1.4257424,0.05721840559744779,0.0117359115,1388.4845542869543,1808.1487873849514,22.790023260872836,0.18152308046529023,0
-1.2167225,0.06383569279292343,0.010985103,1401.8093421949159,1780.2318558678473,22.153849284717914,0.18559309846894537,0
-1.2065686,0.06515552494199536,0.011168384,1548.8805262836781,1820.6743584048397,22.514039562186444,0.1910061986908053,0
-1.2129531,0.1877084541763341,0.01103878,2537.207044055063,1986.6041046614419,22.306258090908596,0.19587515235766084,0
-1.1730065,0.08610177095417633,0.011103043,1672.632774640921,1803.5588432134239,21.52399669175873,0.21561538488226129,0
-1.3289652,0.10699930213167054,0.011041086,2009.7193775195883,2159.2318538817326,24.14432221940657,0.18084786847698184,0
-1.21749,0.07887271606728538,0.010994978,1604.9006305822315,1754.48590364001,21.3833154241502,0.20652954286594952,0
-1.3478473,0.11300368873259861,0.011067631,2129.4890070104498,2216.320541331656,24.259795692911034,0.1769029577276421,0
-1.3103726,0.10806423107598608,0.011072876,2036.2438853968215,2127.8870969832597,24.074391429222242,0.1740327349391516,0
-1.2725029,0.05801596940255221,0.011719021,1362.2617727217182,1739.653949625526,22.79903990379961,0.1820041767408408,0
-1.3253376,0.14369856619779584,0.011150124,2372.44199324818,2316.683644810132,23.59467925132189,0.17539005900628535,0
-1.3107483,0.0872992495649652,0.011718613,1866.7462285908869,1967.596786138418,22.60301504692111,0.19381599149362003,0
-1.9120377,0.11995971396461717,0.01149659,2368.7405260165647,2295.217570334288,24.903825674950976,0.16291921204511925,0
-1.6747153,0.0829069841212297,0.010175815,1719.6419268470688,1851.918040597531,22.325728529871917,0.18506875009871646,0
-1.4018738,0.045223227233178655,0.010688785,1144.9558246597478,1574.551174113078,22.837607511945627,0.16488119164222068,0
-1.3934817,0.05450963420823666,0.010234892,1466.4394624372383,1845.9536508379506,22.12312522903546,0.15639693573639982,0
-1.4030712,0.1412786851073086,0.011082424,2355.311191155107,2301.102969938553,24.391612852902913,0.168682585015713,0
-1.1451157,0.07389700551044083,0.010988626,1573.3262566752437,1740.7369799266207,21.29572824434914,0.20645162459840435,0
-1.8559656,0.11373667705916474,0.010080036,2234.86072131838,2275.4568560013286,24.901656042206746,0.1518063417147579,0
-1.2820926,0.07507975638051044,0.010955073,1574.6716791156532,1738.9786858758143,21.620830376430938,0.20512562329738612,0
-1.2532465,0.08170610680104408,0.011008651,1676.1031586147267,1806.6458846085845,21.36012207578859,0.20814071341119703,0
-1.403389,0.07941764247389792,0.010187627,1609.8393955851895,1748.7085615021329,21.199433088552684,0.1933341427903782,0
-1.1799355,0.0719722030887471,0.011112991,1514.76328906902,1681.2702968995009,21.470202830728617,0.21073064309934567,0
-1.2730501,0.17572913645591648,0.010946899,2305.4700742257205,1708.6959432781698,22.434245956738184,0.19973623600283916,0
-1.1667548,0.11353162159222738,0.01127332,1967.7955353335512,2001.608504114072,21.431554933841102,0.20165105907997904,0
-1.2890925,0.13854612275232017,0.010974273,2476.937491373697,2289.979045756932,24.447082670766555,0.1667210762347091,0
-1.3941773,0.13775648926914152,0.01109374,2301.5351616604003,2263.392891195191,24.1844458288223,0.17133882983249435,0
-1.3169479,0.1339861876450116,0.010916533,2421.609167811803,2250.3714928833324,24.013204084604023,0.16501983103517823,0
-1.3894008,0.1277370939675174,0.010917612,2304.280904049553,2307.302022442437,24.236582433540985,0.16721211072543554,0
-1.4088548,0.07637919627320186,0.011801792,1595.3143763681512,1736.997649352126,21.632671863123722,0.20744566217160063,0
-1.0608783,0.13318975674303946,0.011026151,2391.8512630082378,2229.7557351876535,22.04702929922962,0.18257538923960112,0
-1.2000114,0.0753924376450116,0.011063223,1615.1110391423974,1757.4531883483319,21.506830539366128,0.20141443933578415,0
-0.99084634,0.08527701747389792,0.011022663,1723.560930633802,1866.3145311573614,21.596810834448526,0.2081969045229911,0
-1.5254999,0.08954919518561485,0.010153896,1632.9835305829386,1698.6528219807606,21.28076119020047,0.20663677941592742,0
-1.8825495,0.11458068989269142,0.010113311,2233.3043351204956,2271.5263721132105,24.768951777119046,0.15419363301470762,0
-1.4042437,0.14461168612238978,0.011594727,2348.36713467387,2055.6061928734293,22.50083932898153,0.1918996108252946,0
-1.195136,0.10192389609918794,0.010953926,1880.4409532454301,1960.8700937374329,21.313442693997626,0.2016658654583949,0
-1.3958035,0.08924331133990719,0.011810672,1707.6110915919203,1762.7419853831586,21.777022923130307,0.21702436356719265,0
-1.4039309,0.1456154382975638,0.011074882,2435.968154742986,2361.5083515805763,24.283282541966205,0.16740164148509132,0
-1.3838623,0.11813120830916474,0.010948663,2196.493279663564,2254.4993552286937,23.885517014727416,0.18172369850796113,0
-1.1126571,0.06897000978828306,0.010985792,1521.4533366182854,1808.16867098014,22.631349375500445,0.182399431091167,0
-1.502973,0.08872557460846868,0.011593668,1837.4091961481136,1942.814920516381,23.02115617999024,0.19503832155657,0
-1.1609213,0.048011301841647334,0.010975398,1270.7961442548544,1711.0027531143858,21.872672599638026,0.16370631942346642,0
-1.1595658,0.08615048578886311,0.011114334,1709.150874653658,1808.0073085223964,21.327706351100694,0.21177632730202,0
-1.1971028,0.07466624673723898,0.011068785,1579.4094033434583,1745.1370182013843,21.500585821183254,0.20595675037964542,0
-1.8362852,0.2728076058584687,0.010177057,3169.4086112976624,2098.1969201492675,22.805574332576615,0.13358075163885647,0
-1.1293386,0.10979757286832946,0.011144608,2067.8809119053903,2049.3854627853834,22.323101674771237,0.19925269972108348,0
-1.2117988,0.11333449644721577,0.010956741,1970.4541992530715,1992.1826570964633,21.35956616310739,0.2017135818120416,0
-1.3811853,0.08793140951276102,0.010245893,1712.1244800054942,1804.1090262248035,21.03251244438575,0.198167448697955,0
-1.0814686,0.11390887833526682,0.010836867,2008.970294919724,2027.7103959511082,22.191782952992337,0.1831958376713566,0
-1.3087013,0.11871918503480279,0.011013748,2277.3962449225405,2322.689916533109,23.50440055837449,0.17380694080516002,0
-1.3996972,0.07887384897041763,0.01011045,1523.2761829236847,1653.1779002178698,21.311151354645215,0.20109510407778533,0
-1.3436478,0.10277357344837587,0.011067343,2013.8836577483678,2156.8362582241975,24.507685404438707,0.17145387993470043,0
-1.3616334,0.08924104553364269,0.010213245,1718.2090134069501,1809.0148052849063,21.023204926586555,0.19704928509408604,0
-1.1213965,0.13659526355858467,0.011055447,2184.8533093020133,1982.4544656937367,21.884643431353375,0.20670711838495823,0
-1.8081874,0.12310465305974477,0.010261843,1889.2230499489278,1642.7998074286213,22.81016874585921,0.16243910402815845,0
-1.8740749,0.11040934055974477,0.010106404,2158.429268381917,2182.7591153917,24.592324023224503,0.15200154846594346,0
-1.2633654,0.07982775340777262,0.011009108,1623.857917589398,1750.7449545142308,21.37140905446688,0.20828120249098078,0
-1.8226675,0.13301982127320186,0.010113576,2398.8706373975374,2244.854913315732,24.59024834880959,0.15292527319202567,0
-1.3925267,0.1287986242024362,0.011031058,2236.76873151117,2256.5394430476513,23.89923171411313,0.1739800417581878,0
-1.1920872,0.19140058548433875,0.011157342,2565.1129636774904,2053.5852131505644,22.288159939617135,0.1873904369711067,0
-1.0741229,0.1138658280162413,0.01103286,2218.452753439485,2196.2816898811766,21.909962944277826,0.18192416307007508,0
-1.3817799,0.11955186883700696,0.010967005,2200.8552382710727,2264.4036225973236,24.266949141697882,0.16612549935622342,0
-1.8064488,0.12038908425174014,0.011746349,2377.959627564601,2296.4587715960693,23.979835399267888,0.1700682217071893,0
-1.3261005,0.0897429216212297,0.010919702,1799.5648371993723,1978.619713689833,22.32825854385855,0.18395251629922701,0
-1.2216504,0.09686435071055685,0.011042974,1782.3522174259294,1897.7374176305016,21.494275368062784,0.20147756654770407,0
-1.3319596,0.11416038283062645,0.011065401,2336.757103514078,2353.7821069567544,23.922945318652364,0.16263312490837392,0
-1.3381507,0.11403009897041763,0.011087233,1914.9727262461429,1967.226172011487,23.94139695817188,0.1692041671644585,0
-1.3547037,0.10249601218097448,0.011052153,2050.76194628872,2194.4096486186145,24.596917043174876,0.17166397319434978,0
-1.1963999,0.08315962151972157,0.011163322,1685.6169706899807,1800.881457285532,21.190781749332285,0.21070897765603977,0
-1.693817,0.04771561412412993,0.010015268,1181.8956211367847,1546.3705054131406,22.257334151881576,0.15947449965825547,0
-1.8777857,0.1184665476363109,0.010135549,2244.4662353154044,2235.2729407593174,24.775379547164725,0.1525412461356493,0
-1.1850592,0.08315735571345707,0.010809411,1660.726693979579,1788.5083618038605,21.41239817503095,0.20352690712676735,0
-1.0928161,0.11332316741589327,0.011037999,2187.381801860628,2200.2232980264866,22.111694762076752,0.18538089275822267,0
-1.5965967,0.041861903639791184,0.011640999,1097.505955857515,1586.3825731030165,23.008361074810185,0.15644060788816996,0
-1.579222,0.08035228755800464,0.011626162,1685.8631010822214,1820.6693012486658,22.79236125152196,0.19849424628968695,0
-1.4493053,0.08333522150522042,0.011780007,1673.409473563861,1775.844425718291,21.66313329806939,0.21048994296042078,0
-1.14058,0.07674625688805105,0.011138608,1599.9472454807958,1756.4420340007039,21.15132942100038,0.20931062702180547,0
-1.9878371,0.10305340052204176,0.011573869,2151.3947594208453,2192.0746546016,25.30522031208827,0.16570750786645008,0
-1.3241322,0.11539977885730858,0.010904061,2197.4931147167226,2274.552702345532,24.428639573676772,0.1696168880460829,0
-1.2833773,0.04580553944315545,0.010924175,1149.9241996739297,1594.5581462059895,22.76473235197678,0.17215578262633238,0
-1.2075396,0.0822238435324826,0.01114595,1655.650512113552,1794.208068051496,21.332196706009604,0.21144637134556957,0
-1.272244,0.09423488254060325,0.01107702,1753.966880553805,2030.0862895501389,22.317455114005433,0.1788759194899268,0
-1.2415724,0.07101829865139211,0.011136869,1576.456642069522,1805.1549020450489,22.13415278966399,0.19844265272597852,0
-1.2153966,0.08362297890081206,0.011148353,1685.3785778806273,1801.3065028110175,21.370776615202413,0.21355243950537903,0
-1.2997324,0.1322301877900232,0.011024799,2380.3507138832533,2239.1209286836074,24.119277731048353,0.17340756315688688,0
-1.1737995,0.05969153313515081,0.011125145,1335.9083361195512,1741.3400186670717,22.235654553720742,0.18611829949294925,0
-1.8177943,0.10927530452436195,0.011762455,2183.102700476953,2239.6728189440278,24.876804289500154,0.17774750504049264,0
-1.351971,0.10832366589327146,0.011086501,2137.936814537479,2238.9337305861022,24.58193180070372,0.17159028658960684,0
-1.2183652,0.10872358069895592,0.0111900885,1990.7882111806969,2073.7268011735787,22.23496165173172,0.18548931851237013,0
-1.2763156,0.0772447342662413,0.01180126,1472.8834092994211,1752.0625167575272,23.09745722500345,0.19413907508468065,0
-1.7963809,0.1251971251450116,0.010143123,2268.4117919527052,2238.3112672360676,24.48847288435627,0.15973602873784548,0
-1.35327,0.10036955300174014,0.011010774,1968.8423546733222,2115.693421480861,24.269639560509525,0.17542293115439475,0
-1.8093278,0.11427820475638051,0.010168354,2130.14402416571,2176.1699133536795,24.559835009199332,0.16057048315517966,0
-1.3403027,0.1063376867024362,0.010906836,2110.498674363961,2182.84050933155,24.418955290898392,0.16373213631304143,0
-1.1924504,0.06368501667633411,0.011043179,1420.910863884042,1839.9115556098566,22.01221719266004,0.1827255345719828,0
-1.3522097,0.10670361441415313,0.010967526,2139.5436540872233,2267.8482684967057,24.653917113809136,0.16483185259472918,0
-1.3965665,0.07702155234918794,0.010102533,1511.2837092366374,1655.6623271008427,21.10693988690577,0.20003797463540451,0
-1.3850417,0.1419776863399072,0.010116544,2215.9293153786157,2001.8625665850072,22.317605746341833,0.18965947979139305,0
-1.155167,0.058975538355568444,0.011145587,1343.1724124052207,1605.1357395338944,21.412658349349417,0.20292151048807575,0
-1.4860141,0.040338148926914154,0.011705373,1023.0116688357758,1491.5008240622303,22.751599085755583,0.1653653235482555,0
-1.3653997,0.13839091502320186,0.011045222,2330.491946402802,2262.955527507711,23.935241731505254,0.16709378021916657,0
-1.3068047,0.1153329375725058,0.011083779,2118.1467758716935,2214.9495674552745,24.134730229604518,0.18272486229679508,0
-1.3408583,0.06514872752320186,0.011824273,1421.9650215776562,1621.1834832328639,21.455895364419572,0.20776160431854016,0
-1.3505937,0.11677852196925755,0.010992224,2215.0552677811547,2253.6179837915715,24.024518056524844,0.1765097439073964,0
-1.1603726,0.11137117531902552,0.011202582,1946.4774152233629,1997.8478366004658,21.497917819486855,0.19882805849913818,0
-1.1914419,0.08354027697215777,0.0110253645,1641.7451585450362,1769.6998816701387,21.43968061880148,0.21382089416094222,0
-1.301945,0.0973605622824826,0.011029274,1877.2577783980455,2023.4973495699346,22.440194935398118,0.182623527662655,0
-1.2841523,0.11509502791473318,0.011051354,2202.1328928693674,2265.3130029721706,24.073461553685146,0.1782115373681269,0
-1.2918508,0.11049090958526682,0.011009101,2135.821031454516,2236.5224869236367,24.1829731779112,0.1786472488813158,0
-1.3431838,0.09302834070475638,0.010980269,2064.7108262612505,2232.2062970867123,24.699518772005497,0.16252776074305977,0
-1.266613,0.205091719837587,0.01102196,2676.038893627564,2019.283569529087,22.27193319000715,0.18512090347588162,0
-1.1084782,0.09266467879930394,0.011088596,2023.5628976925923,2159.638621713142,22.049625319739956,0.17754155599692703,0
-1.6499518,0.08391866661832946,0.01159216,1627.6094699585763,1668.4429087316087,22.32240264543272,0.20327826688008685,0
-1.2717224,0.11896729082076567,0.011071799,2302.032410885147,2362.9681477338,23.49640100486091,0.17462717751614235,0
-1.4037452,0.13197188587587008,0.011042858,2374.926956701769,2387.3478964301835,23.988701634431475,0.1629786004856499,0
-1.8499858,0.1214857344837587,0.010118077,2283.08228410676,2193.501540712234,24.657412510028912,0.15317940383482057,0
-1.8943622,0.10141408968967518,0.011750528,2065.8130636189762,2154.349842283268,24.96362713886601,0.17103918229385487,0
-1.1500632,0.10359039660672854,0.011248414,1947.3256931130734,2150.0667688238564,22.140423496520533,0.17164718385229286,0
-1.2365634,0.15384711245649652,0.011115163,2244.5372628989235,1857.5307311337433,22.550192758276502,0.20601823491923252,0
-1.212724,0.1762899235063805,0.011039959,2434.3030667386965,1973.145039946884,22.171910359329154,0.19966777540109823,0
-1.462003,0.19263998151102088,0.010141454,2554.8619829079926,2001.4255710524471,21.88653020494778,0.1768055508124834,0
-1.3028872,0.11666636455916474,0.011091831,2149.977114423879,2208.8076841447855,24.25945745268111,0.17760231856053785,0
-1.2934269,0.10645550862819025,0.011105969,2067.2627181642906,2142.3075440258817,24.40059700756242,0.1691426759286971,0
-1.252748,0.07566093568735499,0.010999932,1585.5306376968203,1751.4506824863831,21.342548926574903,0.208053798687828,0
-1.2938693,0.04909322433294663,0.010730127,1184.6556661336413,1572.138548800067,22.71076397022528,0.16860208393680065,0
-1.4073592,0.039131607091067284,0.010100316,1034.2888702003427,1531.2294427960678,21.44197997105621,0.1616287068930681,0
-1.2190444,0.07019694388051044,0.011023655,1448.8189187188877,1615.2561993127883,21.4384474014641,0.21128931919164248,0
-1.3080331,0.09543802566705337,0.011039188,2128.5877118940616,2302.35992761155,24.13195497637372,0.16517918253340277,0
-1.2748051,0.1694132014936195,0.010834541,2390.093523206604,1933.1706639175961,22.391262467381598,0.19647740554574913,0
-1.5038829,0.203115936774942,0.011749475,2991.25455438358,2430.409207384331,23.280710531028152,0.16299366815110686,0
-1.3809509,0.04520283497679815,0.010215943,1184.2117139247523,1667.4797628547478,22.42545891028605,0.1576014403868414,0
-1.4028424,0.07440114740429234,0.010204542,1500.3024820535263,1650.827292046192,21.306496367538667,0.19876535698594242,0
-1.1959552,0.09253666074535963,0.011147442,1788.9100672298202,2030.5948766134638,22.318738320012958,0.1804210423393069,0
-1.3618976,0.08348363181554525,0.011772545,1683.6369161800567,1776.8092082754338,21.880415070863,0.21273693925351267,0
-1.1419991,0.06600406938805105,0.010969242,1470.0748151729094,1821.595278496619,22.03678887891375,0.18378286678714573,0
-2.040188,0.1526756906177494,0.01136472,2182.825564713668,1652.8758258914743,22.833184628772162,0.19180394481332178,0
-1.3286432,0.053777778784802784,0.010155514,1328.1624440341632,1761.0506401384869,22.468912708832615,0.16274872358298123,0
-1.28242,0.10810954720127611,0.011121843,1993.148620044755,2077.1337612773705,22.222121099649247,0.1857423563326348,0
-1.2523627,0.1261261057134571,0.011063051,2307.863638834254,2299.2511161557222,24.03416228724432,0.1783882234066592,0
-1.2728571,0.17358908243909513,0.010882422,2939.7542706087834,2566.72702382828,23.345301208892675,0.14562569889393587,0
-1.5299208,0.07058779546113689,0.011679643,1585.559869420202,1790.6897673920303,22.52699802650849,0.19564790085196018,0
-1.245908,0.05086395192865429,0.011812542,1272.6568111336715,1685.7875114509718,23.24187983930665,0.17682173764312792,0
-1.6125869,0.18783760513341066,0.010113411,2491.3493612165807,1949.0900542546028,21.356891328375827,0.19057578686310472,0
-1.9284128,0.09437309672273782,0.011750155,2037.7103453093014,2146.1734687954536,25.15700211576851,0.16251160909911452,0
-1.3658508,0.13617835520591648,0.011140034,2282.576946019049,2263.097255983592,24.122679683814958,0.17133795175539102,0
-1.4321464,0.08065024108178655,0.011843018,1677.2610375232973,1779.9311765489563,21.80613039412298,0.20911283864710395,0
-1.3316159,0.15895877138921113,0.010876398,2653.2313611071445,2335.9276754556386,23.49033536648024,0.1602148067121024,0
-1.4826058,0.08946649325696056,0.010169934,1725.3550085105567,1861.6674966253681,23.065825239710616,0.1793799979650934,0
-1.2442153,0.0877025630800464,0.011046463,1639.622676969218,1729.1909782537857,22.191284689292477,0.20717557659385566,0
-1.246788,0.06642437645011601,0.01111091,1381.1427007767152,1583.606587511249,21.113078280975166,0.21657500141133082,0
-1.1818459,0.06819736985208817,0.011043792,1563.5088556728197,1811.6997875086508,22.22851560144839,0.19053634465971425,0
-1.3280542,0.10423728429524362,0.0109515665,2004.7050655327114,2160.3900316065856,24.086646461409433,0.18019956819150965,0
-1.3149326,0.07877528639791183,0.011567186,1610.0738858309155,1736.3694764856668,21.63140862101388,0.2094059327157265,0
-1.325094,0.06005292923433875,0.010887389,1481.678844739126,1714.3034154140103,21.767964473047794,0.18424787917558613,0
-1.9170656,0.1143541092662413,0.009990729,2367.4325327861475,2318.650876581093,24.512080342967725,0.13902752364821533,0
-1.1903445,0.09593083852958237,0.010976785,1802.868344957797,1900.9313661602034,21.619370644430507,0.1968006329651066,0
-1.8780475,0.12267301696635731,0.0100879865,2229.322395407048,2194.222631788349,24.359294708624724,0.15432169149814168,0
-1.3648357,0.07351408425174014,0.0101384865,1486.2093392110419,1646.8821900982248,20.790235469436443,0.19759246963196284,0
-1.2392607,0.06875475819315545,0.011765744,1445.3535877684326,1618.3300722629353,21.415395159673725,0.21207587445974574,0
-1.1524734,0.1097579212587007,0.010829038,1860.7934686544459,1859.5482365864607,21.722823941778092,0.2019104993983013,0
-1.3731263,0.07800944388051044,0.011694386,1617.3694881383376,1741.4364873591244,21.744519437725337,0.20855332097765678,0
-1.3265433,0.1204219384425754,0.0110553885,2181.2651264943293,2202.3751165441836,24.201592283645834,0.1750661955877709,0
-1.3250685,0.10440835266821345,0.011092102,2128.1930548420582,2263.110172127078,24.375997321831058,0.17509268450560642,0
-1.2919465,0.09739568227958237,0.010924349,1795.710236435864,1899.7095150074192,21.410286004820538,0.1982605315301186,0
-1.4486955,0.08942231003480279,0.01018658,1715.6576258147832,1793.2465025895312,21.31459504289404,0.19896271274213181,0
-1.254045,0.10356660564095127,0.010853655,1910.2550684725036,1968.503366853352,21.382770898558352,0.20285844298970776,0
-1.3298236,0.038583281975058004,0.0110331485,1043.3486956673785,1540.6492740372726,21.946574626568438,0.16887414233063205,0
-1.3009623,0.084459061412413,0.010232253,1657.6077822863351,1777.8768345818821,21.362588910105256,0.2004610463782983,0
-1.8691347,0.10223771026682135,0.011748849,2131.999231720087,2210.2981489856343,25.042475937738306,0.17053597029845705,0
-1.3190161,0.10706274470707657,0.011047174,2064.643385062277,2177.0541455147236,24.531277266215135,0.17711048205561905,0
-1.3116772,0.10818431880800464,0.011023175,2135.1727360769582,2243.908408907914,24.16270564178306,0.17756579445234,0
-1.1734192,0.06626690291473318,0.011194343,1416.0611550532283,1626.6405472836223,21.058782148423226,0.21281026017012472,0
-1.2661971,0.11568187173723898,0.010767983,1877.170232973427,1809.6168389696327,22.01792642054837,0.21083583083491889,0
-1.2907315,0.07202998114849188,0.011035483,1573.0494970089965,1801.7713191945995,22.34866234290759,0.1951713942567914,0
-1.2593863,0.09388141676334107,0.011000111,1860.1980034326514,2013.542838335235,22.323473223204058,0.18428675825867377,0
-1.2790015,0.04299367386890951,0.010941468,1119.4849425805146,1591.8747870975342,21.7261342311597,0.16933103125597504,0
-1.2234704,0.22786307279582366,0.011024076,2939.4705664455714,2075.4992399803546,22.87243644725574,0.16087474921676026,0
-1.1820805,0.21137593351218098,0.010989743,3004.7438705198083,2481.039939914,22.866598085711473,0.16216664171773496,0
-1.3560869,0.17508791328306264,0.011756117,2700.346705014582,2264.2476604160333,21.897150402589922,0.18745007394550636,0
-1.8419964,0.12203972411542924,0.010069046,2264.0966056064094,2231.482083546802,24.416932740197016,0.15603711123836622,0
-1.2475109,0.13708127900232017,0.010978387,2416.9983814751577,2237.0391535948365,24.119388083387378,0.16979464632255525,0
-1.398338,0.15990587840777262,0.01114942,2640.7353568631256,2342.7259880093575,23.746923302003477,0.1600978493135242,0
-1.7876531,0.11674906648781902,0.011625051,2327.4116012359377,2320.1189280024323,24.675091260138036,0.16688263013463397,0
-1.3598404,0.13253607163573086,0.011105158,2273.2499617496064,2269.429926112742,24.069702930781546,0.17046743465362046,0
-1.1279774,0.08411465886020882,0.011051566,1673.443809414552,1791.4014320674708,21.08117206721725,0.2099552090698561,0
-1.1944734,0.06908896461716937,0.011077287,1468.109331927782,1658.3038009638365,21.09111626427849,0.20940086302824254,0
-1.3615444,0.13253607163573086,0.01099597,2420.496319179493,2254.7399326795735,24.198831602095108,0.16954430186728686,0
-1.8968017,0.10292085085556844,0.011809198,2020.2256603557914,2099.217433527149,24.906798671932446,0.17773881169493463,0
-1.3059576,0.09722121519721577,0.010994615,1814.880101744945,1922.3907647901267,21.98576901802964,0.1991087881851539,0
-1.282077,0.11771203415023201,0.011005458,2243.5022130345887,2250.4804288144874,23.96173284014387,0.17352384671126272,0
-1.2394941,0.07271312173723898,0.011086063,1558.0132591368126,1736.4048771670482,21.65998302200207,0.20776983009896735,0
-1.2334149,0.268595472012761,0.011049029,3246.878581499299,1987.941822627058,23.136320009941926,0.12222996824214294,0
-1.3501381,0.1638540458236659,0.011032913,2753.2454622076293,2363.266408098571,23.969098357004896,0.15273414193854148,0
-1.2125001,0.07048583417923433,0.0110468455,1469.5343050318766,1650.5378429031268,21.459790552559344,0.21086385268095956,0
-1.1620178,0.08258070801914154,0.0110483,1678.628163397594,1806.4766724383135,21.33807178176354,0.2098881856965934,0
-1.2559173,0.148451094837587,0.010682678,2250.9333634381587,1971.3712108938444,21.784961603007964,0.20676029119866932,0
-1.2652662,0.11397571962006961,0.010991796,2058.636116424983,2103.075900468807,23.29639501481612,0.18447086778791089,0
-1.192164,0.10893656648781902,0.011802098,1989.0412981510228,1879.9602203916988,22.65437692851271,0.19849442290050978,0
-1.5503031,0.08627283932714618,0.011500439,1640.7218241856679,1707.905220884703,22.557907592385796,0.2018382894208015,0
-1.8266828,0.16432306772041763,0.010159481,2717.7598217073114,2349.692278099189,24.31745524938622,0.14721932319771078,0
-1.1981182,0.116224532337587,0.011125383,2239.3361414707856,2269.701594441272,22.178812558135515,0.1703712051281602,0
-1.0475503,0.16178763051044084,0.010981721,2586.4554933762533,2317.553973520924,21.81769903038812,0.17195030200068062,0
-1.1884687,0.11851186376160093,0.01107461,2058.6181926151935,2066.1767153605524,21.390810850906867,0.20539446776331405,0
-1.2684499,0.11149352885730858,0.011104415,2186.8502029820324,2260.490864325679,24.37272980908627,0.17388209738375351,0
-1.3701146,0.13387629604118328,0.011095711,2337.7530712218363,2314.0153587278414,24.27821634802299,0.16328351723680964,0
-1.1403732,0.0779278748549884,0.0111343,1595.2555050065064,1734.2146696208074,21.192262832351588,0.21374186237786982,0
-1.3459418,0.0839084704901392,0.011740496,1897.463591400959,2100.338495067226,22.44271968513504,0.18326948107572005,0
-1.2319589,0.06930195040603249,0.011747146,1453.8471007437797,1752.1262356886796,22.83749486908793,0.1926051996017659,0
-1.4803942,0.06772381634280743,0.011636774,1459.7033344681738,1633.026172091413,21.702846413741934,0.20697279238168842,0
-1.4608796,0.07419722484048724,0.011774707,1579.3377871367504,1721.224645001745,21.665655572755153,0.20806042102471625,0
-1.2987655,0.10292311666183294,0.011087383,2270.083237206968,2355.9882296480387,23.906826013502844,0.1604260201477577,0
-1.536135,0.07434336934454756,0.011629591,1536.55929743901,1680.0923245038875,22.081239678171453,0.20803425105060994,0
-1.12974,0.10242124057424594,0.010976638,1856.2975378712097,1931.5441470650899,21.16756855603301,0.20532381208883746,0
-1.2531967,0.10911443227958237,0.010878235,1844.9135734059846,1764.9896299290701,21.751995350335825,0.2025470494427737,0
-1.2500676,0.06863240465487239,0.011039345,1433.2578115643682,1608.4582166217776,21.27345189547064,0.21212255719734172,0
-1.173053,0.13560057460846867,0.010996847,2433.641942907229,2291.7959575504533,21.665797307471856,0.17169882964791586,0
-1.1517925,0.08034322433294663,0.0109894,1638.0180171499096,1774.4465098982985,21.382325917171816,0.20897423227701958,0
-1.2919228,0.12113340160962877,0.011034036,2276.8334647014185,2272.7281960806527,24.074442226560866,0.17217397998541759,0
-1.6218877,0.08631249093677494,0.0101173185,1613.4073431431125,1706.499315037987,21.540483266871945,0.19783724859132953,0
-1.326878,0.10982249673723898,0.0109759085,2252.479269995124,2334.131990427491,23.668155086985628,0.16736221843491683,0
-1.1968836,0.09859655959976799,0.011197576,1779.903038589205,1898.9349860294767,21.435782658429257,0.20674973552954515,0
-1.2077519,0.07263721722737819,0.011074206,1548.4184169727534,1747.6722912324249,21.20910143650423,0.20700849943345054,0
-1.3202853,0.08978030742459396,0.011577873,2000.1298661382814,2137.1247364071446,22.61146987690739,0.18077938353199755,0
-1.5036707,0.07361377972737819,0.010159842,1469.7571899363138,1619.8842497837334,21.169056614762162,0.2000814007179279,0
-1.3375975,0.11224917524651973,0.010928062,2180.558874515765,2232.381990863001,24.307564164021073,0.17356713462907247,0
-1.3580422,0.0583898274361949,0.010967504,1410.0331332098524,1721.041686938989,22.386538669128413,0.18820515649012506,0
-1.4583216,0.18636143235208816,0.010651224,2928.2666822619362,2208.9589865184394,25.39228434166601,0.10785232527925669,0
-1.3089962,0.0791887960411833,0.01176529,1628.0265358224672,1747.726658713347,21.20329663345152,0.2149415347502125,0
-1.2267021,0.05599826892401392,0.011027865,1334.5316651900096,1749.9548886304683,22.303824749292385,0.18445734431794894,0
-1.2815922,0.12223118474477958,0.011045584,2202.3568905394422,2209.911331432977,23.912248193222904,0.175545204737636,0
-1.2793784,0.07550799376450117,0.011018503,1589.4209699818089,1753.5588793468226,21.31240083241334,0.20643797049248014,0
-1.2623689,0.12384217299883991,0.011041466,2287.5789709792716,2272.704484942758,24.039385986495358,0.17425061774840234,0
-1.3326355,0.10657786216647332,0.011071552,2088.658268433319,2218.4521612704416,24.554168738490812,0.17576404378941737,0
-1.5732598,0.07906304379350348,0.010195147,1677.1998989885426,1850.040492097732,22.05996986723042,0.18298791170150927,0
-1.1944681,0.0789984683149652,0.011007176,1637.61414996193,1767.2599539662956,21.226271386408012,0.20507928794151375,0
-1.3394322,0.14691487819025523,0.010967353,2557.0870624524864,2295.153597562662,24.170957359931695,0.16681161173393363,0
-1.3889624,0.13142922527552203,0.011124613,2368.2675976928995,2339.337720734579,23.314101498363872,0.16480780263468228,0
-1.3746452,0.1378097357163573,0.011131792,2321.080109080395,2254.84952263816,24.203209495859902,0.16335319308759194,0
-1.2785693,0.14293272368039442,0.011011972,2520.42986588655,2297.1788456854124,24.35704736296271,0.16589927266359197,0
-1.4184282,0.07660690980278423,0.0116792135,1575.230902311164,1706.4626378991431,21.759602686739704,0.21320759010199475,0
-1.8911686,0.10404922237529002,0.01019646,2301.0305244230663,2325.939129973761,24.197402464671125,0.14588724175425133,0
-1.4481957,0.1271457185324826,0.010803665,2256.600062119902,2243.9430552737563,24.1186032122385,0.164971101065103,0
-1.1860294,0.06517025268271462,0.011145828,1442.3711338575092,1649.2408917703997,21.22437823509972,0.20495080076567984,0
-1.3518744,0.3283153277262181,0.011026434,3488.4793100941047,2146.8454968003866,23.679483535225867,0.10106629928614652,0
-1.3802036,0.08777280307424594,0.010234101,1726.1879827157286,1809.1575532808101,21.19142763702939,0.1963858718870332,0
-1.325557,0.11634575297273782,0.011007288,2241.408187767308,2224.452320503343,24.12204966375527,0.16716869619720798,0
-1.329083,0.1012713438950116,0.01099663,2115.0143546400022,2256.219167480985,24.36025361643166,0.1642531240360884,0
-1.2880177,0.22066573919663574,0.011019515,2877.9878185375837,1975.9950195594697,24.30736137058118,0.13928760125802533,0
-1.3429437,0.11090781793793504,0.011014839,2134.0162696726284,2254.3051095506607,24.353004811652447,0.17705199061981602,0
-1.9304236,0.11534426660382831,0.010144344,2160.7291356555784,2206.726412245005,24.780443121219378,0.15847411705516892,0
-1.4550412,0.06960216973607888,0.011663236,1465.9510275723271,1611.1917454916443,21.71698998296117,0.20878236691625773,0
-1.7251291,0.18190912304234338,0.011400242,2613.8538719635785,2032.245720267169,22.59254374952562,0.1817348515909879,0
-1.6487948,0.1335987347737819,0.010146677,2501.03101448491,2349.543175681268,24.207567297040253,0.15111492837558446,0
-1.2029148,0.07784857163573086,0.011083998,1622.3215929379198,1966.7315639169835,22.443964504353307,0.17682939600930092,0
-1.2563528,0.04257336680684455,0.011528425,1122.8958161338364,1579.0655960932975,22.24368039551661,0.17730873694402596,0
-1.2130626,0.0712913283062645,0.011083117,1439.2041449441283,1620.2407536873966,21.247522248322884,0.21515878129107238,0
-1.1754577,0.10399597592807425,0.011196902,1831.3470850153728,1936.892630830587,21.36722717998487,0.20151587646248326,0
-1.1562107,0.10776287884280743,0.010815946,2011.6352110845783,1976.5812234713414,21.493154152331186,0.18986796928922337,0
-1.3668149,0.12688288500580047,0.010195532,2135.1773593838675,2012.9750084962095,21.29421924746772,0.19857190646946687,0
-1.3459396,0.09196114595417633,0.010203879,1727.8030115059278,1802.085973491485,20.951546257129632,0.2002713744456608,0
-2.0267596,0.1735120450261021,0.007106425,2498.6336580153666,2033.169225860179,21.95302330724359,0.12156548575590048,0
-1.3915316,0.12757282301334108,0.010949942,2463.677795936666,2419.449918618474,23.38357651463873,0.1590201170499634,0
-1.3769362,0.10908724260440836,0.011001865,2176.526870205725,2265.5923862790414,24.508731395149915,0.16985690703884784,0
-1.528709,0.0991947324535963,0.010253052,1831.0526982989809,1880.3741108739168,22.451488206836878,0.19267429470986996,0
-1.1886867,0.18412281576276102,0.01111339,2826.992104860726,2452.458329989317,23.024789956305572,0.16974922334915876,0
-1.317137,0.09505850311774942,0.011133274,1933.9540966601992,2112.3194399710605,24.245470577815126,0.17682331741340754,0
-1.2516097,0.10825569170533643,0.011102646,2135.708556671443,2193.4611252573695,24.240961715731626,0.1712397438773492,0
-1.2348089,0.13857897694315546,0.011055134,2144.989478730357,1932.336745900109,22.00145518803842,0.22025459713301196,0
-1.237145,0.07927263087296983,0.011207567,1522.0551930424447,1644.5113747607627,21.713488776844155,0.22240198344640957,0
-1.236974,0.09346564131380511,0.011016052,1798.2916854409216,1918.1128977751262,21.663575549883976,0.19993592491851006,0
-1.2219316,0.07028417742169374,0.011030462,1471.5900924805371,1658.5572858517387,21.214192798578118,0.20970676526475132,0
-0.9722215,0.09670914298143851,0.011029654,1720.463618883481,1701.2864962606839,21.608051593628097,0.20034914888176034,0
-1.8136071,0.117192031612529,0.010149743,2220.2038927009826,2254.8388090089893,24.763485741258858,0.1574419200977382,0
-1.2711759,0.11118764501160093,0.011010734,2115.022890371537,2205.120709508414,24.326995042463828,0.175145996288442,0
-1.2467556,0.1798823593387471,0.01096587,2521.777006367609,1977.654557073322,22.971782209836842,0.18732315750505588,0
-1.0770912,0.07484411252900232,0.0109316055,1509.2031869448545,1807.9121169789898,22.776923653125607,0.1865231911084869,0
-1.3468955,0.13402130764211137,0.011195779,2320.7791043957905,2286.222606635451,23.889756900373932,0.16913857960649833,0
-1.7851301,0.1171138612964037,0.010128586,2217.93684093547,2216.780864439428,24.650453861980363,0.15797695631062073,0
-1.4224377,0.08506743039443156,0.010211071,1687.7939186844458,1804.3075774984595,21.284541935295685,0.19561469221544078,0
-1.1521025,0.09664683330916474,0.0101499595,1991.5191483488372,2028.5364547872384,22.190685041204997,0.16762853988958382,0
-1.2547401,0.11935474369199536,0.010964629,2254.2425955001036,2205.301713181246,23.64939387162665,0.16980393423184037,0
-1.2998686,0.06984914261890951,0.011061706,1402.6768085274032,1577.4508226629987,21.09744401189341,0.21845384326764852,0
-1.3120314,0.09914148600638051,0.011150548,2180.55551972358,2289.875133139576,23.566429257460108,0.16762209951228543,0
-1.4823624,0.07934853538283063,0.010131004,1623.9144665785416,1747.30126843142,21.360708477926075,0.1918499905661735,0
-1.2854079,0.041943472665313224,0.010945393,1081.3186304384142,1550.347005490147,21.834027123460594,0.17781031979974982,0
-1.9525752,0.1265792669663573,0.010102973,2445.394898072553,2352.202259549166,24.290955504542385,0.14983059373863294,0
-1.2911347,0.1074977795098608,0.011019337,2035.1415685678885,2139.267061521734,24.028476669112475,0.17934740283161762,0
-1.279171,0.0785396425464037,0.010870702,1544.0795935100743,1898.4153920797294,22.08405880375239,0.1590623892863678,0
-0.8625101,0.05777012942285383,0.010932059,1496.7455812336138,1747.8548119201828,21.5838879620056,0.17363061378100916,0
-1.23393,0.23063981837296985,0.01112529,2897.3868470543644,1962.2879981675187,22.64774422553214,0.16426134414305812,0
-1.2230093,0.054362356801044086,0.0108488295,1227.7513937181245,1654.7022788194195,22.684409773979333,0.1663276563207118,0
-1.3727418,0.0728343423723898,0.01157521,1515.9139458474342,1657.00258429637,21.71362969669122,0.2116025973178466,0
-1.287608,0.10391100819315545,0.010072189,1820.5464541394877,1943.0845270973157,21.94800920874967,0.16953185120722358,0
-1.2326175,0.13875344402552203,0.011036355,2397.0005281126105,2247.7195932176237,24.190546905915987,0.18171514071237682,0
-1.8626806,0.13578637072215777,0.0100961225,2430.424592210434,2235.746328185709,24.856652466947715,0.15570528586124446,0
-1.8829544,0.3209945076856148,0.009938026,3514.468817608768,2089.103961048067,22.286429531777944,0.10722887780713802,0
-1.2691493,0.10823869815835267,0.011031399,2066.8705566834255,2160.2515388335805,23.980588007270295,0.1775320800449127,0
-1.2059654,0.07734442974187936,0.011040493,1584.735216502553,1749.0377904581221,21.484097868836905,0.20787583216984126,0
-1.2998648,0.10725873694895592,0.011085633,2237.1026417627104,2338.2585011831475,23.87888408433912,0.16834027935467036,0
-1.3292387,0.10710239631670533,0.010866829,1982.406482832979,2030.5782712219175,22.264137676689725,0.18679104857377293,0
-1.3031812,0.11008872897331787,0.011069502,2163.7347247334988,2217.0456494219193,24.368365433712018,0.17335860148537463,0
-1.3372099,0.10796340269721577,0.010995721,2051.702249132823,2181.696173873012,24.397049414747347,0.17566240105541367,0
-1.8426092,0.12137810868619489,0.010153946,2255.095008309931,2264.0925925725173,24.85302669785749,0.15817745706389427,0
-1.210427,0.07601893307714618,0.011005669,1644.0851441993143,1831.074951699468,21.938169743874475,0.1968366049048201,0
-1.144952,0.06023645954176334,0.01108582,1383.8771446205265,1788.90838476905,22.133513536962614,0.1776523893930373,0
-1.7611735,0.10863521425464037,0.01173956,2096.7732856057105,2161.086883436805,24.41228251040636,0.18249846354781188,0
-1.1711886,0.07243442756670533,0.011012502,1497.5935986435882,1670.9683054603777,21.061292970034742,0.21262882251385376,0
-1.1687987,0.052258555684454755,0.0111614615,1281.1089910037506,1718.9666552187268,22.803333368402225,0.18176443458168232,0
-1.2968471,0.10100284585266821,0.01118145,1954.2044451482434,2127.3523269689367,24.28635147679618,0.1812161076221396,0
-1.3843715,0.15068744562064965,0.0110324435,2545.9105755488654,2347.8013195645544,23.761490925172346,0.16681644947910232,0
-1.3656417,0.08312450152262181,0.011599319,1691.9465313357107,1787.6635628646573,21.77941913539246,0.2100296691598359,0
-1.0779433,0.09829860607598608,0.011131147,2071.363756111208,2171.5332054212886,22.229624642898354,0.1813900184983995,0
-1.8633888,0.10300808439675174,0.011656427,2235.318409565335,2287.4267540529313,24.376527637043658,0.16400229850082218,0
-1.395067,0.067396407337587,0.011583912,1405.110808253231,1579.8682825517724,21.210086778826337,0.2140593606145679,0
-1.50336,0.07669980785962877,0.010144322,1615.9817682757862,1751.7371234947598,21.390947587719857,0.18922157556414007,0
-1.1673461,0.18994140625,0.011011461,2601.5949510802857,2087.5726308382104,21.596056877867277,0.1943151752078149,0
-1.2797842,0.16489858251160092,0.011020646,2446.7282177819084,2060.59219893409,23.381307120131915,0.18539626490971348,0
-1.2534385,0.06791867568155452,0.0109701175,1449.2446769839357,1650.2997830255601,21.357406881085126,0.20803041085033838,0
-1.8060322,0.11993479009570766,0.010090132,2154.5891358612826,2155.9992499450327,24.438683674320504,0.15833028575801641,0
-1.3111291,0.0972461390661253,0.0110494075,1990.7885965478208,2151.08663417285,24.370997803754488,0.1677377827188894,0
-1.1613586,0.1624481130365429,0.011002627,2348.629259416353,1967.0049437970943,22.03759336992841,0.20517728684698325,0
-1.807416,0.10984855350928074,0.011795938,2173.6627442640024,2202.1471623515054,24.925336859920233,0.17112922824328936,0
-1.527945,0.0762613743474478,0.0101901125,1652.5126753447432,1845.7684536859115,22.076483798512957,0.18025600274310713,0
-1.4766531,0.07875036252900232,0.0117519535,1580.1862191846815,1692.1318438182682,22.204853842683487,0.19538228260449467,0
-1.4129843,0.08702848571635731,0.010195095,1788.9022264903888,1945.034038748449,22.15878822748487,0.18434147729522601,0
-1.2905662,0.03789221106438515,0.0110233,1092.9604192453476,1569.0844912303087,22.26463829428476,0.16000344332733896,0
-1.4630566,0.07559975891821345,0.011594483,1593.32428944728,1728.0597080228456,21.799441841762327,0.20694934238511206,0
-1.2340991,0.07615374854988399,0.011068934,1577.2400633193251,1743.9101280187228,21.41510088523214,0.20829579312204985,0
-1.2101138,0.05012643198955916,0.011015078,1216.1781906236122,1687.7231205468795,22.442891065746583,0.17695712018468235,0
-1.8467075,0.11528308983468677,0.010108741,2142.4822823606246,2126.054060552774,24.51002620074292,0.15247123440560073,0
-1.2282072,0.06803876341357308,0.01102177,1451.2702651612783,1661.763110667837,21.46845138351601,0.20924387120731533,0
-1.1308639,0.10721455372679814,0.011143975,2090.2063943918242,2098.249614152917,22.041105178713305,0.19125619272299177,0
-1.4606687,0.08772522114269142,0.0117727425,1690.740894195468,1780.9959977456642,21.7352206794093,0.21761050475340785,0
-1.413521,0.12816306554524362,0.011012677,2333.013174779018,2313.0502115340582,24.51495853422677,0.16268900709567236,0
-1.4195863,0.08856130365429234,0.011175183,1727.1638386767816,1936.6576312676139,23.10782424072292,0.16370754137473095,0
-1.1281755,0.05552131670533643,0.011151074,1399.5110674989967,1807.356811837136,22.387418414650153,0.17936696153803053,0
-1.1171927,0.0514621247824826,0.0111182025,1291.0467331223779,1745.7912148702067,22.444800662380512,0.17821770450110988,0
-1.8737245,0.11274991843097448,0.010091566,2133.5156732537516,2192.8017582813773,24.904935363743117,0.15547598210225724,0
-1.7651912,0.07630329176334107,0.010800415,1570.2119063740752,1644.8635312712277,22.36879719466406,0.15580935111728825,0
-1.1774305,0.08510481619779582,0.011120106,1705.1075982324546,1806.739434534588,21.2799028311024,0.21011810978429435,0
-1.3134711,0.11409580735208817,0.010930944,2179.825030967861,2243.205568945758,24.37229304289305,0.17218297696773452,0
-1.3391236,0.10856384135730858,0.0110497195,2051.0301939777287,2169.9114236317846,24.398518861058886,0.17907364595002895,0
-1.2539355,0.10162141096287702,0.011107327,1804.0277334917198,1896.1213682861794,21.67107058339827,0.2020227058353213,0
-1.3166132,0.3068230224042923,0.011090321,3489.6097331822875,2068.7184197434726,22.111660108225358,0.11408008358787801,0
-1.3719072,0.04075732308584687,0.011059551,1095.9036540268294,1576.739478044953,22.328503519914356,0.17303661705204976,0
-1.1348491,0.0795875779437355,0.010916987,1641.4065416489236,1789.2402454340731,21.020923829405326,0.20624284114955227,0
-1.6830906,0.15355255764211137,0.010161477,2606.0528393342433,2345.4823807593093,23.907437984695996,0.15671075827468453,0
-1.2817657,0.06920112202726218,0.010978302,1451.954878672293,1647.0461234455433,21.55764998018495,0.20887455918296005,0
-1.1509073,0.15823597919083526,0.011043007,2510.466268682766,2212.9575267578543,21.99736049384582,0.19351818492622522,0
-1.1850017,0.08336807569605569,0.0110351425,1669.4768499510244,1794.706327485324,21.803477374443535,0.2088331938981084,0
-1.4514583,0.19441750652552203,0.01160852,2702.988013187516,2075.9050254919853,22.191979347137938,0.18700223201622043,0
-1.7238882,0.24641776029582366,0.0101911165,2826.593931278912,1838.2729216395362,22.0696139510789,0.15104674980960794,0
-1.2590435,0.21142578125,0.011078552,2733.7103387061998,2117.109346722249,22.12443675402522,0.18258989358081934,0
-1.3785716,0.1362508610063805,0.011015282,2403.410951918407,2355.2607837185665,24.460393068702704,0.1633594205867307,0
-1.2610514,0.10867033425174014,0.011717394,2212.509350599669,2191.497976771325,22.49313655636931,0.18111610200343717,0
-1.3312018,0.17671929379350348,0.010974791,2742.1691390679493,2352.5527136766364,23.819206231426808,0.16595864052638623,0
-1.2410538,0.20660187971287702,0.010924045,3030.539741950235,2508.865441577601,23.35065655342192,0.1503893123972416,0
-1.404813,0.08015063080046404,0.011055798,2009.7719652950607,2228.308285514522,24.975034420375952,0.1515341575742348,0
-1.5701369,0.09229535237819025,0.0101903,1970.371784690047,2065.181576564204,22.456675234088703,0.1711508193275034,0
-1.2661707,0.14533900993329466,0.010281194,2192.243085996838,1917.0978631377561,21.676313447670825,0.16971391185955745,0
-1.3863202,0.14168539733178653,0.010928318,2389.712832896909,2303.4537476699306,23.859488130274297,0.16980769836539047,0
-1.5043485,0.07965102051914154,0.010244464,1615.8860942483534,1742.3201645959991,21.505524611787614,0.1960019285885953,0
-1.6056607,0.0684624691850348,0.010173651,1627.9812812291827,1885.2749686788045,22.23809801132554,0.173133573005795,0
-1.390931,0.10188537739269142,0.0109472005,1969.844157469876,2101.5463087651215,24.347080227166238,0.171510579913097,0
-1.1297365,0.05802276682134571,0.011065406,1366.6900176667439,1774.2144898304227,22.27764926093613,0.18311344652559866,0
-1.7981228,0.05943209831786543,0.011566668,1477.8765528953832,1721.7361445792942,23.23205003895797,0.18106001465081575,0
-1.3542804,0.0946279999274942,0.011097585,2139.669121017263,2282.9047459083476,23.711606357911673,0.16961211004729915,0
-1.3097997,0.2893219348172854,0.011014166,3317.8280842658824,2005.2617736629322,22.660332779046104,0.125519052450091,0
-1.4741585,0.08767650630800464,0.010167806,1712.7207670475425,1801.929936155565,21.542249468276054,0.19490561211012938,0
-1.2693723,0.07244688950116009,0.011056863,1490.4490941004215,1668.1589392989797,21.40283245551271,0.21174529642138687,0
-1.3064353,0.07901319605568445,0.010117348,1608.9319767656893,1753.2380027709564,21.299624098285726,0.19526758700716892,0
-1.158827,0.08362071309454756,0.0110807195,1688.729580140382,1809.9394945701931,21.412486492142484,0.20909370585147055,0
-1.185085,0.054933339979698376,0.011076099,1334.5510038330858,1756.5272608795008,22.228179725227392,0.18445747116657438,0
-1.3600547,0.08147386165893271,0.011780659,1682.8222803852236,1786.692596966746,21.640922877787528,0.2097801395178137,0
-1.1544114,0.15860643851508122,0.011083289,2507.7638672596513,2213.6320874105595,21.900235377325284,0.19393620385303886,0
-1.3083019,0.23246945693155452,0.011152847,2865.2171595455243,2121.6666641782313,22.18477462694087,0.17944093415929632,0
-1.2136447,0.09957198919663574,0.01100195,1814.5393296196016,1911.599132263483,21.437225293589343,0.2000004803944008,0
-1.304472,0.09979856982308585,0.011059129,2184.143974221097,2293.292012727014,23.41055588282979,0.1668120293112606,0
-1.3032191,0.10225017220127611,0.010203208,2063.2408718040647,2156.580364611755,22.12498521892223,0.16812431185311247,0
-1.3276911,0.08709532700116009,0.01104452,2142.7905319962074,2276.05667568366,23.964279409544247,0.1533361085318162,0
-1.1554911,0.10597968931264501,0.011021899,2226.8346593434685,2217.434709776833,21.773935537243265,0.17333509502935376,0
-1.2641165,0.2270439838312065,0.011044687,2814.8303871661724,1912.6491905075397,22.45604398126064,0.16994162496821805,0
-1.4799268,0.10578596287703017,0.010128226,1847.744796176496,1842.2092414496858,21.450175588757407,0.19789294853243142,0
-1.3150814,0.10805063623839907,0.011154986,2151.868044030777,2261.1883160083617,24.720307582062503,0.17201863735389944,0
-1.1493138,0.08315395700406032,0.011053552,1684.6047708148344,1804.6149177538407,21.181871335030106,0.20914811651306456,0
-1.1729313,0.09568499854988399,0.011199118,1771.7650909632057,1925.6102160130729,21.190127976388705,0.19777790908744008,0
-1.3213627,0.2058802204176334,0.011020271,2816.1668636413197,2034.8743225176097,23.472235938072306,0.15558388738939122,0
-1.1415441,0.09147513051044083,0.011006237,2001.1803118560767,2146.7524126890294,21.965128539870655,0.18082702667572326,0
-1.2746704,0.06152910201566125,0.010964041,1491.5119130106173,1718.410037146471,21.322941931849325,0.1874427915322261,0
-1.3235879,0.1014594058149652,0.0110033,2018.3538278190629,2146.084035715309,24.31393519013949,0.17156233863249634,0
-1.798263,0.12619294699825986,0.01156501,2434.2800198781924,2432.768531375788,24.49231801020009,0.16719437125059874,0
-1.5995593,0.16508097991589327,0.009550937,2342.318415235254,1955.327199394422,21.938603843293745,0.16792934381606797,0
-1.4062335,0.061453197505800465,0.011873429,1399.2984523139016,1796.9415076046946,22.979875743613313,0.1845667445020328,0
-1.2088569,0.060328224695475635,0.01014766,1441.3192155588436,1809.4110174420953,22.089125919414737,0.16837691236526722,0
-1.4955974,0.0766714852813225,0.011712375,1672.9881186082446,1846.9389310405622,22.578782236816867,0.1928005163344683,0
-1.6937556,0.16041681772041763,0.009782361,2388.233872960725,1931.8968317549013,22.720981435229135,0.1733325176997268,0
-1.7889292,0.1268432333961717,0.010140096,2331.9006628077664,2284.991376310786,24.63062840462059,0.15455105963833815,0
-1.486142,0.054703360643851506,0.0093400795,1195.661859279565,1580.7673395721092,22.893188767666555,0.13991774251149666,0
-1.422619,0.07507409186484919,0.010191912,1565.417756598828,1730.6876633111317,21.590109840377302,0.19197625535248056,0
-1.569837,0.20995753879060325,0.011721839,2876.4543865915643,2155.9336842781017,22.39973713441012,0.1764652495698227,0
-1.2514619,0.08112266168793504,0.011058176,1649.3966062843888,1787.8404539605438,21.50813113340266,0.20991308859164462,0
-1.2553407,0.1581782011310905,0.011080336,2304.1760273121326,2012.0819885930714,22.03812000308439,0.18934653844794735,0
-1.1576109,0.11510975565545244,0.011112211,2033.170343974024,1914.4666005690601,22.011770269765368,0.20075204225447274,0
-1.145118,0.10199980060904873,0.011127968,1951.6925231431496,2138.9856094399834,22.408574045280083,0.1722386121857977,0
-1.2561738,0.11949975529292343,0.01102338,2227.775065097895,2275.9788283660205,24.050751678583346,0.17935476099738937,0
-1.2212553,0.07589884534512761,0.011043146,1666.7428404076404,1852.516480895515,21.773097770849404,0.19759748876081254,0
-1.2422733,0.05337786397911833,0.009799229,1228.773971710238,1635.9330222644658,22.70457679489405,0.155441655149723,0
-1.2764728,0.11153431337006961,0.011040305,2277.9016179030614,2325.6975621432316,23.745698196457734,0.16753908226778738,0
-1.2783942,0.05997136020881671,0.010144898,1473.4950365901568,1873.998874924351,22.08828686959176,0.15979007494743644,0
-1.378635,0.13422749601218098,0.011034261,2298.7673391513395,2286.949629589188,23.894615065986038,0.17018961411208408,0
-1.8228896,0.11099391857598608,0.011754478,2164.3074746019365,2164.115814312863,24.5875956017083,0.17501399752642152,0
-1.8745658,0.1017528277262181,0.011829283,2193.9029008170933,2210.0396313904907,24.831233990270302,0.16405582375153466,0
-1.3428347,0.07318780814965198,0.011091126,1482.8337057310814,1717.6336424812666,23.18604877295138,0.19622582115353795,0
-1.4000195,0.07808874709976799,0.010204771,1605.6355336339498,1752.366868479354,20.98175562119903,0.19369373839200557,0
-1.9536889,0.10318934889791183,0.011622319,2150.7839242058285,2178.4724246116043,25.173238650223226,0.16036800922756775,0
-1.3170732,0.11447759570765662,0.011036867,2201.337503910236,2270.63382954046,24.476088466026052,0.17150335834284824,0
-1.2795116,0.1354646262325986,0.01111103,2292.1201765676265,2200.0211828871643,22.51588842164728,0.18678691853719095,0
-1.8820283,0.10876096650232019,0.011696521,2103.7956386071887,2155.91194811326,24.66743045605887,0.1797831129850874,0
-1.1115717,0.08450097882830626,0.011119387,1712.3108522751197,1815.0554863497134,21.195224861707572,0.20683375995562372,0
-1.1881841,0.07574930213167054,0.011029037,1613.0070777014778,1759.9957125254523,21.14600266026673,0.20192098402071879,0
-1.3780247,0.07999429016821345,0.010188986,1633.6345905133976,1754.125587920101,21.41834433517431,0.19328671397977604,0
-1.1269794,0.07024452581206496,0.011040235,1465.3758367140435,1657.0670361050309,21.349177343604065,0.20983031612304467,0
-1.8261194,0.10904419228538283,0.011813387,2192.166371838381,2237.538049362694,24.98057068620376,0.17370223660803438,0
-1.2572607,0.11248935071055685,0.011220868,1958.5866217771556,2008.676952004188,21.78880578898838,0.1990400015559094,0
-1.5401136,0.06560642038863108,0.011596522,1506.765315835751,1698.0429929338045,22.03080425627942,0.19247450438051447,0
-1.4698559,0.05583852958236659,0.011713239,1330.5236508402845,1582.4995262074815,21.7316088930283,0.19498402090448053,0
-1.6100185,0.08565314131380511,0.011857787,1808.078579494817,1921.7628789447695,23.284213797921034,0.19457615132538317,0
-1.2962166,0.16587061339907191,0.010994548,2730.453774729022,2327.1589725036433,24.443599774132704,0.15661277462792342,0
-1.3552675,0.07648229045823667,0.010108595,1639.1215036697445,1835.7256792037772,22.215199392264203,0.1775257961454959,0
-1.2070152,0.08668295026102088,0.011077864,1684.8430350539616,1792.1088027430044,21.584939956143455,0.21295508181735046,0
-1.2212244,0.08252066415313225,0.011069293,1673.8525678010305,1802.9961049363594,21.447631105012842,0.20871224165637217,0
-1.3468572,0.15593278712296985,0.011035431,2596.6256843729016,2269.6940688686773,23.509564295914494,0.16838916080495606,0
-1.1713217,0.08655606511020882,0.011104343,1695.3035439114472,1802.2138856781955,21.292826315312833,0.21251290082568855,0
-1.273906,0.10939992386890951,0.01106576,2031.8279542111109,2131.7848601509068,24.175728393851823,0.17362488238985052,0
-1.1024643,0.09452263993619489,0.011113025,1781.8746572321977,2074.186075179969,22.286884527868,0.16415922568175736,0
-1.3212211,0.11162041400812064,0.011012319,2129.6636168446225,2214.4671702827877,24.207755880432206,0.17611157819248446,0
-1.2516711,0.06697836608178655,0.01157438,1405.8374834524693,1776.9816141261226,22.749698130545017,0.1803761767370989,0
-1.2071784,0.05828673325116009,0.011419084,1318.7574866524603,1691.1181384224494,22.769177440749363,0.17528428843210483,0
-1.3136854,0.3199001232598608,0.010959021,3535.8391584835504,2188.6995055948087,21.84115014119455,0.12091857706132929,0
-1.2811966,0.11421249637470998,0.011096623,2175.3358467016565,2222.2336041986496,23.94763821518573,0.1779534095331792,0
-1.1712608,0.09019041835846868,0.010810511,1601.6744404469619,1678.8386192510955,21.68413369709108,0.20978446762774763,0
-1.4223237,0.06189956133990719,0.011471695,1296.9130597178173,1644.911169349295,23.1861886381904,0.17944461009164228,0
-1.1963593,0.07888291219547564,0.010940027,1668.8950529322199,1849.0291323690863,21.971302167947062,0.1955979851469365,0
-1.8334289,0.1222538428074246,0.010076924,2282.788355303945,2172.5241373197596,24.409633030236105,0.15264748092472222,0
-1.2946197,0.06412684889791183,0.011087624,1550.0250265578127,1903.2165625211594,22.430732631889867,0.1772902841968661,0
-1.2912334,0.052289144069025524,0.011719584,1314.7653948371294,1738.773999577574,22.656156961425967,0.1779987705699344,0
-1.1500102,0.1004964381525522,0.011112859,1829.4073828890919,2084.7543193976935,22.069671730023664,0.17103255515915974,0
-1.2299018,0.07584446599477958,0.010933542,1659.028393961711,1851.1867180409909,21.984807498683853,0.19186301517771764,0
-1.3555702,0.14623966792343387,0.0111113945,2414.1020545233596,2305.881528996298,23.77096069936127,0.17142211488393386,0
-1.2697037,0.06947301877900232,0.011149384,1542.1734987782645,1765.149235681822,22.520274964156346,0.1958935575240425,0
-1.3168081,0.11732911289153132,0.0110224495,2327.665959509434,2283.3075468559773,24.229536376358663,0.16469484919383146,0
-1.0997896,0.05954765443735499,0.010959944,1361.1837668576711,1722.378033617438,22.70628113723476,0.1812806048595356,0
-1.2930123,0.1561401083961717,0.010924923,2243.4892664053737,1863.9327989648195,21.66050211666172,0.20212471877510585,0
-1.3122498,0.10720435759860789,0.010962758,2040.5716810056713,2113.5095537809025,24.218678026827128,0.17251843319180735,0
-1.2467134,0.08668521606728538,0.011057388,1590.5711482841118,1678.9974487496452,21.823795435797763,0.22316962676683547,0
-1.4093362,0.08709306119489559,0.010178859,1618.9026604076157,1694.2522466354656,21.17024638947974,0.20369366245335577,0
-1.1753131,0.12955427059164734,0.010986418,2113.765417131849,1943.3348268041098,21.68878419250086,0.2078367801710249,0
-1.4454176,0.07253525594547564,0.010240232,1498.3019629401804,1661.3500766265436,21.379588213476357,0.1972483444889244,0
-1.2897712,0.08929655778712298,0.011028866,1806.710194723109,2090.4520922687016,22.3474524565563,0.17007421536851783,0
-1.52797,0.09234633301914154,0.010196261,1776.4080121439888,1868.9524456587267,22.473505763015915,0.18810596409788083,0
-1.5515822,0.09782165385730858,0.010189485,1887.2025259979234,1967.0841542017342,22.80138055897573,0.1815388237048673,0
-1.3425353,0.15050844692575405,0.010995686,2607.8456167755157,2391.7327639034065,24.12804966209521,0.16318670392289344,0
-1.0799623,0.11302068227958237,0.011094927,2210.930800594524,2200.51193158685,22.25911515912589,0.18295963876901644,0
-1.3788707,0.13454810759860789,0.011174189,2296.294719744178,2264.0286402272886,24.442570500434957,0.16242069233269008,0
-1.2217925,0.07244688950116009,0.0110409185,1607.2887877352823,1840.7973617656878,22.41531574757445,0.193127352766433,0
-1.557368,0.08271778929814386,0.010225869,1726.5288820747899,1861.234901329589,22.13738612780144,0.18283408045176286,0
-1.2370324,0.08196894032772621,0.0110704,1647.7755537788144,1786.9312252242871,21.362204858402265,0.21462394193864465,0
-1.3658959,0.11311358033642692,0.011003242,2159.6216068329772,2247.49431287167,24.291753541497616,0.17432171376649916,0
-1.431286,0.08126427457946636,0.010100284,1605.8785267881456,1737.5283924968983,21.064866167320172,0.19380091481756254,0
-1.7365557,0.18354956677784223,0.010160019,2787.8511865074565,2323.8813027980227,24.230326245167994,0.15507264342127502,0
-1.4312046,0.08683702508700696,0.011789853,1731.0291491064174,1793.6106004054147,21.886453732857895,0.21223100705057063,0
