mfcc,zero crossing rate,root mean square,spectral centroid,spectral bandwidth,spectral contrast,polynomial,labels
-1.4838873,0.0802752501450116,0.010147817,1632.627852792582,1752.6331107158396,21.283023596434862,0.1932376449153128,0
-1.5125655,0.1453016241299304,0.010903343,2511.8274276430416,2255.4408361473843,24.227592223985848,0.15983473181224464,0
-1.3698885,0.058172310034802784,0.010414246,1489.1455135383835,1878.7051817175982,22.413864316489082,0.16943423023796245,0
-1.5083305,0.08494847556554525,0.010442687,1652.3010526671153,1764.206108219814,21.317589647223276,0.2036010059751341,0
-1.5251294,0.07251826239849188,0.010359593,1672.7127083413425,1915.3407720799864,22.719406310253866,0.17680800188561374,0
-1.8426518,0.174813750725058,0.009946324,2406.3167344400604,1957.4195912418347,22.039204605760624,0.18372339566816875,0
-1.953876,0.12492296258700696,0.010138284,2311.2826130245544,2283.00140212736,24.717516142493874,0.1565881934203955,0
-1.3900732,0.05192321635730859,0.010353544,1247.6347890261889,1683.3419178779504,22.45986813707791,0.16791599517426692,0
-1.809744,0.11689974260440836,0.010363722,2309.3622198405747,2357.2248202822534,24.277265722593295,0.15923133019201907,0
-1.7102313,0.07376672165023201,0.010100958,1625.9779401186815,1814.8110834135066,22.47027390128664,0.17668627027909434,0
-1.3737592,0.07293177204176333,0.010235552,1499.5635890248593,1665.1503728535922,20.96599767738359,0.19999929970111122,0
-1.4104173,0.04632440907772622,0.011235388,1150.618091661367,1623.5063728123705,22.76242560569461,0.17875988290423372,0
-1.0154341,0.10956872643561485,0.010826074,1901.5265224639186,1896.718494348576,21.798434777539704,0.192985724933744,0
-1.3304132,0.15880922817575405,0.010334935,2266.9693742078393,1903.2795233762117,22.266521075537216,0.18534734429909586,0
-1.3676536,0.09644177784222738,0.010476608,1761.9014298727575,1822.9856909552575,21.46496186203248,0.20215696466636687,0
-1.0436816,0.16721876812645012,0.010406719,2429.571788240115,2056.812384089026,22.11841616418366,0.18372150861664469,0
-1.894429,0.08600547418793504,0.010403731,2046.9008229646956,2178.4552015186446,25.491180755114176,0.1337983796227701,0
-1.576562,0.11768824318445475,0.010765793,2356.140874004878,2341.9252541150827,24.149467586239805,0.16070229642824838,0
-1.6343509,0.08706473861658932,0.010143975,1905.5130020380232,2039.4919626729175,22.117446992695324,0.17295976396806004,0
-1.3436128,0.06904704720127611,0.011407215,1445.1161962597723,1615.7704374849502,21.46280406662775,0.2142988938433944,0
-1.3504761,0.07091293866009281,0.011392211,1476.577889561936,1648.593958695012,21.483101281508954,0.2141477167585213,0
-1.3711245,0.1014707348462877,0.0104512535,1820.2271726907652,1804.027702542536,21.443849557514813,0.20355268491259468,0
-1.493173,0.20123191886600927,0.011140965,2626.585446151651,1980.5788269909776,22.77700043443072,0.17821402935131772,0
-1.1241931,0.12111867386890951,0.011360551,2279.664421673169,2205.6698439586107,22.2723940585634,0.18625229626947784,0
-1.2883925,0.06770002537703017,0.011335904,1445.8038592202015,1650.006949582081,21.501850301649913,0.21114098889289024,0
-1.4522014,0.07623645047853829,0.010183381,1519.444180228499,1655.2756584669155,20.938429686784502,0.1992699156543831,0
-1.5649916,0.11641939167633411,0.011256024,2173.390890877222,2205.144249091315,24.65805341540678,0.17641584275500988,0
-1.3292568,0.07835044772331787,0.010426397,1608.7672609793335,1754.1506808477989,21.00944861969062,0.20046703303546265,0
-1.4426061,0.041314711426914154,0.010094564,1073.1755946196697,1564.947497027265,21.353119070574337,0.15819859760079313,0
-1.1043447,0.05728184817285383,0.010129737,1400.4125107623788,1807.6858537674443,21.88761464974209,0.16676933818609416,0
-1.5119815,0.11724301225348027,0.010158527,2141.7733585866704,2097.1494067890917,22.329162707449818,0.18073388625480924,0
-1.4277248,0.20864223825406034,0.01059599,2687.8181389176066,1990.5057218778031,22.401308414659688,0.17829056452337247,0
-1.3288922,0.08793140951276102,0.010830885,1720.2566959971998,1831.522988275169,21.559562450720275,0.20208825592060953,0
-1.4409345,0.07882513413573086,0.010189802,1609.723271457194,1750.4813697275079,21.291610048599555,0.19403588711658773,0
-1.3037262,0.061539298143851506,0.010842336,1448.4970009627848,1867.8693078612494,22.33473401647734,0.174315310560336,0
-1.3856066,0.141574372824826,0.010437573,2280.365609975567,2076.3971256725795,21.6894224709095,0.19633849873409437,0
-1.2643409,0.061030624637471,0.010150993,1389.9799351844124,1785.3524386798615,21.98339101876009,0.16894166280864112,0
-1.5085858,0.1185651102088167,0.011274709,2261.2357263772906,2205.9855707257543,24.681352205123094,0.17310661849660983,0
-1.6294469,0.14656027950986078,0.010801838,2400.4929535559672,2237.5116088922214,24.29423264351708,0.16391713272384692,0
-1.2370471,0.0705073593387471,0.011371973,1478.2654955949922,1800.745704354942,23.136317298596513,0.19417269845728316,0
-1.298528,0.08075786687935035,0.011230689,1673.2303049123925,1794.6911443283,21.746990704256348,0.20894139056962036,0
-1.3037413,0.08181599840487239,0.0112385275,1672.8650601486845,1804.2910488548212,21.69450741151522,0.20821243768317,0
-1.6013263,0.20464875471287702,0.010845513,2648.1156339963677,1904.2447617760881,22.85855660464532,0.16550724132028108,0
-1.2229166,0.056707466284802784,0.010681212,1379.166734165069,1805.1922830946705,22.872256459518464,0.16914267975841712,0
-1.9394242,0.12337088529582367,0.010088103,2309.7509660952037,2288.8878205234746,24.754120188263617,0.15194146839639366,0
-1.4103805,0.09526582439095127,0.010195792,1815.0361865137243,1878.6470504451504,22.52987134847944,0.18682723692251957,0
-1.452592,0.08615501740139211,0.010431729,1712.560767320472,1810.8080726168582,21.202528952133125,0.20096467442855848,0
-1.3273083,0.11145047853828306,0.010380634,2249.9641286291953,2221.7519492613737,21.820364923920497,0.16541749716027868,0
-1.4210196,0.0732444533062645,0.010659457,1456.2484331482933,1613.1106937203795,21.404294506035104,0.20961931408438875,0
-1.465699,0.08076013268561485,0.010389232,1631.354827964302,1758.2333138940403,21.398295115590447,0.19758619979529382,0
-1.6747081,0.10340006888051044,0.0102971755,1805.0261584752852,1694.8962998737527,23.11982684210688,0.17294623502106107,0
-1.5673101,0.11490470018851508,0.010578897,2234.0014564794883,2277.4352986994895,24.56367246012252,0.16244294749408386,0
-1.9702829,0.1580535817865429,0.010121553,2685.7498946784185,2280.027095380977,24.24557773356612,0.14430246276517114,0
-1.2874409,0.0653379223462877,0.01009913,1446.0420185112494,1786.1455159656302,22.090823936450526,0.17176290958404106,0
-1.4781685,0.08631702254930394,0.010161342,1786.4508027998531,1953.7193461176269,22.340585548461945,0.1799189417796353,0
-1.3229104,0.07418249709976799,0.011348061,1572.7907339332316,1745.4310855799386,22.001207401726408,0.20958969104145406,0
-1.3014802,0.09326285165313225,0.010875121,1790.7552593486798,1870.2191853090324,21.502940817044514,0.20382943111143004,0
-1.4905668,0.10997203995069606,0.011324243,2135.8872951351414,2236.4926923251355,24.939245162859184,0.17812886013638565,0
-1.1927265,0.09024366480568445,0.011395753,1768.9429183564735,1864.425012024819,21.716290020158603,0.21645479537827103,0
-1.769563,0.1106517818300464,0.010389022,2148.949093468995,2203.021134017208,24.908218507625836,0.1567270752538379,0
-1.4963803,0.1620980459686775,0.010877628,2604.4462924800005,2367.2633073386282,23.650557026146597,0.16424464641888317,0
-1.5559474,0.09064018090197216,0.010430885,1786.977361124073,1874.7894431600603,22.29218980345623,0.1937835206047691,0
-2.046572,0.15216135259570765,0.010106545,2672.5944850325477,2326.654586296813,24.75926860207386,0.14573985466281855,0
-1.2414044,0.08224196998259861,0.010418202,1624.0324886106634,1784.7142172337865,21.65628468702759,0.1992683107901492,0
-1.4298376,0.08646769866589327,0.011373538,1814.3564388597272,1946.7110138065916,22.798430746321394,0.1985431848332194,0
-1.500042,0.11479934019721577,0.011309748,2182.713880784389,2248.773206545574,24.909821520011374,0.1784534239047074,0
-1.3064964,0.07887158316415313,0.010862105,1606.41712501627,1764.6380001930308,21.347387934588678,0.2059260316242649,0
-1.3658576,0.11508030017401392,0.0108945975,1884.9761542504632,1876.3715286106128,21.71957474643173,0.1988298487783536,0
-1.3200333,0.13413799666473317,0.011038475,2038.7603977391905,1967.949593476271,21.645756027535874,0.20168665063527846,0
-1.5859071,0.148405778712297,0.011055945,2531.0736804644066,2317.757245293308,23.971558670117542,0.15579685162304555,0
-1.3137102,0.17341574825986078,0.010672815,2605.7180552136238,2229.1717010567336,21.899151430402647,0.1857624382230368,0
-1.8577955,0.10722021824245939,0.010354312,2105.3838229598396,2187.4563604536947,25.182573625218684,0.1565120751184265,0
-1.5610812,0.11845861731438515,0.010812532,2245.921018324033,2228.364249601139,24.734318177364838,0.16455981046249746,0
-1.547391,0.11927883918213457,0.010614498,2257.408874305809,2286.0046006593884,24.684197258831496,0.16181773520816597,0
-1.3122851,0.11429972991589327,0.010849018,1891.321674162918,1863.5873585782488,21.521587486859662,0.20208924861755673,0
-1.414002,0.08271778929814386,0.010192922,1636.1716364318793,1749.1916137077824,21.382877041044104,0.19703072960073464,0
-1.3686774,0.085444687137471,0.010768842,1722.458708093587,1833.5484414359073,21.687370320050093,0.19828096433736553,0
-1.5077586,0.13434758374419953,0.010632037,2438.9084945270547,2244.461997471909,24.313800865095022,0.16102286661805945,0
-1.3641489,0.07934966828596288,0.010214605,1619.1166057131927,1757.3186544300902,20.921884188493866,0.19478501362529899,0
-1.2840931,0.08294210411832946,0.010147006,1652.697385523485,1822.992982521814,21.929853276717356,0.18464180952117873,0
-1.4107853,0.0751839834686775,0.011262956,1655.317330704594,1847.0588178049898,22.52933369673628,0.19858391428014013,0
-1.568999,0.11206224622969838,0.011274389,2292.038297700331,2331.4050555211143,24.29945785520031,0.16828917968091686,0
-2.0132854,0.1055537177349188,0.010233817,2111.7057462656626,2175.336865883018,25.133666209618962,0.15225681704768212,0
-1.5533423,0.11348743837006961,0.011369104,2223.5104666170287,2258.4053589131195,24.871840587044012,0.17715384048882055,0
-1.3122439,0.14133079865139211,0.011291254,2140.4591238277785,2001.2988336150866,21.853449664697358,0.20078471882435303,0
-1.1808467,0.07228488435324826,0.011365382,1503.7282979826618,1685.0960262563979,21.62865312027727,0.21671468825062568,0
-1.7034718,0.12704035854118328,0.010385902,2343.59111164973,2308.7211982019794,24.671389188219344,0.16206538373563392,0
-1.596441,0.21723644141531323,0.009725819,2716.28187649063,1938.448179725313,22.660803177277547,0.13173537700488977,0
-1.602832,0.1041964997824826,0.011254703,2119.6672672191007,2223.545560815328,25.22899903026974,0.16926989906614076,0
-1.3318017,0.15149860426334108,0.011357742,2323.3744305807695,1992.5248248410855,22.23851157382077,0.20735223006808137,0
-1.8026034,0.11429633120649652,0.010383165,2152.822905604007,2195.6682225979216,24.611488363450025,0.16861792837959158,0
-1.2696366,0.13274339290893272,0.011306864,2120.8434638072413,1934.0968013606562,22.064846464556304,0.20191436117952707,0
-1.744664,0.1234320620649652,0.010373351,2247.886994787333,2228.9746658956383,24.506828517643378,0.16327218424350068,0
-2.034571,0.10997770446635731,0.010077638,2177.7209756709444,2233.4778533800495,25.072823606613667,0.14608915111337822,0
-1.2294507,0.05871497063515081,0.01062331,1383.2359292993024,1801.0722790929246,22.425535801163708,0.17276994184692682,0
-1.8800086,0.24759711245649652,0.01011015,2909.8587771346324,2078.5126050598324,22.13482310940413,0.1588330290161379,0
-1.8963032,0.25675663428074247,0.01017927,3032.516915672649,1907.8987754559357,22.455028249972354,0.13996410627057082,0
-1.5360639,0.19069252102668213,0.010935789,2833.9472052667525,2314.272180335554,23.628791862542943,0.15645921783402955,0
-1.8132735,0.11307846033932714,0.010376776,2115.845643487323,2189.780051838685,24.706633399549194,0.16230134126481746,0
-1.9387174,0.12065305068155452,0.010110204,2280.703764399376,2236.9558833165547,24.782352526408356,0.15170547023021608,0
-1.470369,0.2047801714762181,0.011166039,2672.855878266121,1916.0320817396425,22.58634275874621,0.16729554160359852,0
-1.4771117,0.07247974369199536,0.01017231,1471.3981732973427,1616.7800109545196,21.167423274114025,0.19719258590708885,0
-1.5623235,0.1418122824825986,0.010787623,2352.999320330157,2203.117269420002,24.340067018560116,0.16530567225899537,0
-1.3715678,0.044045007975638054,0.011268516,1098.3530450182477,1568.4139854651755,22.45069284836838,0.1792491889905483,0
-1.2444468,0.12647050826566125,0.011004658,2004.2695541391863,1946.2493550672427,21.514883611369207,0.19762436095915661,0
-1.4391774,0.039538319315545245,0.010594296,1127.8468480513989,1608.0904181408284,22.218480013410943,0.15673761407325337,0
-1.5497872,0.11712065871519721,0.011245924,2166.5167710629953,2213.001124887343,24.77360192445511,0.1766689374648174,0
-1.5571193,0.15059794627320186,0.010893402,2409.1034046621194,2203.7381528591804,24.394501053122205,0.16365444974224216,0
-1.3381542,0.06762751957656613,0.011304756,1427.775228480395,1628.2515754030853,21.449841898855993,0.21438531390636653,0
-1.7878728,0.11833966248549883,0.010333555,2194.7362429904897,2173.261661877789,24.54970359587374,0.156230431927163,0
-2.0181954,0.10859782845127611,0.010175065,2142.615485418255,2219.9887529889816,24.877350410619744,0.15923247092151233,0
-1.3437107,0.09876083055394431,0.010658663,1978.6726372964895,2060.9499247716203,22.04384338832986,0.18914649396473082,0
-1.9906089,0.12360766205046404,0.01011911,2419.9014108990723,2378.310144411401,24.32436489444035,0.1476869773407061,0
-1.345319,0.11838611151392112,0.0108524095,1900.805913367922,1868.145819607939,21.684682758437507,0.19956021469918586,0
-1.345242,0.09969320983178655,0.0106709385,1817.0275793179558,1852.3357960748083,21.673158864846567,0.2077405506256966,0
-1.5971024,0.1014888612964037,0.011354872,2112.314760916902,2199.9222412805434,25.281518021407198,0.17430000840505155,0
-1.3844352,0.1443341248549884,0.010867827,2323.3885858284225,2139.968207522804,22.64142913145964,0.18356003661154396,0
-1.5567062,0.10248015153712298,0.010131251,1822.1370134447661,1838.924030203679,21.65312741825065,0.20235192499964474,0
-1.4002359,0.07556917053364269,0.010488415,1717.152819947881,1932.7313905644112,22.29882777474464,0.1789758683542648,0
-1.7837901,0.11939099659222738,0.010290966,2284.15238634481,2213.2243230389886,24.507370410604583,0.1534980120331104,0
-1.3883166,0.056425373404872387,0.010196601,1266.2281787493669,1617.563440532563,23.632476559587847,0.14678317890571932,0
-1.5657221,0.10173809998549883,0.01125863,1999.1093435677892,2123.3207878984363,25.290012468462034,0.17274844915780893,0
-1.6276727,0.108402969112529,0.010790991,2211.736907313672,2231.2814540559957,23.968181634171298,0.1606251205682647,0
-1.3790587,0.05700655271171694,0.0103867715,1301.8965288064787,1686.718874922751,22.36171037860226,0.17341548748103497,0
-1.2346493,0.10088275812064965,0.010198621,2093.598343530648,2186.435638177356,21.73856660305263,0.1652935903924568,0
-1.5810783,0.11844502247679814,0.010553135,2227.7510808746556,2253.167662061348,24.490418664064773,0.165233844976582,0
-1.4362321,0.08004413790603249,0.011271517,1582.0892628751342,1710.5029776046022,21.961646285155513,0.2119855853131091,0
-1.5154846,0.15828242821925753,0.010574513,2320.2639492360054,1856.0613292330593,23.96952078650057,0.155757679611242,0
-1.2566377,0.11391907446345707,0.010209944,2130.415802311821,2110.8973133645727,21.631077981175736,0.1779420959388014,0
-1.3705856,0.08872670751160093,0.010616127,1735.6457079886607,1818.9489723647218,21.52172969667922,0.2005830214329779,0
-1.2836436,0.10365837079466357,0.010821087,1768.4193192543373,1943.912858714308,22.38048291490722,0.1748412938531295,0
-1.9456552,0.1298760150812065,0.010117664,2482.7841127889637,2342.2764226253753,24.63279007211795,0.1445851828733905,0
-1.4490888,0.07757780778712298,0.010166609,1609.1895468858452,1749.1947910085112,21.192029595469304,0.19256151528080048,0
-1.6369523,0.11459428473027843,0.010611406,2224.859088793355,2250.596592555143,24.595922243256616,0.16192769938339838,0
-1.346081,0.09132105568445475,0.010088275,1700.1313787609834,1775.0175872202692,20.918972685364484,0.201266958230538,0
-1.3697151,0.11969234882540604,0.010945153,2014.339965729595,1994.265958689332,22.57715953322156,0.1750279733115866,0
-2.0621161,0.11459428473027843,0.010166837,2334.8586152223706,2358.137584679714,24.33466459217727,0.14774212248853064,0
-1.3775613,0.11102677276682135,0.011369913,1937.232095840139,1877.2513524185651,21.81257727893574,0.21925961487993154,0
-1.3141483,0.07451103900812064,0.010118144,1517.7971919853005,1813.1327563146342,22.299497250321476,0.17857222762163016,0
-1.5825891,0.14622154147331787,0.010578196,2524.1138456187787,2258.1608617923016,24.301516858246526,0.16100326249362842,0
-2.0355034,0.17490438297563804,0.010145453,2806.91521612442,2295.772607358458,24.749819330647217,0.1413523378507184,0
-1.3646355,0.07680516785092807,0.0106168995,1620.8683247367076,1760.2172856823765,21.497900411365997,0.19601550818475477,0
-1.3872976,0.08372040857018562,0.010351201,1567.9911049614143,1659.1197548795415,21.20437959529006,0.20083625504500377,0
-1.3612645,0.07701362202726218,0.0113221435,1568.4177175549783,1740.4646475878096,22.08814286235617,0.2135091144264846,0
-1.2592877,0.0750876867024362,0.0110668,1567.6794659137495,1907.2044177857363,22.394748823632458,0.18405814613388619,0
-1.2496027,0.08727659150232019,0.010683294,1716.4446893301783,1819.7042327984736,21.4166530692657,0.20311829508271606,0
-1.3337169,0.05066229517111369,0.010489209,1263.281933136103,1709.7139981702444,22.720227878103405,0.15892244733277297,0
-1.6024067,0.10056781104988399,0.011267832,2233.483563220503,2307.105153547171,24.54884490392438,0.1633011093070744,0
-1.5595603,0.11626191814095127,0.011367335,2256.75392508982,2224.3779009007735,24.926466417779068,0.17163554264749115,0
-1.3024586,0.0677883918213457,0.011380654,1434.4273790565812,1633.0641393209635,21.582726470493338,0.21298574152415772,0
-1.3062546,0.15105224042923435,0.010692707,2360.381828968473,2069.982389541115,21.69377819293763,0.19262340680576298,0
-1.7114627,0.17244485027552203,0.010129212,2446.07191377587,2042.1929284293542,21.64635349715644,0.19044380024146546,0
-1.3631887,0.0824300319025522,0.010953735,1706.014154394248,1837.2219955556352,21.567581807703473,0.19872155763773036,0
-2.1386507,0.2772383900087007,0.010144829,3287.2486025498965,2029.1685867324886,24.359113905682932,0.11391814082330416,0
-1.5704542,0.13223925101508122,0.010539892,2378.891909571434,2270.846219721031,24.21329718697578,0.1656399385927616,0
-1.5674955,0.16499941089037123,0.011050465,2499.8935605062175,2235.4469269269107,24.02919431190994,0.1626311955413639,0
-1.5908053,0.1315221233323666,0.011237284,2447.1049459980372,2256.287038149562,25.088132091997757,0.16710284744470286,0
-1.3292872,0.11802811412412993,0.010868495,2068.979910539844,2059.0194544818296,22.355951016987692,0.18013770252681663,0
-1.4428123,0.2108162793648492,0.011171113,2797.7292763836003,2072.3063385912606,23.45137452966128,0.16844280079615045,0
-1.5899487,0.1349786107888631,0.011020654,2340.5539607539595,2175.7221847543824,24.721647720519446,0.15011624089262057,0
-1.6611556,0.10856724006670533,0.0108152535,2061.4075954953832,2055.61332342028,23.658895434835525,0.16806501205991872,0
-1.5103775,0.1909066397186775,0.010741577,2515.74503885756,1901.5322625573326,21.949019013550714,0.18989307703080993,0
-1.5320932,0.11604440073955917,0.011314039,2247.8082237000335,2262.4168573750208,24.89077639691313,0.17118394041469046,0
-1.8416535,0.05757753589037123,0.0101625305,1656.6397630771096,1915.3710326569699,22.766721004040164,0.1446262178562315,0
-1.563543,0.11656213747099768,0.010807602,2210.415271407564,2219.502984468797,24.498549648287987,0.16546188497262257,0
-1.8120317,0.12584854444605567,0.010394196,2432.5886817753603,2315.0298876580964,24.040437355198645,0.15580502911897562,0
-1.2736022,0.12170098607888631,0.010988319,2008.5414385115873,1994.5455126766099,22.533265502249797,0.1806340820479726,0
-1.5631007,0.13912503625290024,0.010966943,2417.2760266742293,2193.32818722153,24.523701798112274,0.1485119549520116,0
-1.7831011,0.11488997244779582,0.0103600295,2128.6137836694297,2157.7760810200207,24.576042078297984,0.1624444038828077,0
-1.3994248,0.07548420279872389,0.010533003,1689.1503351733593,1858.2594639552367,22.43314394169853,0.18206567823364408,0
-1.9750817,0.11821051152842227,0.010196243,2255.8690388099053,2297.7615621933046,24.795978797830667,0.16203513454137544,0
-1.1825149,0.05492540965777262,0.011351032,1364.8514531410594,1774.6548237895015,22.549414941694412,0.1798974188847802,0
-1.3989657,0.08134697650812064,0.010205614,1627.2887239692686,1753.4771441983323,21.07906120877389,0.19713057768514938,0
-1.3074559,0.11098258954466357,0.010809091,1903.7880527524617,1896.1316183046886,21.642973637603422,0.19767822516380595,0
-1.5442142,0.09081238217807425,0.010424161,1792.6576688145644,1875.3768751989346,22.27941377863567,0.1938830393135622,0
-1.3753603,0.0757730930974478,0.010173165,1530.8126020909167,1675.640830469755,20.88396218701406,0.19919384165043771,0
-1.4719839,0.07329090233468677,0.010456119,1507.6620713395923,1662.2037910536055,21.355899428128428,0.20157745344134706,0
-1.5466795,0.08871877718967518,0.01126248,2072.8556964986815,2277.1082698352507,24.5748272219444,0.1622076690628376,0
-1.4276885,0.10877229553364269,0.010643043,2085.6758018260343,2077.073419763778,22.708059002308325,0.18677738102384242,0
-2.0456414,0.11812667669663574,0.010064195,2410.3446888054095,2363.46964795728,24.322306462411117,0.14530847405458883,0
-1.2585938,0.08233826674883991,0.010435086,1671.3245045649244,1795.6334327815578,21.471504852555793,0.1962351537750706,0
-1.2993536,0.08844574753480279,0.01061203,1771.9988789920853,1862.7139541974013,21.32090047027257,0.19867841698117086,0
-1.3949084,0.09006806482018562,0.010165078,1717.5529007560108,1804.4662342787578,20.996006371984727,0.19870820277267284,0
-1.3815075,0.08209582547853829,0.01022565,1634.1075583098582,1753.9783312359762,21.16931187691341,0.1991610891408012,0
-1.2862104,0.06545461136890951,0.010349105,1421.7983539664087,1616.7006998771112,21.262294188338462,0.19313472381285143,0
-1.3502115,0.06762525377030162,0.011333793,1453.7265163134005,1655.356097755717,21.818567152950802,0.20970141688349128,0
-1.532455,0.10784331496519721,0.011354962,2126.423726181319,2220.429089378304,24.9581844368955,0.17678121652039946,0
-1.6294453,0.15131394105278423,0.0109614665,2509.67865663461,2223.8941535066197,24.485990962543724,0.16006433072200058,0
-1.4984884,0.08060945656902552,0.010435613,1678.6130181922756,1857.6489967858265,21.932469283480128,0.19075711908606616,0
-1.1598974,0.08767310759860789,0.0104195215,1820.638985485975,1950.0077530352032,21.390158227670153,0.184136784173675,0
-1.3085774,0.2164785292198376,0.01090003,2851.65928215501,2213.4839812616497,22.357313414375927,0.15859686571821935,0
-1.791788,0.11031417669663574,0.010371122,2109.0763934442966,2173.8399691325985,24.822315881563743,0.15790149706082704,0
-1.4842378,0.07992065146461717,0.010809803,1748.5784221443216,1915.8956594460806,22.612753922520312,0.1817399913497408,0
-1.3334483,0.07841502320185614,0.010649922,1630.927968207306,1779.176440994253,21.659378695625687,0.20003514270848857,0
-1.4365897,0.03997901863399072,0.0102927135,1024.3239040443207,1501.8932221725265,21.90742334503646,0.15875032638805398,0
-1.3313763,0.07685841429814386,0.010382223,1590.9510738235024,1743.6504780310077,21.228551475320007,0.1988537111859703,0
-1.2316183,0.0768436865574246,0.011418495,1589.4611076769097,1757.7702051338729,21.50814697809214,0.21337027337818507,0
-1.1996634,0.1110347030887471,0.010968885,1920.6527795284385,2035.0481362758462,22.56499805658608,0.16939198619947368,0
-1.4587344,0.07230640951276102,0.010431458,1494.729310506506,1654.5872407581542,21.11811227942536,0.20070820375741652,0
-1.7476788,0.111820937862529,0.010362531,2101.7215376780414,2174.034842175603,24.78024480714748,0.16131570278558915,0
-1.3083174,0.053697342662412995,0.011242886,1239.6922405853925,1658.8426915743976,22.992745293234623,0.1767119706890876,0
-1.3576617,0.06694324608468677,0.0113637475,1444.987393131511,1655.0023568998604,21.668128586800076,0.20716877473123965,0
-1.5883844,0.11469171439965198,0.011252379,2367.468448068867,2370.9315529542573,24.508781884732702,0.16385034734453627,0
-2.0655088,0.11117405017401392,0.010118757,2308.963542737929,2364.652266533139,24.60589210264349,0.14450429056485026,0
-1.4570583,0.039366118039443156,0.01005434,1087.7060120475762,1557.0908262242815,21.920682106470974,0.15458242197791333,0
-2.1160443,0.1075159059599768,0.010073975,2124.2214692147127,2214.502701393786,24.887527352431707,0.1555092550230485,0
-1.2617072,0.07823942321635731,0.010664108,1576.1826257113346,1737.1132658166991,21.252466682318577,0.20503635731567046,0
-1.5682156,0.11341379966647332,0.010481279,2150.439170604796,2205.545056808343,24.270324473917178,0.16502341956449126,0
-1.5607724,0.12430439747679814,0.011283569,2416.721733720674,2333.5675997915805,24.534064565701385,0.16590955638201785,0
-1.4403597,0.06518158171403712,0.01017598,1436.057725123491,1637.6307051804931,21.368923313075154,0.18841952722394295,0
-1.2931082,0.07809667742169374,0.011293353,1596.1964408876288,1746.484525767217,21.603900693798114,0.21114892160198784,0
-1.54854,0.04546906721287703,0.0101650795,1179.6474066157064,1644.9123450742923,21.921816738670024,0.16660437874064007,0
-1.2149945,0.10541210484338748,0.010115802,2155.791815430614,2201.084387997216,21.603888414461476,0.16685834134379907,0
-2.0384364,0.1129787648636891,0.010143704,2339.4343354538105,2326.77963403031,24.193742615169697,0.1481813065993525,0
-1.3685771,0.07583200406032482,0.010658623,1529.123995615326,1672.3133960206947,21.855470604060454,0.20327914590376392,0
-1.5977622,0.10079212587006961,0.01127097,2231.1363473027104,2301.400177617057,24.40034547038974,0.1634681516359858,0
-1.4037962,0.13473503661542924,0.010980246,2117.810126100463,2013.0788457529372,22.611548081830513,0.19035845071280533,0
-1.4097855,0.23217603502030162,0.010794131,2883.6666126321306,2149.3586187313576,22.271572652400312,0.16059896887963757,0
-1.304038,0.15433879241589327,0.011224192,2323.975796916167,1983.940964404687,22.75290100575351,0.20183240448506581,0
-1.6092968,0.057517492024361946,0.009360182,1305.1551163785366,1638.0103927528514,24.07634805941738,0.12747865812023926,0
-1.0299969,0.10363911144141531,0.010941083,1834.0489420994418,1985.5870983571538,22.544835806901443,0.17320614685637992,0
-1.2590072,0.05524148963167053,0.011307187,1316.3163112491443,1742.5048960471588,22.52488821319177,0.1830447383225896,0
-1.435421,0.09866000217517401,0.010616499,1831.0404213773272,1887.5333255521257,22.382203671910172,0.1970267927810004,0
-1.5139191,0.11978977849477958,0.010502861,2150.5359300035807,2196.133610825695,24.25467716952795,0.17342767588898944,0
-1.9684839,0.11100751341357308,0.010137095,2130.107023695486,2170.7774718538044,25.036604902214915,0.154400621786487,0
-1.0857561,0.043355069968097446,0.0111562405,1282.4364700375559,1688.4262598921678,22.65800798627793,0.163080440309402,0
-1.430878,0.18220707656612528,0.010838393,2533.3942296563228,2000.804200975542,22.307463412945385,0.18935977564450143,0
-1.7992594,0.10960384643271462,0.010407348,2056.701470353959,2155.733784414081,24.80418785639336,0.16547782029802496,0
-1.1309459,0.1256536851073086,0.010411988,2302.98744940664,2220.7463803431915,22.001733014706605,0.1732750778245977,0
-1.3979352,0.20513703596287702,0.0109831095,2790.947140121326,2228.70738793579,22.10652591767116,0.18099289427122398,0
-1.4971257,0.07593849695475638,0.010401018,1636.3888095358636,1826.9441581556878,22.406441491617972,0.18540239553869461,0
-1.6391445,0.14371216103538284,0.010790243,2426.31429829805,2263.053499726421,24.423538296627914,0.16103010000132728,0
-1.5097615,0.08940305068155452,0.01136087,1771.262234546786,1863.4964333078933,22.796878348437186,0.20561633081775324,0
-1.6645651,0.1281041545823666,0.010358034,2393.0273495708416,2387.3496394739577,23.840209292276835,0.160032724427873,0
-1.9601393,0.10936706967807425,0.010240429,2286.026815092351,2318.9984625310303,24.35296299945274,0.15095752204994303,0
-1.8283505,0.11065857924883991,0.010385086,2159.874875316205,2209.1949424161917,25.152968267902622,0.15906329146273832,0
-1.7298188,0.13985575877320186,0.01013056,2569.6956861896265,2461.0042910732604,24.00932361244119,0.15018418143846293,0
-1.453071,0.06062277950986079,0.011319432,1480.3085762422284,1765.0996427215584,22.52961188074514,0.18794566529777249,0
-1.7638524,0.11833626377610208,0.010385865,2227.8099733821414,2263.8133181320113,24.31961351980905,0.1647243011740008,0
-1.5332185,0.10133478647041763,0.011335778,2269.8682071228727,2365.472308714667,24.822270055921923,0.15949026785407913,0
-1.2992699,0.10964463094547564,0.010863375,1894.758341115796,1960.271708507537,22.93890069123793,0.1825409958956772,0
-1.2349318,0.09476394830336426,0.010827043,1866.634662150242,2004.544806572876,22.525368620316694,0.166406026743046,0
-1.3023846,0.07479539769431555,0.010649145,1624.999069333543,1842.5590002441345,22.094017455572757,0.189621456175907,0
-1.4524152,0.14155851218097448,0.011358089,2503.375906452983,2260.4177583689466,24.5100712164058,0.17325456378916426,0
-1.2827021,0.11585180720707657,0.010771209,1949.9485460319056,1911.474536445928,21.564018091732503,0.19838504083693484,0
-1.3146067,0.07663749818735499,0.011282762,1590.620032870846,1748.314333553742,21.53061220949407,0.2109619324245918,0
-1.4744068,0.10523650485788863,0.0109652905,1920.918912466482,1929.148603642737,22.785523483908946,0.2005746214349209,0
-1.2896228,0.055826067647911835,0.010482224,1460.9509057149276,1861.737847656365,22.826728235319575,0.1656187870672887,0
-1.3422024,0.0736432352088167,0.011325234,1565.1771877456094,1738.1436081698112,21.88759696496573,0.20739311708313002,0
-1.4226711,0.0753006724912993,0.010419226,1560.6748215421946,1721.4206345141286,21.427174277084596,0.19800675694481848,0
-1.2933415,0.10465985716357308,0.01092903,1864.185782817978,2016.3635860778318,22.46824544460828,0.17268330565401377,0
-1.4612384,0.03717055176914153,0.010368241,1030.7061784203054,1543.4157156355786,21.611424534171537,0.1600124463953683,0
-1.4137679,0.1632943916763341,0.010698958,2257.385841520388,1987.0194151796486,22.006205186887946,0.1885102858887909,0
-1.197527,0.1186364831061485,0.010910718,1940.1871767357193,1919.242172130832,21.59365687956053,0.20227059161561414,0
-1.4618345,0.055444279292343385,0.010135532,1332.4639831876902,1766.0736358228146,22.334904271985522,0.1612469803981293,0
-1.5492043,0.1153306717662413,0.01094563,2182.799950573298,2168.4350042794267,24.530198133574377,0.16482220534955844,0
-1.3620837,0.1388440762761021,0.0110329585,2108.552750316402,1984.3374524778171,22.330102626171435,0.19809719340033735,0
-1.538532,0.1601313261310905,0.010962269,2448.8159719607947,2226.1614061550604,24.345232254171094,0.1653441975160712,0
-1.3343073,0.082035781612529,0.011423159,1671.810152700158,1800.8681013406813,21.7215614061516,0.21184371973810776,0
-1.5895945,0.16020156612529002,0.010927585,2613.6117212100003,2338.0679928264026,24.00846185243401,0.14933236037803385,0
-1.286634,0.13287820838167053,0.011120412,2054.534826936795,1971.671429127344,21.77736233824664,0.19517690942830968,0
-1.33435,0.05987846215197216,0.011320101,1381.9842977658714,1806.6310581755959,22.437092957541967,0.18505123739147888,0
-1.4044225,0.07465378480278423,0.011306404,1642.4731078030957,1842.118130947028,22.140786341614668,0.19896917775171874,0
-1.7455357,0.21119127030162413,0.0096633835,2756.312054562636,1947.352987194162,22.274383468197584,0.14569824506394552,0
-1.509826,0.0869990302349188,0.010163762,1714.0484063059844,1807.4167729541784,21.55296064663965,0.1946849587251617,0
-1.5547756,0.0771325768561485,0.010644769,1701.798567187167,1897.4357280459767,23.010323718812547,0.17645099683953147,0
-1.5876179,0.17363213275812064,0.010702582,2698.1567584143577,2256.593881714433,24.142775631008753,0.153822591349477,0
-1.4847533,0.2248132975638051,0.010675782,2760.3401459131137,1857.8473629608166,22.39340843119971,0.1626564087827757,0
-1.3261473,0.10265801732888631,0.011345467,2016.064915699465,2063.9343048747774,22.53271887277032,0.19717587356309316,0
-1.6567411,0.03245201022331787,0.010332197,1075.5307630482691,1608.2749027433808,22.06654265005786,0.1387233707970524,0
-1.6505666,0.07512507250580046,0.0101595735,1694.0706655875,1917.6503627961902,22.512383875593564,0.17423605177727294,0
-1.3387334,0.07073280706206496,0.010434293,1434.1529134684085,1601.0120967338949,20.968669827729368,0.20587054945632197,0
-1.582422,0.12575451348607888,0.010668149,2314.167029590413,2290.245919404157,24.993536778632834,0.1623692120341036,0
-1.5381122,0.1463744833961717,0.01137558,2668.8120376208835,2361.4946148637946,24.454452333235672,0.15942153028893052,0
-1.9001843,0.2213817339762181,0.010089802,2838.8699461364818,1996.9689490009796,22.75797143746198,0.15655109099768041,0
-1.4195613,0.1195530017401392,0.010974402,1988.0223430785952,1921.5684238502681,22.117447793156337,0.19554023179055857,0
-1.2718406,0.1190397966212297,0.010917198,2016.000348197929,1988.6887622370077,22.26734164369898,0.18883242691477672,0
-1.080275,0.0805686720562645,0.010919245,1610.0219459980997,1877.2489203721948,22.997271568848756,0.18506608272204259,0
-1.3266243,0.04862080372679815,0.010598516,1159.7341729116688,1571.1381685836745,21.916392931174112,0.17429693104424795,0
-1.5967638,0.06647309128480279,0.010408339,1535.5100807920487,1785.1449644059562,22.27361274549036,0.18275830431158666,0
-1.5451155,0.0764630311049884,0.010368008,1461.8034513827506,1578.1489937684019,21.157000406312072,0.21032346098477928,0
-1.3381306,0.06558036361658932,0.010429796,1402.731353449457,1614.8301655453945,21.11521611657756,0.1969112646854971,0
-1.3193498,0.04949087333236659,0.011284079,1227.3750018042997,1705.0214320098844,22.8224366035905,0.17388951570230204,0
-1.7340221,0.12655434309744779,0.0073209233,2315.927925340082,2147.736411259093,22.282014619539126,0.09750713939488685,0
-1.4024585,0.07146352958236658,0.011206593,1427.0163638774268,1585.466729108684,22.082005839596853,0.2054471418249255,0
-1.7847706,0.11521624854988399,0.010370588,2165.2815200106697,2230.720974756539,24.595657233635873,0.16780903585113185,0
-1.527519,0.04038233214907193,0.010138495,1070.3539714649407,1558.9007953352998,21.577140856786603,0.16023407034200432,0
-1.2452207,0.07839916255800464,0.011402701,1598.6078302886076,1737.647047916013,21.13362624162551,0.2176555362501512,0
-1.2138691,0.06746891313805105,0.011416905,1510.5116674254264,1737.7481553573805,21.70260447172131,0.2036372258717679,0
-1.215934,0.056225982453596286,0.010218673,1374.2819425378232,1779.4581686430736,22.2454146295842,0.16735520280217142,0
-1.4560096,0.07945276247099768,0.010192545,1627.2639290449197,1759.733526749954,21.235575697108224,0.19170613912619158,0
-1.2809863,0.11568753625290024,0.01105547,1900.0753106859777,1873.2566802370466,21.765261311799147,0.2009576763978483,0
-1.5517063,0.06530053654292343,0.010355468,1489.8672995138804,1761.0867220316386,22.32253382364015,0.18294133929437095,0
-1.3854425,0.09729032228828306,0.011228192,1822.7584849614004,1845.520467345922,21.69682956522657,0.2076672211876424,0
-1.568891,0.11750357997389792,0.010945981,2365.266191022604,2333.3144230804646,24.21824405371823,0.15924527055417412,0
-1.3138967,0.07970879857888631,0.0113632465,1648.7331986313197,1798.510744813423,21.425374595313908,0.20915917330005684,0
-1.2907882,0.0707090160962877,0.010386051,1493.1991364061942,1660.1566683883539,21.347326708159596,0.19854575956853412,0
-1.3059585,0.0769513123549884,0.010610235,1578.0885443859847,1737.818079128162,21.344099600795037,0.20396531139771565,0
-1.3183908,0.07309604299593968,0.0112722535,1559.9965309948393,1735.973608925428,21.500592633604715,0.2062360362680972,0
-1.3292438,0.12741534947795824,0.011031215,2009.4330120119262,1949.1850206096012,21.9027778833486,0.1962204726114535,0
-1.3774123,0.059357326711136894,0.009806755,1339.781767258492,1712.1342271370047,22.90028403360949,0.16076799604551234,0
-1.2961463,0.06718115574245939,0.011362658,1449.4660681008447,1657.6897731396173,21.556798663146548,0.21111281217980613,0
-1.4997493,0.1365374854988399,0.010249531,2121.963073412498,1935.3802249908535,22.126382089512525,0.19298442497126553,0
-1.3184102,0.07698303364269142,0.011366793,1594.6384255955802,1759.155777980979,21.80195786405045,0.21323561724386966,0
-1.2944885,0.0956272204901392,0.010884984,1838.7952100055393,1978.0691364487452,23.066180184330648,0.1632311019842047,0
-1.4752638,0.16473997607308585,0.011147689,2386.031572764911,1975.8024148707277,22.523667604141004,0.19984211206838487,0
-1.4772372,0.07077472447795824,0.010156543,1479.103368397671,1650.1772712425982,21.21266656863117,0.19541192452252928,0
-1.2070475,0.0725703759425754,0.01077324,1631.878470710739,1987.6475394588783,22.653848771118962,0.17211326190123774,0
-1.3661082,0.08010871338457076,0.011393288,1671.842785606659,1800.695996023375,21.714490879747082,0.20941863503772842,0
-1.3248626,0.07857816125290024,0.01015038,1587.1392030986885,1722.5874223242263,21.027333604627326,0.1944029137668182,0
-1.3222066,0.150887969475058,0.011386555,2295.479046191577,1975.8679328354729,22.724374300311812,0.19559861879627014,0
-1.8999512,0.11584161107888631,0.010161035,2135.8407600333044,2178.5132366539556,24.77879893582961,0.16054281113064708,0
-1.3572701,0.08517165748259861,0.010427463,1703.6467351449126,1801.511892746099,21.343314355991463,0.19877768452560737,0
-1.6562352,0.12005714363399073,0.0103403265,2220.604525270607,2245.332655352361,24.578133245293298,0.16362358255347081,0
-1.7317268,0.0544926406612529,0.009616125,1267.0689481627244,1502.766165818614,22.377118440042643,0.15654648907011418,0
-1.7201033,0.11235793394721577,0.0103963455,2117.546685549895,2203.2071067156494,24.63207004145303,0.166827432739893,0
-1.431945,0.10141408968967518,0.010772771,1804.3135575284427,1836.8985903461971,21.710260355773535,0.20515141267141426,0
-1.6216393,0.11035269540313225,0.011266241,2281.244657725763,2381.532775160087,24.48828150966855,0.1690959334910482,0
-1.4468428,0.11479820729408352,0.010078347,1934.3585135241506,1870.71222723519,22.057377080828424,0.19059821532450047,0
-1.87187,0.1175885477088167,0.010154447,2211.6334023833706,2259.3688468465352,24.834763462582995,0.1636297009033688,0
-1.2299011,0.11995744815835267,0.010897393,1930.8005077616556,1898.1512320050786,21.73751234749247,0.19562795361707372,0
-1.9393216,0.1263039715052204,0.010104296,2324.6259088395586,2293.3445175963343,24.75000349374474,0.15839343584807333,0
-1.3047403,0.08530534005220418,0.010428334,1718.1870975358706,1816.1122923473004,21.216670082270234,0.19799303342777275,0
-1.4776006,0.07523609701276102,0.010415644,1648.4132893434698,1860.0786638589516,22.243436750736798,0.1833661407748801,0
-1.4869066,0.07243669337296983,0.01020917,1443.6528560000627,1594.571669916545,21.150392132464813,0.2026846046282772,0
-1.2691612,0.1597619997099768,0.011077899,2356.1000886117768,2097.553791422971,21.535484276235145,0.20130776125596872,0
-1.596477,0.11355541255800464,0.0105762575,2163.155284424014,2244.446431901614,24.761734924634286,0.16290443555972695,0
-1.3833258,0.11166119852088167,0.01016144,2263.285718875876,2348.736415837036,22.460570118345224,0.1565436889541683,0
-1.8098955,0.12067797455046404,0.010375013,2257.8222658063805,2261.0251686345814,24.240569818216507,0.1646818070431161,0
-1.4817715,0.080087188225058,0.010418385,1676.5444218833024,1847.197933981057,22.095500362398045,0.19088051766455003,0
-1.2215195,0.11486051696635731,0.010804358,1979.1173209824005,1937.9931640829097,21.674344213147297,0.1939947693374455,0
-1.2656995,0.12065984810034802,0.010855967,1988.2841799474866,1923.669545068614,21.394513216308173,0.2018231494997438,0
-1.3743976,0.08792801080336426,0.010548298,1727.04294681442,1818.1573151749656,21.41718729728903,0.20250652674976385,0
-1.4980714,0.08118043974767981,0.010170109,1629.9467987452185,1758.7442516868477,21.468190031543365,0.19422425067123394,0
-1.333483,0.06770908860208817,0.011441026,1472.9423161803538,1667.2719467124489,21.631940342624585,0.21184813883920062,0
-1.2921602,0.07759480133410673,0.011314897,1549.693832609223,1687.932124357864,21.971856144444683,0.2112542408739744,0
-1.3416163,0.0674881724912993,0.01039609,1440.628656921925,1635.8393649192096,21.12311203996931,0.19826191687255054,0
-1.4084234,0.07411678871809745,0.010421412,1490.8236116329679,1635.9144322533944,21.03458022760561,0.20321746096212548,0
-1.3199643,0.07467870867169374,0.010766556,1546.9485284181478,1722.0727721145568,21.57477929266832,0.2051848438451812,0
-1.2229598,0.06995336970707657,0.010399702,1471.1696975616055,1651.8241508470987,21.04819662045352,0.19957912803181635,0
-1.6584113,0.120130782337587,0.0081597455,1973.8424221436442,1874.096071348721,21.690460947972603,0.14413838482136984,0
-1.7451324,0.1370574880365429,0.010386353,2458.170614118482,2252.22604278078,24.796411079118734,0.15879510451925438,0
-1.374623,0.08710325732308585,0.0104158195,1703.3212528784927,1800.0423978907857,21.090289933391652,0.203303877828818,0
-1.3775175,0.12120590741009281,0.011009015,1996.283652864649,1932.5295781858804,21.740009806963343,0.19121494579804246,0
-1.5505297,0.12232861441415313,0.011212232,2343.3028273942405,2320.1065564965734,24.818148573002993,0.17137347448244658,0
-1.7625815,0.1803638431699536,0.010383317,2780.441591151078,2255.9723239039317,24.308132658986917,0.14853828210912573,0
-1.4330103,0.09346564131380511,0.010800521,1694.233724908899,1879.2770059788386,22.23340709934046,0.16679862181248453,0
-1.1129391,0.1025458599187935,0.010935093,1860.9548376840253,1974.197484786888,22.387317733030134,0.1719545395105011,0
-1.3757684,0.1297196744489559,0.010944424,2090.9966153614596,2009.4097340316393,22.475035859170102,0.1914749896199194,0
-1.1734474,0.1640874238689095,0.010765666,2440.755161832911,2095.4474148148656,21.85114507020838,0.19272673901272194,0
-1.1861675,0.14732612202726217,0.011114156,2174.7834902216646,1971.1542284422667,22.18784380873957,0.1991519756758325,0
-1.6511443,0.12260844148781902,0.010915555,2337.9966960484944,2172.171209608186,24.632208884174783,0.13492806263315857,0
-1.4504954,0.1369963112674014,0.010468832,1981.007405655638,1681.0387644796604,22.110318645381653,0.20998235913903843,0
-1.4431069,0.12151179125580046,0.010432232,2046.8057181865627,1933.388574516671,22.114787736767262,0.19860409907003798,0
-1.524599,0.1078206569025522,0.011402015,2052.3024084778513,2158.8160763945766,24.90397097030032,0.18087926278769142,0
-1.9173948,0.11668449100928074,0.0101789115,2230.399332221833,2253.806494284715,24.917704486564787,0.15661264746549716,0
-1.4033605,0.043120559019721574,0.010526998,1101.4926431816498,1561.3343718060953,22.09772175324597,0.16834219144796694,0
-1.4964612,0.06941977233178655,0.010159386,1542.2022324165334,1787.3153397111776,22.270252281366147,0.17951274467742565,0
-1.9117986,0.1229415150087007,0.010156062,2242.082049610101,2192.9478210004527,24.835118501629754,0.1513655209138427,0
-1.2864641,0.13746986477668213,0.011044749,2106.5501296667876,1981.4424451866298,21.574065440810177,0.1980394375622017,0
-1.247308,0.05769988942865429,0.010371686,1429.9500750789093,1852.7148722518953,22.1465437642627,0.16694338320623278,0
-1.3813756,0.15073729335846867,0.010976054,2360.021843053405,2143.636587340934,22.58202038970622,0.1842113240060356,0
-1.191262,0.12169872027262181,0.010617079,2300.9576117204497,2232.68837370911,22.076293134050566,0.17349453608663004,0
-1.672909,0.07248200949825986,0.010181129,1828.4783044135363,2113.403548547438,22.77518156681652,0.15336029396136697,0
-1.5289491,0.1610297183149652,0.010171874,2284.0552271561833,1901.438042673831,22.11082525922264,0.18565064103552056,0
-1.5230311,0.11558557497099768,0.011348589,2259.4600481240223,2313.2462253869967,25.316666440553295,0.17504396966533997,0
-1.5082207,0.0475694696200696,0.010200019,1319.5766170717534,1738.8132483911113,22.156621138187745,0.1548099240999044,0
-1.5813268,0.10531694098027843,0.011327502,2035.6701877617252,2142.1063059552957,24.934693071793976,0.17945574722771362,0
-1.3696824,0.11160002175174014,0.010598944,2086.370517771376,2072.216207758404,22.662032541636968,0.18640587981231282,0
-1.2213871,0.056689339834686776,0.010573912,1322.1936108517,1601.9484537099752,21.57705865936548,0.18465810087500023,0
-1.431262,0.07103869090777262,0.0104148965,1489.1004420005506,1651.919226287148,21.105516165159266,0.20070213217458402,0
-1.6128991,0.1433507649361949,0.01086162,2447.0437524329454,2274.226851408955,24.768650628298303,0.15601065692846597,0
-1.5668713,0.10758274724477958,0.011278159,2047.715080467358,2156.9752690895725,24.751842937842046,0.1810075764721868,0
-1.5925543,0.11051356764791183,0.010605471,2143.823768847602,2240.4725650601663,24.978716496705363,0.16525025871460783,0
-1.5006367,0.14335869525812064,0.011294182,2463.110259992657,2375.1227364570104,24.93770627206709,0.17968939427960917,0
-1.2066017,0.15384597955336426,0.010446025,2507.9565168819645,2229.2586591492563,22.042118570555512,0.17455776028025194,0
-1.438156,0.10549254096577726,0.010929219,1910.3478513219645,1960.419753062056,22.496217568086383,0.17616346808452008,0
-1.456795,0.04010363797853828,0.010064339,1066.5401451799337,1534.8089265358094,21.740124006179514,0.1565078894634429,0
-1.3470547,0.06827554016821345,0.010148192,1451.1098303894837,1656.371771698488,20.840884736224528,0.1916966755314593,0
-1.5466187,0.08735929343097448,0.01024427,1716.0764229725382,1799.0073863726661,21.574709978914843,0.1967943053365423,0
-1.5904438,0.12179501703886311,0.010628112,2282.5686256454783,2263.903400728522,24.575001554525436,0.163283741577295,0
-1.9418231,0.1094690309599768,0.010095958,2167.7306188338102,2227.3730100262364,24.80498246533993,0.15796929441534222,0
-2.3827271,0.29283959904292345,0.009891275,3299.4352148574317,2077.202374356768,23.945983920342087,0.10079350125118043,0
-1.2387072,0.12235806989559164,0.010914942,2016.6570083895945,1939.3534955885852,21.592460725230556,0.19972317049236077,0
-1.4483316,0.08636687028712298,0.0101789255,1706.7549236967798,1805.553002220087,21.23291572525067,0.1963443875135312,0
-1.3202134,0.13036316342807425,0.010911612,2206.7816491892213,2102.9798988148964,22.32953160265036,0.18285698060610459,0
-1.1909459,0.12577150703306264,0.010895396,1987.1067299619403,2032.495576972546,22.748779455976734,0.17043627932495797,0
-1.6267575,0.10669455118909513,0.01012809,1804.7279225661455,1738.3051505205292,21.458174535503904,0.20570803962709136,0
-1.6624682,0.13666890226218098,0.010359115,2413.2540952393983,2280.0865173675847,24.000815261437317,0.16774453332763972,0
-1.4512138,0.07199486115139211,0.010147591,1494.9827560387037,1657.4865416070102,21.152615335101693,0.19480304565672046,0
-1.4264262,0.1658660817865429,0.010935173,2309.2084081365783,2033.0293891070226,22.138577403456598,0.20085175692417515,0
-1.7543055,0.17876871555974477,0.010113286,2635.9565592393087,1953.5485051683072,23.91407696508283,0.13809934701415388,0
-1.3722048,0.07394232163573086,0.011404424,1628.8416398056581,1844.0256833399153,22.17138331596031,0.20005349298630984,0
-1.5597456,0.10765412014211137,0.011286412,2063.7677032395336,2152.1061739417246,25.10100636749217,0.17327587771644345,0
-1.2264168,0.05196060216067285,0.010104279,1282.4751315322194,1602.932110664238,20.83611318876078,0.17657556935078353,0
-1.2312728,0.10963103610788863,0.010403234,2145.296871811963,2192.84841153347,21.954167133601988,0.1743216338807211,0
-1.9770222,0.11099391857598608,0.0101595335,2063.917471863802,2139.049599763961,24.694929067357002,0.16546299107277754,0
-1.355124,0.08789402370939675,0.010646545,1723.9238652140652,1813.1317038511093,21.48809078960618,0.20291175013285745,0
-1.4388916,0.08143194424303944,0.010192632,1704.5530581495232,1858.937853357276,22.128122861340508,0.1855527784259919,0
-1.6253307,0.18174711789443154,0.010761449,2457.654974125432,1944.245508538324,22.078857305849194,0.195657455824355,0
-1.3437251,0.1596475764936195,0.010285621,2319.9657662927098,1997.4302450218613,22.216046517832904,0.18455544407141564,0
-1.2507553,0.12614536506670534,0.011039903,1970.9217108829414,1918.7811330436268,21.707415147472023,0.1978693902545655,0
-1.7351353,0.060615982091067284,0.009125164,1313.9271337318,1604.9057126031182,22.984603913474512,0.15022903000090568,0
-1.8804893,0.12828995069605567,0.0101007745,2270.182277983936,2200.3457054290398,24.362441376640295,0.15615658606579927,0
-1.5625358,0.1684864867314385,0.011062197,2644.8947346949853,2324.2687162740244,23.72832920811012,0.15932389595082136,0
-1.3806837,0.12456043358468677,0.010239283,2279.4093573039117,2212.041152234072,22.0548859790192,0.1715024305292885,0
-1.5181208,0.18295932424593966,0.010557151,2530.6273278422327,1987.9384444774287,22.89325615417109,0.18039428144694236,0
-1.9058383,0.11830680829466357,0.010084197,2152.723957395777,2142.8115228482834,24.465448705761112,0.15599946137119483,0
-1.7492522,0.2964943445475638,0.0103818495,3372.902648851309,1984.929482567469,22.816612511819034,0.11427880799671292,0
-1.4945621,0.312974686412413,0.010505979,3364.189643423034,2180.496121878718,24.107817329707434,0.10655846037308574,0
-1.3768741,0.07268706496519721,0.010720828,1475.9206835243394,1642.5470839442385,21.418486587645386,0.2080433880404804,0
-1.2108246,0.05118456351508121,0.010051597,1233.4483347838652,1523.9929834409058,21.8228895285305,0.17538291900690253,0
-1.216243,0.09104236151392112,0.010752765,1784.2321423448204,1865.3154069016464,21.29539712724434,0.202100502214951,0
-1.5991462,0.09603619852088167,0.0101626525,1681.582536653918,1837.8417945356587,23.912198152182985,0.16812593740016343,0
-1.5719113,0.12509516386310904,0.010567858,2315.413995996385,2239.8452380388653,24.297391976485496,0.1636036370412287,0
-1.5974295,0.15555666328306264,0.010976751,2439.0039430879838,2238.2028066131434,24.104428027687185,0.1671087693378469,0
-1.3715453,0.07874922962587007,0.01073768,1535.5607397078447,1684.3835897240642,21.612569920464853,0.21246340750911089,0
-1.3447158,0.09106388667343387,0.010928094,1779.4665623934234,1866.1754197947678,21.71796242395992,0.20346841150428815,0
-1.6225631,0.15470132141821347,0.010904149,2602.5157311576886,2320.42818854303,23.803513319858418,0.15455183608187045,0
-1.2106708,0.11971500688805105,0.010842666,1942.262824383334,2004.4129969720802,23.109257383186705,0.17840876354714852,0
-1.3698406,0.07131058765951276,0.010431389,1454.8323621560721,1630.257345918125,20.96670748289432,0.2053730463782553,0
-1.1160927,0.06814185759860789,0.011289672,1419.1243644200779,1770.7325790068076,22.865595031781574,0.19158156384061417,0
-1.3796351,0.08505156975058005,0.010702954,1601.027162591485,1793.1652525175748,22.03672383543223,0.1577685565807926,0
-1.5708768,0.15820652370939675,0.010950482,2462.9477208988146,2208.767496841018,24.036493880732703,0.16358707916581247,0
-1.7644325,0.11111853792053364,0.010393744,2119.837229326716,2186.10651853998,24.67593080435191,0.16367050510466122,0
-1.9695325,0.1095721251450116,0.010062242,2252.2059217574333,2287.015910262075,24.416543672612626,0.14740499577634666,0
-1.2873039,0.05476567031612529,0.010153277,1389.4946611227895,1813.1150836930285,22.19429476060107,0.16002623959940573,0
-1.2464064,0.04154129205336427,0.011254558,1151.9127763310776,1624.1790781148445,22.18010084668572,0.17327407425509,0
-1.3052926,0.07241856692285382,0.0113271205,1575.9856339809355,1747.4773716822617,21.455091579894408,0.20427880991610325,0
-1.5547866,0.11588806010730858,0.010985196,2113.9667157658578,2145.550885987553,24.34683419606515,0.1737519943259367,0
-1.7590085,0.11544169627320186,0.010343383,2257.239262229884,2289.8944479206984,24.43905097905522,0.16061283749945782,0
-1.6241912,0.143034684962297,0.010927231,2391.151634358183,2211.8675331740237,24.764533406980576,0.15123832303179796,0
-1.4039178,0.11081831859048724,0.01081314,1868.2279528193997,1840.8892183229054,22.30975779871663,0.18236937891742874,0
-1.375652,0.16067058802204176,0.010851057,2498.0786169309154,2188.90864345351,21.873815014699396,0.19204903338489385,0
-1.5360364,0.14368950297273783,0.011216329,2529.0818928759522,2275.012327254245,24.821268405658348,0.17020905627504967,0
-1.5375822,0.11032550572795824,0.0113885,2167.704019707066,2239.2249833147825,25.00520905903854,0.17353078355507143,0
-0.92073286,0.07546381054234338,0.010447695,1625.5071647674463,1798.603138510808,21.398718945356052,0.18921347403168662,0
-1.4831634,0.1094667651537123,0.010242034,1799.8312228264292,1741.3074698852881,21.418667988205197,0.20074394909030235,0
-1.5495685,0.12084451131090487,0.010903905,2275.5185143930566,2262.235143139097,24.621788824423902,0.1656958168367432,0
-1.3546576,0.11900014501160093,0.010878769,1962.6231389276877,1918.914831665974,21.73850526972794,0.2002342360940993,0
-1.7578721,0.1167751232598608,0.010429596,2354.341245579136,2335.404992480291,24.120803568358212,0.15785212465438989,0
-1.5250453,0.1214993293213457,0.0109573845,2292.6934043833407,2274.146096821635,24.751579964054223,0.1641082968141594,0
-1.3951863,0.06461739595417633,0.010152218,1425.355006819175,1786.4408804706925,22.728304074652836,0.17054047271129627,0
-1.3043557,0.07178753987819025,0.01137737,1561.8206814318894,1741.627789423545,21.47618757903785,0.2064438090829981,0
-1.999335,0.11085003987819025,0.010138142,2137.1911234158206,2186.888139256112,24.761720769784137,0.15869484232785983,0
-1.5175014,0.07293063913863108,0.010402883,1600.1946772300175,1815.860174561168,22.140634775865056,0.18617764613019672,0
-1.565145,0.10688261310904873,0.0114060845,2163.0418477551616,2262.715993047685,25.437632487963487,0.17163645097394475,0
-1.2788477,0.14359433910962877,0.011010057,2207.7866339348398,2030.0992192360943,21.769826134172696,0.19602592707792718,0
-1.4384409,0.07268706496519721,0.010390292,1474.1838285338195,1645.6025239360215,21.369312331008643,0.20225443472665963,0
-1.6212363,0.16950383374419953,0.01091376,2732.731638396816,2318.059813299785,24.164791322873153,0.15263791930784706,0
-1.5392389,0.12816193264211137,0.011285046,2392.1266135450514,2277.3445672931343,24.244613312730216,0.174017646298364,0
-1.5392225,0.112318282337587,0.010598387,2163.802599008618,2225.947490871955,24.49321603351567,0.16759055775175932,0
-1.1812614,0.08567466647331787,0.010926943,1685.9111729284064,1829.6087161562602,21.22407166276139,0.20802516716538208,0
-1.1186687,0.07872657156322506,0.011399703,1640.6502849743986,1785.2853520005135,21.865551180692737,0.21118900234387383,0
-1.5922129,0.15338828668793503,0.010939148,2421.8021931625394,2223.7817328111564,24.462653191441834,0.16030017021714763,0
-1.2557948,0.06246261419663573,0.0113056805,1486.2790651271341,1864.6726446873763,22.763428566472253,0.18231510313463858,0
-1.5785844,0.11293911325406032,0.010529005,2180.26779019452,2205.562309890416,24.576150440610288,0.16282557610728446,0
-1.2887433,0.09299888522331787,0.011035375,1730.5196357044629,1859.1941442103234,22.35320948295098,0.1571279780296262,0
-1.4533833,0.07553291763341068,0.010451124,1651.5826573840643,1855.374683835469,22.09450656749363,0.18700110803832426,0
-1.6120784,0.04466470598897912,0.010169352,1145.2075888397292,1519.3503081202161,22.484127343190405,0.15890930687470184,0
-1.4142219,0.07513866734338748,0.010157401,1514.2896134335072,1658.6420595139966,20.861743094169437,0.19954301267953065,0
-1.5907432,0.0992037956786543,0.010210719,1905.9760160072547,1980.1686696051668,22.802923936350286,0.18322594726955085,0
-1.3852367,0.11890837985788863,0.010355203,2318.287000331268,2355.3469083508853,22.472156190683563,0.15259719012627196,0
-1.7706274,0.12213715378480279,0.010377874,2290.1448402389856,2307.2161671463023,24.757222719883714,0.1605278122171706,0
-1.3237425,0.07888064638921113,0.010213634,1551.5646107516707,1687.8176755077552,21.10153995200731,0.1967088537342698,0
-1.1604505,0.1138635622099768,0.010692999,1912.354423062065,1974.8832388883893,22.680161771844556,0.1702257620199794,0
-1.2875869,0.1256536851073086,0.010978174,2017.5894625423755,1958.3338283798332,21.95706353525608,0.19202585596144192,0
-1.5055561,0.10602840414733179,0.009952827,1794.198754222484,1748.7529403243345,22.109226907087614,0.17970148618287285,0
-1.2353861,0.0929637652262181,0.010779974,1782.8368373945677,1855.2512496391244,21.538657367052792,0.20542619966408807,0
-1.2456082,0.05383215813515081,0.010157587,1370.175619582078,1775.1972921329957,22.108345405971914,0.16383758213805028,0
-1.302451,0.11951335013051044,0.010206173,2250.6020298531007,2216.552492645073,21.618285560080373,0.17228827898213606,0
-1.4818889,0.07350955263921113,0.010395247,1505.805845499871,1662.629622948276,21.360189066746507,0.20190527053069005,0
-1.334689,0.13738263123549885,0.01123817,2248.2199178764645,2010.0427889851524,22.527924954801133,0.20304496545543352,0
-1.6276159,0.17541305648201855,0.01074173,2417.6463472280348,1884.251460783177,23.124471004741224,0.1830279444608703,0
-1.4135408,0.07219991661832946,0.01042418,1455.227252146213,1616.920472323847,21.236464503159254,0.2047458798486789,0
-1.7895099,0.10873377682714618,0.01041454,2181.7158794682246,2263.4632030104867,25.04567559756786,0.1599986197583624,0
-1.5899245,0.03550744997099768,0.011321804,1091.242026242052,1613.3612350512813,23.311191149364884,0.14712050061896745,0
-1.4793655,0.23656943336716937,0.010608978,2916.7349557468524,2100.318984203196,22.618542549488918,0.15844237486037346,0
-1.4997241,0.08966248549883991,0.0102152545,1732.2999553078334,1803.6804429490483,21.32503149597767,0.20024380416473664,0
-1.9658208,0.14351503589037123,0.009957029,2551.7752448008873,2311.6976278627117,24.919056210184245,0.14092751582563712,0
-2.0296369,0.11284168358468677,0.010139211,2223.905627378115,2265.5916672524954,24.93944373535643,0.15545937919322553,0
-1.3593172,0.10981343351218098,0.010825022,1958.7338608644795,1972.3533991256263,22.362065473367327,0.1831739369547746,0
-1.5832094,0.10419310107308585,0.011233749,2062.1850179063727,2167.6403671626026,25.188610363758006,0.17130158559383513,0
-1.5350683,0.18277466103538284,0.010932247,2594.570692194617,1974.722203261068,24.32578039127654,0.14786015080673,0
-1.3403175,0.0593663899361949,0.0105372965,1393.6161803512828,1803.697122856074,22.24178880281556,0.17396960246831952,0
-1.3006477,0.07111912703016242,0.010036417,1432.316450082227,1594.2990528338182,21.50171143312435,0.1942446927527843,0
-1.3592914,0.06054800790313225,0.010103387,1388.3981904783884,1620.115213369819,20.909987708927734,0.18770075577725984,0
-1.397726,0.08663310252320186,0.010439054,1705.2292107744747,1800.0753323392967,21.459532948835665,0.20073799078283924,0
-1.374518,0.11336281902552205,0.010172473,2264.3657381422668,2215.70502471722,21.852806679358547,0.1624447462725808,0
-1.3608928,0.07004626776392112,0.011323324,1468.7875870171094,1656.0502872791521,21.59856531189308,0.2122976554413136,0
-1.4142289,0.07395025195765662,0.010424649,1580.3054491756284,1737.060733489368,21.476969323009353,0.19479106825297343,0
-1.375148,0.11578156721287702,0.010952766,1971.3442412044471,1965.4726745264697,22.616452534381292,0.18673093208420866,0
-1.3620758,0.14931436702436196,0.01008374,2340.9864003586467,2106.300695734268,21.997943793554438,0.18691707626697643,0
-1.2169821,0.11343305901972157,0.011344321,2242.1509498633395,2222.0605151058717,22.15133198061006,0.18396080747481489,0
-1.5519773,0.2589374728103248,0.010352265,3089.828055422754,2047.0203509015591,22.9874669032241,0.13824797513575413,0
-1.1810592,0.0937613290313225,0.010846156,1782.8572236820119,1951.8396093892118,22.385432707865238,0.16602575304741274,0
-1.6184883,0.10314743148201856,0.010552858,2036.9032092390855,2149.6790527802277,24.575774607323478,0.16313056710057602,0
-1.5498846,0.09232254205336426,0.010154631,1926.3181767939911,2019.5955247452262,22.223187056869072,0.17825089161882232,0
-1.2966257,0.06149058330916473,0.010139784,1364.1232124225287,1758.2234798009918,21.802816378030627,0.17349754404530446,0
-1.4874096,0.24914805684454758,0.011292489,3092.6783468971535,2031.4496100975518,22.70397702427741,0.14910695965475432,0
-1.4322306,0.08838910237819025,0.011344914,1817.4076181865273,1953.1552367937609,23.030758488374584,0.19718483273695606,0
-1.280642,0.13742794736078887,0.0110570965,2114.824594752071,1991.1300399588229,21.444558678183423,0.19778107665004505,0
-1.3618326,0.12390561557424594,0.010963895,2014.5813567904647,1948.3063748950208,22.04334702976582,0.1963158313043487,0
-1.4430759,0.07259756561774942,0.010460241,1501.3281312100362,1664.389857403074,21.170354628243103,0.20139880490486425,0
-1.5698774,0.16271094656322505,0.01100356,2512.046523160513,2273.169636664624,24.194975542700092,0.1620433323770056,0
-1.9373239,0.12016703523781902,0.010075167,2166.280520917351,2166.400658634261,24.561805220172012,0.15903466122377488,0
-1.4878194,0.07768430068155452,0.010231119,1614.7673155003704,1755.0591740132547,21.469290517596978,0.19373515866328342,0
-1.4892393,0.07110213348317865,0.01019565,1604.3246595892508,1834.3526965095386,22.192763118861162,0.17152796111668353,0
-1.3780876,0.2360550953451276,0.010907543,3138.812299795773,2446.066745328844,22.832572200527256,0.1467262293649933,0
-1.190329,0.1045952816850348,0.010623381,2152.4246941260626,2190.7621100026377,22.08066163989181,0.17136116840354867,0
-1.9425809,0.11764859157482599,0.010098305,2150.915338276917,2169.554166966636,24.864769209664384,0.15670566595508437,0
-1.3515953,0.09254345816415313,0.010901033,1670.9073667700088,1844.7910805056588,22.1831407947924,0.15316237355854587,0
-2.0043788,0.11609651428364269,0.010133136,2152.533683460589,2192.8382071913366,24.585320394181128,0.15692395145053648,0
-1.9242095,0.11949635658352668,0.010138687,2195.16819206417,2195.9988816019436,24.41888486393034,0.15765213493992164,0
-1.3934429,0.07701248912412993,0.011179295,1653.0285202920536,1852.8882676670792,22.300198262727495,0.1990585858736749,0
-1.7703431,0.14138177929234338,0.01037629,2526.4618279339734,2351.628154654856,23.669584724847482,0.1609443071610537,0
-1.1416953,0.1270607507975638,0.011286393,2323.5314151683424,2215.9808327724727,22.16980070832737,0.18884582621984894,0
-1.3689686,0.07687993945765662,0.010796308,1677.877942869914,1841.235553851174,21.758294292751117,0.1868392938291843,0
-1.5442088,0.10190803545533643,0.011255377,2092.053402215162,2214.851642079033,24.924287862640004,0.17426484082864555,0
-1.2784356,0.1377870776537123,0.010899356,2179.607200796558,1989.8900982883608,21.786066350266765,0.19523099350686554,0
-1.3515029,0.08078392365139211,0.010588789,1708.998740850679,1864.6638437180738,22.391344003733803,0.18653468986149171,0
-1.357959,0.102548125725058,0.0109545635,1741.8508072068973,1882.6078260279244,22.106380886317464,0.16201652906665984,0
-1.3754787,0.07517605314675174,0.010157974,1744.6830601249367,2026.629599997011,22.506914840255984,0.16517385301812745,0
-1.5243316,0.08003507468097448,0.01118594,1673.3929178582812,1845.5558651789845,22.859832804289397,0.1960572923331645,0
-1.3213952,0.09236672527552205,0.0108639365,1802.116702882027,1875.8763450947172,21.475801653001344,0.20474520671640736,0
-1.5471106,0.109849686412413,0.011216552,2077.8365300501623,2163.5061140163075,24.997617301080208,0.17686747361111954,0
-1.1475712,0.10052022911832946,0.011068949,2118.603748594839,2157.7341737205743,22.21239119049196,0.1733720695019775,0
-1.2859154,0.04905583852958237,0.010192497,1301.3797029242241,1772.7910536218913,22.377935249055277,0.1601044228446258,0
-1.9055736,0.24918091103538284,0.010159055,2936.4573238956586,1877.8754717508036,22.222838344191917,0.1469115866503127,0
-1.2921587,0.04305145192865429,0.011264146,1135.7852826772603,1631.212569168282,22.382224395931587,0.17863316020564748,0
-1.9650948,0.12106429451856149,0.010113104,2310.2543734307324,2237.3177350464694,24.501268504912087,0.15187876127714298,0
-1.5690181,0.1775848317865429,0.010721352,2410.6196726920266,1948.253143040735,22.057447747820184,0.1989113650124146,0
-1.3716506,0.040480894721577725,0.010580311,1073.2500475813129,1555.584042139289,22.049089891150512,0.16302924657504902,0
-1.5699592,0.11457502537703017,0.010665119,2252.501877646765,2290.268264357768,24.33337840025468,0.16301335799209626,0
-1.1359649,0.08282881380510441,0.011348717,1687.5044383386207,1807.9776797188028,21.858752177522142,0.2093958205685507,0
-1.380229,0.04685234193735499,0.010492128,1199.6183928578412,1673.8176677037522,22.005495249669387,0.17014671801372624,0
-1.1511889,0.06187916908352668,0.0102260485,1440.4792970772671,1814.9549548445277,22.124445479002482,0.1696587807681678,0
-1.3734386,0.052431889863689095,0.010979039,1212.8017884680937,1598.9362913843702,23.655505719233197,0.1670197439692762,0
-1.607886,0.10518552421693736,0.011179608,2123.03952002454,2195.294278494788,25.104560417629948,0.1639576568326359,0
-1.3277464,0.11520038790603249,0.010956081,1883.9294737689083,1874.880138754288,21.659977513719724,0.19834778724728652,0
-1.557581,0.12885866806844548,0.010812508,2302.7309549062907,2233.106815737164,24.427729644012118,0.1702177019529798,0
-1.6883391,0.1414916708961717,0.010376802,2437.561119132098,2266.0291846720165,24.320783625386373,0.16663256764845727,0
-1.4539491,0.24099002138921113,0.010634627,2945.6182071588037,2097.300386648738,22.063911524337616,0.16906628519446565,0
-1.400922,0.06975511165893271,0.010217764,1521.6183118837293,1731.9227980348273,21.26474131441218,0.19084222872348747,0
-1.3802145,0.07280941850348027,0.010395152,1502.0726176943472,1660.9161039665782,21.029650551363545,0.20034515923586307,0
-1.514935,0.07877075478538283,0.010181888,1653.4586001968125,1839.8908778863847,22.113868071514872,0.1858057507702173,0
-1.2459998,0.11608971686484919,0.01060352,1886.0159776474736,1906.8119729225407,23.174938242200774,0.16189128217969362,0
-1.4085505,0.0926658117024362,0.010187831,1739.5205510460087,1809.778601413489,21.25142973153919,0.19962640474482204,0
-1.2569777,0.12022141458816706,0.010758973,1994.9035987087939,1938.959229717021,21.29015886258588,0.19939184502043794,0
-1.3225195,0.08834491915603249,0.011277245,1888.7430991040128,1979.3393524051164,21.944097409916367,0.19561712785187657,0
-1.5062683,0.18152280307424595,0.010204751,2579.318048919855,2139.4214559135744,21.85641885269707,0.1836766475083664,0
-1.4428058,0.08601227160672854,0.011235456,1749.1904068162044,1861.7651722279245,22.65927507012583,0.20390566659031847,0
-1.3092115,0.08538690907772621,0.01139006,1710.3220186253368,1814.2980496376097,21.675471401789583,0.21333991121089899,0
-1.3516432,0.05756620685904872,0.010671823,1371.6158097436264,1807.5954355496283,22.77204755486583,0.16865732442373402,0
-1.3118458,0.11438129894141531,0.010836832,1910.2705468540928,1901.8539396622782,21.13789770588051,0.20466098713199862,0
-1.3121793,0.08032169917343387,0.010425251,1672.188763884371,1800.5054128607233,21.44771077822217,0.19538450918904007,0
-1.507739,0.15289207511600927,0.010931889,2375.983069039826,2221.5615318554287,24.124769118917545,0.17274809874341748,0
-1.4063166,0.06846133628190255,0.011222435,1488.5327063602035,1680.7604412583573,21.9958826208996,0.20445128723393793,0
-1.315991,0.056827554016821345,0.011326024,1404.379906389418,1828.8980073213775,22.609389485511144,0.17740208277679714,0
-1.3153853,0.10376712949535963,0.01033985,1813.0713795239385,1926.199043101119,22.95720377477854,0.15211001760188506,0
-1.3360335,0.08797672563805105,0.010751685,1738.5453089218063,1836.0928600737238,21.517988479777753,0.2003598548615392,0
-1.4185584,0.08694351798143851,0.010908191,1728.0787645780154,1836.4295742111553,21.82086469132151,0.2015725297428419,0
-1.7051684,0.12498187354988399,0.010361346,2224.368872673018,2205.7420823525613,24.55247142884979,0.16104818988518496,0
-1.6246396,0.10032423687645012,0.011298681,2125.9367554863575,2242.271522812489,25.71129807484481,0.16262675022263293,0
-1.5609049,0.1599772513051044,0.010860133,2636.502235055025,2249.03678616187,24.44758567911041,0.1612864618070853,0
-1.5953791,0.0945362347737819,0.011311843,1971.7779051097411,2134.40205732122,25.30206090549049,0.16782146518275284,0
-1.1551201,0.05905030996229698,0.011329429,1424.489897362889,1795.0003169103777,22.547311996864376,0.1866624001285425,0
-1.4480598,0.07096165349477958,0.010230359,1458.1794977360573,1624.8567249033601,21.408525486551405,0.1993090381387593,0
-1.3273659,0.07964648890661252,0.010701232,1623.875615555339,1761.506262132066,21.5047507186028,0.2045805185175654,0
-1.6699066,0.33067743075696054,0.010876649,3550.65497007883,2044.9337601622053,23.75517170173627,0.09047502047910255,0
-1.3353281,0.0755940944025522,0.0106271645,1557.0923103514906,1733.2944500497013,21.611875977069353,0.19921264333020713,0
-1.5090876,0.16329779038573086,0.0108249355,2652.040777766442,2333.058099100666,23.824186095993785,0.1582056743508407,0
-1.532015,0.07524176152842227,0.010436171,1648.8466537052132,1847.38535973304,22.142956461511353,0.18543394358101414,0
-1.407506,0.08501758265661252,0.010146744,1853.8224615515007,2016.9332501902245,22.18536297530185,0.17425786708707888,0
-1.8194882,0.09912449245939675,0.010419014,2269.2111251499186,2353.183797998192,24.421403445582428,0.1453326675294601,0
-1.9135296,0.11760780706206496,0.010161982,2381.5906590759987,2350.646566860377,24.230229778253914,0.1497600761967509,0
-1.5791507,0.12060207004060325,0.010565333,2177.641524210719,2182.774047106084,24.446527563526438,0.16396152578386158,0
-1.6749053,0.06233006453016241,0.010402427,1461.0997429918646,1726.9271929340825,22.68605355422581,0.1788679368349189,0
-1.3575177,0.04201031395011601,0.011405522,1073.169604084994,1556.5650805741545,22.16061507343955,0.1787009184393902,0
-1.5605162,0.11794427929234338,0.011087,2026.5017679106177,1971.992714723752,23.081726126506283,0.16640753276550593,0
-1.6640573,0.06037920533642691,0.010376818,1426.4084316864385,1707.3933773067902,22.57365533511771,0.17759460991131934,0
-1.5924313,0.1544022349912993,0.011103256,2471.3046219595944,2244.5227100036186,24.671784892478765,0.15289792143733758,0
-1.3426929,0.11192516495069606,0.011077275,1864.339513461906,1977.474377752599,22.68562574203248,0.1676479023670369,0
-1.2095027,0.044071064747679814,0.010077016,1170.2410126967684,1546.3822391074157,21.627430472276593,0.17088963388208955,0
-1.3451042,0.16268488979118328,0.010476453,2392.5957218738463,2091.1518658401515,22.00869654621931,0.18356211723075536,0
-1.3292882,0.07955925536542924,0.011320293,1626.2393077465006,1770.4870080669627,21.508898252715017,0.21464717490394428,0
-1.3397219,0.07045184708526682,0.011383928,1410.2325876804625,1580.4248465575924,21.552647459273366,0.22395662754514759,0
-1.8311269,0.10417497462296983,0.010347572,2286.1289025779442,2315.560389426641,23.97835343751225,0.1508591430119461,0
-1.2356473,0.11712519032772621,0.010904408,1946.6849450432962,1912.156617294106,21.47409914812619,0.19934725611347234,0
-1.5819633,0.12370056010730858,0.010565623,2311.3550854350306,2253.954991116938,24.684466290520145,0.156721863406153,0
-1.5550189,0.10080345490139211,0.011290121,2182.338947191145,2282.3301712941798,24.301308392889602,0.1685528094534642,0
-1.4815335,0.13413346505220416,0.0113225635,2398.24764456565,2255.798701932567,24.63371699926403,0.17874153356598033,0
-1.3324705,0.08454402914733179,0.011299957,1702.8944095805323,1813.9857144603957,21.611844076615856,0.2109390267873356,0
-1.333736,0.10814013558584687,0.01087828,1956.3334213851244,1984.1077570860775,22.356740715760786,0.18127226204466226,0
-1.3011699,0.1301920950551044,0.011024181,2017.1261984679413,1960.1170304572884,21.76065731953177,0.19613049206353858,0
-1.5226958,0.12393507105568445,0.011300558,2339.11506647957,2325.473287305372,23.96518610494731,0.17989650812137462,0
-1.282589,0.13681164805684454,0.011051912,2092.505426234608,1985.4115844188618,21.747848321522902,0.19793887412622202,0
-1.5469086,0.0700168122824826,0.010250767,1429.3469411876351,1595.968298316102,20.932053957684776,0.2004651695476112,0
-1.5402184,0.2265874238689095,0.01013126,3056.8772225779107,2442.5192103286745,22.844656013616266,0.1505363847858627,0
-1.4843755,0.18580517691415313,0.010584824,2450.8634137628565,1857.4136894137357,23.098703341141825,0.18102024282814,0
-1.2065413,0.09108427892981438,0.010709123,1786.8333612346366,1867.5119973463925,21.81819277697637,0.19924083809805068,0
-1.6522174,0.06933933620939675,0.0103659285,1584.443258842627,1794.3963243657795,22.560320491940296,0.18031870632553038,0
-1.877866,0.12153444931844548,0.01012664,2233.5717625114494,2200.2702405673103,24.326162796346726,0.16031416829808812,0
-1.4098512,0.053783443300464036,0.010395414,1303.7970511461604,1750.7577286433348,22.14187553080851,0.16634479187789472,0
-1.9287298,0.11654514392401392,0.010116714,2166.389865084361,2192.410118367769,24.825366277249348,0.15727878375458407,0
-1.3279564,0.12959052349187936,0.010628917,2107.815991685712,1958.389503093686,21.726871964797436,0.20813146464465562,0
-1.2559556,0.07639392401392112,0.011315341,1595.1146191600542,1758.8891198283652,21.566823173411453,0.21206534289468937,0
-1.2572112,0.08324798796403712,0.011441963,1700.3604866783555,1812.7185773201911,21.579175488508756,0.21011397723112854,0
-1.429205,0.24869716139791184,0.011328507,3134.2036826667654,2067.7979214414604,22.789626613257212,0.1452201716836155,0
-1.5213073,0.1699467988689095,0.010592943,2443.7251691158667,1928.1213279542235,23.107245108127643,0.1754691442474673,0
-1.2648805,0.06957611296403712,0.010415367,1481.6210537912555,1654.991788684827,21.469738518772527,0.19889540061199276,0
-1.294835,0.0763622027262181,0.011350251,1600.0810920484776,1753.669105032929,21.565414147749923,0.2107461463134057,0
-1.3308744,0.0850391078161253,0.011273522,1698.5072579032885,1806.8741327493656,21.646957455786826,0.21149911913535616,0
-1.4833301,0.11275105133410673,0.011321386,2215.0919812092056,2249.2300482974333,24.391697490377712,0.1820459716483145,0
-1.3165895,0.10744679886890951,0.010870962,1837.905966931138,1851.788998833283,21.52821554264595,0.198290469929716,0
-1.2652218,0.057826774579466354,0.010499915,1481.569017496512,1900.64185428751,22.32006657499606,0.16356968868106528,0
-1.2730432,0.13592685071055685,0.011110735,2096.377983273116,1985.681220026028,21.690852322723792,0.20066044850614062,0
-1.3479362,0.05633247534802784,0.0104237655,1412.1879486546325,1823.3564784126252,22.27068153611648,0.17484592188513348,0
-1.301563,0.08729018633990719,0.010484248,1671.7671101021087,1786.462585186886,20.962988648618087,0.20787190301633252,0
-1.5396569,0.12581682315835266,0.010589093,2258.8847395812136,2213.2101929515557,24.627855796846713,0.16260206276260217,0
-1.432411,0.08571318517981438,0.010428352,1700.0612654733388,1805.6390310635957,21.160477269732247,0.1999565811961148,0
-1.5553954,0.16842417705916474,0.010874694,2561.5047622160023,2321.569810578248,24.046227324034664,0.16664601470228826,0
-1.542537,0.11384883446925755,0.0105701685,2219.6411300440755,2276.1314368889084,24.608866874477883,0.1627519717793051,0
-1.4999794,0.08020840886020882,0.010412519,1733.7842157787875,1936.7354579290013,22.095352124210667,0.18275475989825699,0
-1.2605757,0.0812427494199536,0.0113411285,1643.4894564139463,1780.1010026179308,21.47640138990414,0.21495536961406647,0
-1.2649276,0.06983894649071926,0.010854173,1566.3274752991329,1926.9120670253149,22.661002486508664,0.1737016841877139,0
-1.5451674,0.11414112347737819,0.010711338,2123.372548019146,2188.2172246513314,24.2098727946594,0.1728856023493868,0
-1.3584701,0.06608563841357308,0.011366397,1451.5785387768565,1660.166050783182,21.656783314120272,0.2102277740437889,0
-1.4730335,0.06981402262180975,0.010373116,1439.3945465093886,1615.1904906727857,21.080909949429717,0.20198130509468346,0
-1.4451005,0.08730944569315545,0.0104027735,1723.611170730016,1811.511534568135,21.354362157528527,0.19913118699087942,0
-1.4790416,0.14886800319025523,0.011189374,2299.9888131133594,2005.6565192580408,22.822283446059966,0.2052968928216462,0
-1.4486442,0.04820389537412993,0.010386153,1161.9822183851577,1640.3353066824418,22.402497371224282,0.16439463467697712,0
-1.8165181,0.1020575786687935,0.008698442,1889.7849258413266,1833.4077770467254,22.058096257475377,0.15849053019785286,0
-1.3131223,0.07491775123259861,0.011368083,1580.1498171191245,1738.7372368331326,21.830117559656678,0.21078171351683805,0
-1.5507873,0.21363494235788863,0.009900872,2775.819748596757,2115.5538055698194,24.324417468985946,0.13489834821817331,0
-1.4388803,0.10427240429234338,0.010902168,2074.8490850652584,2063.1603764078286,22.57921345279423,0.1557848745280368,0
-1.4534506,0.2068817067865429,0.011078886,2604.5905460091417,2044.4415322854206,22.50479404366814,0.18907454463532017,0
-1.4670067,0.11256525522041763,0.011386459,2173.862482398706,2258.7239922632775,24.786714011734738,0.18262762684974154,0
-1.4724689,0.07855776899651973,0.010194765,1604.0821723154504,1744.9135291224738,21.300744238071,0.19473702370738047,0
-1.6576352,0.1545075949825986,0.010891806,2772.693152061694,2275.053398980969,24.199656613867464,0.13931012946307858,0
-1.3446031,0.10786257431844548,0.011098455,1865.328675115882,1968.1841182528826,23.13001549664449,0.1547450523186823,0
-1.3255266,0.12365977559454756,0.010939213,1995.450836640252,1941.1363915689788,21.71098039277919,0.20151816838859682,0
-1.2040234,0.1114176243474478,0.010938386,1875.82166239467,1977.5963763472273,22.430606970935198,0.16796828423661617,0
-1.5891008,0.05410178908062645,0.011169264,1347.2862774943148,1664.8453682746551,23.63892129389178,0.17280547318961567,0
-1.3821771,0.07483958091647332,0.010184552,1568.746646408916,1733.7112039262872,21.11854232151723,0.1909472212069574,0
-1.2826519,0.12427267618909513,0.01090466,2028.1911148073198,1951.4004465824464,21.805839812344825,0.20050416685243255,0
-1.3597255,0.08143194424303944,0.010586426,1640.895667833886,1761.2200207899907,21.498490254002025,0.19975620536082297,0
-1.1863981,0.04285772549303944,0.01051329,1200.891283689146,1609.487187113875,22.61720630221992,0.1653627812942233,0
-1.4413207,0.05480418902262181,0.010171953,1355.2933770025563,1701.794537641894,21.536779187273023,0.1822740190921512,0
-1.480502,0.07747131489269142,0.01021801,1598.0924857997852,1742.6213656240025,21.47330116972907,0.19504661351379715,0
-2.023624,0.11031644250290024,0.006326167,2100.0434039163883,2046.1228729541956,22.010085304245226,0.0854377406515955,0
-1.5529364,0.10584147513051044,0.01129997,2137.41998155874,2246.705841483695,25.238440212278338,0.17615261356817916,0
-1.9957612,0.11209963203306264,0.010161515,2137.011498235157,2205.6625971674357,24.532779140635316,0.16106885000630192,0
-1.5263305,0.1263153005365429,0.010611218,2367.1416161593693,2343.808562057295,23.76564779069465,0.16372674157718553,0
-1.5899695,0.14633823049593966,0.010862897,2424.9573771701444,2251.154677945559,24.43544904832051,0.16246218099268991,0
-1.5520542,0.09974305756960557,0.011271856,2048.304038222347,2150.026414894058,25.105270335652587,0.1716421845972301,0
-1.5060692,0.10918353937064965,0.011328405,2118.0965058949873,2215.300241135859,25.001884618339552,0.17642593834493958,0
-1.5115148,0.11464639827436195,0.01131329,2170.403940766555,2200.738094270175,24.788812913036725,0.17616593142691706,0
-1.2682332,0.07800491226798144,0.011400413,1603.845650611427,1758.7676131221172,21.529285503248097,0.21410860792114397,0
-1.3433557,0.05111432352088167,0.010214577,1291.5656727190337,1730.0375828291717,22.257945004780726,0.16730796089827923,0
-1.3586695,0.13127515044953597,0.010390857,2096.79637700801,1894.4830287644713,22.32622981223932,0.1989407499345597,0
-1.39274,0.0865334070475638,0.010163401,1711.7671261063942,1805.6966988450265,20.96332966451762,0.19613580005324402,0
-1.4261402,0.0723437953161253,0.010196715,1485.5765743402303,1656.8089509972694,21.161466637270752,0.19806891049385614,0
-1.4262276,0.082022186774942,0.010412391,1658.641966752434,1785.390682839514,21.182104652428922,0.19906590894599183,0
-1.9905828,0.10888105423433875,0.010104476,2085.506075226582,2141.2915413659157,25.013246630828494,0.14737211548626764,0
-1.3813746,0.07736822070765662,0.010608667,1674.7483326237461,1871.737776508454,22.18050384013188,0.18987378442394742,0
-2.078528,0.10612809962296983,0.010080295,2227.8379408220976,2262.8191438157824,25.20678508324865,0.1450607022189924,0
-1.3685707,0.10631276283352668,0.011256387,1964.2228098144124,1979.8525384556583,22.7909775608744,0.2053120261866995,0
-1.3610797,0.0886768597737819,0.010190594,1708.4584762283785,1794.6130912171839,21.105473984895507,0.20066813513009255,0
-1.43448,0.07202658243909513,0.0104161585,1486.8329899959167,1654.1148942637765,21.115383455388997,0.20076682658863484,0
-1.3970346,0.0870148908787703,0.010138631,1710.21213358743,1809.2810452147744,21.016786399787232,0.19559360760470493,0
-1.1737865,0.11286207584106729,0.011369868,2216.568647605458,2197.157150258266,22.333675292618086,0.18579784599747293,0
-1.334748,0.0904351254350348,0.010581639,1727.4473886695675,1816.0861921621479,21.27035996196364,0.20427378672762275,0
-1.5739689,0.09699236876450117,0.010242451,1884.5487581251593,1968.2235648493934,22.7756102641163,0.1830935451083137,0
-1.2882967,0.10185705481438515,0.011243077,2189.803146604163,2208.883383865593,22.301517282855862,0.17233605164965013,0
-1.3259424,0.07021280452436195,0.010632807,1442.4745350441392,1626.6840721089025,21.534677360605095,0.20438267191986495,0
-1.25283,0.08838457076566125,0.010212797,1703.8796274007861,1798.5258370035815,20.801639298729494,0.19973650145099808,0
-1.5119907,0.16611758628190254,0.00936564,2391.139641766303,1993.673979793854,21.73257947772712,0.17063765924200994,0
-1.810915,0.11323819968097448,0.010379055,2156.5412832772176,2220.3787664500132,24.925031147221492,0.1604269345389965,0
-1.4934407,0.10935234193735499,0.010145023,2032.648098648603,2051.500737616844,22.167176579051937,0.18431042827961408,0
-1.3054428,0.08806622498549883,0.010211869,1699.103558432281,1798.9192187845551,21.018438430782947,0.1996671531820576,0
-1.7514777,0.14720150268271462,0.010340434,2568.078726424893,2253.8314910701597,24.46706267851064,0.1518248290561149,0
-1.9045073,0.12176102994489559,0.010065797,2224.9786935545194,2183.7241978780694,24.444433649738446,0.15364096386634193,0
-1.6195397,0.14557691959106728,0.010391772,2525.1256920575347,2267.9884046693237,23.76739205024881,0.15901731121673976,0
-2.0075035,0.11029265153712298,0.010171624,2333.6887902834756,2324.8673069283077,24.026038158917913,0.14901661045872508,0
-1.3932142,0.08788949209686775,0.010795228,1701.1876851896504,1816.9669219171515,21.666623738491705,0.2069773060048252,0
-1.9049743,0.149879685687355,0.01010127,2503.824886216656,2243.9581148511393,24.04048414829352,0.16219686798013438,0
-1.4866567,0.1346092843677494,0.010216768,2173.5669688057424,2018.6699995036352,21.430847556533088,0.19951336666863875,0
-1.3622626,0.05318527044663573,0.010415886,1369.4057502364465,1808.5652842698607,22.015374773534607,0.16380366840748908,0
-1.5794091,0.12929936738689096,0.010552911,2365.3274548783993,2283.30899246471,24.43414009045129,0.16235880476295197,0
-1.3698455,0.06230853937064965,0.011406624,1398.8990435031753,1637.7958152991555,21.720510146744264,0.20237339501620188,0
-1.3560421,0.11389301769141531,0.010815638,1879.7591585919818,1863.2883797898244,21.73620622718591,0.2002126063011064,0
-1.5895618,0.15264510223317865,0.010997774,2413.828152047109,2212.099529309642,24.51608533731385,0.15830826339214502,0
-1.265413,0.0673023763776102,0.01135161,1565.289556016208,1825.136996525184,22.767287959624475,0.1941734995539216,0
-1.3798275,0.1207062971287703,0.010932509,1865.7799846637722,1833.5921264749309,22.394187623789062,0.19738706284854793,0
-1.5324714,0.14788011165893272,0.010092243,2219.8536882222056,1939.5993428593858,21.71752114835064,0.18945513464129046,0
-1.7637391,0.11486051696635731,0.010364781,2148.2042617245734,2219.4935818189674,24.62855880261788,0.16540187348373617,0
-1.6494541,0.088365311412413,0.010409249,1771.4562085155528,1865.4398049999472,22.54808968629589,0.19291657860583591,0
-1.7599113,0.19484347810324826,0.00991993,2523.5000770079046,1938.4597405189284,22.96616476945271,0.16233980371170928,0
-1.7384361,0.12554039479408352,0.010332937,2301.1099322658806,2306.4707878565905,24.67675138758305,0.16088574214612925,0
-1.3435168,0.08420415820765662,0.011038116,1750.1849807495048,1917.5809511197915,22.250369323633663,0.19099729974179858,0
-1.2723943,0.08041799593967518,0.01060977,1662.112972895829,1803.1677180187405,21.288528763349852,0.2008907912918361,0
-1.9335804,0.13342653349767983,0.010138193,2405.450641545295,2239.8359883969283,24.833001953481308,0.15872294951313398,0
-1.267551,0.05749709976798144,0.01121975,1397.256949227401,1826.7859493037442,22.563547790239625,0.1812178495730438,0
-1.2771358,0.09418956641531323,0.010830381,1772.9088164989976,1839.2299003595824,21.45841336667943,0.2034598031265711,0
-1.3915365,0.0955173288863109,0.010801565,1823.9436188299528,1873.222742113429,21.739520985938498,0.20203066586987242,0
-1.5902946,0.15602795098607888,0.010975588,2409.417256917423,2192.495112512097,24.303087724259807,0.16369697638471234,0
-1.377424,0.07540829828886311,0.011338966,1625.9808616341006,1834.1194883572475,22.52968452436636,0.20095842020972535,0
-1.1949297,0.05810660165313225,0.011174756,1356.742051636383,1798.8514435003403,22.461902881694122,0.18008447503820438,0
-1.1584426,0.06685601254350348,0.010125988,1431.598433828692,1752.3711878792226,22.5515596187311,0.17448156110598131,0
-1.9599253,0.11126241661832946,0.010166606,2170.9642876562407,2231.2876491963552,25.212591857103615,0.15114246020374097,0
-1.5707093,0.17364119598317865,0.0108355675,2723.801683199607,2253.200737046298,24.116464082749253,0.15185029230635422,0
-1.4110366,0.11478347955336426,0.010496276,1911.0144706963492,1849.7258882114147,21.683091129549524,0.2045298727398889,0
-1.6057507,0.10334682243329467,0.010469991,2252.442253748231,2364.8170524489524,24.38844374944464,0.14999725394165764,0
-1.2380018,0.13692380546693736,0.011085388,2069.820036565509,1960.7804226663718,21.585814701857938,0.1997546182530091,0
-1.4218452,0.07409186484918794,0.010446774,1502.2921706377558,1655.582463620631,21.3424658238005,0.20352850293557914,0
-1.5516628,0.10831007105568445,0.0113096,2055.4610013249176,2173.959318180792,24.50135485162961,0.18528226494247177,0
-1.4740579,0.17751345888921113,0.01106065,2527.6421210057206,2005.8729572220072,22.426877456188418,0.18843384812343836,0
-1.4028481,0.07432524289443156,0.010661051,1516.53435175346,1672.8030156999703,21.517466128504488,0.20379391731625188,0
-1.6329153,0.15167533715197215,0.01101824,2535.646741470044,2320.648946376094,24.11866411198091,0.15094715850171628,0
-1.7051239,0.14732272331786542,0.010071845,2172.146438615162,1841.8721406287038,22.448161405981278,0.1798721560093042,0
-1.3465905,0.06050609048723898,0.011447354,1391.1156705447606,1820.42096534721,22.26710395325561,0.18919648406401277,0
-1.5567541,0.11226390298723898,0.0106315855,2111.0487613701757,2163.331868820635,24.429933166339186,0.16721024591102696,0
-1.2180319,0.06118243365719257,0.010178453,1446.5037651432883,1800.3102940330725,21.820221203869608,0.1715982752919222,0
-1.5910325,0.08727205988979118,0.010173914,1705.0815330584903,1799.620972814375,21.514057447492267,0.1965233323996515,0
-1.5591755,0.11455010150812064,0.011407275,2181.846145770717,2257.502730823575,24.537575907155347,0.18602708856122155,0
-1.6449022,0.07199146244199536,0.010344537,1438.6582026886424,1604.9131865313357,21.943180465939918,0.1997657718138247,0
-1.3963424,0.07114518380220418,0.01126046,1609.1623685542982,1829.997636731559,22.397633976924087,0.19540018856500352,0
-1.5357045,0.04237171004930394,0.011322957,1108.8886765813568,1579.0907327669502,23.084465445918585,0.17422754626620465,0
-1.432433,0.07740900522041763,0.010401327,1622.333894749419,1804.5266063901156,22.40648478523105,0.18698326096633924,0
-1.5744438,0.14168879604118328,0.010887862,2373.7272623631507,2257.627865757945,24.26007700915707,0.16851612579329564,0
-1.5773381,0.24493025848317865,0.0101538105,2957.289547619613,2114.7824105533564,21.575442645626804,0.16119088290059544,0
-1.2922772,0.0789180321925754,0.010600492,1616.323857706777,1770.398396130393,21.47024722704025,0.19842254274293422,0
-1.7945106,0.13272753226508122,0.010405624,2362.414698592046,2258.471064616096,25.2649256332328,0.16053851953581413,0
-1.8450115,0.11794201348607888,0.010095017,2161.1424808239954,2206.2143668177273,24.866581117020395,0.15762489142770972,0
-1.4966602,0.11490470018851508,0.010415482,1897.313323012606,1811.211032966261,21.57333222713775,0.20704610761303613,0
-1.4179444,0.06562114812935035,0.01131952,1416.607565355007,1627.669279171122,21.63631049963048,0.21078304091523492,0
-1.5839677,0.16705563007540603,0.0109395515,2587.0119469464726,2301.8174866603613,24.01102170646035,0.1636590751517414,0
-1.2121012,0.06344937282482599,0.011260878,1435.1728621469988,1800.2810648080483,22.902484877479463,0.18945002582889628,0
-1.4175105,0.09134484665023201,0.010311547,1685.3263112599084,1767.5534257883146,21.190477503286534,0.20182125145238003,0
-1.2363416,0.0684398111223898,0.010447244,1469.286334300241,1658.8794769252372,21.325447441227873,0.19738419058574364,0
-1.2282655,0.09595236368909513,0.011077459,1821.1880455057903,1885.2461156370475,21.401789659070193,0.2051010013333752,0
-1.3364335,0.07686068010440836,0.011348641,1604.0511651871896,1752.2385223353754,21.50095053068068,0.2081896966727537,0
-1.3081774,0.09599088239559164,0.010547516,1806.0073704376846,1875.4765452926101,22.738096710846776,0.19254273764557836,0
-1.3452482,0.05621691922853828,0.0101796035,1336.9349433041616,1787.0659996028542,22.088079884908066,0.16352274660862767,0
-1.4041203,0.04938098172853828,0.010668912,1304.0525228249642,1771.1511902631798,22.272104540480864,0.16217909153739044,0
-1.4974481,0.11031757540603249,0.010170353,2061.2966802350184,2062.3053922903437,22.080228497519673,0.18463344600392992,0
-1.8501576,0.12300269177784223,0.010138793,2278.6420847589798,2276.6864429459424,24.55956639546842,0.16119989495738676,0
-1.4545326,0.09045098607888631,0.010855593,1658.3220331217358,1828.2288574918234,22.50945461730149,0.1625231250552199,0
-1.2865343,0.06759239957946636,0.0112386495,1572.0490057935474,1830.778660573668,22.65116247568123,0.19352208054484402,0
-1.8304094,0.11086136890951276,0.010373228,2088.367301061071,2165.253931636441,24.956345338215304,0.16015379148271783,0
-1.5516002,0.16450546512470998,0.010943353,2614.189459481958,2362.0796466897273,23.779362299548957,0.158604087161115,0
-1.3266977,0.07102056445765662,0.011453777,1542.484388676562,1734.9736385789765,21.599221659973296,0.20878485980792083,0
-1.5035621,0.04084908823955916,0.010341595,1105.2341437646016,1568.8181475928038,21.695735280175313,0.16124562570262893,0
-1.7057191,0.11484578922563805,0.010381155,2144.983429501279,2191.1840272648888,24.695576954524768,0.16144558959692254,0
-1.3089914,0.07202431663283063,0.011340919,1470.8339334374746,1797.0890806557184,23.02245829883591,0.1897735201779984,0
-1.5773344,0.1857417343387471,0.01053408,2612.6095400091417,1988.2449207447103,23.282340203386347,0.15144846977967702,0
-1.4643666,0.07979036760440836,0.0101697985,1657.375989030294,1840.8543177074814,22.268442696412546,0.18524523221036393,0
-1.8698472,0.16237560723607888,0.0101872645,2657.607573129779,2283.699131766507,24.340478254822838,0.15162407688427318,0
-1.5751381,0.10845848136600927,0.011306243,2073.0817250227205,2161.672578994309,25.09503519195137,0.17660950581363824,0
-1.7539617,0.26265112927784223,0.010391306,3076.14443296275,2008.8366682492428,22.31195870491232,0.14617101397040694,0
-1.5398532,0.06931214653422274,0.010325739,1635.7942895052452,1890.8304596602657,22.637137058414492,0.17008540863431723,0
-1.3188623,0.12234787376740139,0.010547899,2513.7721692176924,2426.6191573205333,22.83774381930113,0.1418253066707996,0
-1.2678721,0.07103529219837587,0.010129809,1514.9073058310794,1713.1777349303438,21.484937785807926,0.18969521079005305,0
-1.3090379,0.13152099042923435,0.010974413,2160.764941341626,2081.494969076845,22.4065881136485,0.18594085912601035,0
-1.5933256,0.1585033443300464,0.011008736,2496.6617856952653,2233.3241395508007,24.663653704395,0.15658136742188908,0
-1.5994477,0.13943205300174014,0.010773008,2347.5506633606688,2228.1194726341882,23.988801912509107,0.16561573398769838,0
-1.3090508,0.06846360208816706,0.01134716,1442.3876314912868,1810.1400926463784,22.653021537489717,0.1854253507206991,0
-1.4936215,0.11305693517981438,0.011293549,2129.025456103138,2185.145637529242,24.781197687403797,0.17834419840878257,0
-1.4883288,0.12012511782192575,0.01126025,2281.22375770631,2299.50370057219,24.72770997659435,0.17904164358473926,0
-1.2979982,0.04857548760150812,0.010159681,1220.5313286882592,1684.0689204098203,21.92014873829785,0.16536474512756003,0
-1.5699694,0.11522644467807425,0.011267762,2232.803170249682,2193.5239249307856,25.09184266597231,0.1743504184014375,0
-1.9056259,0.2524346088312065,0.010208873,3009.288788185088,1898.037886977173,22.39672908954272,0.14046511653015784,0
-1.5456723,0.06694891060034802,0.010427273,1429.5529350504817,1618.5530580008217,23.4222377864717,0.15416480101437038,0
-1.3310813,0.10999809672273782,0.010965465,1845.5670026417793,1859.6264288520383,21.736280925896583,0.19822622162755885,0
-1.7912154,0.1147302331061485,0.010393417,2301.057223894176,2356.8680284540173,23.962903224029052,0.15550375406180678,0
-1.9071695,0.12081732163573086,0.01005454,2278.4250898693663,2263.4855572343604,24.701333877004735,0.15064054376885747,0
-1.7848816,0.11431898926914154,0.01038515,2200.8915322726343,2243.58936922086,25.12954476347488,0.15812381244169169,0
-1.5785875,0.07952866698085846,0.010157693,1672.2879282180809,1844.4155728247058,22.301871680877735,0.18211735818278119,0
-1.2315774,0.10537585194315545,0.010977114,1912.5584838493585,2025.7147073542365,22.69697287320394,0.16703392909334766,0
-1.4703959,0.08774334759280743,0.010214987,1723.8394948613015,1804.5758521068785,21.393110515282796,0.19832956242046176,0
-1.5415539,0.10629916799593968,0.011305337,2088.03630608747,2205.825652417402,25.08353929997099,0.17722055258167838,0
-1.3749999,0.08600660709106729,0.010374523,1730.397949492076,1859.5345481393774,22.481066008158532,0.18985933793296064,0
-1.2383142,0.10810841429814386,0.011082207,1857.9550974349,1964.3535495174897,22.92679428554347,0.16134132962390263,0
-1.2225138,0.08444773238109049,0.011294002,1663.4818962271797,1778.1437425285371,21.4480895532622,0.2131107118797638,0
-1.4452718,0.0760687808149652,0.010450329,1585.4371871299647,1736.9586143224742,21.369732958401112,0.19601434219577088,0
-1.3132854,0.19181296222447797,0.011368333,2730.0224622700052,2150.6994112810203,22.184520543697268,0.18291563542887213,0
-1.2719764,0.08340092988689095,0.010174156,1653.1041748797609,1823.2378184290853,21.981208650226446,0.18473545164589159,0
-1.8839223,0.10105269359048724,0.010377718,2072.356215365915,2207.14540866384,25.146371837746983,0.15948497143111776,0
-1.4649293,0.11911796693735499,0.010829983,1990.718176190691,1985.503439935519,22.887541996874436,0.1776795854830594,0
-1.3583691,0.08859529074825986,0.01134274,1881.9403782953996,2017.9744721928746,22.285340182024324,0.19806478937195734,0
-1.8056542,0.11692353357018562,0.010380972,2143.5127599089005,2184.129017814838,24.49914398215153,0.16490732034550734,0
-1.3485165,0.13910690980278423,0.010911073,2274.0633036741683,2111.1672313828976,22.119098495955907,0.1878006477768603,0
-1.8613693,0.10860575877320186,0.01035619,2297.912903095606,2307.6537699546147,24.241387328113483,0.14688392615702942,0
-1.6959066,0.060845961426914154,0.010067891,1475.2738971860658,1740.875878963253,22.182993888375645,0.1745768775310542,0
-1.4367188,0.140611405162413,0.010973888,2031.6899801567586,1923.6817331214945,23.60690534934094,0.1806768511144112,0
-1.2479001,0.13182574137180975,0.010991216,2020.5874247510983,1960.4098287895522,21.48536904301724,0.20003717073561741,0
-1.5675235,0.16184767437645012,0.0109884115,2484.838784340366,2216.0976960578696,24.28400045461087,0.15901490938121315,0
-1.466617,0.08911982489849188,0.010412512,1674.0753612578271,1742.264381962156,21.748092157303223,0.20630505730602292,0
-1.32276,0.1639038935614849,0.010681122,2518.613973145517,2183.6423257476054,21.61692060033689,0.19030870259067734,0
-1.4292995,0.0687604227088167,0.0103967115,1454.7051226044741,1623.1318950372913,20.985663281419477,0.19742793778468884,0
-1.4403278,0.10669908280162413,0.010424156,1809.1065651298352,1787.2646006314703,21.55905345475435,0.21152506148250735,0
-1.3847506,0.10106175681554525,0.010793887,1706.826348924074,1855.7955702604531,22.49290637068017,0.15907128773292858,0
-1.4424715,0.08862814493909513,0.01041992,1891.9474510853486,2028.9978120705207,22.181966006041534,0.1799312733169086,0
-1.7447575,0.12134638739849188,0.010412417,2302.3904848930515,2308.6871528607485,24.77814507469089,0.16173481988304828,0
-1.2036673,0.05127066415313225,0.01125709,1340.50803675711,1766.7438544985068,22.64000145706825,0.1788377370930425,0
-1.3589809,0.0870148908787703,0.010422065,1716.713534732798,1816.5906957722023,21.245688846808594,0.2010208273883591,0
-1.3366807,0.08797445983178655,0.010823703,1634.0748240072717,1825.4059469963101,22.081488869619243,0.16390312228263024,0
-1.7908969,0.27793399253190254,0.010251627,3227.417525029699,2128.8731080481634,22.32661774505741,0.13598819320289104,0
-2.0222251,0.12318735498839907,0.010085065,2301.341107864001,2290.6037738964906,24.773471675750663,0.15086399710473494,0
-1.7640685,0.12191057315835267,0.010386607,2183.7117470607486,2187.4517985739044,24.480982502344926,0.16362490256045792,0
-1.3616265,0.07707706460266821,0.010676061,1535.5170689381519,1683.3852657418608,21.455720090299426,0.20501303833341078,0
-1.3400794,0.0751126105713457,0.011274035,1593.4342221946367,1748.1522833697954,21.872498656685668,0.20767386637449584,0
-1.2451228,0.10433018235208817,0.010664132,2048.1124487310167,2080.0245021357105,22.168293184586958,0.18680622021742077,0
-1.5282769,0.07680856656032482,0.010180387,1666.604077520576,1852.7220823765895,22.132035230712198,0.18335190591773595,0
-2.0018058,0.16659453850058004,0.010074319,2790.881803980026,2313.999328611146,24.348294217810007,0.138402662975328,0
-1.3711288,0.04829905923723898,0.010672069,1324.9031158650807,1802.4373562178696,21.934377710634,0.16485534223696457,0
-1.5593661,0.14401691197795824,0.010851579,2432.57453400169,2254.9086474808078,24.497612966366223,0.16030676392859325,0
-1.797167,0.11346138159802784,0.010328036,2156.8749301812773,2227.5496243324515,24.834057571282063,0.16063331234483677,0
-1.351926,0.06993524325696056,0.010652342,1541.2393978323682,1878.6710442986098,22.407049546264034,0.17998821168711013,0
-1.4000332,0.10775834723027843,0.010418773,2045.3390503167288,2060.047425946654,22.181440149558796,0.189080522057007,0
-1.4215456,0.0870126250725058,0.010469917,1716.4087488847383,1807.2260549756923,21.453220087032953,0.19995295505443814,0
-1.2650332,0.12168172672563805,0.0108790295,1967.5349860032702,1929.3572063577892,21.65068417516525,0.19908437444024374,0
-1.3902194,0.0833929995649652,0.0104449075,1681.1406232863062,1798.1574094102696,21.166739664943066,0.20014417961878184,0
-1.4810123,0.08140248876160093,0.010199529,1749.1646558599803,1940.495967219917,22.24266557062122,0.1807040709276995,0
-1.4964421,0.10863974586716937,0.0107998,1929.1220415821583,1946.2334750466948,22.347915410147305,0.18207486348983107,0
-1.8191981,0.11942951529872389,0.01034208,2318.4727798523368,2305.939893281863,24.807772455988307,0.1556444203752322,0
-1.7846732,0.13143375688805103,0.01012651,2464.365396122818,2382.3297760307487,24.114541842006073,0.15128664544777798,0
-1.3289669,0.05563120830916473,0.009719361,1232.1991785724713,1638.4553310957585,22.90779949660995,0.1544634907547723,0
-2.0012043,0.10620287122969838,0.010126168,2115.969207377796,2196.092038145807,25.1175461792399,0.14936351762333921,0
-1.3195966,0.11725320838167054,0.010897659,1944.2540895176223,1913.5424346434845,21.77231154956282,0.1991231283001039,0
-1.6306806,0.09085203378770301,0.010194922,1766.1573342503543,1869.884374640037,22.420713767979084,0.18791664026672117,0
-1.3181973,0.10869299231438515,0.01047761,2253.699446447842,2218.0377727704613,21.99696485790012,0.16158848489580316,0
-1.080784,0.12961658026392112,0.010411245,2346.7762190746507,2223.4149561645236,21.779066203830855,0.1726904551976246,0
-1.5560675,0.11095653277262181,0.011226214,2285.0436858651965,2336.179523025861,24.356735533784747,0.16767482821120816,0
-1.5292321,0.10866693554234338,0.0113851065,2046.5714754191358,2130.163996630575,24.91254298847829,0.17646616428821635,0
-2.0647838,0.10923565291473318,0.010088589,2130.5465206460894,2161.522743843172,24.644746365482497,0.15434409325352866,0
-1.9950827,0.11207810687354988,0.010179313,2081.620040264352,2146.270477120571,24.426133982660236,0.1654919821762134,0
-1.5335542,0.08255578415023201,0.010421584,1730.0663700815946,1865.7516191298387,22.224711402342106,0.18794852745869908,0
-1.187094,0.07220444823085846,0.010387417,1484.8354514829937,1822.6500361657224,22.61988068180966,0.17879078061137213,0
-1.9781809,0.12858450551044084,0.01008775,2276.265717353641,2206.5613265536435,24.464564449689558,0.1553945749840998,0
-1.3781198,0.05119362674013921,0.010393886,1300.6091919691214,1760.3591936690589,22.071212021793094,0.1662305965497618,0
-1.5968406,0.10480147005510441,0.0112621505,2150.117940525313,2250.10986425806,25.526148718827,0.16649474484829627,0
-1.6024019,0.10461114232888631,0.011255127,2072.478184400941,2178.702888614236,25.24964134278817,0.17052691222042926,0
-1.3682407,0.11952921077436195,0.010964357,1981.18319218218,1930.7582277917977,21.92108057661539,0.1947817725027516,0
-1.3974442,0.07069202254930394,0.010433675,1465.3815532634426,1642.7948501993976,21.471798215684398,0.20244115937726415,0
-1.4259639,0.11929016821345707,0.010869155,2040.3523655413503,2003.2070511799711,22.716873535793717,0.17838297318716745,0
-1.9818263,0.11792275413283063,0.010126468,2171.493984108368,2166.5005602194797,24.88667273713966,0.1532120753813907,0
-1.5250641,0.06550106039733179,0.010400986,1533.5833144866288,1799.237530834434,22.09804184362459,0.1832093971717287,0
-1.9902176,0.12113113580336426,0.010122899,2262.828025674246,2261.235213029077,24.740930885333178,0.15415776853413596,0
-1.360312,0.0800022204901392,0.01126478,1623.2081742383898,1759.235420110137,21.824156271272336,0.20846493749858686,0
-1.6039585,0.11048524506960557,0.011294994,2138.1547348165177,2190.8444257609076,25.16677861081905,0.1699284052850258,0
-1.9586991,0.12058167778422274,0.01019105,2263.688161405821,2269.964074311554,24.854700554331355,0.16091391360791643,0
-1.415034,0.08568486260150812,0.011381636,1737.721261386872,1862.7491576400714,22.91068372933054,0.2037957276241811,0
-1.1600372,0.059676805394431556,0.010382286,1410.7602033332712,1797.9855968441452,23.19562279673341,0.1598389771919209,0
-1.9896493,0.12237732924883991,0.010165591,2253.572597705325,2239.15907879696,24.757486543545664,0.15543285274311744,0
-1.3826065,0.07605631888051044,0.010214553,1528.7272114574102,1679.4432527338092,21.14792386644915,0.19824990855597732,0
-1.074423,0.14259511854698376,0.010849718,2413.1581429891776,2220.3604075448975,21.95829413415107,0.1806790633040074,0
-1.3354535,0.06023079502610209,0.010201771,1381.5841955870694,1790.90605790925,22.019015888976078,0.17088538054582633,0
-1.2701724,0.13440083019141533,0.011052389,2079.658543199823,1974.4991485950777,21.609289054492674,0.1992398786833832,0
-1.3976281,0.11870898890661252,0.011166337,1968.8678530168754,1852.6065393983351,21.876621632525183,0.2066473826372326,0
-1.4343227,0.07789502066415313,0.010407402,1596.9813555684648,1743.947127439098,21.485478666089655,0.19820408535953152,0
-1.2512081,0.14720943300464037,0.010931988,2470.093973417562,2236.8422731881824,21.99004007924479,0.16636360254332008,0
-1.5168436,0.12133845707656613,0.011251212,2280.5298658679494,2256.1828720160515,24.24473043616508,0.18087906054957123,0
-1.3094401,0.1607498912412993,0.010987537,2316.7143239768884,2041.6725040344254,21.704978817652528,0.19712731203230202,0
-1.2218168,0.13970055104408352,0.011088007,2127.496096793043,1997.6244952704064,21.68245479278181,0.1977781742575054,0
-1.4981651,0.08042366045533643,0.010173931,1619.7908154176423,1744.612694553365,21.48706155668848,0.19428012942984682,0
-1.9656296,0.248530624637471,0.010134584,2957.457451572561,2082.2652837227365,24.055454808284253,0.13454597914273247,0
-1.3203568,0.0696316252175174,0.011353809,1478.460838550309,1664.6524092255113,21.570132989775452,0.2121255614598386,0
-1.8002092,0.10178001740139211,0.010396502,2217.6649432508975,2311.8279468804944,24.083885083655584,0.15379934786044772,0
-1.3074675,0.1060533280162413,0.010434482,2057.8351387766825,2085.061141752072,22.081124624937903,0.18421445497072908,0
-1.5238602,0.12714685143561485,0.010836061,2377.9947596331867,2347.0352523947204,23.69453007110622,0.16363015602060274,0
-1.9127302,0.12223005184164733,0.0101594655,2227.094952937101,2229.829333074794,24.70491730792329,0.16278880000391888,0
-1.4553343,0.19908620033352667,0.010193101,2567.956559220772,1872.2969917918495,21.954398781653936,0.1760927494689062,0
-1.83424,0.17815015044953597,0.010339537,2382.3511699249466,1848.4498703709546,22.504775970998104,0.1854542859680771,0
-1.3053348,0.15048578886310904,0.011425679,2425.2716911533616,2158.933849242006,22.093629550899045,0.20458266496389987,0
-1.4211919,0.054756607091067284,0.010372876,1343.3887716606826,1754.1794233681092,22.033423829449553,0.17171503166841917,0
-1.1985039,0.11908737855278423,0.010836878,2022.3312809951246,1946.8404117055877,21.30033759985873,0.1942660644051194,0
-1.8711267,0.18987343206206497,0.010220787,2493.5289427217836,1821.160952309057,22.900872571039617,0.17091823733185676,0
-1.6040939,0.16549902117169374,0.009515619,2101.2772882322897,1730.2373998258138,22.256224454537428,0.1462065385565842,0
-1.4689168,0.04082416437064965,0.010373016,1150.6303798323527,1624.0618233953385,21.77236177830611,0.16723172467998773,0
-1.3439302,0.06640285129060325,0.0104493145,1439.2098275678202,1647.0811990341717,20.991563679674705,0.1978044677377022,0
-1.3685457,0.13679918612238978,0.010997909,2038.7975145836433,1925.5202980899385,21.7887446040829,0.2036709411262183,0
-1.8171533,0.10572931772041763,0.010374474,2130.0663371778055,2189.235636920205,25.123629710453777,0.15813053483787087,0
-1.3923025,0.07757214327146171,0.010005412,1647.1134134471934,1827.7161598606526,22.165016217489445,0.1808456469971544,0
-1.2388229,0.08711005474187936,0.009799139,1764.4546662577575,1898.2712337615867,21.14637080823371,0.17763654091842243,0
-1.2345308,0.10023473752900232,0.010429785,2097.3560268595484,2185.2633793348105,21.923005373912268,0.1708037081084891,0
-1.6089576,0.10582448158352668,0.011263811,2095.407998884848,2210.5742585183425,24.96713574258394,0.17303075091232623,0
-1.5828305,0.11906925210266821,0.010714698,2255.9780741613426,2236.6712523370375,24.555725700493106,0.16258235187164688,0
-1.1054068,0.06920791944605569,0.011383467,1434.7693582521852,1761.613807310035,23.05228620086786,0.19395821560102736,0
-1.5691779,0.15893498042343387,0.011070393,2624.231604590382,2344.072499105002,24.31911854831694,0.1520471315401615,0
-1.584651,0.15436145047853828,0.01099375,2422.978225627147,2201.3369286004568,24.401503082196903,0.16143580204883196,0
-1.581973,0.08294663573085846,0.010194727,1635.6471192775998,1745.8075749307773,22.123543582986787,0.19263430817772145,0
-1.3877146,0.1646448122099768,0.010415756,2543.1604792994704,2215.912176657546,21.654294726746212,0.18448527781247662,0
-0.9964125,0.07570851761890951,0.0101900855,1649.814380321085,1862.2839762520189,21.40564641242444,0.18768514610636758,0
-1.5582877,0.11537145627900232,0.01123176,2166.78500437177,2182.5944094179436,24.642169052045947,0.17235962387392822,0
-1.9290752,0.17390289660672853,0.010258287,2673.4962967354554,2021.3431230514166,27.095470779192294,0.11088003920764085,0
-1.572186,0.16332837877030162,0.010945161,2493.8881668929494,2224.1866499187736,24.11077122371506,0.16259501934457168,0
-1.7142009,0.11654967553654293,0.010419374,2173.239161127137,2240.7781517941494,24.604520530798386,0.16517790781390723,0
-1.8480977,0.10451031395011601,0.0104134595,2174.4901302771727,2227.7693304875083,25.15472412960674,0.1516600805932615,0
-1.4125712,0.07713597556554525,0.010411486,1613.2939259648551,1749.5166383638448,21.141953398973836,0.1971321792119435,0
-1.2457474,0.06775213892111369,0.011434785,1483.0449096135233,1679.7265837908471,21.539884578117487,0.21004084439306825,0
-1.5608063,0.159161561049884,0.010962739,2445.042890128371,2201.830233838171,24.061119170749212,0.16495328589792604,0
-1.4774438,0.07658538464327146,0.0102054225,1600.9032019766707,1746.2792482413292,21.35835040734907,0.19224971777552213,0
-1.5527807,0.18502120794663574,0.009155884,2576.4132191652698,1991.4870033899042,22.53952498518686,0.14223138183299436,0
-1.3448024,0.1326935451711137,0.01107707,2001.8091401559016,1919.1272054951423,21.717046166154237,0.20197151603746188,0
-1.3217748,0.08300441379060325,0.011385796,1668.5985374058157,1795.98626435908,21.660009853908093,0.2138081852126257,0
-1.5018041,0.1697088892111369,0.010245254,2501.845397094861,2102.7957729972018,22.082271079262476,0.18270723099776368,0
-1.6367993,0.23462650449535963,0.010154977,3129.1355404985325,2479.6367477598365,22.924228647349366,0.1427991819596103,0
-1.2984096,0.08316868474477958,0.011287067,1687.5474621540636,1800.8925270489794,21.331345070648904,0.21086505692369728,0
-1.8427315,0.12340827109918794,0.01036569,2273.1575214635636,2275.380420225842,24.759914797192582,0.16596470259722176,0
-1.3000156,0.14709614269141533,0.01103566,2187.169617406927,2036.7932481885637,21.713068470130256,0.20127174050904384,0
-1.5332396,0.1049963293938515,0.011343552,2009.8850393311052,2121.9931114572655,24.863913037163268,0.17965866763569202,0
-1.395762,0.07738634715777262,0.010472587,1610.374917473533,1752.6109291424505,21.175408699543713,0.198162142923714,0
-1.5800219,0.1482562354988399,0.010905856,2471.384231870183,2270.7317663410877,24.731439315432933,0.15645661111236997,0
-1.4233606,0.08252972737819025,0.011247272,1629.2453600916458,1820.396239081557,23.328446267917627,0.19622308609981462,0
-1.7659839,0.15904147331786542,0.009415561,2322.9744110839833,1944.4728648804064,22.092824028071,0.1655001063323089,0
-1.428196,0.08862927784222738,0.011360275,1833.39538373603,1956.2814205246457,23.043112889142183,0.19581416327479642,0
-1.3237787,0.1451804034947796,0.011161042,2194.4257323646652,2027.6614189352902,23.019903419226946,0.1892440585590369,0
-1.3528192,0.08982109193735499,0.011308083,1725.936442150971,1792.319507769469,21.647342013457536,0.20776514202695062,0
-1.3432754,0.08014156757540604,0.010518902,1681.968657575955,1850.9220527111243,22.013859847952034,0.19114421082288183,0
-1.573214,0.11184926044083526,0.011343651,2170.385464816185,2229.3279177947393,25.077350190823722,0.17415335374652272,0
-1.4482187,0.06855989885440836,0.010210243,1560.6102245220263,1822.1571549203084,21.85803849756618,0.18040283912322663,0
-1.415104,0.10344311919953596,0.010731817,1846.3491230690186,1876.7138937447628,22.1600449280079,0.1845997677494635,0
-1.4849268,0.1246012180974478,0.010966567,2014.1434918140476,1995.0927978256846,22.610377055764648,0.1814102316681789,0
-1.324142,0.07132984701276102,0.010236058,1504.2358671743611,1810.1701608458945,22.542232867814334,0.17868314446912612,0
-1.5190508,0.1181572650812065,0.011317171,2237.937467834238,2278.317707057249,25.025963777081177,0.17692048101357252,0
-1.8502167,0.11454217118619489,0.010107308,2332.3930392309335,2349.3565192336027,24.161906070070653,0.14934043959566262,0
-1.5650433,0.3112458762325986,0.010893204,3408.1260794240693,2201.4958119962002,21.763785014627835,0.13442108731636374,0
-1.3479165,0.0887844855713457,0.010828083,1730.0553933996782,1823.18282586734,21.907518081335095,0.2040390261244995,0
-1.3485525,0.08299988217807425,0.010603818,1660.6187679655434,1781.0534379043058,21.371088761053546,0.20231315466277566,0
-1.8652493,0.16721310361078887,0.010355042,2740.866838071611,2283.311668313944,24.526729957853313,0.14662578813628954,0
-1.3184694,0.08598394902842227,0.010789299,1713.0471408398982,1829.8375933792518,21.38611433111725,0.2005562805467869,0
-1.9395344,0.12445733939965198,0.010080917,2281.848593719885,2262.595742962299,24.94536086211038,0.15606936239526434,0
-1.2569932,0.09198380401682135,0.010714154,1789.2300815490125,1863.3212581542828,21.53281471178455,0.20055872705709785,0
-1.2039735,0.0606409059599768,0.010202632,1451.6848860142322,1821.4689361215014,21.56429395663568,0.17261725755856425,0
-1.464001,0.05732263268561485,0.011379986,1440.0802686604256,1848.905633336105,22.832913334477457,0.17096226061053177,0
-1.5507975,0.11497720598897912,0.010716208,2131.3585009440603,2178.1021754517074,24.313778893182906,0.16883312004522308,0
-1.4441007,0.07403975130510441,0.011294035,1632.1996050634796,1836.0345851301827,22.29204470603057,0.19893660085392983,0
-1.352833,0.09177874854988399,0.010676432,1829.9050920322554,1930.673800306843,22.333186605177566,0.1914651061450079,0
-1.4637363,0.1460028911687935,0.011172332,2233.7860255022624,2044.2818910323003,22.80034345419272,0.19159255451258306,0
-1.557649,0.11678985100058005,0.011290892,2200.5625443452077,2253.767418196852,24.902247172299074,0.17723871869143393,0
-1.9988585,0.1350499836861949,0.010140889,2480.704651514938,2306.8376930825198,23.99841210439968,0.1560846701044943,0
-1.2848346,0.08465505365429234,0.011430098,1720.865772186497,1817.9857060873958,21.93284933894359,0.20813876524343303,0
-1.8028612,0.10102550391531323,0.010441298,2029.140994256789,2163.533531683084,25.022195511686327,0.1618111281221686,0
-1.23418,0.0805732036687935,0.011368033,1658.373379082172,1793.95596970503,21.548721072175486,0.211948951488504,0
-2.2503507,0.25398328741299303,0.010156313,3008.442505435204,1955.096599921811,22.630936341504757,0.1456251914633858,0
-1.5124354,0.10559903386020882,0.011333285,2020.2842379971657,2118.427913524641,24.497431293733687,0.1780243078852676,0
-1.5326148,0.0736319061774942,0.010128069,1575.6073029618683,1749.9543364834026,21.72327920090015,0.18818486404699206,0
-1.5288649,0.1424637017836427,0.0110232895,2524.3990118051674,2331.71824235541,23.815651935623084,0.15685738225160317,0
-1.1813362,0.058372833889211134,0.010431354,1421.9416338211474,1797.2937394578605,22.10748512034225,0.17484302583126968,0
-1.241364,0.06409512761020882,0.0104603665,1458.8999323672463,1824.5671062865435,22.32366886439038,0.1735070013593367,0
-1.3017322,0.0845712188225058,0.010374333,1544.05196935016,1641.0719113346267,21.220537679144652,0.20330386959120886,0
-1.2484286,0.08889211136890951,0.01063747,1725.3476546039287,1821.83940715937,21.142836216976452,0.20210461598113202,0
-2.0420823,0.10296616698085846,0.010147531,2122.618438567876,2154.5542037049872,24.817597717555167,0.1474504209630185,0
-1.3536193,0.04000054379350348,0.011235013,1041.736114756023,1534.143446696363,22.493550265645826,0.17014551253061624,0
-1.9813893,0.13887466466067286,0.010141103,2477.230676232125,2246.923910995514,24.550640743222402,0.15530016847326578,0
-1.5263376,0.10912576131090487,0.011293429,2094.700770544416,2154.792408033979,25.041329126228714,0.17181515691139035,0
-1.5327919,0.1591819533062645,0.010872586,2166.557660964214,1831.893745939102,22.063888621441727,0.20725575779614702,0
-1.2479538,0.07075659802784223,0.010862056,1586.2229088340246,1928.5756003661772,22.514982356126787,0.1765966693914978,0
-1.9409419,0.11365170932424594,0.010135343,2134.7423898772768,2153.4893138028124,24.609476015992147,0.1580299681286003,0
-1.8390465,0.22656589870939675,0.01019797,2881.2069626577736,2153.685988383809,22.11252481404856,0.1689381092749013,0
-1.56597,0.14266535854118328,0.010858036,2537.701936623186,2337.605450472526,24.006149763354834,0.15520905637952745,0
-1.4783187,0.08813646497969838,0.010231493,1718.9674391886003,1805.554430084817,21.537510752770125,0.19771548550354776,0
-1.5809762,0.10945656902552205,0.011226864,2198.5116590530392,2269.671216420932,24.511327678854183,0.17068733854831666,0
-2.0319731,0.10925151355858469,0.010106674,2174.247602745289,2188.7801128871733,25.062448799006827,0.15235896844317146,0
-1.4271476,0.09107861441415313,0.010220846,1744.6920556801879,1813.8301059872317,21.352375749916558,0.19778964403200913,0
-1.335959,0.10740374854988399,0.010211272,2135.513230683224,2162.2044667844816,22.11252679325585,0.17156224872575518,0
-1.3829392,0.08443187173723898,0.010419609,1835.6313354474732,2008.4424915938398,22.148722909050083,0.18222601507512518,0
-1.3274952,0.07726625942575406,0.010624295,1547.9377262041587,1694.1707664140172,21.44051432613231,0.20548941727870054,0
-1.3420222,0.07967821019431555,0.01043365,1615.5772461333893,1752.1655078057784,21.116701614770687,0.20053036663992263,0
-1.5258297,0.15717444895591648,0.010868201,2521.848185754784,2312.758952409114,24.057231290750963,0.1657405991784233,0
-1.9899447,0.1137582022186775,0.010096828,2200.1585900776126,2175.370858669564,25.194437021688202,0.14508265515468463,0
-1.2413508,0.08237565255220418,0.01121322,1689.163041080959,1811.7444109891956,21.213919909587894,0.20959492767749974,0
-1.4677103,0.0786291418938515,0.010427605,1627.931589118153,1757.6025478095512,21.27032605471061,0.19501978953074497,0
-1.4028279,0.07498119380800464,0.0112894215,1646.98921997325,1852.493528373029,22.279809870977772,0.19950756490866872,0
-1.3801674,0.04597434200986079,0.010408669,1187.98369142196,1656.840973606474,22.07026615406585,0.16874929829300858,0
-1.8185616,0.1000863272186775,0.010416014,2178.8257514478737,2297.517735558595,24.103768717729146,0.155362285829545,0
-1.3826551,0.0698174213312065,0.0106299175,1597.787328997566,1844.453090212901,22.26403158316311,0.18396725796454658,0
-1.4679382,0.07154623151102088,0.010592671,1484.7299063257249,1666.5734949918824,21.60445843148596,0.20385623864804733,0
-1.349536,0.09163486985208817,0.010631354,1761.5256378964123,1833.855081656146,21.415990712582246,0.20245496299386231,0
-1.2555563,0.07300201203596288,0.010680391,1641.0729467028243,1868.0459110628726,22.48625357610913,0.18549575106765218,0
-1.3639684,0.12242604408352668,0.010786574,2158.529581753704,2102.7044950647155,22.099939027229286,0.18370386077078057,0
-1.6238403,0.14061480387180975,0.010900953,2376.5463200003987,2220.0204436437284,24.306286105903837,0.16380914805779762,0
-1.526817,0.10777307497099768,0.01131398,2091.064302549612,2211.99062154077,25.130116148686234,0.1794124624755431,0
-1.5038704,0.0742028893561485,0.0106364405,1575.6149619747425,1762.653790798685,22.806204301254297,0.19161602081167875,0
-1.3997657,0.05025784875290023,0.010599574,1249.9857633030144,1728.0880617054593,21.91815301305334,0.1684693350003477,0
-1.267606,0.10103796584976799,0.010442726,2105.1113953882646,2185.2637999052104,21.83433548270984,0.172285322901533,0
-1.3726093,0.07011877356438515,0.0103711495,1620.2732648106953,1841.1820015554508,22.090385327449006,0.18322089748217243,0
-1.4622377,0.04017274506960557,0.010527579,1106.6341434030985,1598.0773453603595,21.975779257808973,0.15565602708037704,0
-1.4100606,0.0880854843387471,0.010398652,1725.2025877984072,1816.254191879101,21.35152404475895,0.19845194017180845,0
-1.350435,0.12129540675754061,0.010595841,2145.1135270582895,2043.2923816547718,21.966364308275995,0.19466273912361318,0
-1.4118369,0.14834686774941996,0.01041602,2251.9907255574662,1927.3514809669703,23.116281349554406,0.18427888985004337,0
-1.7288512,0.1214766712587007,0.010381679,2221.4190552582813,2211.545836594048,24.53533762115713,0.16314844144515442,0
-1.3701755,0.07233699789733179,0.010440575,1470.04054376013,1646.810397573971,21.320462655680817,0.2012492672263472,0
-1.1602563,0.12094760549593968,0.010910329,1971.537691754471,1943.7489781030301,21.535100240381464,0.19296814336508525,0
-1.3570565,0.10363911144141531,0.010701163,1859.6902041244007,1866.8025820497207,21.598543665765614,0.19684615213436232,0
-1.6916869,0.06987973100348027,0.010189676,1589.27337211465,1801.4215466513326,22.273459450193453,0.1795744043093259,0
-1.43089,0.13700650739559164,0.010325321,2112.54454723844,1871.9946825892412,22.10576762736785,0.19864724454784596,0
-1.4003737,0.07039406902552205,0.010418997,1425.9549132394707,1588.3062675907065,21.0293540570703,0.2040384640151567,0
-1.4955382,0.1611532047563805,0.010970326,2546.346352216709,2294.90364229657,24.286727117595934,0.1648537246483204,0
-1.4008254,0.14530728864559164,0.011031981,2207.7653783520627,2068.3415796399554,22.878699738482883,0.18741602043612857,0
-1.3305473,0.08608704321345707,0.011305804,1826.0626238373143,1985.2016736871196,22.498564420328176,0.19701897621232564,0
-1.8358399,0.1007807968387471,0.010380111,2068.9424080632066,2168.982259111232,25.078819144703882,0.15207434969622138,0
-1.2184471,0.05311163174303944,0.0104300305,1330.294767893739,1777.1207768054628,21.801691475470697,0.1720769341392359,0
-1.3645934,0.1297661234773782,0.011027013,2037.7559099080954,1956.4899430062308,21.762128666928998,0.1945744888524008,0
-1.3332586,0.061513241371809746,0.010786679,1439.6066323361526,1856.7931949980714,22.372594663328293,0.17257129268316074,0
-1.3298771,0.11358826674883991,0.01082306,1927.8611866856425,1911.3089472565375,21.598464791966048,0.19492716482971748,0
-1.3481051,0.08335221505220418,0.010482357,1625.2865130186221,1745.1190003956228,21.56122198342103,0.19892994560975377,0
-1.1770717,0.05968246991009281,0.01018914,1460.4667119120695,1819.9958631008715,22.078303878105746,0.17065574320189347,0
-1.4495243,0.07703514718677494,0.010157868,1499.771143825623,1632.0094765613057,21.04196286284591,0.20122516859057918,0
-1.5826161,0.1541065472737819,0.010616177,2576.1803967817405,2226.395710783669,24.371906759377,0.1601810457866907,0
-1.3580432,0.07559749311194895,0.010579315,1545.2995222501609,1714.6602548545388,21.209510036324932,0.20215221803437433,0
-1.5030956,0.09885372861078887,0.010265158,1727.378406917658,1752.4252416266484,21.86689651469717,0.20054545163764434,0
-1.5279326,0.07748490973027843,0.0104014315,1544.3696791334778,1753.4396512456144,23.062249418821352,0.18259763549108096,0
-1.2485213,0.05977536796693735,0.011243172,1347.0814311273402,1775.065762516374,22.288526584281147,0.18152338620147854,0
-1.3162069,0.12797726943155452,0.010969349,2058.1109280791034,1949.0079139820673,21.47977921852408,0.19926393265354314,0
-1.4875737,0.17101852523201855,0.011347258,2466.6055662999233,2012.7573840023874,22.2569231705109,0.205126699166179,0
-1.4019533,0.08111473136600927,0.011256853,1818.184492263085,1999.596112128662,22.55527339102155,0.18875035898425396,0
-1.2113484,0.10712505437935035,0.010464695,2154.1556874678236,2194.4787404386493,21.900457301196923,0.173548692598844,0
-1.4407175,0.0525304524361949,0.010086867,1206.66116706234,1627.4734141676704,22.14871681787181,0.16686401068145126,0
-1.7151928,0.19281444859338748,0.010088777,2505.179951980696,1922.8726206643928,21.571059344370138,0.18368516384507147,0
-1.3467038,0.07614921693735499,0.010431646,1607.3057019470139,1756.1546263757639,21.117616690904892,0.19701856652497085,0
-1.274925,0.042722910020301624,0.010647754,1170.3858337998724,1661.7125792701086,21.95307191597792,0.16936155624760754,0
-1.7617595,0.12144494997099768,0.010380945,2321.1095791261337,2312.8106328673107,24.32665450762375,0.15960045565141703,0
-1.3259839,0.12460914841937355,0.011383227,2147.919055157533,2009.3802744214518,21.80065639362153,0.21061443330609678,0
-1.4674722,0.07239364305394431,0.010183151,1482.3739640130875,1653.3803882243776,21.23511186100395,0.1973280545734409,0
-1.9702921,0.11410033896461717,0.010162042,2083.483389782507,2129.7543598160814,24.652757749907693,0.16154980134474212,0
-1.3991523,0.07637353175754061,0.010427492,1607.8224433730095,1749.8039912755316,21.427738013032904,0.19561314160100343,0
-1.3627512,0.11553572723317865,0.010977259,1901.1878209927318,1873.4227656826597,21.680969304559888,0.20282622521928587,0
-1.5682161,0.11062685796113689,0.010600296,2076.1108304754234,2141.4243117792203,24.48374816542231,0.16582782522552134,0
-1.389645,0.11300029002320186,0.011318976,2108.5333171803754,2093.783964313398,22.61559123179631,0.18812374214086677,0
-1.7881507,0.11280089907192575,0.010308318,2295.234094377351,2355.635238575147,24.207093986319343,0.15485937034722905,0
-1.1181093,0.08381670533642692,0.010564629,1700.3451984222147,1818.334033653308,21.6552417470518,0.19603981463874076,0
-2.0643814,0.10663450732308585,0.010103042,2155.929721247683,2204.721624164137,25.027095988700164,0.1471017241795442,0
-1.4789593,0.03579747317285383,0.010071594,1013.4236236406638,1505.6896231648282,21.93250032399097,0.15073268196853412,0
-1.5689043,0.1058630002900232,0.011311502,2090.9167872145113,2203.885548867344,25.327127973088945,0.17248231063562103,0
-1.7193131,0.12142682352088167,0.010366411,2239.140971978859,2238.4302891660923,24.292080784882312,0.16489516042118735,0
-1.329329,0.07066256706786543,0.011273791,1450.639164159546,1624.6430410362536,21.597639494923776,0.21426402181134596,0
-1.1694002,0.08197233903712298,0.011295343,1891.7330280408926,2114.870187276108,22.185394466983887,0.18080165935628287,0
-1.5219051,0.08467997752320186,0.010037846,1668.9510361816633,1819.8380725234706,21.292660031495338,0.18754492771486656,0
-1.3123863,0.08853298107598608,0.010665088,1725.9072732836787,1809.6506563348235,21.62225915118567,0.2023380324807227,0
-1.3316627,0.12287127501450117,0.010886865,2154.5310834608276,2085.17499267575,22.352991358855736,0.1807991044692382,0
-1.1789888,0.14571060216067286,0.010089647,2258.77456223169,1910.027947721103,23.035708828890982,0.16387843505393407,0
-1.5402086,0.14077794192285384,0.010292146,2225.171913386538,2013.346087449092,21.662228766613882,0.19658634667513283,0
-1.8291699,0.10927757033062645,0.010372207,2126.4571913349614,2218.345404508232,25.021481062300143,0.16024802317364903,0
-1.4026713,0.07847166835846868,0.010173052,1581.726038538361,1737.590082815627,21.22432137639235,0.1956417184925103,0
-1.3324227,0.061361432352088165,0.010096424,1359.270785338699,1757.4282841228876,21.83810690965085,0.1720685822045035,0
-1.5710702,0.03853796584976798,0.0100916065,1021.5318497866842,1489.1442042430685,22.227697570686864,0.15592743721088417,0
-1.3088903,0.06957158135150812,0.010606095,1453.7889354857894,1833.6308093999492,22.383403185397714,0.17752945919781468,0
-1.5475508,0.10699137180974477,0.011236109,2202.084423498103,2338.0202683853154,24.49840251524433,0.17341545821876891,0
-1.5846217,0.14098299738979117,0.010922506,2590.8534759615577,2302.9273960204046,24.407355369095683,0.143526871438568,0
-1.3970698,0.0827121247824826,0.0106542595,1629.8374122936243,1819.842908356153,23.51607399279052,0.18301619148986173,0
-1.9752223,0.17612338674593966,0.010185585,2821.334284965386,2295.9565491270296,24.74342923755487,0.1423110807698074,0
-1.300934,0.11322573774651973,0.010874059,1903.4013377516476,1930.2658355002436,22.924719050776723,0.1602960086173126,0
-1.5466502,0.12703695983178653,0.010646126,2290.5369510140563,2264.7150750065125,24.629262341483923,0.16405266107688446,0
-1.9577591,0.11618714653422274,0.01017198,2126.186293810163,2161.4341201283214,24.718679822881843,0.16061468809769808,0
-1.792557,0.1160274071925754,0.010363733,2216.653221342689,2271.380110592132,24.89303624975326,0.1638107245075016,0
-1.3862783,0.08413165240719257,0.010395561,1678.217208568833,1790.5339207592767,21.39860532534079,0.19954562676499624,0
-1.6019752,0.09877442539153132,0.010200598,1802.4124384110112,1826.8114926362607,21.6713047767234,0.19934832942836878,0
-1.4922755,0.07525988797853829,0.010172014,1411.968020853233,1551.9436963010496,21.87326819990647,0.1962659609725125,0
-1.4219217,0.07515679379350348,0.010188852,1495.5390127834626,1655.3400641497735,21.16618661742592,0.20030715805051993,0
-1.3559816,0.07198239921693736,0.010638789,1466.3313833732502,1620.934567424941,21.60457366634088,0.2048651565747229,0
-1.4164314,0.14859044192285384,0.0105417725,2155.5292471835423,1819.6055143647454,22.217372992758673,0.19795106687347722,0
-1.9751443,0.17239613544083526,0.010084511,2750.854551313585,2332.344925905629,24.5183569735118,0.14975072857420726,0
-1.261057,0.05712324173433875,0.01061207,1439.284899665126,1851.254546487451,22.567155082449354,0.17088822897485687,0
-1.6211841,0.12033810361078887,0.011024495,2095.2970132197675,2057.0862766737464,23.708277361092453,0.16889112022616873,0
-1.5622514,0.1065529382975638,0.011297295,2137.4564892934704,2252.6459901383323,25.03025457288223,0.17642140852604574,0
-1.3000437,0.048986731438515084,0.010473316,1241.6853597593033,1586.7994442332704,21.329026811946253,0.1747937298045176,0
-1.5668956,0.12276931373259861,0.011042442,1999.5454004530748,1949.3654628272764,24.365565479436647,0.1670465115872067,0
-1.2907331,0.07738068264211137,0.010196008,1515.1243040757263,1657.4566741777928,21.076878898092247,0.20189943961372733,0
-1.3386799,0.08278802929234338,0.010431177,1621.610534132009,1733.8937140658256,21.2341107128336,0.2036858370218623,0
-2.063848,0.10779233432424594,0.010129106,2286.3886215918455,2329.1335175694,24.103851161273106,0.1483831762737359,0
-1.5319657,0.12188111767691415,0.010529943,2236.0527186989466,2228.9919952428677,24.081591204964504,0.16885796965671981,0
-1.408997,0.04866272114269141,0.010081009,1177.9033741628302,1620.032988200867,22.836366084638488,0.1590211245857717,0
-1.4141458,0.07263608432424594,0.010400315,1490.940547004287,1650.4033897314966,20.826828967873716,0.20319844171256451,0
-1.7512981,0.15143402878480278,0.010386245,2609.755320622535,2291.0945082952558,24.418269564484905,0.1518923958567907,0
-1.3251531,0.08816138884860789,0.010567632,1726.4871459851156,1813.7004509537478,21.37500614859609,0.20095881124832518,0
-1.5610003,0.11290739196635731,0.011243539,2186.426480100066,2280.4902673211805,24.80917847968558,0.1751520900509638,0
-1.2281268,0.06666681772041763,0.010409373,1405.062389800183,1614.7592402015898,20.870085927289576,0.2003780198065209,0
-1.2659522,0.14412680358178653,0.011003558,2209.5797595806625,1920.0358201114243,22.835839131351626,0.19794569820770888,0
-1.2678077,0.129855622824826,0.010957523,2045.655438814749,1972.173332516662,21.461773804162902,0.19900553470753293,0
-1.4316366,0.07443060288573086,0.010400355,1658.287650425072,1850.9902606885262,22.179601148022446,0.18269595773852754,0
-1.7877966,0.10802118075696056,0.010325583,2153.331464861233,2241.0849143572545,24.900379412651894,0.15603161660119721,0
-1.5353479,0.11044446055684455,0.011332961,2136.180732287808,2206.886361797243,24.64475491145763,0.18037009399285023,0
-1.6275579,0.16100819315545242,0.01080859,2654.3337173096093,2255.753471294978,24.080549246201915,0.15421707361536735,0
-1.7922434,0.1215752338312065,0.010303342,2344.2302732395246,2311.373980603095,24.51228319081937,0.15484425964907034,0
-1.3371091,0.0757753589037123,0.0112642925,1593.7766267156646,1747.2948551126794,21.65167783425127,0.20767810248999932,0
-1.3690903,0.1287272513051044,0.010975622,2020.2617828584548,1946.4006161087786,21.930706609594317,0.1968380703741961,0
-1.3056045,0.06519857526102088,0.010653701,1489.9531213264816,1829.9485131918902,22.866544061737024,0.16667239004195536,0
-1.3158338,0.13234347810324826,0.011003258,2063.001773984836,1968.924181823597,21.914706264909647,0.1920630020097561,0
-1.9711801,0.1171025322650812,0.01014616,2251.2745517727953,2229.91070003253,24.712833167399967,0.15264271406424076,0
-1.9685584,0.12098385839617169,0.010178365,2258.0099850860574,2255.967894653599,25.01976396192961,0.1595786177361095,0
-1.4832468,0.09718043068445475,0.010391831,1758.511029463259,1782.0180252330013,21.78332674570055,0.20769662186281415,0
-1.3541371,0.12196381960556844,0.010224732,2157.9516627105904,2076.6210423640105,22.46582478047523,0.18551998000129524,0
-1.3263501,0.12562989414153133,0.010913521,2126.757779661277,2063.3545358675633,22.463431164641047,0.17946184369868093,0
-1.8213154,0.11185719076276102,0.010395984,2219.6306547327094,2270.6859464568697,25.36063854954317,0.1552733534581128,0
-1.1848943,0.11621433620939675,0.011078951,1922.0691150774721,2021.7002251940182,22.412203793245457,0.17588196863664785,0
-1.3096426,0.12729866045533642,0.010938703,2229.010494628981,2098.345747188852,22.747507472316784,0.1917148697683921,0
-1.5355022,0.11702889356148492,0.010602802,2193.5564327719053,2222.4027112329886,24.64967829186698,0.16496444060292006,0
-1.5329008,0.1122061249274942,0.011328089,2186.4477076927697,2227.767278700454,24.917220866013874,0.1753348253901601,0
-1.6283898,0.1175772186774942,0.010679911,2190.180311518862,2232.9316220664064,24.77150183376241,0.16615276517784028,0
-1.254167,0.05318187173723898,0.010486238,1339.6307777177894,1792.4071052227296,22.740095263771106,0.1650749228570086,0
-1.957164,0.12945457511600927,0.010155736,2373.9337188042205,2232.596902077991,24.39402913458829,0.15431753979643367,0
-1.294745,0.06549313007540604,0.011338236,1533.549175359593,1798.2460207103593,22.461045501475358,0.1935828410758148,0
-1.6541686,0.11537485498839907,0.010313389,2525.3640174275015,2484.4091240340413,24.37468828187152,0.13002202773107727,0
-1.433173,0.07508542089617169,0.011182414,1604.891037025641,1799.3584973282532,23.185785558318106,0.188051850066814,0
-1.4256059,0.07776133809454756,0.010175609,1611.008339557646,1751.4996254833486,21.087834337931806,0.1919148638661585,0
-1.4745915,0.0587954067575406,0.011298635,1458.7035045389641,1714.0175767833698,22.20211919184044,0.18539547504550755,0
-1.3832072,0.08715310506090487,0.010196994,1886.8608479912305,2030.0443289079635,22.169300453752196,0.17663485274632665,0
-1.5275815,0.15440789950696054,0.010158675,2272.0951386659085,1900.376849488166,22.186645237415117,0.19183899285661013,0
-1.5576537,0.11154450949825986,0.011252639,2181.833952266285,2261.985778861878,25.020115096604734,0.1757358564672863,0
-1.4011804,0.04216438877610209,0.010525728,1231.5629193547888,1730.9933663702725,22.33978370219716,0.1493935691387395,0
-1.5263547,0.14870146642981438,0.011276633,2246.383493012234,1884.9035294751109,23.22641178714651,0.2046573283145384,0
-1.324102,0.07985947469547564,0.0106544085,1645.7371250838512,1773.8920223713092,21.302752732484322,0.199342417348185,0
-1.4553411,0.11023940508990719,0.010366328,2069.9004254756114,2068.2814222314223,22.154329215906507,0.18768697690715722,0
-1.2693859,0.11557537884280743,0.010902405,1933.7919726820207,1900.3435015233567,21.626441068946708,0.19537511906926364,0
-1.4511902,0.03388739849187935,0.010303737,975.9928960959986,1462.6740165511967,22.02361921656202,0.15637490957142605,0
-1.3693682,0.06838203306264501,0.011297603,1432.3759236305284,1610.92577017387,21.397304597133225,0.21123526255312164,0
-1.1884682,0.11959038754350348,0.010999052,1950.786087057442,2021.1229216165366,22.545996497470604,0.17473570473921554,0
-2.085895,0.10795094076276102,0.010172738,2129.562592396973,2213.668240626954,25.18389688831601,0.15026961817006945,0
-1.8384266,0.11027905669953596,0.0104237655,2191.068456128283,2276.402338096304,25.515990810998165,0.1521506223885432,0
-1.3571118,0.07070788319315545,0.011354136,1468.908786697841,1646.318052437325,21.561093215353612,0.21399301988366115,0
-1.8160034,0.126953125,0.0101871025,2267.2038320868514,2259.8428066771908,24.5244011591433,0.16326852442534942,0
-1.5874681,0.13530375398781902,0.010644181,2377.8915716839147,2264.4668173903865,24.279010044456406,0.16944044395980587,0
-1.5405055,0.12054202617459396,0.010583117,2198.3431924555175,2195.5321863924487,24.174387418562112,0.17140770999962474,0
-1.5287305,0.0830814512035963,0.010184568,1775.5105551769075,1948.9306781868718,21.889091822621058,0.18168928570133702,0
-1.7794616,0.10492042488399073,0.010384341,2029.5984451169907,2149.6327060658477,24.460124548419195,0.16691697536195527,0
-1.3405501,0.08933394359048724,0.010647913,1750.0805349232276,1840.741701703272,21.57292686937882,0.20194583525123166,0
-1.7348795,0.11975692430394431,0.010323686,2251.3995654873406,2263.9091921775416,24.750797398992624,0.15960769440899322,0
-1.3918548,0.0848850329901392,0.010420383,1681.2883884951937,1798.4092737160893,21.204752050460986,0.20051324841692286,0
-1.863331,0.10566247643561485,0.010378944,2079.2516194655377,2194.973682326571,24.839432234779604,0.1656940031041869,0
-1.7142003,0.11752057352088167,0.010364261,2200.2811784021674,2235.573144594738,24.799383300199967,0.1609414462287752,0
-1.8370483,0.10699816922853829,0.0103379935,2077.3697979846816,2199.436673259479,24.818771348109472,0.16480543836396122,0
-1.4156976,0.13289633483178653,0.010838112,2113.9807370379444,1979.1679781095995,21.86112094361249,0.1976296635555054,0
-1.362537,0.07239930756960557,0.011327255,1621.3998761867397,1826.121533087749,22.48187488492494,0.1993818034230123,0
-1.6058934,0.16021402805974477,0.010917823,2629.962804591327,2367.9668959681667,23.795074777971802,0.1549935001673707,0
-1.3618186,0.17448747462296985,0.010576314,2556.4707353551385,2191.1818354801903,22.227225264697495,0.1899507416261248,0
-1.5780917,0.11733137869779582,0.010520371,2168.4736150127283,2188.300023555374,24.35883055073511,0.1699639319087184,0
-1.5515269,0.11700963420823667,0.011312309,2250.0749023882527,2264.4893668291143,24.790999289336558,0.173858340491479,0
-1.5780782,0.08542316197795824,0.0101347985,1868.8154145066171,2019.4272672949896,22.33177109240498,0.17452852619891515,0
-1.3660986,0.12006054234338748,0.010857104,2011.699969915979,1945.128454031703,21.69381356346917,0.19622414438383795,0
-1.9137081,0.11934341466067286,0.010210722,2229.4301564267525,2228.481884774309,24.818658051336232,0.15605624913549024,0
-1.1810911,0.06307438188805105,0.010417733,1430.3807488056937,1787.0250920167086,22.46113323501711,0.17673450588063444,0
-1.4984703,0.04778811992459397,0.010166128,1215.3770703472298,1656.0108581606662,21.74091131364317,0.16069737151752309,0
-1.5424657,0.11121370178364269,0.011297173,2138.4558181216516,2178.755618969485,25.015365863482177,0.16988304355208583,0
-1.238124,0.16312672201276102,0.011011783,2594.015753671822,2262.991298694834,22.006733131138397,0.16615449620575748,0
-1.3674711,0.13459908823955916,0.011076002,2120.701590906739,2032.3275652482148,22.355960388461018,0.18998221235543955,0
-1.5173638,0.1525386093387471,0.010537852,2179.945550169121,1839.8611205729565,22.25594820759221,0.2028836830790898,0
-1.0898772,0.20546897658062646,0.010945421,2715.7655460432447,2173.74610977892,21.939673199567654,0.1822521015186582,0
-1.306772,0.08036701529872389,0.011312298,1673.5995905712136,1799.2811887844134,21.761084520494997,0.20983746492872804,0
-1.2500008,0.11782985607598608,0.010887378,1948.1787668186944,1900.343219354693,21.539868816897187,0.20056045391889998,0
-1.4654962,0.0886700623549884,0.010238264,1719.2863543313742,1811.7440552678117,21.438493424561518,0.19709232910728666,0
-1.6979318,0.07028417742169374,0.010293478,1616.0282064741343,1771.0298268575361,22.249593946859143,0.18205766033369364,0
-1.3062762,0.13228796584976799,0.011068426,2109.0215227542826,2054.090968245921,22.668107663923756,0.18763433273453609,0
-1.4187735,0.055248287050464036,0.010211666,1335.053638711927,1772.9023537862438,22.22254155314036,0.1658050877716503,0
-1.2228876,0.13011845635150812,0.011036588,2020.8580130070466,1942.206802669192,21.72679649718958,0.19903563311996486,0
-1.2238281,0.07543775377030162,0.011383461,1579.6586486180038,1741.6803652753374,21.63426260610254,0.21155672455374652,0
-1.394314,0.07285360172563805,0.011305613,1691.860229211461,1994.2425567641544,22.452048755798394,0.1729473602363081,0
-1.1591504,0.10673760150812064,0.011073674,1852.9088714683885,1952.7079385691031,23.320535687111324,0.1624968939581959,0
-1.3257171,0.08502664588167054,0.010742655,1703.5883192644267,1822.0137988167442,21.261958882137947,0.20165699351931224,0
-1.5298101,0.07421081967807425,0.01018738,1501.509702995103,1652.0788924871426,21.334412305210343,0.19689979997514342,0
-1.4711165,0.06353773926914154,0.010430029,1402.2103559551533,1609.8440753833156,21.377341492270414,0.19424662657117273,0
-1.4610887,0.04099636564675174,0.010343641,1110.308305039215,1579.947384741092,22.038309868381823,0.16571071255226597,0
-1.3950708,0.062287014211136894,0.011194367,1484.384116984208,1712.4318808572925,21.86464412061289,0.19033681010288764,0
-1.4297644,0.09459514573665893,0.010175518,1808.829275154089,1878.7710135026616,22.634384171634167,0.1852870725268907,0
-1.9194894,0.1241287974912993,0.010186824,2224.0411757037386,2203.1185814901282,24.650195077268943,0.16172844445265214,0
-1.8342122,0.11429746410962877,0.0103641655,2324.6283633163566,2325.3694612224435,24.310653037188604,0.1559726786287424,0
-1.8030623,0.11561163174303944,0.010369294,2194.840730549119,2253.811207653056,24.864249068256186,0.163907049925225,0
-1.4812567,0.10690187246229699,0.010194449,1919.8135832347639,1940.1216412852534,21.308113882413902,0.19764935445873275,0
-1.4964485,0.15143289588167053,0.010702615,2254.8985272321615,1988.5243970291308,22.180615733184823,0.1925543975778583,0
-1.3344511,0.07775114196635731,0.010379603,1599.3492648022384,1748.415929632016,21.280467738604155,0.19723970691018308,0
-1.5650662,0.08988226870649652,0.009535491,1547.1242533410011,1590.0026750340369,21.17511133765039,0.19567145684781864,0
-1.3736088,0.1484035129060325,0.010448002,2280.428637835786,2020.3839018643232,21.541230333865162,0.19914615567800373,0
-1.2675594,0.05362936847447796,0.010623998,1324.394450246197,1759.4492062883173,22.272999162642584,0.17374284962660022,0
-1.4371719,0.07951960375580046,0.0102876285,1618.5387400806371,1750.8645022518149,21.48293428405721,0.19631099055828147,0
-1.3623368,0.05264714145881671,0.010136238,1221.4438201483733,1650.5601537151654,22.602134484017686,0.16007955225911724,0
-1.5591942,0.12215188152552205,0.010492871,2009.5298302438507,1778.6136683942648,22.668361668470986,0.18093317112561724,0
-1.7067552,0.11388055575696056,0.009678719,1656.917575212872,1499.320508129341,22.13391641140157,0.1768652355246109,0
-1.734832,0.09840849767981438,0.010242409,1843.0198885761306,1886.7389298905125,22.575134046609914,0.19018508786829036,0
-1.4817867,0.09157029437354988,0.010201181,1725.9979817049364,1806.6678768768936,21.40399709594048,0.19903477700117134,0
-1.6798776,0.24585697324535963,0.010172944,3010.732330983779,2072.8257787645257,22.772955841751585,0.1452418436220555,0
-1.3784151,0.10108441487819025,0.010664859,1994.1218525835334,2049.564713531401,22.331384699976947,0.18823404928670592,0
-1.4588003,0.06996243293213457,0.010436808,1446.436258341149,1626.0729814009346,21.273065057372076,0.2033701378155878,0
-1.2810233,0.12390334976798144,0.01102012,2053.4675458993797,2021.9392609220379,22.484357789221544,0.18264941176182006,0
-1.3701582,0.08257051189095127,0.010457654,1651.6042925434067,1785.767059621263,21.22772562304637,0.20063414085204193,0
-1.1267177,0.06280361803944315,0.010461002,1560.206699792169,1943.8675849659617,22.39812257923258,0.16669006674211917,0
-1.4010978,0.08937472810324826,0.01022832,1740.033520999806,1816.2493317691844,21.085532454969837,0.19735422390671106,0
-1.6133934,0.13588606619779584,0.010794426,2312.5731488150454,2216.2158866491836,24.524867474504244,0.16706181092862826,0
-1.5949417,0.12694292887180975,0.010674307,2303.757165455217,2253.692066733168,24.27699455402319,0.16534775568733023,0
-1.2944937,0.05824708164153132,0.010417921,1345.158288575589,1777.5927490547174,22.119078027756245,0.17122868221049992,0
-1.5564284,0.1196447668938515,0.01130285,2411.255262915822,2403.572480058323,24.950231627086005,0.160018047176591,0
-1.6439477,0.051400948013341066,0.011177384,1546.743726807944,1888.0061810474385,23.115219364595127,0.15222540956051447,0
-1.1411211,0.07352314747679814,0.011204005,1583.4446004559647,1764.3533325221529,21.825050300824646,0.20209198855495333,0
-1.3307574,0.08665009607018562,0.0101719685,1671.4733388216355,1776.8738054001044,20.73066903762139,0.20300449064663642,0
-1.7067045,0.16604621338457076,0.01039303,2369.6029682889125,1906.8250422698814,22.55742040660761,0.19026501612953514,0
-1.4373906,0.07546041183294663,0.010432598,1577.56096967137,1739.2957138606405,21.253854628556205,0.19861374831296064,0
-1.3769021,0.07894182315835267,0.010434056,1599.7704961207269,1741.347556344936,21.300704748685828,0.20103579165721344,0
-1.2241586,0.05871270482888631,0.01090202,1507.531988701124,1907.233032083995,22.95104819006055,0.16243072029331204,0
-1.554825,0.16117472991589327,0.010993946,2624.045743574467,2316.9849027029477,24.125625917993563,0.15571253328499549,0
-1.3033307,0.10708766857598608,0.010788786,1819.9215454227303,1783.5407507329803,21.69317447582986,0.2134598361203949,0
-1.316384,0.07407827001160093,0.011439236,1591.383687424199,1752.8542483770677,21.55533343991041,0.206923822841827,0
-1.3004378,0.13219733359918792,0.010795974,2271.4700467007397,2133.698616022927,22.253545402175842,0.18057753674134858,0
-1.9580177,0.11747299158932714,0.010133077,2190.913447975346,2225.2372343534253,24.55309310364231,0.16131202816338922,0
-1.2680458,0.09089961571925755,0.0113008795,2063.5533769202534,2182.664675208901,22.090137913646466,0.17909167659541014,0
-1.5269592,0.0795162050464037,0.010827357,1699.2984663801478,1881.202057937016,22.494628551670342,0.13637338344469188,0
-1.3471097,0.07406920678654293,0.011385778,1518.380738726844,1664.914342138019,21.73000587092696,0.2168015914408297,0
-1.5855668,0.12779034041473317,0.010486891,2369.2510555029216,2224.741957360091,24.71717318839134,0.1613943263260431,0
-1.3201904,0.05787548941415313,0.011054581,1269.1864657245567,1607.8711505661508,23.52573406568476,0.17505443272267815,0
-1.5788733,0.15669409802784223,0.0110501945,2447.1684460296246,2216.340378279167,24.101016045627556,0.16321835703041346,0
-1.9426605,0.1223637344112529,0.010127652,2209.427090752024,2191.9228615639117,24.65122973336394,0.15454230927740106,0
-1.2128565,0.07443626740139211,0.01036758,1582.1667505390526,1745.420829342701,21.38782777553365,0.19342495716111338,0
-1.3495939,0.08178880872969838,0.0106162205,1656.9973641866588,1796.4114071587685,21.328508660024088,0.19974000677166706,0
-1.19822,0.07716656395011601,0.010417503,1579.6787224561972,1744.4090542282252,20.942855055480145,0.20015687143242025,0
-1.422516,0.07000661615429234,0.01041798,1468.496924681102,1648.8047448203147,21.155780571458365,0.20048852769315065,0
-1.4151137,0.07893049412703017,0.010445608,1607.5930792036436,1749.5679475738393,21.20097717556294,0.20011902808479778,0
-1.240799,0.1263730785962877,0.010909677,2044.8755775437405,1952.6613744417177,21.57152055188713,0.19707695386812676,0
-1.5779991,0.1195326094837587,0.010695931,2379.3807974729853,2330.9248248362464,23.966125164229243,0.15913967365386014,0
-1.2765604,0.12296530597447795,0.011024334,1933.5037186661734,1903.3333637360524,21.3837979511995,0.20207383688822186,0
-1.2873299,0.058322986151392114,0.010663541,1451.1957450784541,1852.5202554195553,22.537790060344786,0.1744722288732713,0
-1.6442816,0.18796675609048724,0.009724466,2557.248087663307,1878.507830146157,22.539255040758622,0.15548971551925206,0
-1.2900405,0.07438868546983758,0.011332111,1571.0609125995732,1743.435480776096,21.473672972843335,0.20969393387140575,0
-1.8683183,0.3530987166473318,0.010006807,3679.7806618757786,2094.0886670832,23.756178285223143,0.08038605242494565,0
-1.7799556,0.11962777334686775,0.010367537,2234.6594945668658,2264.6871810109055,24.666652639872986,0.16251660240859997,0
-1.5385473,0.057465378480278426,0.010258222,1529.6529965902375,1888.5435779947713,22.36495645960685,0.15696251442615425,0
-1.5728596,0.10273845345127611,0.011366751,2199.6512095723333,2314.264037050882,24.40206426844736,0.167653543672456,0
-1.4211218,0.04010363797853828,0.010521658,1126.5743716155537,1601.0992423540606,22.592694165668977,0.154104374958597,0
-1.3654492,0.08306219185034802,0.010163015,1640.8683146844112,1765.3646536364708,21.14160923955256,0.19906714464449804,0
-1.539648,0.15677906576276102,0.011278329,2675.8848265492197,2311.9394382507253,24.41616121038215,0.16193939503273247,0
-1.7887781,0.10438569460556844,0.010411071,2294.0601593613987,2329.89450185002,24.233760596087045,0.14989219307249893,0
-1.4651083,0.2432648908787703,0.010450687,3034.1701474971724,2188.404525692771,22.24205789438963,0.15795181405786912,0
-1.2187861,0.07643470852668213,0.011436634,1605.3234037866523,1751.4392658668812,22.061457843181813,0.20968571228288002,0
-1.3486716,0.07038273999419954,0.011361024,1466.8442933925571,1628.562848654264,21.279758828856522,0.21583650998815618,0
-1.3457255,0.07751549811484919,0.010549435,1684.1754473098765,1877.0132064707686,22.09391417105109,0.18736455935693488,0
-1.6425755,0.1009915168213457,0.010611299,2110.1113637908707,2184.624659195651,24.778385340365737,0.1507116324233569,0
-1.5672324,0.11390321381960557,0.011324517,2144.706892187538,2173.3603509160216,24.971399420749304,0.17471912549519805,0
-1.5870422,0.11213928364269142,0.010932062,2174.0162303449315,2192.052931203657,24.615241494588286,0.16136519212036593,0
-1.628452,0.03348861658932715,0.010122817,1034.2167478371507,1541.4848630433507,21.854358443431426,0.1439894216762957,0
-1.7512085,0.11445833635440836,0.010382066,2096.685131178964,2163.707313103674,24.754847781891275,0.16402067145526897,0
-1.366093,0.07391966357308585,0.010139083,1507.5089568267074,1653.8374162512175,20.87524177841912,0.19818606232597494,0
-1.499109,0.09558417017111369,0.010171583,1582.8941198837629,1567.0838781200969,22.04651985728233,0.19614613839659623,0
-1.7876433,0.10332416437064965,0.010378232,2041.65351961727,2176.628500109318,24.680117075925626,0.16556010538394972,0
-1.4513531,0.07677231366009281,0.010396487,1593.2810019234898,1740.0699305611154,21.40106968849455,0.19646247883418047,0
-1.5553359,0.11948729335846868,0.01062444,2261.7571256457577,2281.9709543857734,24.614407164526465,0.16241104141247517,0
-1.398408,0.07801284258990719,0.010599464,1677.938378234642,1861.3859698029678,22.032104035748603,0.18880517337165717,0
-1.5774152,0.1867137652262181,0.010867765,2805.3955541001483,2283.5609832241694,24.13491264274644,0.15305304401994677,0
-1.4166439,0.03860254132830626,0.0111968685,1038.097199135394,1520.6765172786247,22.828449916749133,0.16352238757716916,0
-1.3193105,0.11487071309454756,0.010942382,2012.6829732845674,1983.9547007201527,22.314259260945594,0.1832277272464846,0
-1.7292085,0.1124032500725058,0.009085078,1725.920572369104,1549.0337286038368,22.87807365000352,0.16315374624761333,0
-1.4431745,0.12788323847157773,0.010837889,2080.0844028198458,1991.3779564136914,22.708504543943985,0.19038834710247035,0
-1.32717,0.0669908280162413,0.011405104,1559.7156733525346,1805.9223179539856,22.358191377601447,0.19621601985779827,0
-1.7855368,0.11655420714907193,0.010353326,2359.109587245816,2350.7056723908013,24.171118462481395,0.15435235256942842,0
-1.3109431,0.05534231801044084,0.011001281,1226.5190963392806,1649.4382943995354,23.228775231663672,0.1683338916811642,0
-1.563256,0.1102439367024362,0.010639493,2065.9541941768384,2153.7699015640433,24.64477103119409,0.16687987792761624,0
-2.1212347,0.19366752465197215,0.01014684,2639.808438040574,2068.5545219341407,22.440882120067148,0.17697883302191061,0
-1.8024356,0.1143563750725058,0.010416553,2171.1610742687562,2227.832865919378,24.90530080342594,0.1614219791070349,0
-2.196558,0.08502098136600927,0.01017437,2146.5640962303055,2254.953826377304,25.410004195426534,0.13166218654185816,0
-1.5743561,0.10957778966067286,0.011310717,2176.6448465233334,2257.109823879645,25.395353968001206,0.17194642628004564,0
-1.4622964,0.07837423868909513,0.01042563,1641.0436402724276,1830.6127847993203,22.16890335257336,0.19080699422526656,0
-1.3757088,0.08433897368039443,0.010436234,1685.6676044933413,1800.5226568456524,21.311207760282418,0.20042033898692221,0
-1.4424258,0.0782009045098608,0.010150776,1597.407778962738,1740.445736845891,21.463158101494837,0.19387291787937513,0
-1.3524829,0.0656245468387471,0.01013203,1430.2457719235279,1793.491119819029,22.036424417826634,0.1752857382557581,0
-1.2282832,0.05606284440255221,0.010240871,1355.7043969748686,1791.1762693372216,21.970450276490038,0.16930154451409626,0
-1.583198,0.1093772658062645,0.0109159965,2065.563800830222,2149.458715766433,24.7009810583567,0.17291716373337607,0
-1.390994,0.10329697469547564,0.011356493,2034.1820677156422,2064.1211799852076,22.72290238081317,0.19621288392297287,0
-1.2114406,0.1212863435324826,0.010616475,2043.2912675271803,1926.917227565956,21.82378225779834,0.2019495624983313,0
-1.4582925,0.07155076312354988,0.010503253,1587.9626486099512,1813.4585819046636,22.160809179715045,0.1844545130702604,0
-1.341173,0.09485911216647332,0.010914133,1799.8640798639635,1864.03832599103,21.737233245289197,0.20671881559218294,0
-1.4894073,0.07095372317285382,0.010344309,1568.122687094314,1768.0918744306584,21.553257054184105,0.18806970395728997,0
-1.5237076,0.1403474387325986,0.010482743,2425.896650446736,2230.367373102021,24.315726998430268,0.16902980052175706,0
-1.5814824,0.20203061557424595,0.0108357165,2561.673462749598,1884.4188484114177,22.269729356644348,0.18683899174904905,0
-1.8497492,0.12377533171403712,0.01014475,2295.682947836311,2291.684026015044,24.570455682041352,0.16207010608511527,0
-1.3705597,0.23956143053944315,0.0110196825,3134.5505441619957,2403.937675165014,22.676599950731266,0.15451640679646858,0
-1.4405177,0.08050409657772621,0.010190522,1622.4644405528704,1748.54690786455,21.521175379908254,0.1950616740570098,0
-1.2164958,0.12146760803364269,0.011086519,2067.007074379311,2093.3459038077967,22.61144127977513,0.17117658651009682,0
-1.3432777,0.09094379894141531,0.010687924,1772.8578702459185,1851.1847847555214,21.486995662393593,0.20182896879941792,0
-1.3777868,0.1029446418213457,0.010233102,1805.9547258399632,1808.815807041695,21.439587645718795,0.20279490031790182,0
-1.7784873,0.11545868982018562,0.010372876,2159.657381011788,2198.755696495442,24.80043581727356,0.1570415285146584,0
-1.387776,0.07427199644721577,0.010179685,1509.327809889739,1667.1165885592882,20.973161364883286,0.19910074056951454,0
-1.2739375,0.1487354535237819,0.011355654,2475.0580718046012,2222.1961158952518,21.95774084351228,0.19372433254005908,0
-1.7958039,0.11116611985208817,0.010361858,2081.795436055745,2161.673051701017,24.93929310067719,0.16247681186129664,0
-1.7752244,0.12293245178364269,0.010389246,2320.2508761822596,2223.5365525967977,24.93364886910445,0.16049030908630757,0
-1.4420557,0.07872657156322506,0.01026527,1608.460888337124,1746.746649394584,21.19499571434688,0.19739519203044134,0
-1.5667936,0.187992812862529,0.010815392,2812.75318378378,2318.23968353846,23.748090571879352,0.153758790493321,0
-1.3328788,0.08248441125290024,0.0112998355,1684.9261532771689,1799.4339298278692,21.68183829279715,0.20925421173669523,0
-1.194868,0.12165906866299304,0.010958783,2012.3907549989722,1946.4032990473272,21.886756903052483,0.19169031195980882,0
-1.4098518,0.2491401265226218,0.010952522,2986.1946724179934,2135.589962177712,22.41868730907037,0.15863999768517595,0
-1.5929495,0.12191283896461717,0.010816109,2389.186887625327,2376.1687456588807,24.266386690294592,0.16104398471087847,0
-1.5468221,0.10288119924593968,0.010606658,2153.3823701230444,2241.8705829377377,24.851235353102073,0.16018254686267572,0
-1.35819,0.116220000725058,0.011016677,1969.925133928741,1912.4257377707845,21.95359189302156,0.1950309171796768,0
-1.8990692,0.15980278422273783,0.010137235,2651.2921300606668,2286.2025227784547,24.41357262104496,0.1496087042806805,0
-1.4287751,0.07410999129930394,0.010414351,1502.473733542668,1657.8332978691933,21.26979955918688,0.20235670560417054,0
-1.3681626,0.12693839725928074,0.010606434,2124.1321236462795,2028.2464225270294,22.476793390538838,0.19663615765564701,0
-1.3938668,0.12897195838167053,0.010726972,2150.179959726893,2034.3513721643217,22.51870362122844,0.19733508704790412,0
-1.5648782,0.1179760005800464,0.010699731,2166.179967386721,2180.0009403702607,24.191729175452412,0.1712099521846504,0
-1.1662341,0.09427906576276102,0.010804257,1780.5252299849265,1967.91432706913,22.45659597117136,0.17251421057319064,0
-1.6668231,0.12278404147331787,0.010353846,2260.0915276829733,2300.0396535049385,24.402359109758752,0.1671155981641006,0
-1.9497284,0.1407371574100928,0.010118044,2484.1741903178813,2255.872765402451,24.644157407203267,0.15279167666369564,0
-1.5932424,0.11728719547563805,0.010739154,2138.7994906085332,2142.592015544177,24.360850259769144,0.16496310163161984,0
-1.4663293,0.07623984918793504,0.010398243,1661.73587834019,1864.09087023037,22.041373719380115,0.1875619384252948,0
-1.4676131,0.0587954067575406,0.011359069,1196.8445251053977,1443.5112624432916,22.032947806640696,0.21981883509884556,0
-1.9247851,0.12264469438805105,0.0100849485,2276.912883607985,2237.7028855193594,24.50926541596017,0.15594384955141646,0
-1.4736297,0.05785509715777262,0.0103783775,1493.6482351141597,1901.2281648733076,22.275489159712574,0.16285554445979597,0
-1.8367742,0.11546548723897912,0.010408432,2234.701216061159,2280.968943833186,25.18207607130395,0.15723733873628665,0
-1.3996823,0.1079996555974478,0.010857235,1949.0704976788963,1913.5188013296604,22.274644447717158,0.1964655087605249,0
-1.3800291,0.08372607308584687,0.010424945,1691.5838341924602,1801.186658547362,21.245031972015763,0.19769132282786187,0
-1.4487182,0.08362637761020882,0.011209645,1711.2600068078348,1853.9550444884671,22.499558552969955,0.203255468811781,0
-1.2509499,0.052457946635730855,0.010600902,1354.556311451305,1805.5971415449235,22.649133538211554,0.16543757150479788,0
-1.8264606,0.16474677349187936,0.010323809,2724.3270864657043,2291.4834571382003,24.452814995102077,0.1480561870494727,0
-1.4707488,0.0811600474912993,0.0104184225,1642.2212150063594,1751.749338300641,21.493158703426463,0.19630880783447746,0
-1.3198826,0.08732077472447795,0.010542916,1728.5049703519337,1819.8630056551467,21.118211572552998,0.20121306945864328,0
-1.7676595,0.17281417669663574,0.01037369,2526.9130438468287,2052.8448038787137,23.39330940278517,0.16916110898881206,0
-1.274333,0.09010771642981438,0.0102453595,1691.4140123283576,1787.3314415683965,20.91673894336781,0.20379299771030546,0
-1.5331047,0.14897562898781902,0.010847085,2434.6412402482633,2258.1445980916956,23.981802323025615,0.1678858780501605,0
-1.3910186,0.09942471178944315,0.010416343,2008.4313683436026,2076.1094045250766,22.188875718650415,0.18283704553786476,0
-1.2500055,0.0750049847737819,0.010212464,1523.0836451176426,1688.9527272280634,21.495756516138368,0.1970155679378398,0
-1.5492469,0.10473009715777262,0.011349607,2114.771533767152,2228.14744733982,25.072666039462327,0.1767565185309923,0
-1.3288224,0.04907849659222738,0.010223216,1285.5224170640372,1751.2869684491793,22.797597733943714,0.15968918292653067,0
-1.2500253,0.13677199644721577,0.0109216,2150.2682376922176,1987.5406559473402,21.568694682001528,0.19913534662230026,0
-1.3733076,0.07158588312064965,0.010686295,1626.4968023051126,1820.977463128835,21.70911281468042,0.18823728663702322,0
-1.4185307,0.13684563515081208,0.01105082,2136.266322559434,2048.372091264393,22.299652424965547,0.18622120986783963,0
-1.9895995,0.07964309019721577,0.010436217,2104.606079718816,2262.3421738155093,25.385230778098535,0.13516915769362295,0
-1.5854564,0.12507250580046403,0.010523843,2418.2940446807124,2326.1608913384553,24.074876930948083,0.153354865660448,0
-1.3493785,0.07836177675464037,0.010419527,1584.137057296882,1714.6285118497674,21.367183032573656,0.1915006743795112,0
-1.6207325,0.11467472085266821,0.010585956,2183.519990286815,2228.2641155522933,24.87503430885176,0.16380716638033135,0
-1.3381748,0.06322619090777262,0.01012112,1324.1978962351293,1677.8714934246536,22.570752891926183,0.1696370658631932,0
-1.8319982,0.09451810832366589,0.010350664,2087.9386623698533,2260.548882670236,24.194020064364793,0.15565950254320665,0
-1.4068652,0.05669613725348028,0.010420153,1462.4626406886887,1871.1583911348782,22.685580228023078,0.16473445779045956,0
-1.6253328,0.10641245830916474,0.011288827,2086.0343028139787,2207.8537987892673,25.280809730586068,0.1757580530174244,0
-1.2987316,0.10817525558294663,0.010778369,1916.8583904535737,1863.5023824551376,21.86374512068499,0.20340814287613626,0
-1.545885,0.11293005002900232,0.010513576,2091.4019983250046,2167.0526945840325,24.417538816312767,0.16481720887659276,0
-1.348968,0.08188057388341068,0.010466091,1661.8077274880075,1790.8978873195892,21.469778643531548,0.19845195507606103,0
-1.7198855,0.11751830771461717,0.010392036,2163.290087094536,2187.748886900757,24.377692163576107,0.16948638088059176,0
-1.2318974,0.13099079176334108,0.01121877,2084.986391032832,1977.3345178615268,21.575595874530105,0.19597178504754428,0
-1.6089864,0.10934781032482599,0.011283123,2175.9862019197944,2248.2609533346513,25.34275266081689,0.1701826399306574,0
-1.432265,0.0634697650812065,0.010145612,1415.0839436646083,1632.5273123587467,21.330307855702983,0.18837818561935027,0
-1.4458933,0.07807628516531323,0.01015029,1554.173862090417,1688.3379630782304,21.122474430447017,0.19886380884220178,0
-1.3315436,0.11451271570475638,0.010981064,1953.407117735426,1902.640373968624,21.776437986443064,0.19220577083465537,0
-1.2818041,0.07080417995939675,0.010641156,1488.4231512099616,1673.4368827056107,21.130395754576398,0.2005948572653108,0
-1.4195684,0.0785169844837587,0.010169386,1600.070999278056,1747.050032188826,21.290307509181442,0.19441412952464412,0
-1.6103058,0.141090623187355,0.010751974,2327.027931936228,2190.0790788868962,24.065088138609667,0.1670773442342507,0
-1.6385918,0.15591466067285384,0.01101533,2461.5804636564026,2260.4094694563264,24.47661608130053,0.16280572175865174,0
-1.3779268,0.15924879459106728,0.011245146,2377.303788373019,1999.4069580334822,22.63750847121201,0.2040508464893365,0
-1.5394077,0.11384883446925755,0.010677913,2112.247653445099,2137.930883357456,24.31988731238462,0.16538372243515828,0
-1.2573608,0.07955472375290024,0.011387354,1628.6956610533614,1778.0884604735938,21.125249075877473,0.21643902778927673,0
-1.9829997,0.1496270482888631,0.010198121,2594.071038694578,2241.031050044966,24.08982516613216,0.1518084486707997,0
-1.872661,0.1198192339762181,0.0101255495,2256.268141957154,2278.7862417736537,24.54841040391762,0.15903441417440803,0
-1.3982413,0.08405234918793504,0.010677169,1698.1230622226872,1820.9078225630979,21.747469920429307,0.2019427714326351,0
-1.5912752,0.15414846468967516,0.010941504,2501.342271932826,2251.68962073509,24.229320037217185,0.16616585986126184,0
-1.1787853,0.06048343242459397,0.010154461,1441.0880187577677,1794.5825954860356,21.91271719539409,0.1710542271439959,0
-1.4706537,0.07645056917053364,0.011270846,1635.9909562752873,1809.5822020107362,23.100234284253823,0.19682952571458756,0
-1.9911206,0.10991086318155452,0.010103078,2064.218530298942,2134.6504327278594,24.85188000023791,0.15675955037369113,0
-1.5459406,0.16304175427784223,0.010390244,2290.0453270289017,1869.6993565722862,22.35784989426541,0.19366077819855942,0
-1.3561709,0.08000901790893271,0.0107148355,1601.57868086714,1744.1453455698324,21.255790452599847,0.20638054588828222,0
-1.358514,0.05393638522331787,0.010378397,1321.276539281917,1753.586554475725,22.47528362927895,0.16717134131814734,0
-1.4971308,0.1261578270011601,0.011353756,2340.3954455287635,2262.27592009518,24.73682118741019,0.17917969223741348,0
-1.5951419,0.1108375779437355,0.011259012,2130.7296416702197,2219.8850570028203,24.847367595551862,0.17622146969615735,0
-1.2636832,0.08843328560034802,0.01058013,1726.9667263312765,1818.0508404063553,21.324483494414785,0.2002311656673262,0
-1.427456,0.05010150812064965,0.010189805,1298.7617335616762,1777.502563879924,22.42376382766133,0.16107412095063492,0
-1.6092322,0.3429309110353828,0.01054154,3619.685171319054,2122.311633626075,24.05799472762957,0.0890594766925255,0
-1.483535,0.19584043285962877,0.0101140635,2767.467468116964,2205.739180138676,22.084602944342873,0.16745082048084958,0
-1.9539642,0.12386369815835267,0.01015052,2296.584970418996,2267.929951604929,24.862269733085373,0.15690449447446406,0
-1.6869427,0.15439657047563804,0.010293592,2302.017362680813,1978.8200852173586,22.42614892320714,0.1882778393530186,0
-1.5502076,0.13676973064095127,0.011094188,2149.3222248888446,1865.360005400707,22.39518015133714,0.20868421116767974,0
-1.801285,0.10623799122679814,0.010420483,2249.996218929583,2310.087327512198,24.131270142945198,0.1534891979987415,0
-1.5905728,0.1624322523926914,0.0110406345,2649.123404973363,2348.4114064256682,23.9748982511072,0.15808352635094772,0
-1.4226828,0.07677004785382831,0.010442176,1637.5324394577515,1830.1912963422492,21.91393559746274,0.18969279853091361,0
-1.3178972,0.07750870069605569,0.0104176905,1613.4340420116546,1756.8222874116138,21.38396631316665,0.19704260736994536,0
-1.0131941,0.10988140770011601,0.010940071,2031.4410715616166,1967.0118744423366,22.705704653832754,0.17143287093278628,0
-1.6128211,0.2021461716937355,0.010246078,2597.168529859123,1941.0562011665027,22.184659655873038,0.1795944505083473,0
-1.5982548,0.1424682333961717,0.010864809,2366.4487783874133,2230.0804025251437,23.997572558280947,0.16614492283711504,0
-1.5609415,0.10124868583236658,0.011301504,2017.9748339333885,2152.780576994154,24.98095043489615,0.1781959833219486,0
-1.4338752,0.07117917089617169,0.010245706,1490.2541040450587,1661.8092534279942,21.436521359535384,0.1948495879639355,0
-1.4127165,0.08832792560904873,0.0104509005,1717.0544339684182,1806.530221084982,21.265145291451592,0.20268918472294148,0
-1.4234078,0.06495160237819025,0.01144526,1496.5480649798726,1769.6075332421283,22.489502456884555,0.1991976221972621,0
-1.2991977,0.09045551769141531,0.010622924,1731.912941830365,1815.8545004502612,21.330639418015604,0.20333450042613213,0
-1.9923725,0.15221573194605567,0.010088186,2618.126454420105,2241.2545939816796,24.415438630484825,0.14601280521847873,0
-1.3744035,0.05124120867169374,0.010261994,1222.1701019816014,1648.8482967302361,22.377289751043033,0.16501145742614634,0
-1.5337337,0.10953700514791183,0.011194086,2154.2932003290903,2239.794175604899,24.995792797207976,0.17023802739897165,0
-1.5316073,0.27924362855278423,0.011280866,3375.4234592133744,2199.2675397802054,23.671666040705247,0.12634974758529952,0
-1.4229311,0.2111459541763341,0.011282425,3097.117244097133,2426.81770077075,23.215602853068823,0.14893082115232834,0
-1.3326896,0.0787005147911833,0.010624622,1599.4011348061983,1750.2399091229663,21.27535668247813,0.20364965234916907,0
-1.8346546,0.11403689638921113,0.010048412,2272.5287698582115,2346.9678924571685,23.989790467350385,0.15716946641080518,0
-1.7408963,0.148414841937355,0.010356871,2583.77860514908,2242.4908128724046,24.550463993092965,0.15219714968221407,0
-1.4477412,0.09316882069315545,0.010473422,1694.2180145331658,1740.905140572463,21.614057797947073,0.20825583757747593,0
-1.5515103,0.10355414370649652,0.011256387,2007.1426435216674,2132.7273709353035,25.082713816650916,0.17595111595059218,0
-1.2374977,0.12888925645301624,0.010150215,2322.6140887346137,2219.2642502310177,22.266254333503905,0.16862153811263333,0
-1.3549389,0.08340772730568445,0.011359325,1686.7943375632058,1798.257132470416,21.82490661569688,0.21018363853472152,0
-1.379057,0.08838457076566125,0.010430167,1716.4770840965532,1805.6710452597508,21.15252214415941,0.20264496761924863,0
-1.2229913,0.12521751740139211,0.010445964,2292.037792417724,2210.695380995878,22.155129684574394,0.1738381448412011,0
-1.2149515,0.09800518416473318,0.0107884295,1795.1310103714184,1957.056714512748,22.2149874043811,0.17332881888251886,0
-1.3480821,0.07997389791183294,0.011282966,1602.9384899816584,1734.6020964185839,21.335812003640974,0.21325863153673164,0
-1.2865175,0.06949114522911833,0.0112770945,1489.3122459711667,1680.4473547406528,21.500383589250156,0.2101150306838576,0
-1.3491924,0.06300527479698376,0.010360524,1380.2145394759402,1611.4549918389844,21.04136027071133,0.1945791327656314,0
-1.409897,0.19690536180394433,0.0100912,2648.716817070652,2110.6490173589523,21.46821698126963,0.1799988601978485,0
-2.2947135,0.1302079556989559,0.00936727,2016.6698607336725,1709.7452618956777,22.744363889703177,0.16649480920656093,0
-1.5074502,0.041261464979698376,0.010410693,1122.6270922354481,1624.299198166061,22.26962142917668,0.16022598003199068,0
-1.3767562,0.08192249129930394,0.010652589,1680.8654287771517,1853.8663669347973,22.500330498931355,0.19024108159093955,0
-1.575389,0.1502297527552204,0.01086969,2574.7448118293732,2343.42318807237,23.921598155135662,0.15470876441592038,0
-1.551164,0.10368442756670533,0.011260554,2015.114732406168,2157.3065889266195,24.650284304552795,0.18055696416810943,0
-1.298109,0.05328270011600928,0.011299034,1312.8985698596487,1753.0137328322364,22.30541314251058,0.17765523562489485,0
-1.3099803,0.12734624238689096,0.011294531,2144.117397549955,1956.830692335329,22.49951784778391,0.2015740679156833,0
-1.5422989,0.09806975964327146,0.011269963,2002.6919477490105,2144.296460638726,25.059883524734143,0.172158071695238,0
-1.2408609,0.12155484157482599,0.010964442,1929.1167122788659,1883.7810270211887,21.53230970591485,0.2023908630147628,0
-1.256741,0.13983310071055685,0.01113925,2128.3853729695943,1995.2985382259146,21.779337090532433,0.1972303401523384,0
-1.360104,0.08687667669663574,0.010845129,1623.8064909338418,1826.5672254892197,21.808849798942227,0.16227976210970899,0
-1.3079332,0.11149013014791183,0.010934418,1900.367712702297,2027.6031731618164,22.546648029117165,0.17206477021253916,0
-1.1285083,0.11667769359048724,0.010626227,1916.9118481852222,1967.8560353487296,22.95862988062384,0.16521266025179487,0
-1.287732,0.07947428763051044,0.01093314,1590.2362989798446,1735.3048722964643,21.356410797960912,0.20888470159226444,0
-1.4961874,0.1313816433439675,0.009911655,2135.3259790404877,1859.0808174528242,22.794505706874418,0.17074825194946897,0
-1.3978354,0.08543902262180975,0.010466018,1699.2404950615364,1806.7862577579695,21.350198000803537,0.1988606912983154,0
-1.3771045,0.11465319569315545,0.011294212,2144.505433029904,1972.3292225002897,23.0462263179442,0.18869921063535108,0
-1.1914371,0.11729399289443156,0.010771629,2277.350349909573,2226.035815469104,22.002482232983873,0.17541795237941293,0
-1.7883675,0.12228669699825986,0.010340157,2240.2575388055343,2249.73588815975,24.834043533781163,0.16097453361430789,0
-1.3391886,0.07988666437064965,0.010180219,1554.4361779574922,1821.17780332213,22.65079252583784,0.18164886777535152,0
-1.5867894,0.10129626776392112,0.011301473,2116.6876540387557,2212.7209923308124,25.609278537007892,0.16837707433466578,0
-1.5372524,0.21468401065835266,0.010755135,2625.068920690942,1882.2990556844363,22.126474650303724,0.17893542946411334,0
-1.3953161,0.11422155959976799,0.010161984,1841.9197191346225,1734.8188882153781,21.726706972802504,0.19675543167906973,0
-1.2932359,0.16657641205046403,0.011003554,2389.8906128729072,2092.6912968830447,21.78938374256297,0.19935420236218562,0
-1.3629755,0.08475928074245939,0.011370672,1728.0249512447908,1863.5119874624463,22.577914205633316,0.20399002816799708,0
-1.7492003,0.11635594910092807,0.010407426,2170.4414067303874,2216.9409928395867,24.466724360902585,0.16727374370528017,0
-1.6707265,0.11901713855858469,0.0097569795,1889.8387248532104,1778.222298006559,21.74182286087126,0.17746270233018624,0
-1.5654886,0.1122242513776102,0.010585675,2098.7250765370386,2153.522367506736,24.29946974200845,0.1694006122142642,0
-1.4065619,0.06955458780452436,0.011279016,1472.1187464466725,1647.4531577010505,21.717932067972356,0.2110967250365687,0
-1.6974142,0.19056790168213458,0.010371879,2567.0918035000295,2055.0617629159306,21.853645050945765,0.1905263064733019,0
-1.1849973,0.10079099296693736,0.010918009,1781.1344077584904,1952.770990574308,22.59183288862941,0.16880993017583787,0
-1.4466686,0.21021810651102088,0.01047939,2694.3330333429612,2015.6621543481758,21.752856108815344,0.17608998264198947,0
-1.5713917,0.22028281793793503,0.010517816,2726.4854609060653,1971.0288649060274,21.827506035888966,0.17019675183304475,0
-1.3535925,0.09007599514211137,0.010163529,1734.78739293668,1806.6765243506206,21.23584406865256,0.1940170461307319,0
-1.767728,0.14822338130800464,0.01033125,2229.0787906530263,1879.290571324912,22.64937004433972,0.18862627446245686,0
-1.4796133,0.03213593024941996,0.01032073,965.3475373597702,1470.348349472793,21.791773016988994,0.15112584059544,0
-1.6420422,0.1172928599912993,0.010812647,2419.3012534398636,2295.3355986409297,24.363538401187704,0.14321632459480865,0
-1.4154668,0.05784150232018562,0.010161692,1398.7331071360838,1829.3634056556875,22.06801792792306,0.16915105525067453,0
-1.603905,0.11203392365139211,0.010564233,2066.2961841067686,2117.6075702657326,24.28451877330781,0.16605422265986378,0
-1.797545,0.16131067829176335,0.010174088,2351.7816204817127,2012.1965775520102,21.934506684369175,0.1950611123118585,0
-1.4659218,0.07555784150232019,0.010430455,1557.458152700913,1720.9019215251421,21.653611935666667,0.19740775121243329,0
-1.3595505,0.07646416400812064,0.01059169,1625.1576914507273,1768.9003478075406,21.278991483359487,0.19439729321380264,0
-2.0105183,0.1150440472737819,0.0100818435,2215.679444885713,2243.700750256435,24.916661332511175,0.15564511626676927,0
-1.1804559,0.11356787449245939,0.0111168735,1896.1624879141027,1978.3044269925676,23.3428248620395,0.16072494142268964,0
-1.6176503,0.10134724840487239,0.01123653,2021.1576626143124,2133.779516792487,25.1429148383127,0.1735953196632617,0
-1.1969936,0.11295723970417633,0.010804183,1867.4434151103037,1946.9668144549084,22.096914689654902,0.1782973831090975,0
-1.8207655,0.121577499637471,0.010363389,2336.873805276009,2339.0887664564307,25.145796019529648,0.15457360175213367,0
-1.4845908,0.18478896280452436,0.011128255,2633.0843930245865,2024.987056183202,23.416539656933082,0.17997390037592187,0
-1.592865,0.10250734121229699,0.011348213,2210.051415684705,2300.435968244409,24.501365057805838,0.1677561132444995,0
-1.4267612,0.10434830880220418,0.010982299,1801.9653396582146,1744.0553220920563,21.46344165132727,0.2133418034486011,0
-1.3866658,0.08764365211716937,0.010421271,1692.4917348460306,1796.7816335570658,21.165112294847656,0.2015231844962436,0
-1.2450113,0.07036461354408352,0.010474133,1483.0100245253166,1829.5732415552789,22.332274729263247,0.17940418332769525,0
-1.8179315,0.11011931735788863,0.010386217,2197.469460775458,2232.4157052355085,25.233634784305725,0.15557236155934226,0
-1.823988,0.12678205662703015,0.010368113,2381.6335501729686,2239.7581446087956,24.981277663534815,0.15626430021480592,0
-1.5689011,0.15357408280162413,0.011283711,2700.15883714331,2318.14117247234,25.044345225525042,0.15371192203419085,0
-1.3808309,0.20911012724767983,0.010858883,2813.145536493708,2241.511553303331,21.829821969179743,0.17847836157700167,0
-1.5900997,0.1206167977813225,0.010564865,2238.9855740174175,2239.8581204677457,24.49782161467477,0.16448081446399557,0
-1.2911822,0.09018701964907193,0.010767755,1751.6589708386725,1848.7323350680037,21.26059145837777,0.20584401640674146,0
-1.5452923,0.10164180321925755,0.011354317,2074.859933601259,2177.568228752587,25.232100143818716,0.17041198853656514,0
-1.8955945,0.11646584070475638,0.010075291,2288.1158759596838,2286.8165009558966,24.71337538719901,0.15135882562461878,0
-1.5264434,0.12022707910382831,0.010475953,2198.0431473749522,2242.123039501447,24.39497065532982,0.1677948171464411,0
-1.3477511,0.07157115537993039,0.010407875,1509.7045451030497,1789.559076229845,22.879959310904358,0.18233993742818558,0
-1.3252543,0.08043385658352668,0.010669463,1684.5856940018505,1820.0375828055317,21.36833929224993,0.19693261321129082,0
-1.5691252,0.1741283443300464,0.010797266,2724.987543143636,2274.384314844908,24.01759770713632,0.15716687422933745,0
-1.5576818,0.09749990936774942,0.011273683,2149.905805209356,2278.6136913500495,24.355067700997868,0.1675679185122374,0
-1.3909335,0.07932474441705337,0.01042276,1559.4467050340277,1673.8549848737566,21.61119032963588,0.2003804686699279,0
-1.5951934,0.20809391313805103,0.010902494,2759.7741649740638,1992.9377143419463,23.778742688583097,0.151663198806101,0
-1.374939,0.10571345707656613,0.0107979085,1835.3847092667602,1840.4780435892715,21.80072398951273,0.1960347503247851,0
-1.5584892,0.11853452182424594,0.010697052,2201.566860314711,2213.907362277337,24.31304194457096,0.16889029669765052,0
-1.2945634,0.12229349441705337,0.010969569,1958.9765480100923,1926.2647415008373,21.745681660966316,0.1983729263281323,0
-1.3459088,0.07816238580336426,0.0106769595,1697.9547166881703,1895.4366257505826,22.15059560371905,0.1899520571474803,0
-1.4233776,0.09747725130510441,0.010634085,1792.0934150105863,1848.6516653718327,21.580317354401124,0.20557680114492194,0
-1.3064778,0.08282881380510441,0.010801043,1683.5162040924315,1833.029184660662,21.635985476939076,0.20077367616515338,0
-1.3020234,0.08849559527262181,0.0104196,1705.5477479027068,1796.3444863178167,21.087466858701898,0.2040166646299635,0
-1.5481677,0.16111581895301624,0.010939485,2557.191209355955,2293.6828704736436,24.13221539925345,0.16311249138955927,0
-1.5983499,0.11421816089037123,0.010389857,2158.901633057223,2219.2950107470756,24.720620680767734,0.16251462729584443,0
-1.5673344,0.11461467698665893,0.0112940045,2236.611106426488,2284.6502473474543,25.16399151466712,0.17020660277769503,0
-1.4069103,0.12006960556844548,0.010422038,2163.566314012837,2086.0005618579357,22.533347593177695,0.18638549534689722,0
-1.7610421,0.11633329103828306,0.010391976,2158.3276520217196,2199.079168771108,24.635486527639355,0.16512836226408495,0
-1.8355999,0.16754277842227377,0.0103711,2304.281299396433,1819.130592391395,22.346323072704916,0.19512592687877695,0
-1.2496862,0.0682721414588167,0.010454226,1439.690241672453,1629.5906127457317,20.97911015818733,0.19895231667569324,0
-1.5758011,0.1226458272911833,0.010623136,2264.730435512599,2256.7658144281436,24.49173612799472,0.16838823277339024,0
-1.6056681,0.09856030669953596,0.010576915,2300.5162894413256,2366.8932097559655,24.457838400413745,0.14153553950236067,0
-1.5320065,0.09499279473607888,0.010459641,1820.0899883469392,1884.4878317729144,22.49339934895084,0.19489639578906556,0
-1.4000618,0.11767464834686775,0.010983575,1893.7299957397656,1889.6636627752944,22.117186060637323,0.19801651315400634,0
-1.5635171,0.12258011890951276,0.010495828,2276.887941465698,2253.863955031304,24.441405722649048,0.1612981133424674,0
-1.4496863,0.1613186086136891,0.010902593,2328.132661521478,2027.9036955584404,22.28385379538717,0.19812899954080132,0
-1.5952861,0.14086177675464037,0.010794602,2415.0757035543475,2248.278405017494,24.452419928048844,0.15819189244504028,0
-1.395671,0.08159848100348027,0.0112624,1715.1196021525952,1856.7393269721217,22.419588974961076,0.20155609568328134,0
-1.5569657,0.0892818300464037,0.010183797,1768.234452975562,1872.6798171494286,22.115990299401865,0.18845729609276954,0
-1.8092649,0.11341833127900232,0.01036263,2142.976169747002,2180.4486567991125,24.669603947449357,0.1612711303347137,0
-1.3117051,0.11145501015081206,0.010639107,2081.3862032951843,2075.472083622451,22.306603523911413,0.19014841253839995,0
-2.0629308,0.11521624854988399,0.010178405,2389.106411196567,2392.364944777343,24.609353085706896,0.1433858334358641,0
-1.4051468,0.07205603792053364,0.0104609905,1448.9184994306952,1609.3249041359427,21.17450680791959,0.2074405088812377,0
-1.3734064,0.07826547998839907,0.010379964,1588.1677103128193,1736.7126420739298,20.975492496819147,0.20033815298051008,0
-1.5299337,0.07137742894431555,0.0102558825,1577.5431304127455,1809.6244558773988,22.046815517142807,0.1842939451144988,0
-1.5232465,0.18295932424593966,0.010961068,2523.46344131458,2083.6757842331995,22.642064194710713,0.18760178147534412,0
-1.363326,0.07236532047563805,0.010531096,1475.2650213325253,1641.7629546545716,21.564707500878335,0.20459571667687262,0
-1.3856845,0.05328836463167053,0.010694729,1353.672295539901,1795.4156260766965,23.05497311475918,0.16035343260742388,0
-1.5059401,0.08518072070765662,0.01004455,1821.5763110766136,1973.3913622455188,22.169515878584054,0.17743571277975104,0
-1.5811456,0.15299856801044084,0.010844996,2442.9366958499045,2238.2879194175957,24.09709118992622,0.16444810235172735,0
-1.4591968,0.10146733613689095,0.010166794,1834.23875464303,1838.395948839818,21.33484015684791,0.20038007531196322,0
-1.3986429,0.1253342064240139,0.011004523,2019.4489704453297,1956.2968985071009,21.973385740574866,0.19460108686488942,0
-1.3322512,0.1261487637761021,0.011051667,1945.7073235135424,1912.1044681966976,21.836229099386077,0.2003305511398639,0
-1.3264763,0.09673066814095127,0.010744177,1951.7595714782608,2035.945970447608,22.09432405742472,0.19035236213583814,0
-1.2102456,0.06935293104698376,0.011328927,1468.958294746997,1663.1949762570646,21.716385547853907,0.2079656996921473,0
-1.3071309,0.09479340378480279,0.011256464,1742.509456781692,1767.1157194611303,21.942415988653213,0.21019419333950795,0
-1.5318714,0.13402244054524362,0.010745319,2389.770238660509,2276.863580874315,24.582238643729244,0.16671542450852975,0
-1.3825947,0.07651627755220418,0.010475678,1599.9006222058845,1751.04897943699,21.096956205342853,0.1952018298399906,0
-1.5879331,0.11473136600928074,0.010697637,2222.212535638374,2262.4086054495324,24.778340691985818,0.1651865594629995,0
-1.8830601,0.09714531068735499,0.010370819,1975.6558253529374,2136.065352267276,25.109919099451506,0.15497277284218777,0
-1.4141179,0.03826153748549884,0.010124254,1048.1757717998337,1531.391419264632,21.418410585047802,0.16120728036193505,0
-1.4938967,0.12920986803944315,0.009945434,2129.379731549547,1861.7205794486208,22.838595108165354,0.1711538831955239,0
-1.8376708,0.12501925935324826,0.010368071,2378.2024193882917,2225.8087665083117,25.075909756976614,0.15567575621139526,0
-1.9194461,0.12136451384860789,0.01010246,2176.2946084251303,2173.451208411671,24.5628809207174,0.1603732250052444,0
-1.6955299,0.16368071164443154,0.010369789,2667.6296192672767,2365.4349241947657,23.949484866573105,0.15838290947742384,0
-2.0611458,0.14705195946925753,0.010101648,2600.670608801025,2303.131633534255,24.286176998451463,0.14721774040674948,0
-1.3303049,0.08751110245069606,0.010161057,1725.286211068977,1814.8910534048123,21.188061932691276,0.19584307855400993,0
-1.3658319,0.08195874419953596,0.01025387,1635.7443138167932,1754.5199883583684,21.28641468950045,0.19838100347638235,0
-1.4997603,0.08079525268271462,0.010839408,1694.924109421328,1812.9876358579013,22.204469495199678,0.19058258059227906,0
-1.2226726,0.1134715777262181,0.010815462,1837.46659477142,1821.2829265439602,21.75539404604752,0.20148692474879126,0
-1.627643,0.11327558548433875,0.010732816,2147.2228779252378,2185.7584378490465,24.774531887063706,0.1607313356429663,0
-1.9218838,0.11572265625,0.010115653,2200.13553030463,2207.510872931703,24.846826507617923,0.1524341195468039,0
-1.8020892,0.12446980133410673,0.010384932,2395.031208947938,2354.348218134847,23.964035729237448,0.1583282598411655,0
-1.4033971,0.14907419156032484,0.010454347,2309.2709010679164,2032.69390018769,21.924285695225745,0.19305472747878505,0
-1.2047625,0.11678531938805105,0.010994971,1977.8410609640175,2064.9405618909573,22.152379903682345,0.1727616684015957,0
-1.5329418,0.11904319533062645,0.011335928,2197.7464139045705,2199.632104498247,24.669609764997734,0.17685928624421723,0
-1.7847338,0.1039053436774942,0.010379061,2223.0733984966846,2301.0056430517834,23.98931073151324,0.15546812611270167,0
-1.520256,0.040595317937935034,0.010027348,1115.3504504272107,1573.8186032192261,22.036623837842825,0.15043324661637222,0
-1.5886632,0.1143631724912993,0.010675424,2093.6134222371516,2139.598953537119,24.42119440971268,0.1718813227650634,0
-1.0857527,0.12046159005220418,0.011039586,1977.9356958347084,2032.9383639359503,22.71075130011934,0.16969564095670342,0
-1.2848536,0.08379971178944315,0.010167344,1631.8935929138538,1758.582974430999,21.193521423001012,0.2001817524927014,0
-1.2770036,0.11362791835846868,0.0101258615,2213.3495897074727,2204.319655447547,21.66861588320335,0.1697521272220812,0
-2.0279942,0.11637974006670533,0.010168123,2231.982027876081,2266.0290799299682,24.851174371389163,0.16181070000674042,0
-1.8954717,0.12975139573665892,0.010086118,2513.3526145215174,2400.403776604254,24.208884415010044,0.1460921726349483,0
-1.1708827,0.14854852450696054,0.011135044,2194.5890545749144,1981.6209210276177,22.1927525290279,0.2011538803689973,0
-1.7750316,0.12211109701276102,0.010359451,2202.8446056818716,2197.542753495139,24.813678079930753,0.163398538565772,0
-1.5181288,0.1097828451276102,0.0113106975,2135.7694729578966,2231.253616192771,24.79026462413927,0.17910713568976008,0
-1.1914448,0.06784616988109049,0.011377767,1428.7923299248644,1814.0530851375634,22.730143974211945,0.18236254914513084,0
-1.541256,0.12239432279582367,0.011013872,2038.6250336167361,1982.5079380063066,22.739184546845006,0.17888960713178673,0
-1.5280243,0.13459455662703015,0.010553589,2431.53842379466,2314.9469937018125,23.25767486215978,0.16818907771179356,0
-1.9882345,0.11281336100638051,0.010097597,2163.1358577142505,2236.875673671425,24.891430375287083,0.16214440686629056,0
-1.5428286,0.12478814711426914,0.011201582,2321.7854169517886,2248.5012013924566,24.32804789842129,0.1787259549219041,0
-1.3140466,0.07098997607308585,0.010667029,1617.5662323855167,1874.143001758126,22.605736342623043,0.17926859854235433,0
-1.1389897,0.08325025377030162,0.010452483,1688.0143912412125,1808.6396584266313,21.47347142191267,0.1981415142741448,0
-1.3202177,0.07679723752900232,0.011337297,1581.7664875930338,1729.436579844091,21.615063603063863,0.2146796974664349,0
-1.2744462,0.08012117531902552,0.011300529,1626.9491813675459,1775.5424672125416,21.388629205280154,0.21280915039608672,0
-1.3853923,0.06597121519721577,0.01039784,1413.1329071667476,1615.8969473537472,21.309898541162433,0.19301891414508895,0
-1.3524638,0.06907876848897912,0.011284662,1462.283188895418,1628.9431768738198,21.51610027169492,0.21016157709419955,0
-1.3393327,0.1226458272911833,0.011027461,2083.497913444174,2091.8576472810355,22.745831341398294,0.16952669038279736,0
-1.4997156,0.08610063805104408,0.010171996,1694.9754112965645,1794.8891045916494,21.334763380898266,0.19673781683445624,0
-1.5381457,0.07385961970707657,0.00997044,1441.870830524884,1578.9985354659304,21.142311306905153,0.2008479075590568,0
-1.7675219,0.10501558874709976,0.010406886,1995.3102489410753,2139.7214586122172,24.762221505213116,0.16790661843843524,0
-1.3943442,0.09443767220127611,0.010502273,1897.7830046299205,1905.136021532665,22.461309867549094,0.1761870607939812,0
-1.3451892,0.048837188225058004,0.010372667,1271.170069685771,1745.242789795987,22.459576590957663,0.1635111270100927,0
-1.8796477,0.19410822397041763,0.010127902,2525.902996497557,1905.7021944826747,22.22893988036677,0.18258003642812728,0
-1.5455036,0.09031390479988399,0.010261983,1742.8072935038904,1813.1967397530634,21.55852635757439,0.19721282504958226,0
-1.3507276,0.19328347049013922,0.011192676,2748.958241687053,2170.7324772223087,22.440776859173166,0.18213161944502534,0
-1.5086825,0.16217395047853828,0.010904267,2496.4776181339653,2230.151924306892,23.984643595425634,0.16271400972853026,0
-1.4788883,0.07165045859918794,0.010374605,1617.906169807103,1839.1585606983388,21.975520401397848,0.183939934672861,0
-1.2339033,0.11242817394141531,0.010198689,2164.5692899537157,2193.3072680564433,22.013049949216217,0.16966836230125523,0
-1.4760542,0.19946912159222738,0.010750301,3026.1636046287117,2467.7976535894386,23.932051608322006,0.1376876917692074,0
-1.3005185,0.06647762289733179,0.011316075,1441.1205156995197,1648.012758799101,21.586203745424605,0.20865092591135315,0
-1.3831246,0.07538677312935035,0.010607514,1655.570175867099,1849.5874404978124,22.162474770533265,0.18754269317114738,0
-1.3799697,0.23056391386310904,0.010535116,2944.1160968540794,2081.0200171527085,22.42629125536351,0.14736474089204324,0
-1.2937737,0.0664980151537123,0.010595826,1430.904310552181,1648.5171090360172,21.42382337164086,0.1981101895381109,0
-1.3445575,0.07946862311484919,0.01065674,1651.967333430959,1805.7885382180255,21.57262160999749,0.20062831262005756,0
-1.931129,0.18667184781032484,0.010197445,2587.9278517746543,1946.0867400493423,22.77050088389647,0.16480469304096276,0
-1.598287,0.14983890117459397,0.01086682,2370.5313038952,2197.3943724779942,24.18021384097187,0.16394338359994923,0
-1.2935022,0.07984587985788863,0.01024594,1623.6302755864995,1765.9945229378109,21.19507247648841,0.19861262219168688,0
-2.1226125,0.22079375725058004,0.0101969205,2730.968461996848,1967.7575743445623,22.08843860255016,0.17170739195247306,0
-1.5087343,0.08669088058294663,0.010192648,1709.7138845678128,1803.8292379129668,21.57853444852185,0.19561073543735782,0
-1.7266695,0.1394717046113689,0.009695198,1968.2825043883463,1698.9874670398933,21.978384513655254,0.1878093697830091,0
-1.8687525,0.12318848789153132,0.010087719,2260.8827538631713,2250.6014700564574,24.62536418456941,0.16362347185666432,0
-1.3790185,0.0843990175464037,0.010748883,1745.4334569052521,1895.1530800557102,22.468839775507995,0.1890653189661156,0
-1.316713,0.057741806844547564,0.010163335,1369.9240508381836,1778.503592648278,21.897810539878403,0.1717821651274832,0
-1.2248455,0.11418304089327146,0.010939376,1883.213750794562,1990.909135840662,22.835402006550932,0.16457466876117202,0
-1.8161759,0.14652289370649652,0.010371607,2642.9810767276786,2303.9651183087153,24.452022873405095,0.14582984565098123,0
-1.8236728,0.18665258845707658,0.010331248,2503.997694895349,1943.8623133366436,22.147516378290565,0.18600714407887362,0
-1.5206275,0.11652701747389792,0.011271735,2280.3789724133903,2328.1929687240204,24.987450375914882,0.17505202373368475,0
-1.3929348,0.07298501848897912,0.011303751,1628.250254837447,1846.1314978236398,22.269562038133206,0.19831316324886675,0
-1.3935947,0.0792023908787703,0.010205989,1857.497881658084,2101.770871320341,22.034945621203356,0.16682379486956359,0
-1.4598718,0.07205377211426914,0.010402204,1636.1404611285818,1854.5567237148364,22.087773744372978,0.18381518564124108,0
-2.0105186,0.10727799630220418,0.010126041,2346.2709424850245,2323.1983349629672,24.255227661444817,0.14410875527154698,0
-1.4248859,0.07537770990429234,0.010724722,1532.3387270755472,1678.938942355698,21.634325473710526,0.20392251309371356,0
-1.3268871,0.06349129024071926,0.011341882,1375.0893038097065,1602.475241424217,21.451038752900807,0.2111236550742264,0
-1.1847084,0.08831206496519721,0.010761518,1749.6978716447168,1931.9088804310095,22.6969437744705,0.16828584968015584,0
-1.8801638,0.10835538718097448,0.01038281,2164.553710767483,2232.656914140062,25.29849530213463,0.1552389333188355,0
-1.3616494,0.04529233432424594,0.010400958,1202.7452496682786,1688.8994060978337,22.251842693053465,0.1642770253889561,0
-1.3397102,0.07791881162993039,0.011338345,1650.5236333509629,1844.9950489804576,22.76271433362143,0.19850700928764442,0
-1.4188563,0.08010078306264501,0.011327875,1702.234426783624,1855.8128864948687,22.51738027207073,0.20041933214502905,0
-1.3088367,0.17162916002030162,0.010748326,2412.1679734760773,2006.8145711939555,22.25332687601878,0.18545293573655422,0
-1.4403807,0.060617114994199535,0.009630311,1353.1761997620656,1599.036575252872,21.569930888366176,0.16074525805518297,0
-1.56141,0.10860915748259861,0.011310376,2171.9920214263852,2259.4642163606104,25.376513908146823,0.1722721485792135,0
-1.5200441,0.15905959976798145,0.01012494,2500.1620909414814,1999.671867903814,23.047631356096076,0.15184578072879967,0
-1.3324043,0.13091715305974477,0.010345936,2099.8117403720366,1990.6213565006321,22.530693835180966,0.18544203492107225,0
-1.2522719,0.08123708490429234,0.010770927,1668.871921811775,1818.172915499304,21.343641091668292,0.19985054940646677,0
-1.14726,0.0836014537412993,0.010395625,1692.313300699074,1809.7889706127733,21.433158340679313,0.19741410860704212,0
-1.8157917,0.11038441669083526,0.010384542,2169.873824043936,2250.875347046774,24.920789053579256,0.16329282226104955,0
-1.3398826,0.04740406576276102,0.009899812,1167.0776778594839,1626.1055720432669,22.689362030424554,0.14959364790521737,0
-1.5306642,0.10996071091937355,0.011200017,2187.344946241162,2275.121774058775,25.013312274107754,0.17221685359547967,0
-1.393459,0.09202118982018562,0.010399551,1852.4808614719893,1984.6623337001838,22.261655997789067,0.18656672229063467,0
-1.5494676,0.14956020700406034,0.010880422,2449.8835130993193,2235.1530711886962,24.219769228185676,0.15999416272538994,0
-1.2281116,0.1053679216212297,0.0103961555,2097.7099403143075,2166.6452132784184,22.02162249393296,0.17141438316554605,0
-1.5516728,0.1578666527697216,0.010735904,2695.0961660418934,2278.5199676991183,23.842805722286,0.1452978405745333,0
-1.2271364,0.12221532410092807,0.010967878,2003.3210102619505,1937.2120438769168,21.44195246167968,0.2030269813902662,0
-1.6678804,0.2170970943300464,0.00942667,2743.3550616787584,1977.3063723120629,22.159739778765616,0.12089929659639904,0
-1.488807,0.21293707402842227,0.010441123,2774.476577707562,2176.0730282652476,22.15569581483268,0.17730789918659431,0
-1.1894352,0.08028771207946636,0.010245958,1623.3463917264364,1758.8485926108401,21.315137650751122,0.19691798651667436,0
-1.5762556,0.15202427131670534,0.010839615,2413.5100408535195,2210.472209891278,24.199750914605374,0.1616187397897733,0
-1.5213333,0.09818984737529002,0.0101453075,1934.934015546167,2018.1947942888078,22.170170506320623,0.18325253360302993,0
-1.4576935,0.08803450369779582,0.010228117,1721.395517349571,1812.9205725605648,21.26572683231644,0.1953737192126019,0
-1.1867094,0.057805249419953596,0.011321357,1391.4325279444515,1778.757899259801,22.647948203570163,0.18361386941494776,0
-1.4023495,0.08151804488109049,0.010443764,1712.9476674345735,1857.8575470878009,22.2019695747333,0.19088703622112646,0
-1.6331855,0.10830327363689095,0.01122631,2164.3358333600036,2251.581763663343,25.529637932574897,0.16922982147245003,0
-1.4056145,0.07923184636020882,0.010397004,1619.4505167028608,1750.5037199210324,21.169111353882947,0.19670609890979152,0
-1.3699187,0.0792986876450116,0.010616735,1625.6710455843556,1764.8993581389855,21.422189858480472,0.20044281972890143,0
-1.5584557,0.11606592589907193,0.010374978,2024.0159184800589,1886.9895115326642,21.984245821178565,0.1893895441738533,0
-1.3912553,0.13778821055684454,0.010990347,2099.363223315893,1991.0321752048983,22.008460492758957,0.1987581261000431,0
-1.4962128,0.03631067829176334,0.010348834,994.2143134878434,1471.6467451106264,21.910438473263383,0.161617376816371,0
-1.2604754,0.07875262833526682,0.0107602365,1613.0412876291007,1880.1434494743003,22.872519630894413,0.1854479938008787,0
-1.3299694,0.05064303581786543,0.011151216,1171.6043766860957,1624.9473215743305,23.93537748413093,0.16146049272312205,0
-1.2988176,0.05397490392981438,0.01068227,1324.5556850280957,1736.8892066795643,22.573462113674932,0.17235048467504935,0
-1.4234341,0.11130546693735499,0.011027385,1884.988195876525,1917.231677935685,21.727072844637036,0.18135250209977116,0
-1.3405749,0.07247861078886311,0.010603334,1489.8890900290965,1665.2861191758052,21.13261170235373,0.2010681600381805,0
-1.6569278,0.08640765479988399,0.010679849,2165.8060223969833,2337.510805725145,24.301414940549652,0.1457348134662903,0
-1.5369375,0.12375833816705337,0.010904502,2401.4212844794697,2380.927492688306,24.019781160464127,0.16244435107523922,0
-1.2326238,0.06246148129350348,0.011258122,1394.395721028996,1785.8221398179282,22.7733725102611,0.1808591014050471,0
-1.5191016,0.12590972121519722,0.010699161,2249.100413965942,2205.6678133197333,24.239020974800244,0.16893820082240799,0
-1.6095333,0.15717218314965198,0.010913553,2584.8090220174213,2331.5597505517826,23.997340552917397,0.15574855781410163,0
-1.3728193,0.1977244507685615,0.010777334,2580.48985676449,2039.7471140535638,21.896399695293837,0.18028580906311586,0
-1.4748262,0.07802983613689095,0.010176935,1663.4150519622312,1850.1467346879515,22.022476902785836,0.1839215261672376,0
-1.5466896,0.11800432315835267,0.010864305,2141.3927382827324,2170.5253207871233,24.465268068597968,0.17211151166561148,0
-2.1593077,0.268134380437935,0.010172048,3111.906072712695,2000.1362493414806,22.230537450334715,0.14019304447906383,0
-1.0892755,0.13088543177204176,0.011046033,2022.7818304989228,1967.8769436416717,21.92677482025655,0.19200099414062152,0
-1.974539,0.12163414479408352,0.010156118,2449.1683847423724,2396.499883441196,24.428283708718883,0.14457421572363685,0
-1.762485,0.12276138341067286,0.01034992,2238.3910611038837,2201.7386627977726,24.658453610586637,0.15789051812860486,0
-1.5404729,0.20932991045533642,0.010857916,2959.0077878422253,2274.3521351331374,23.561971661716605,0.15095413913310515,0
-1.3282301,0.08675998767401392,0.010662222,1671.9224943304446,1782.763417214277,21.661665590513678,0.21225543915623835,0
-2.109471,0.17313025667053364,0.009424345,2372.669991680136,1892.1466255153327,22.374863165495015,0.1736909807477387,0
-1.465635,0.13783805829466358,0.010322366,2034.5307790905424,1774.5719031379233,21.746627935719175,0.19573474053697537,0
-1.328073,0.06545121265951276,0.010382912,1411.88230189619,1619.7990215126877,20.85402296788531,0.19910324779860541,0
-1.5548685,0.14509770156612528,0.010864245,2489.1398662907695,2324.3955663324728,23.958571715033138,0.15781073897653045,0
-1.6022813,0.11077073665893271,0.010701031,2186.566911367067,2233.314428408828,24.858798162567755,0.16256826946448713,0
-1.892395,0.12478361550174014,0.010095251,2270.122844983505,2256.7698784572513,24.616057410752152,0.15665205812529062,0
-1.717447,0.17249583091647333,0.010352087,2717.7705729141335,2247.825838998221,24.10389881635039,0.154678467332773,0
-1.5678258,0.15109075913573086,0.010370604,2313.6861323569565,1998.1967497148673,22.974386628622817,0.17976612716861962,0
-1.7867241,0.13475542887180975,0.010377377,2443.5783616200256,2247.8415861090784,24.628270228703506,0.16039011897565783,0
-1.7743406,0.10953247353538283,0.010391454,2105.885905889296,2192.953519763897,24.981261826063342,0.16103612363939682,0
-1.5713509,0.17472085266821347,0.010352828,2384.3484250144306,1900.0372199180215,22.15264065699891,0.18046550275668907,0
-1.802062,0.12224817829176333,0.010267722,2381.298456058433,2404.546159367359,24.26391179651605,0.1495364988577599,0
-1.3943694,0.06750516603828306,0.011303152,1712.8623666499059,1865.3727122121538,23.149556221863666,0.17337059492578344,0
-1.4152925,0.07683688913863108,0.010209672,1627.5699421153834,1841.7732233293868,22.0621736650555,0.18552315497160698,0
-1.7979686,0.11143461789443156,0.010370453,2054.520124181812,2145.8383435010155,24.670541488262522,0.1653644538542703,0
-1.6309998,0.15459369562064965,0.010412486,2618.3041272827354,2380.3554600006555,23.7547650726018,0.1593578879564603,0
-1.5441604,0.17187160129060325,0.011122051,2598.2553950672755,2305.9079515549997,23.90192845061113,0.16851857139015003,0
-1.4082347,0.0985274525087007,0.011231672,1786.0741292736461,1771.9752966994795,21.977903985651285,0.21288440175013482,0
-2.1964822,0.28788314783932717,0.009934942,3366.133840852546,1872.545212826864,23.645391503428577,0.08985368010061566,0
-1.5194638,0.17593419192285384,0.010880218,2574.9109833089005,2046.8909132018105,22.797941777612973,0.18087264296571684,0
-2.13697,0.17619815835266822,0.00990843,2323.778305604117,1730.7173274536951,21.929149835119546,0.17678382529176964,0
-1.203444,0.052743438225058004,0.0113298055,1354.761555942333,1761.1945973767477,22.636470137694516,0.17822203516284826,0
-1.4525613,0.08653680575696056,0.010210124,1696.7196365768864,1799.0087657055474,21.561710463932172,0.19637718423000847,0
-1.5021207,0.17832914914443154,0.0107324505,2432.865144061812,1963.191347836635,21.83388318682498,0.2019738028763097,0
-1.1744983,0.14344819460556846,0.010203693,2432.4334465981897,2225.7097399501654,21.659603007884446,0.17195047381497378,0
-1.3530779,0.11479367568155452,0.01092561,1807.1648488201276,1785.7117733815123,21.62488746320891,0.21111011517910402,0
-1.3168597,0.08371927566705337,0.010712847,1639.3414288226427,1755.9625804209056,21.182144293149012,0.20962204126613038,0
-1.6233573,0.09858976218097448,0.011288523,2019.235959892019,2169.5365923589798,25.351227330233524,0.16648431426171223,0
-1.1846896,0.07628629821635731,0.011409294,1603.3078197497323,1753.362140370011,21.513100263366443,0.21192795142490592,0
-1.2965003,0.11328918032192575,0.011008522,1897.239167985144,1862.9191944082424,21.557958246826722,0.19716198800874574,0
-1.1922052,0.07781231873549883,0.010341286,1602.0295278524602,1758.3390384687768,21.13776416460368,0.19749626631981917,0
-1.4449435,0.1324737619634571,0.010626291,2181.9856009666664,1979.0462868589857,22.36460477706633,0.19194103989159597,0
-1.7596524,0.09403775739559164,0.009716118,1699.403628018616,1718.2189670373618,21.904166637609425,0.18745007231314173,0
-1.5475696,0.12948742930684454,0.010667307,2291.8202375683027,2229.5986698045367,24.232214205540718,0.16695589286147042,0
-1.3821646,0.07213080952726218,0.010575454,1477.2246560801914,1637.2324300667512,21.360355712011508,0.2024157879227061,0
-1.2973382,0.070321563225058,0.011323297,1605.78018637763,1827.4218670895636,22.553829088772005,0.19757683536725648,0
-1.5690637,0.0733362184599768,0.010361835,1674.0223705682822,1896.025077729748,22.65177112695063,0.1774773170401838,0
-1.6270847,0.11666976326856149,0.010500003,2249.239828100346,2272.6574311233435,24.82343871886045,0.1598092201208575,0
-1.6054877,0.1360560016676334,0.010812429,2332.5492422003945,2237.448405501616,24.36933410151432,0.16394657908357235,0
-1.341856,0.11265928618039443,0.010815463,2021.4761429348737,2001.6676685770296,22.462038455961274,0.18260512206878152,0
-1.5703541,0.07477500543793504,0.010160362,1591.2853720683602,1746.4528437674876,21.682910317325625,0.1880065820847149,0
-1.5010221,0.07311756815545244,0.011233101,1662.4748899938459,1848.1164624791572,22.71829779365625,0.18950866125541743,0
-1.5488887,0.1257952979988399,0.010811382,2321.355269614963,2299.2942533314367,24.549591712690134,0.16769020044989402,0
-1.3256675,0.1312490936774942,0.01106675,2103.5887049101234,2032.9849085890949,22.569462662342037,0.18460262993380175,0
-1.3366178,0.11878602631960557,0.010856985,1974.7127408418592,1921.259362932821,21.4661650144491,0.19586105159697384,0
-1.9557557,0.1228497498549884,0.01015446,2396.943158412827,2346.7069142052487,24.13605096237671,0.15257105566747045,0
-1.355101,0.12773142945185614,0.010975295,2001.4105429200674,1933.8692915135714,21.8641113675323,0.19662269367437624,0
-1.5880563,0.10714318082946636,0.010902495,1950.211829464648,1958.0096515795003,22.96334063680988,0.17014299532372232,0
-1.418906,0.11605799557714618,0.0110629825,2004.2788083996868,1869.044994688461,23.005719099312323,0.19371111722770837,0
-1.3004732,0.1330028277262181,0.011123593,2086.94126924288,1980.6362307586946,21.674733261393662,0.19230113240268185,0
-1.4607283,0.09819777769721577,0.010388999,1804.293806658146,1820.9644677279778,21.523630539900896,0.20584069475632935,0
-1.6040689,0.10086123296113689,0.0111632515,2091.839200455067,2176.7895213241427,25.273932584276785,0.1622687951002395,0
-1.3353236,0.13314330771461716,0.011027749,2077.6543800392765,1961.6900830309062,21.6208203289994,0.20097096260708813,0
-1.1914647,0.1326017800174014,0.010606756,2381.3486520597476,2178.286338986087,22.37282854342882,0.17219595175467983,0
-1.3014408,0.10447292814675174,0.010593848,1896.284149123882,1888.718570576821,21.68430913014922,0.19943812614450918,0
-1.6657932,0.07817824644721577,0.010236091,1672.3419529555442,1833.5594528804959,22.726867440265675,0.18268615284532955,0
-1.3986781,0.07913781540023201,0.010121686,1623.1275897294522,1751.150801938945,20.91256985167916,0.191991131646739,0
-1.3952595,0.04997575587296984,0.010461971,1206.5414779295236,1690.1926756320695,22.531426678526678,0.16729080592332327,0
-1.457304,0.07900186702436195,0.010163483,1613.218189189356,1742.444966458548,21.413871281966305,0.1956549994188355,0
-1.7576098,0.19292887180974477,0.010359799,2908.6032954137445,2306.6930053019832,24.201469368221474,0.14400364274523,0
-1.3967149,0.0721761256525522,0.011360811,1677.3880894240378,1918.1034817193197,22.68962214985014,0.19317248560610864,0
-1.5831687,0.11945783787703017,0.010741924,2281.9656014345264,2277.47075970101,24.844298645807807,0.1603827187487745,0
-1.2418313,0.1316841284802784,0.010899026,2329.8998552214857,2224.013471117645,22.057508182096367,0.16561762038028394,0
-1.5608057,0.10757368401972157,0.011289097,2044.3987611854227,2117.8763929959077,24.742412759138833,0.17637338925197935,0
-1.5177891,0.18382259643271462,0.010604016,2852.9126712920624,2268.563408814445,24.201097153133986,0.14876015287605018,0
-1.6530694,0.11746732707366589,0.010502905,2229.801304555822,2263.9667653328297,24.927341604196915,0.15997459296111757,0
-1.3682611,0.08306332475348027,0.011328967,1671.7169126032647,1781.005344155689,21.92608952668724,0.21180382870958345,0
-1.5258454,0.07796299485208817,0.010438379,1626.2752696829143,1823.827009481767,22.404947237842702,0.18710088385277768,0
-1.5324354,0.1080087188225058,0.011278284,2139.0219702913773,2235.754749122768,25.332169167335927,0.17090086106329413,0
-1.6983591,0.06439534694025523,0.010838585,2081.1942082936066,2302.1676074747998,24.2745877867217,0.12891935720969835,0
-1.6263428,0.14786651682134572,0.010976521,2579.195250594906,2340.704682016237,24.3033857117443,0.14968110089197412,0
-1.3231454,0.06414044373549883,0.011282363,1426.6841895453385,1794.7599774896596,22.187696610481538,0.18925060397813398,0
-1.5470916,0.16636116045533642,0.011059241,2551.759609247359,2285.8714593582963,24.324881783902462,0.1638506892042623,0
-1.5733054,0.15489618075696054,0.010773006,2527.0865025721937,2226.799379050154,23.905238023025674,0.16136265555870527,0
-1.5625235,0.1911128280887471,0.010187525,2699.9580479906717,2236.137187422683,21.916806953852042,0.1785634152236374,0
-1.4625168,0.16495862637761022,0.010350598,2916.8005329474663,2564.3442397593076,23.2264678233559,0.13634837271848002,0
-1.4431703,0.07682782591357308,0.010164023,1614.3789791629067,1762.4327257242837,21.14902569298548,0.18998472227393762,0
-1.2023373,0.20209519105278423,0.010910044,2546.194163728669,1954.4072328979012,21.719721163651997,0.18643445558540606,0
-1.5452062,0.08913002102668213,0.010426994,1730.2282378870002,1844.7444070603806,22.89076900114785,0.18877052589916846,0
-1.3984925,0.279748903349768,0.010852851,3192.8200361536315,2201.3569479456482,23.281790135191905,0.13312116319812464,0
-1.4928261,0.19408556590777262,0.011123097,2576.649190008539,2076.027080423583,22.008559996998397,0.19986038470886133,0
-1.5285919,0.13303908062645012,0.010897918,2409.206946657776,2230.1835920066746,24.44060576771514,0.16557315607548204,0
-1.5429305,0.1472842046113689,0.010789292,2410.326131069154,2189.5791973053874,24.152710720371108,0.15839822933909523,0
-1.7037953,0.09586626305104408,0.010174385,1828.8490009594411,1879.7838507743818,22.46117259443295,0.1889657325017284,0
-1.3012413,0.10982362964037123,0.010864731,1859.611501938508,1864.296377622225,21.43076732227243,0.19724659156102375,0
-1.6204249,0.07737275232018562,0.010356772,1738.9872603320987,1928.6407005354167,22.46322322096609,0.17774328777647422,0
-1.5373591,0.12235127247679814,0.011074414,2162.5182674322864,2169.705074782553,24.621260341330345,0.171680847029128,0
-1.1686412,0.07855323738399073,0.011234358,1681.9722518491458,1854.4258063031718,21.687725323645093,0.19174398637482035,0
-1.9768112,0.1520707203451276,0.010138222,2631.961682880319,2291.854381152409,24.665351243813827,0.14639786339657593,0
-1.5468307,0.11712179161832946,0.010432858,2227.5957981633705,2280.259580416167,24.630581571888627,0.16434987192839196,0
-2.1542263,0.3294640915023202,0.0100975875,3504.7899096845154,2004.5910572400667,23.75375494287051,0.08719225928780135,0
-1.8151546,0.11296177131670533,0.010378274,2187.507020524918,2215.204731933979,25.151493055822318,0.15670383770201798,0
-1.3277415,0.06555543974767981,0.010132149,1463.985428532366,1801.6475022145862,22.221685628806433,0.17144053019061967,0
-1.5566005,0.1166029219837587,0.010569936,2131.3646657112154,2166.4890494163797,24.496801992943137,0.16414139173729422,0
-1.434049,0.03907949354698376,0.0112548005,1034.9113292484665,1523.6452206781626,22.96637833422755,0.167659041119241,0
-1.657193,0.1541801859773782,0.010928425,2468.712903945846,2261.0580375288478,24.3855680708622,0.16199469760721638,0
-1.4565793,0.07183965342227379,0.010154492,1489.6794302660405,1655.4666154123156,21.07558641417114,0.19609404107878434,0
-1.4821069,0.08529061231148492,0.010423621,1703.9037316981255,1803.1187046952475,21.653348239805542,0.20044501376864868,0
-1.2508507,0.059268960266821345,0.010406296,1386.8397970098524,1760.2996370384908,22.513161890610387,0.1753465149774535,0
-1.9168879,0.1169949064675174,0.010203928,2136.593978844667,2169.4653262957227,24.840434526851645,0.15874601352433165,0
-1.6649156,0.14984003407772623,0.01098237,2623.8931063583777,2311.7016827061966,24.43290450981149,0.14414132906013025,0
-1.4001207,0.11648510005800464,0.010952428,1995.7177342940627,1971.2411478958504,22.667946895137053,0.18247758900321512,0
-1.9739821,0.11279296875,0.010082314,2173.939012651239,2200.366621986661,24.88058654533097,0.1500107234702637,0
-0.83594096,0.09564194823085846,0.010957319,1995.1590579728156,2011.1760247012112,22.32534407127384,0.17648775841617617,0
-1.7920711,0.10429846106438515,0.01038855,2247.9013172797813,2330.8914691430973,24.077100771128908,0.15385209501692157,0
-1.5469246,0.1177698122099768,0.010795723,2208.834993731726,2211.8059857310327,24.58073780399291,0.16346948414879206,0
-1.4916046,0.07571531503770301,0.010152828,1630.3302459150884,1835.0837770600133,22.221593379109834,0.1838737410413647,0
-1.785646,0.18850035346577726,0.010389557,2611.132918870344,2073.9012571145436,22.63344117579757,0.18233841663456388,0
-1.3559844,0.08977804161832946,0.010683217,1809.1802760708135,1911.2880702314487,22.197452243455217,0.19321082548901183,0
-1.5674441,0.12455590197215777,0.01066594,2288.6944385042784,2271.9913977128635,24.482391911390955,0.1660989709162697,0
-1.7339147,0.11035949282192575,0.010347448,2160.8830472912928,2249.746495872944,24.718462617269527,0.16142813457866087,0
-2.0802796,0.10409680430684455,0.010192008,2122.919612515082,2211.730082369252,25.488174292600572,0.14393596854100968,0
-1.8767192,0.17487606039733178,0.010068717,2398.6845273304716,1955.5021954654305,22.02741393296846,0.18411959369146783,0
-1.5885631,0.14988761600928074,0.010806547,2447.7666455927933,2255.494159077277,24.276407980460306,0.16265024929868596,0
-1.4002662,0.07431617966937355,0.011268953,1567.4875143619274,1743.9903101873838,21.714438716926697,0.20890448895492894,0
-1.4411726,0.09025952544953596,0.010136358,1744.956518342358,1816.8845998615075,21.439420242110963,0.19470041528714777,0
-1.5903941,0.10977264899941995,0.010614543,2178.5131675848047,2241.3510641986168,25.1764094146576,0.15722112283732567,0
-1.2893434,0.0816460629350348,0.011375481,1678.4761733372395,1808.9614791469667,21.474337477278052,0.21135475765926334,0
-1.9755712,0.11257771715487239,0.010178116,2207.1250127161484,2272.0607415253894,24.817765485790687,0.15932171586641827,0
-1.3305908,0.07515452798723898,0.011396397,1598.906986844586,1748.0762322925143,21.714925756132747,0.21059078936433173,0
-1.5753188,0.08107507975638051,0.010159816,1695.1580844233952,1855.41765523819,21.97988899782394,0.18679886124823045,0
-1.2020637,0.08179560614849188,0.0105751455,1613.5879545234675,1748.5869269097907,21.622644466525703,0.20078490913247857,0
-1.5538186,0.14139877283932714,0.010882767,2492.029877235307,2308.733890625592,24.142799649749115,0.1567021003403755,0
-1.4955064,0.14812481873549885,0.011259669,2594.8125587985814,2358.2506541523303,24.428030093189765,0.16609284882847186,0
-1.2876946,0.07954792633410673,0.010738133,1589.2713417509995,1739.5828937599254,21.187562164538324,0.20571849533427047,0
-1.2315378,0.07443060288573086,0.010620182,1549.753475079691,1718.5073371252083,21.42876689043843,0.19831343559220446,0
-1.4965106,0.07497439638921113,0.010611553,1467.1856904266797,1630.457774035416,21.93541879159425,0.2042774164019214,0
-1.3022542,0.08375779437354988,0.011297172,1696.6906126533167,1805.3097587027323,21.660039560005348,0.21137795651586552,0
-1.3338189,0.07079738254060325,0.01127959,1454.5356719558129,1618.1614744621086,21.5698718152788,0.21127331731805155,0
-2.0004861,0.12895609773781902,0.0101703815,2411.932974413819,2238.8434120435672,25.02565896500737,0.15337357819109973,0
-1.4722204,0.05767383265661253,0.011254613,1434.4395104011155,1756.499765636052,22.477882535551096,0.186195189287209,0
-1.5507566,0.11195801914153132,0.01083063,2093.293317010957,2166.0885005798136,24.328043575118766,0.17620813446318198,0
-1.4488436,0.14721509752030162,0.010582276,2056.7891325036576,1680.7538158387367,21.802965744556236,0.21073319293229373,0
-1.3134823,0.0911137344112529,0.011094188,1740.926047219349,1844.2758377454093,21.26697255311998,0.20879459947774007,0
-1.7291622,0.11968215269721577,0.010387996,2194.13372040141,2223.5123918387712,24.653659516423183,0.16547814332565683,0
-1.7797291,0.22829810759860789,0.009235576,2733.79346826146,1957.8148348211669,21.725352983399635,0.12108576731124752,0
-1.6163011,0.11646697360788863,0.010525181,2123.491542048655,2145.815457461579,24.58947751536387,0.1612267841944865,0
-1.4088725,0.1402556735788863,0.010128451,2117.454581187508,1931.9598418547282,21.417670690631635,0.1949604147188413,0
-1.2831064,0.12141662739269142,0.010895775,1963.518074271794,1929.5226492971542,21.55522574815569,0.20003917505559934,0
-1.5087864,0.27814584541763343,0.011287313,2973.0333069782628,2171.025715880055,24.344638700403085,0.13661040543459982,0
-1.3806334,0.09671480749709976,0.010901193,1703.6843781672735,1879.9872468302422,22.260719180203953,0.17272216312149688,0
-1.2341006,0.06329529799883991,0.01009682,1400.5244383160668,1773.7949270579754,22.27015498940997,0.16933022458104827,0
-1.3467157,0.06952966393561485,0.0114258565,1540.5342404774692,1740.1845766500448,21.67561609418876,0.20593815873866647,0
-1.5544318,0.07393552421693736,0.010424324,1574.0351278838598,1797.7556405314272,22.45526425653123,0.18534333234581787,0
-1.5200893,0.26065608686194897,0.011312672,3287.57808419662,2077.0560286288683,24.75379440876257,0.12547510532261855,0
-1.5554852,0.1300957982888631,0.010822231,2336.4543724112095,2240.8303429072685,23.970036763285552,0.1718668067840854,0
-1.2621982,0.06181572650812065,0.01121145,1384.1577716164954,1788.0525882603058,22.486295422586668,0.18181817244180487,0
-1.640708,0.11245196490719257,0.010619041,2212.334318331142,2234.421940984394,24.70065148610667,0.16027976252740755,0
-1.521578,0.16084958671693736,0.011215697,2346.6834251030195,1941.6804683373198,23.955344206189515,0.18056790660876945,0
-1.5486791,0.10372407917633411,0.011314699,2039.3776979967818,2156.426375650684,25.0543092745529,0.17420941543113244,0
-1.5250033,0.08509688587587007,0.0101341065,1661.2363632320303,1752.148061840459,21.45881295901877,0.1958060824652997,0
-1.8012072,0.1418791237674014,0.010335867,2528.357713749737,2265.364287616907,23.95890728087844,0.1555129433515588,0
-1.2195636,0.06381303473027843,0.0105720265,1490.4767212129118,1891.3519292934525,22.035127675239874,0.17613790232218487,0
-2.2319083,0.1790179542488399,0.009868397,2458.2120020888933,1880.7703279202622,22.1853991302736,0.17527119510654074,0
-1.4637507,0.08055167850928074,0.010382898,1589.1384599603568,1716.6519145544032,21.183509998236964,0.20410932943147694,0
-1.7864639,0.11654061231148492,0.010379508,2114.3871383163046,2148.013293873649,24.740171127997964,0.16173517410441796,0
-1.2821033,0.0912236260150812,0.010680683,1733.1109649753703,1798.505596441286,21.62562022627727,0.2057975280117389,0
-1.5085428,0.0727425772186775,0.010194108,1438.107863717766,1593.4955748629827,21.036796100740926,0.2049715636948509,0
-1.8825026,0.11959038754350348,0.010156078,2160.3484726752686,2155.707212280932,24.750696596039823,0.1553019566380347,0
-1.3836689,0.09460307605858469,0.010420684,1797.2022651902869,1872.661318090042,22.868786894217344,0.18950933439079412,0
-1.4752097,0.14477595707656613,0.011279048,2559.7026483203203,2369.865064798697,24.165870959385362,0.170308902469364,0
-1.3641372,0.21649325696055685,0.010604619,2725.5523060695505,1974.9333506667922,22.536895473843398,0.16732844086283463,0
-1.6044135,0.10568173578886311,0.011360287,2037.1013901797908,2144.389759862889,25.41854367185474,0.17062960772879457,0
-1.1907098,0.12552906576276102,0.011056024,1953.4944514144793,1916.2047339714102,21.965814990579883,0.19379466857218888,0
-1.3653477,0.07001794518561485,0.011311331,1594.1651750389663,1836.7893421521915,22.36563738020974,0.19523418557475958,0
-1.3657637,0.039622154147331785,0.011298602,1026.2001121424607,1510.775771175643,22.963024885270222,0.16968738877979336,0
-1.3451705,0.08224536869199536,0.011281925,1680.078739517454,1795.8026651594396,21.759946154735456,0.20948997209972275,0
-1.627708,0.2126107979263341,0.0100042075,2728.9974025856163,2087.0066738038167,21.927427398219667,0.16866880338325405,0
-1.3809196,0.07823829031322506,0.010422036,1599.3019802229103,1742.8417667730926,21.13329057675923,0.19995034639906503,0
-1.433587,0.0924709523636891,0.010654036,1867.012829533775,2008.4264613299724,22.99604982224675,0.18429667931575647,0
-1.456181,0.08218985643851508,0.010690583,1725.2774999925489,1885.2020401016844,22.679428830682987,0.18904639065160087,0
-1.4024998,0.08626264319895592,0.010417729,1704.9393881875515,1808.528209587299,21.18222137092733,0.19839947623696672,0
-1.5463995,0.12062359520011601,0.0109683415,2178.8380717605537,2168.9785492482238,24.521879480864108,0.1710567575512524,0
-1.3310337,0.0777171548723898,0.010169934,1591.5440359638114,1740.2466350387665,21.11008639477264,0.1957906610505071,0
-1.1918288,0.1286977958236659,0.011424319,2360.6289076570893,2221.3301962495952,22.435758728336232,0.1866208183477209,0
-1.3144866,0.08288885767111369,0.010607306,1677.1936168497443,1792.9967614767945,21.326867047123148,0.20185621963846612,0
-1.8981117,0.11973766495069606,0.010156938,2232.6226612764444,2249.9581464005764,24.659334731466632,0.15543488443308376,0
-1.3110017,0.07513413573085846,0.010712394,1581.359437089034,1760.629548537857,21.30291463291835,0.20148450175689428,0
-1.5403008,0.13075967952436196,0.01126621,2487.1258113063836,2294.6956498909767,24.512594765660612,0.16154013595545696,0
-1.4043752,0.06134217299883991,0.011151773,1328.5437369023223,1622.1479436249408,21.839922064640806,0.2108001061306384,0
-1.5312219,0.051626395736658934,0.0102671115,1257.296410359145,1637.8656234513783,22.90373676015583,0.15710327197127189,0
-1.4516557,0.08933507649361949,0.010387195,1627.9483155711482,1716.3075873427695,22.01140729016322,0.19632758753772128,0
-1.444777,0.053502483323665896,0.010224489,1264.1542976981675,1627.2263965692184,23.147145306368042,0.15740129583223203,0
-1.4762232,0.10891617423143851,0.010444089,2094.4762290081717,2090.710905573794,22.399064093071907,0.18499075986445726,0
-1.3686396,0.080570937862529,0.010622659,1672.3451154322488,1815.8210920967144,21.74039650155634,0.19746927186530117,0
-1.5890176,0.15383691632830626,0.011051641,2415.8351149583714,2186.96276364674,24.276933356341253,0.160734910588607,0
-1.3146244,0.17151133809454758,0.010997782,2412.8260593856035,2127.438105250706,21.810751220074426,0.19471254612952396,0
-1.5730978,0.10972846577726218,0.010680179,2084.9229681115426,2183.2215700840275,24.639729468020253,0.16642902502057466,0
-1.6319411,0.11926977595707657,0.010418646,2305.534282558065,2253.8764952972547,24.614276405047026,0.14542073456246457,0
-1.7615248,0.1263662811774942,0.010389733,2472.052529713208,2399.693656205999,24.20359289618369,0.15157231747083794,0
-1.4868264,0.12883714290893272,0.00913369,2290.156956243718,2083.6152896255803,23.571822812267357,0.1172798746192119,0
-1.3438267,0.06958064457656613,0.01122576,1466.4520051828729,1649.3125814973896,21.70628688021413,0.20912745649078593,0
-1.4222254,0.07834138449825986,0.01042811,1610.4418461859216,1749.4062027546047,21.233508224538582,0.19914041591809786,0
-1.4647464,0.07342345200116009,0.0104197,1498.6298817088082,1650.9909916063923,21.258166759929743,0.20220022865710433,0
-1.4063536,0.07145446635730858,0.0094987005,1538.9218986751064,1720.4881075078733,21.35347966472319,0.16703589293261076,0
-1.5399327,0.11722261999709976,0.010634692,2166.400444828959,2189.5508480148405,24.27540152353995,0.16636153624647185,0
-1.4309703,0.07615374854988399,0.010397774,1573.5536095094753,1734.3044953584008,21.375791414205537,0.19887058235713642,0
-1.3355149,0.08084736622679814,0.011413634,1664.4886069616089,1801.0563013383448,21.56593419675186,0.21226602185129598,0
-1.296961,0.06296449028422274,0.010605139,1595.2236293441201,1963.7537689721216,21.739325347982604,0.16741412676504785,0
-1.407575,0.08613122643561485,0.010460601,1676.5674272636113,1787.2785672717705,21.19883694823643,0.20342868740129513,0
-1.2413174,0.08331709505510441,0.011312009,1678.529845849381,1800.383126118271,21.594991002338507,0.20889735065526027,0
-1.5509987,0.2696773945040603,0.010653066,3120.0899911337856,2015.6104087323224,22.596960267240597,0.14656224703008927,0
-1.5416939,0.03763051044083527,0.011228985,1002.7853294496177,1481.0494069825909,23.01809846460478,0.16163127291393,0
-1.5681168,0.1488272186774942,0.010980778,2551.7789326989027,2347.3224298046403,24.100886531718988,0.15631121742719783,0
-1.578583,0.12101897839327146,0.0105748875,2254.5032834048366,2266.2388191759937,24.622194823879276,0.16585473968970224,0
-1.5266298,0.13929837043213458,0.011288827,2484.4389214892662,2249.976248492213,24.525776120249965,0.1714124474705292,0
-1.6621267,0.17083272911832947,0.010374059,2867.284435419982,2463.9087919375693,23.561583233283482,0.1410094943689034,0
-1.3309844,0.07772735100058005,0.010795275,1591.8049915194808,1764.0257901951984,21.573655425716847,0.20269530805156363,0
-1.4082288,0.09169491371809745,0.010890307,1781.834558529856,1867.6792964640754,21.991871531521536,0.20246340617523625,0
-1.4304987,0.075669998912413,0.0104523655,1585.6937628394437,1744.1324113886685,21.348152446553563,0.1953045285176734,0
-1.3617541,0.059206650594547564,0.010131794,1383.3869416107875,1784.2384855535379,22.078347707290927,0.1702025799241216,0
-1.8406913,0.11478008084396751,0.010357965,2248.7967378950507,2278.518035357313,25.263301095905344,0.15359732980563348,0
-1.6724536,0.15647318191705337,0.01088871,2648.0118923743635,2396.352321001703,23.901592617685044,0.15164083935778516,0
-1.1801914,0.053584052349187936,0.0113797765,1348.4186628300172,1751.8054949466984,22.7806713129324,0.18231816504796014,0
-1.5784656,0.08395378661542924,0.010430447,1703.0931981408785,1849.4171443633943,22.71507862966262,0.18559772807748795,0
-1.4993244,0.09411479480858469,0.01041521,1844.809566482973,1941.3634911519648,22.574507743917316,0.18952189511300646,0
-1.5834048,0.11231941524071926,0.011343957,2209.790118914271,2229.832439876848,25.10467822324972,0.16658272186408019,0
-1.3704898,0.09195321563225058,0.010587299,1761.6100216927018,1834.5752883427992,21.57855475994527,0.20297220525517656,0
-1.3260598,0.08539257359338748,0.011340887,1696.9217616158649,1798.97991869796,21.561630014853304,0.21234205216977944,0
-1.774222,0.11745599804234338,0.0103884665,2224.462639563412,2237.4495646343207,24.77015432614712,0.1582588956047774,0
-1.6018808,0.11022127863979118,0.010930256,2281.9136501342064,2284.7148734694997,24.028145018617476,0.16230777626520726,0
-1.5776796,0.12281916147041763,0.01055836,2263.5967592724523,2270.860734299766,24.424916507229728,0.16410038365626473,0
-1.3668909,0.0765615936774942,0.010172443,1615.1364323803436,1756.7328801189049,21.307821732808552,0.19074728930344706,0
-1.5271784,0.10258324572215777,0.011305342,2049.1824759408273,2146.9227349614684,24.970723691753886,0.17413019206139757,0
-1.5916181,0.165057188950116,0.01073153,2667.771533044671,2266.9473558793375,24.19424248085708,0.161571063836462,0
-1.2582556,0.0791128915313225,0.010730037,1609.4023426345213,1768.188019765755,21.142068178464715,0.204771518965971,0
-1.2805562,0.12354308657192575,0.010977518,1984.5030405398943,1931.4648351551982,21.686442376651907,0.19853668332865484,0
-1.5591389,0.09967734918793504,0.011296586,2201.943475338349,2278.7038559944913,24.715565810843096,0.16177156866745537,0
-1.7795811,0.16014605387180975,0.010400246,2651.7902782333836,2237.482780794376,23.91662067951926,0.15442576938442942,0
-1.5873443,0.23117908026392112,0.010321562,2943.1896459802183,2172.2158145381713,21.88403654609874,0.1649092582816071,0
-1.1977205,0.06184291618329466,0.011029135,1521.518238003906,1917.9690887365016,23.00475284077214,0.1695872987776805,0
-1.355526,0.12535119997099767,0.011027126,1907.704624861985,1873.1727312438368,21.685374852123484,0.2052267940360041,0
-1.4377129,0.0853755800464037,0.011411049,1741.7697145490813,1861.5564894876527,22.585975826666754,0.20623559736344277,0
-1.3349148,0.0892705010150812,0.010567684,1726.0149663820484,1813.193556949002,21.532097274203327,0.20091270116902268,0
-2.0471878,0.11105056373259861,0.010139941,2195.363454631983,2235.927787805493,25.04247893269838,0.15292058473293627,0
-1.5631738,0.16350964327146172,0.011070538,2475.133528213666,2224.6776459681546,24.135901785598175,0.16410695386900867,0
-1.7423103,0.12156277189675174,0.010393559,2223.141666394164,2237.4075434364754,24.462292312140487,0.1624379062373225,0
-1.185212,0.0707894522186775,0.011175411,1447.8960853213327,1787.3986158507125,23.24943099406092,0.18573345180713952,0
-1.2255214,0.06246148129350348,0.011139868,1418.1575953439774,1802.7402530229222,22.58820233289373,0.18387611626456943,0
-1.5215689,0.17927059164733178,0.011035933,2678.9161340588334,2262.2866439656723,24.002082443084976,0.16150829844461365,0
-1.5629131,0.12561290059454758,0.010716126,2346.9238128908514,2240.6065099577786,24.332417332943255,0.16261192103325936,0
-1.3110464,0.05629848825406032,0.010588463,1301.4761873366522,1721.0379043559249,22.6472353204172,0.1663817387898848,0
-1.6088984,0.16278685107308585,0.010963981,2591.340343992268,2241.6501865895757,24.145520594394124,0.1615003884502198,0
-1.5002949,0.04012063152552204,0.010407083,1118.7982867227397,1616.9443107906388,22.315179667252085,0.1557253780126208,0
-1.65817,0.1507758120649652,0.010799795,2476.9836562010723,2234.6446493562685,24.617603530839826,0.14996440175928585,0
-1.4322038,0.09020741190545244,0.010383012,1677.0158740364905,1753.4548484988698,21.477524848929697,0.20532805771871263,0
-1.4321463,0.04796485281322506,0.01105912,1156.990466039986,1600.3574976273107,23.43331035290575,0.161884649363386,0
-1.5505513,0.12206917959686775,0.011264389,2375.451072131844,2318.498818267125,24.088592982088333,0.17112003637869158,0
-1.5133848,0.1257930321925754,0.010524049,2350.5346508344614,2353.248387810113,23.600198559675743,0.1663358844090442,0
-1.3703085,0.10299562246229699,0.010399849,2034.7885172023857,2083.2482172096165,22.098405316939925,0.1823718297243342,0
-1.5614617,0.1177607489849188,0.010556714,2372.6489131523713,2358.1248713801865,23.778344770523088,0.1550769679328207,0
-1.3209226,0.07828473934164733,0.010696447,1592.9313478169427,1753.4748546913322,21.589815249385175,0.20182003975213317,0
-1.2403438,0.11622793104698376,0.010885384,1969.957031983223,1938.7456393643563,21.59762614167389,0.1992981972234625,0
-1.268893,0.12228103248259861,0.010805197,1995.5138707551473,1935.245116995477,21.725098867461156,0.1998393673607783,0
-1.5109258,0.07344611006380511,0.0104342215,1615.4752650013177,1830.9430514983906,22.0366280367947,0.1871503035887795,0
-1.4855132,0.0772402026537123,0.010432037,1603.6650234676463,1740.9403176797077,21.44347521541901,0.1987947656503726,0
-1.4882957,0.30192321635730857,0.010975355,3379.4255160856496,2010.3152583738613,22.194010975817864,0.12254785510299016,0
-1.499914,0.08073747462296983,0.010185341,1655.1452568210657,1828.2267815720759,22.312558384025674,0.18661862926315262,0
-1.3154539,0.05991018343967518,0.010121512,1382.180884497768,1782.922417699187,22.260592448979246,0.16809072695142255,0
-1.594584,0.11489450406032482,0.010835501,2150.959000382547,2197.976919385332,24.23449015457108,0.17032460329247576,0
-1.5672085,0.08987660419083526,0.010403048,1646.5134190678361,1715.9234700650309,22.406655679686306,0.19645727439250063,0
-2.267416,0.1697247498549884,0.009751483,2240.9666874413097,1646.4121265576587,22.06569381243896,0.17321136725244493,0
-1.2370237,0.153333907337587,0.0110396715,2453.6807630836515,2237.8753942414464,22.063902001501116,0.17444589316227746,0
-1.3933595,0.0816369997099768,0.010634334,1700.7460332285075,1871.9215717946618,22.4560783332503,0.19035473341951403,0
-1.4948273,0.18388603900812064,0.011307845,2554.719655905021,1984.7335708382072,22.84297634299307,0.19340455503339493,0
-1.5572662,0.1070276247099768,0.011305522,2051.5021084393757,2121.5326893257325,24.952700100211725,0.17359508594300208,0
-1.2312964,0.0694209052349188,0.011303951,1483.0191236105672,1670.1124956631477,21.522621742112474,0.20886704947723103,0
-1.2644427,0.07484864414153132,0.010883744,1644.1680993862838,1966.6957907162769,22.82352613680715,0.17744396933052975,0
-1.3408365,0.06960103683294663,0.010433825,1472.5605854675252,1649.6911280445079,21.25185831891169,0.19948437618283807,0
-1.5551226,0.16160636600928074,0.01087079,2546.8297987109486,2271.3259922735324,24.02993465111007,0.16452863982430307,0
-1.3509142,0.08529061231148492,0.0104132695,1688.4449721352316,1797.7149915578464,21.001110017738775,0.20290205937253977,0
-1.4910868,0.03820149361948956,0.011245523,1043.0317867666251,1551.168033688374,22.694465089255463,0.16291261567752732,0
-1.5671663,0.1725241534947796,0.0109857675,2619.4562169917676,2253.5342635400557,24.00394751345412,0.16343828774143968,0
-1.7567701,0.1167932497099768,0.010369629,2291.0025958389624,2303.9608694896074,24.774247344581728,0.15622972995661402,0
-1.5415019,0.25752247679814383,0.010833501,3006.6687787373976,2005.0984104459483,22.310610223742888,0.14725841679919913,0
-1.401151,0.07292384171983758,0.01075963,1482.8211566186662,1639.5703143866224,21.444895641696935,0.2060792503744883,0
-1.489443,0.09558983468677494,0.010598423,1830.7907164076428,1883.4372049231147,22.686921091152207,0.19493522574199484,0
-1.3185896,0.132817031612529,0.01096841,2142.812433096854,2053.7737460143867,22.396632892078895,0.18929601749128688,0
-1.4080637,0.057060932062064966,0.00969262,1251.9489924356267,1635.5899766504774,22.849256444166883,0.15594207841232846,0
-1.3614367,0.07606991371809745,0.010155007,1533.2279165875584,1676.419346641653,20.941362891989147,0.1963273681786157,0
-1.391006,0.06823248984918794,0.010398232,1420.9424437116973,1606.1401965771731,20.889071220736355,0.20264160802895448,0
-1.2542636,0.07893615864269142,0.010178374,1611.5103318930069,1755.2910741933879,21.108837943554835,0.1959346031812983,0
-1.440186,0.11304107453596288,0.0107608605,1992.6417046105457,1977.281212979986,22.22343975318955,0.18718377896819458,0
-1.2702395,0.0949214218387471,0.010936503,1973.0176666532382,2063.5187963754465,22.462419728467925,0.18497119159660413,0
-1.5436511,0.09611210303074245,0.011330118,1971.6464488640997,2142.63295224599,25.181602620484277,0.17529652560315553,0
-1.7636817,0.15042801080336426,0.010396983,2545.669576316379,2320.4088194177734,24.838544148781313,0.16037898390637073,0
-1.8597404,0.12841910165313225,0.010125547,2347.9401384035523,2308.4518135190983,24.52431686918366,0.16315255842638302,0
-1.3482994,0.046028721360208816,0.011276938,1196.452207449666,1689.0443262907281,22.51945314634649,0.1735485290936308,0
-1.3913033,0.08137756489269142,0.010139258,1626.0258175891688,1763.4787255795886,20.927497421630196,0.19866532103659948,0
-1.3347096,0.14691827689965198,0.01090858,2180.683100162242,1979.478312108087,21.956596475888666,0.2002056383097176,0
-1.264445,0.12028485716357308,0.011093304,2053.9333459348277,2094.798621750383,23.3530324694375,0.16517837869739196,0
-1.7534561,0.11852319279292343,0.010401597,1901.8409320242283,1757.6540155309976,21.657465425539108,0.2121099063541523,0
-1.285914,0.12796820620649652,0.011099262,2036.4781769383683,1954.8184270810593,21.66593019649493,0.19728038068745457,0
-1.2018323,0.1207912648636891,0.010911117,1908.8508163451481,1977.6428513528056,23.01427751724831,0.15764823327599128,0
-1.4701546,0.06071567756670534,0.011279284,1675.4145761700822,1945.9922543286743,23.052091678338424,0.1685139904931874,0
-1.8728985,0.12221079248839907,0.01010874,2270.7068425489756,2247.859992196651,24.435919504805668,0.1575991646729907,0
-1.3806417,0.09266014718677494,0.01014942,2065.972637939026,2186.5452515294487,21.809162735138948,0.16284584329421375,0
-1.0866331,0.05402248586136891,0.010483164,1448.5499977826398,1818.6916715454433,21.848764336757917,0.1699831373392525,0
-1.4384774,0.06116997172273782,0.010209668,1388.1782858149284,1623.85601688044,21.201533179204805,0.1867323206384582,0
-1.2508836,0.1668868275087007,0.010960555,2590.6327651216566,2259.0106278927656,21.850481338312584,0.16976775758378823,0
-1.5644093,0.11889025340777262,0.010648046,2330.9388700823756,2281.3755265370733,23.83856193157273,0.16109530928997376,0
-1.5430648,0.16363426261600927,0.010276945,2291.8816127140763,1890.5170555273626,22.304963219592633,0.19166982136189994,0
-1.3053746,0.06271071998259861,0.00992725,1317.2721473618637,1541.7144054325092,20.64088273699224,0.19104273282491405,0
-1.4311754,0.07516698992169374,0.010161024,1638.9888756046046,1841.0329051444842,22.15770870941086,0.18006057027498143,0
-1.5773983,0.10519118873259861,0.011320532,2026.6348322816355,2117.657189855769,24.81648610017388,0.17561093180362808,0
-1.7935487,0.15196649325696054,0.010363115,2581.9314390332265,2255.207600831923,24.404528268239424,0.1556003674879909,0
-1.3394334,0.08510141748839907,0.010474315,1695.1314319346295,1805.063877546525,21.06819840264987,0.20067831292382735,0
-1.9203945,0.11496021244199536,0.010164295,2218.1117898653774,2264.587816323087,24.974860062510125,0.16031627086115724,0
-1.3071871,0.08971120033352668,0.010649176,1846.8585836660186,1994.1253045887509,22.43766132680165,0.18744541239874915,0
-1.5538468,0.11048411216647332,0.010496503,2176.264472426477,2214.9736926328455,24.58125108127965,0.15764675071201362,0
-1.8186872,0.11756588964617169,0.010352164,2318.739408052699,2319.2496832092684,24.668298699896564,0.1538497862178265,0
-1.4743732,0.06969053618039443,0.010676014,1576.6447996545562,1832.7762729177778,22.576572791051714,0.1820248382788956,0
-1.1997366,0.14586694279292342,0.010732628,2356.84398975027,2115.8234078161167,21.764825966379558,0.184695684552059,0
-1.142785,0.14405996229698376,0.010412371,2433.0107770641184,2226.091797175974,21.91086729729267,0.175795512283384,0
-1.3234621,0.13449825986078887,0.010922826,2290.172568650937,2141.8880744007356,22.435776829596314,0.1808545450150717,0
-1.1460781,0.10886519359048724,0.010940936,1861.3690891955287,1974.1927078358895,22.26059968932315,0.17233883536485298,0
-1.4158978,0.07503557315835267,0.01015992,1512.033607113154,1663.8245783211144,21.36588585580524,0.1987210919493927,0
-1.2314496,0.09343052131670533,0.01062864,1683.1596759413164,1730.113978840731,21.816312632876862,0.21369483121422217,0
-1.4409343,0.07960457149071926,0.010172051,1682.977258942181,1861.513581122541,22.117109051985956,0.18474902260099357,0
-1.7646831,0.11640239812935035,0.010285379,2190.843012270983,2216.2453160905325,24.63132826911531,0.15977058528049773,0
-1.2559006,0.07271538754350348,0.010822787,1671.4910872291834,1984.748666958662,22.499205787534788,0.178222444254691,0
-1.2741588,0.12242377827726218,0.011003008,2049.92833136095,2027.6296331419678,22.455726440019664,0.17870390568941039,0
-1.4419358,0.07272558367169374,0.010195719,1463.345365882983,1620.6535586751213,21.079368976666597,0.1998372870925392,0
-1.4339795,0.06977550391531323,0.011326348,1559.964384388389,1794.4042899150556,22.629726148238838,0.19028204941762852,0
-1.0892562,0.08078732236078887,0.010413811,1590.6535697356824,1703.2581274163917,21.8013224922421,0.20228182237904493,0
-1.368482,0.0917946091937355,0.010172826,1688.4891908045786,1764.131841648844,20.826598177572635,0.20610454026445202,0
-1.5969422,0.16486799412703015,0.010893325,2635.8057152975002,2243.879670331493,24.120223990126508,0.1590393832564582,0
-1.4126668,0.08078392365139211,0.0113650905,1802.7181454522417,1981.1504628815792,22.926128521746996,0.18870251687501774,0
-1.5045898,0.1608303273636891,0.011017156,2615.136311992731,2332.171398854033,23.77895223337843,0.15670289174645013,0
-1.5391703,0.1190443282337587,0.01058969,2240.428068273646,2266.4544551853182,24.85657315025037,0.1647152318183037,0
-1.5023642,0.1406227341937355,0.010608656,2426.8991389531698,2243.471307905045,24.261473724323164,0.1692741575487001,0
-1.3846943,0.04673338710846868,0.011283751,1148.2037984038598,1634.6524342494745,22.937490978838582,0.1715928972230315,0
-1.9754262,0.11091234955046404,0.01020354,2132.5708782083716,2186.3119641382673,24.773746295145965,0.15635777067798837,0
-1.5414681,0.15509330590197215,0.010842641,2520.4213850433503,2273.8296496532844,23.70702021969488,0.16537928286732503,0
-1.5663902,0.10392686883700696,0.011236554,2101.430923636723,2225.4536086462863,25.355677626141382,0.1675941337470742,0
-1.3301367,0.06078138594837587,0.011164934,1426.8187669910299,1744.4097437221642,22.086337302215913,0.1889297192523772,0
-1.2505319,0.11528648854408352,0.010980062,1937.0591085850895,2038.8202428222519,22.21776260516586,0.1745862083077833,0
-1.4189543,0.09066737057714618,0.010602296,1740.6704150153666,1817.9642511328477,21.469118697600063,0.20129137086151883,0
-1.4747295,0.08007699209686775,0.010383554,1619.5077178491774,1758.2153741632226,21.4055447063773,0.19983933385309294,0
-1.4435967,0.07347669844837587,0.01035543,1484.6750825594559,1620.490488208437,21.167093315448305,0.20062150292958222,0
-1.5524702,0.11634915168213457,0.010671132,1974.9513546126584,1937.4214797782008,22.696898173103314,0.17808466543553694,0
-1.255068,0.05765004169083527,0.011308523,1369.9957858460891,1772.0524615732263,22.105809928429682,0.18312850270750594,0
-1.2559338,0.0671924847737819,0.010821327,1565.7737904606356,1933.0421914196236,22.78265334747213,0.1733546969923948,0
-1.5788364,0.11536352595707657,0.01109351,2393.900280114342,2293.056838590671,24.5828909608453,0.15107511194782622,0
-1.5953022,0.20820607054814386,0.010888947,2618.633040425128,1936.5498430592488,22.006157457339764,0.18651599404120864,0
-1.3320012,0.1312400304524362,0.010936923,2061.9806019946814,1962.6403375891293,21.66970181896832,0.2010185921070743,0
-1.7967081,0.11100184889791183,0.010406013,2169.881752390619,2254.4024646433454,24.907176354881138,0.1662932811884275,0
-1.2583928,0.1495772005510441,0.011078968,2346.023667469032,2153.3259461319376,22.333992087960855,0.18327271596211928,0
-1.3260994,0.07592603502030162,0.011318646,1576.6833251290152,1742.7635522769783,21.438381191689906,0.21151764482839863,0
-1.0454828,0.0453115936774942,0.010639098,1389.814490350025,1712.004768041655,22.49265086604896,0.1577202177913657,0
-1.3919749,0.07967594438805105,0.010217199,1616.8883941280776,1748.8817663182324,21.205162469051622,0.19784760712817492,0
-1.3298352,0.07403635259570766,0.011285923,1575.3149936508119,1750.5793728797396,21.432567984578508,0.20847342886991838,0
-1.6640058,0.06945715813515081,0.010106921,1629.3270578283586,1857.468352630871,22.670301693482696,0.1725192371477705,0
-1.6199719,0.09273491879350348,0.010134964,1778.242599635757,1865.783960190699,22.64833615085018,0.18644179858945742,0
-1.5387657,0.06841941886600927,0.011248349,1640.6679115923423,1924.4142919346693,23.04035676631809,0.18393076772696493,0
-1.5628312,0.12359066850348027,0.0106956735,2250.209177201354,2228.929015570212,24.667434383534946,0.16727209995584322,0
-1.4193761,0.09298642328886311,0.0101503255,1721.3500355622905,1790.2397336469567,21.196712291128943,0.19920668830432883,0
-1.5715567,0.14985362891531323,0.01087499,2360.0274715950304,2201.303644068714,24.121934878452066,0.1652837086595911,0
-1.5355017,0.1517365139211137,0.0108221825,2505.349380052856,2259.3154766017146,24.017993917613726,0.16246991814881884,0
-1.7892737,0.11694845743909513,0.0103894435,2229.622284404065,2273.014872297162,24.69923296606249,0.16450179755390618,0
-1.3133656,0.049936104263341066,0.010495073,1291.5859908306093,1757.0749827695865,21.89083977102101,0.16608131401630835,0
-1.7716341,0.1014865954901392,0.01035562,2103.9814385904583,2232.613166120404,24.77659146128637,0.15690643261910728,0
-1.3541453,0.12953727704466358,0.011236398,2069.297233130958,1880.1188394431083,21.90983861000398,0.21289419041410942,0
-1.613158,0.1487717064240139,0.010900293,2455.7545102551103,2262.203360947389,24.76240480349494,0.15754629168894793,0
-1.9236456,0.12095893452726218,0.010191356,2243.552756233646,2262.058357109646,24.473050825934173,0.16382342931464555,0
-1.5676565,0.10230568445475638,0.011402288,2115.014505947469,2257.8748097973744,24.987642370141835,0.1737296009115585,0
-1.6094407,0.07828020772911833,0.010176931,1625.3950808039162,1813.159590858086,22.715508400526527,0.17580341625721685,0
-1.5677828,0.14774189747679814,0.010812729,2546.679719100118,2330.5901575067833,24.023260164484004,0.15792378910741348,0
-1.3165464,0.09027425319025523,0.010691354,1769.6011558528978,1845.9687752789919,21.742319325745434,0.2010654297910809,0
-1.5369034,0.10877682714617169,0.011303065,2133.9641091552135,2252.821577762123,24.97712406865831,0.17556605782404114,0
-1.4987032,0.10705821309454756,0.010901662,1890.8721970418496,1934.9286614554603,22.673640569119623,0.17788316631724674,0
-1.5251307,0.1097692502900232,0.011283915,2209.4207406347687,2197.9523301043323,24.73275298420554,0.16767446707998657,0
-1.7360936,0.15930317394141533,0.010239448,2140.785923343396,1686.53414455126,21.76975199157942,0.201671609782892,0
-1.4395399,0.08085076493619489,0.010222129,1563.1993637670284,1676.568706321336,21.25465987798822,0.20157704512244265,0
-1.3132187,0.10395519141531323,0.011047058,1818.5366764536896,1940.5518035589173,22.742738408246876,0.1616692047594036,0
-1.3627188,0.09063338348317865,0.010764498,1665.1053737095215,1850.948507030538,22.437802722629094,0.15515992868108633,0
-1.330247,0.13304247933584687,0.011084351,2046.729126414043,1965.53929889832,22.012357429503602,0.19641026498275718,0
-1.5311328,0.16853633446925753,0.010919041,2592.5942923671882,2255.93258186711,24.00085558282882,0.16597128398219899,0
-1.6144061,0.10182193481728538,0.010593021,2034.1363035251159,2128.7570252459473,24.647833548956232,0.16876993162558354,0
-1.455513,0.09104802602958237,0.010424371,1696.6890271758916,1767.5088499574247,21.003701591390207,0.209159530423648,0
-1.5760034,0.1048796403712297,0.010653614,2231.7173398450764,2307.6242946180187,23.901745873763307,0.15902153903125482,0
-1.3655901,0.06987633229408352,0.010494178,1477.4978954733976,1652.5689102940164,21.250011957642574,0.20073439082717062,0
-1.3466058,0.07838330191415313,0.011332989,1651.5283181216914,1802.4303689787446,21.61820587226658,0.2074356452095759,0
-1.2143477,0.061651455553944315,0.011287087,1423.0725183241032,1664.4562362546217,21.7377589248673,0.1967209274403108,0
-1.9929291,0.13747099767981438,0.0101221865,2450.800375499987,2263.8609895697205,24.742769060542226,0.15609408723144247,0
-1.3239572,0.06439987855278423,0.0105801,1467.2235670136483,1892.5432239248942,22.370380491369158,0.17344827755461067,0
-1.5889759,0.10413419011020882,0.011339253,2097.6785068519157,2212.136553856101,24.94183008367796,0.17741272264520333,0
-1.3919257,0.116712813587587,0.010396667,2008.374693339548,1954.5236390546052,21.733071686894935,0.1978825304330467,0
-1.2769623,0.08202558548433875,0.011429357,1669.528628963827,1783.4986891660994,21.368221635276566,0.21631296426183946,0
-1.319135,0.13476902370939675,0.011355828,2188.943836352098,1947.3954664242879,22.11021526457744,0.2074276273043714,0
-1.9112352,0.12869892872679814,0.010103409,2284.790604230759,2219.5881682922814,24.511257173381175,0.15890414763378916,0
-1.5692495,0.18250616299303946,0.010444906,2525.9659438638473,2048.755976421088,21.617807617386713,0.19373102488504215,0
-1.3664389,0.05626676696635731,0.011279901,1374.3155885441995,1807.066197191331,22.63277050854112,0.18136211179885062,0
-1.5481048,0.2501710683729698,0.0112655405,3182.676474090001,2086.988962681565,24.818737637066867,0.13327423739201996,0
-1.5872709,0.07720848136600927,0.01041839,1660.4969158178403,1845.4998975370588,22.30001053357879,0.1853413466522236,0
-1.4751986,0.11926864305394431,0.01047703,1937.0233219376437,1828.9824501523453,21.737731874491512,0.20985996148700106,0
-1.3480957,0.08255238544083526,0.011247634,1682.659271680476,1802.0035327381029,21.74660060364897,0.20777567476691325,0
-1.3923736,0.07225769467807425,0.010443269,1490.7050659782838,1656.9181533550889,21.1510087977179,0.20275075939541018,0
-1.7216539,0.17607127320185614,0.010147836,2336.8060531862907,1836.1427644830678,22.565511550994795,0.1769107337458459,0
-1.5640107,0.0396425464037123,0.010074355,1075.721859342733,1492.7072811701628,22.73517202795802,0.14729337708913204,0
-1.3116057,0.08444886528422274,0.01071585,1701.1755422345325,1833.4986920191727,21.596430044906008,0.20163474673841908,0
-1.1505053,0.09462460121809745,0.010731929,1792.983450550626,1862.4854512488964,21.838056406386027,0.20272820093140176,0
-1.2545054,0.11775281866299304,0.010160223,2242.3452202843637,2214.715850720294,21.696236929811693,0.1705216330342909,0
-1.5741667,0.24174340197215777,0.01101329,2846.68982967847,2113.4155005705024,22.238912379962386,0.17822319658738017,0
-1.2169254,0.10560696418213457,0.010944077,1876.1138281460253,2008.6529391937977,22.942462834617082,0.16192645278013196,0
-1.470233,0.0757844221287703,0.010435658,1590.0770028864138,1745.48021462378,21.552376733176125,0.19668703033448853,0
-1.6100439,0.10931722194025523,0.009996062,1622.2638584902008,1495.0184314864034,22.178973000889407,0.1819476812396187,0
-1.3979576,0.19999025703306264,0.010262938,2672.590764909221,2061.1474022547636,23.241852424679752,0.15894833520023854,0
-1.9194721,0.11677399035672854,0.0101826,2180.79034922389,2175.8843112424242,24.581679686891086,0.1586840285769965,0
-1.6472915,0.21553482091067286,0.010188495,2743.432172706767,2085.9485077403606,22.669053929939377,0.15780769732424543,0
-2.018053,0.13174303944315546,0.010131394,2576.069645675796,2317.765322349394,24.23201544342638,0.14180126514020572,0
-1.1825111,0.07163686376160093,0.011199816,1511.9553955807485,1802.441925365532,22.768875872920546,0.18659597513114923,0
-1.6012486,0.28768828850058004,0.010191869,3261.792460108746,2057.334854837491,22.221674401241753,0.1298487775939612,0
-1.9379072,0.1388712659512761,0.010171056,2445.4054859876665,2278.047276656918,24.43196295777837,0.15968112879094182,0
-1.2939305,0.06008011890951276,0.011236098,1423.3052410948378,1832.6311738530353,22.908339395589486,0.1816734705686913,0
-1.3682086,0.04631081424013921,0.011277471,1162.1212093800846,1659.509451176361,22.925294184682432,0.17191456336957833,0
-1.5833303,0.10767904401102088,0.011341779,2109.8079326186007,2200.2490298559837,25.39872091873499,0.17130169326307476,0
-1.364698,0.07918539733178655,0.010452885,1625.7997896679458,1758.3237487383353,21.26649562384312,0.1976150173762483,0
-1.3094797,0.08610177095417633,0.010565291,1693.6159533580578,1803.7112505934774,21.25143222380579,0.20151778951835783,0
-1.4444284,0.0699250471287703,0.010420335,1464.1361449255946,1644.4398881105908,21.376952495146014,0.2006570113304916,0
-1.2675688,0.0805777352813225,0.011410483,1660.7490147980175,1800.9679491334482,21.707396517549306,0.2129516069142543,0
-1.3718218,0.05087867966937355,0.010353314,1304.8081761528174,1747.6367173511592,22.012464272895166,0.1654383989885458,0
-1.2276177,0.13669269322795824,0.011115344,2122.18833178093,1991.7336544664822,21.60613690907044,0.19610816484404522,0
-1.3321766,0.08229521642981438,0.010604484,1629.6525963693457,1762.4174157116631,21.44030122874863,0.20537383539085266,0
-1.5905138,0.1031032482598608,0.010018924,1730.616324080616,1733.293465953073,21.601546606152333,0.20490974262998143,0
-1.1840106,0.09210275884570766,0.010571411,2004.3692313663742,2156.871860638798,22.0174209005807,0.17504082572529886,0
-1.4410914,0.07505256670533643,0.011326538,1633.2584345396117,1835.0065399133816,22.30493742306133,0.1986844152539878,0
-1.3544388,0.06743832475348027,0.011387918,1454.6556281191083,1659.9783950930882,21.743174189665428,0.2106072326140261,0
-1.2677417,0.08215247063515081,0.011313093,1652.245564040621,1761.2634337087072,21.526904259739133,0.2103744777682636,0
-1.3685671,0.1065461408787703,0.010861474,1800.797680209593,1810.0821531803247,21.46528527237904,0.20380936449001885,0
-1.1860008,0.07654120142111369,0.011360638,1619.8160880007351,1783.3536662665488,21.568203267132866,0.20798405708214543,0
-1.6179885,0.1260819224912993,0.010496724,2311.7859421956537,2269.3055028198205,24.127366554131665,0.16309202401877154,0
-1.3821743,0.07912195475638051,0.011255415,1674.785140888891,1837.2386919413811,22.479443855486323,0.20061001030567452,0
-1.2556871,0.05771008555684455,0.011340219,1368.5987558287327,1801.909258369627,22.469035813132443,0.18572645934087775,0
-1.5938072,0.14374841393561485,0.010805887,2354.7221107285004,2192.6619902126686,24.33811786584035,0.16234555490290256,0
-1.3365068,0.10011691560324826,0.011182024,2176.7939686455443,2214.889605607384,22.28747179917024,0.16879694672436574,0
-1.8972712,0.13855178726798145,0.01019124,2468.7023691189197,2307.915167988046,23.81998443798806,0.16095670706515638,0
-1.511083,0.08689593604988399,0.01017691,1774.8913898753465,1938.0182061644555,22.457327831426703,0.18185679237479765,0
-1.5590692,0.1590675300899072,0.011074922,2485.971556350574,2228.6500588054405,24.351389244156042,0.1593754423249306,0
-1.3633052,0.12534780126160092,0.010934741,1977.5131417133211,1919.1371450606937,21.963922399614667,0.20439931964379784,0
-1.8348386,0.10804837043213457,0.01026645,2154.977602671734,2226.736491809854,25.241982765459294,0.14955238515638528,0
-1.2229465,0.0564367024361949,0.010881899,1237.3476568991669,1655.6174108239397,22.69462982472383,0.1710407568947718,0
-1.3593776,0.12394866589327146,0.01093446,2017.4879325976246,1943.9099182082482,21.65413419918924,0.19449397226959642,0
-1.5053887,0.17112728393271462,0.010967306,2657.007085826355,2355.3176994633636,23.707923672471395,0.16101628041914243,0
-1.8380721,0.1941592046113689,0.01016545,2485.6571805889203,1813.9405316877899,22.93742188148887,0.17390453233708972,0
-1.3978618,0.05968586861948956,0.009881039,1301.16181375193,1684.8106698366223,22.49540571005328,0.16407483360527653,0
-1.5515337,0.10216067285382831,0.0106197605,2259.7216834322267,2345.9131043696407,24.403882977387045,0.15053523504093147,0
-1.3113282,0.07179886890951276,0.010212343,1493.942661847156,1818.1607652856449,22.143517342223454,0.17831320307945187,0
-1.550307,0.11690654002320186,0.010590101,2349.4519379218514,2327.5588501528255,24.215889089625737,0.1588312759610491,0
-1.3206341,0.07866992640661252,0.01045691,1606.7349256185767,1754.1598736561625,21.249331932405475,0.20021997389107635,0
-1.53712,0.07838443481728538,0.010149893,1608.7590329233149,1739.6153972026584,21.803558923762555,0.1932979464852643,0
-1.4162363,0.16325927167923435,0.010638703,2249.5839621814716,1948.99843411102,22.0476448243266,0.19154762916296356,0
-1.3200309,0.07144427022911833,0.011421443,1512.035084618874,1680.5994524882383,21.68502527083866,0.2132726260251717,0
-1.3686289,0.09322773165603249,0.010622924,1761.8406708856373,1850.6857556826214,21.604436684181472,0.20666277987997486,0
-1.5035188,0.22094443336716937,0.01132881,2809.5908431161556,1857.4449722230322,22.79132573211674,0.1616288791420951,0
-1.5411277,0.12263109955046404,0.010470149,2212.469646500938,2200.0124974639907,24.29018980302549,0.1632553410628044,0
-1.5339651,0.11755682642111369,0.011209348,2161.6349784922418,2175.328755910644,24.595704155879837,0.17588308562335786,0
-1.2755635,0.07185438116299304,0.0106999,1479.7905704448785,1667.373252645819,21.236653415811098,0.20189374978313848,0
-1.2487935,0.11786950768561485,0.011168717,2012.0408881052997,2055.7551402686067,23.24418175721676,0.1640694241849134,0
-1.5461845,0.1278333907337587,0.010603914,2388.7448527488536,2293.690727588981,24.324177493769746,0.16536836943333463,0
-1.3276163,0.18225352559454758,0.011094251,2423.512700805194,2019.9294063192333,21.970371519746454,0.2010801292380627,0
-1.4406496,0.08694578378770301,0.010449989,1715.5361912773485,1803.6872390514973,21.399617410510682,0.19911817571885856,0
-1.5090538,0.08917420424883991,0.010177934,1725.7689794504684,1805.3988762283427,21.534950097641744,0.1953225265474787,0
-1.3420372,0.07202205082656613,0.011342825,1617.04671874008,1844.1746436504243,22.43637878865596,0.1968388999277493,0
-1.562993,0.05096251450116009,0.00975076,1216.5755004625462,1611.9131480682004,21.73398893272368,0.15748174219326203,0
-1.5349274,0.11120463855858469,0.011305362,2172.6340463477495,2229.3316583048677,24.963608697726233,0.1741415950102674,0
-1.332648,0.07848979480858469,0.010598758,1629.2792637633215,1766.2479576260855,21.353561352168587,0.1980217466555597,0
-1.3820571,0.12000729589617169,0.010938057,2006.2864954521635,2001.2417419495794,22.512379306530857,0.18057841248340625,0
-2.0396183,0.19772558367169374,0.01012424,2550.7676401552353,1868.4348259186454,21.986270684084417,0.17834525452015637,0
-2.1120474,0.11272499456206496,0.006394889,1807.1384517341155,1779.5743285676162,22.98531956753474,0.08350716847467449,0
-1.3261815,0.08727885730858469,0.010434599,1677.221016024998,1776.684375919013,20.85592001855574,0.2060607549071469,0
-1.2114371,0.07181699535962877,0.010630344,1495.5591599582463,1679.9390896283587,21.362246275854268,0.20186334205218592,0
-1.8010309,0.15368510730858467,0.010339359,2250.2036739760815,1889.3547332595094,22.332548663466135,0.19963863265609416,0
-1.462697,0.06307891350058005,0.01054926,1553.4281074573657,1764.2977707434898,21.757005609472255,0.17509714221204567,0
-1.5248929,0.07944369924593968,0.010126096,1626.4487095909226,1751.9725516602832,21.403338353566713,0.19353500143824062,0
-1.391742,0.08580381743039443,0.01066487,1692.8685666138842,1801.5917448536882,21.569173901655947,0.20338052286927646,0
-1.5906004,0.27939883628190254,0.01084842,3187.052205965897,2163.623013038799,22.81832106139899,0.14151445416669686,0
-1.4134226,0.08316302022911833,0.011219253,1699.1008187055627,1829.868188454887,22.90087894103741,0.19723917595267293,0
-2.080421,0.11764292705916474,0.010068953,2367.253786672569,2390.9224904249922,24.286053353475477,0.14734477470583085,0
-1.8327463,0.11658592843677494,0.010283165,2287.4233230702803,2339.031209224502,23.802764094694858,0.15738323795063855,0
-1.528953,0.16129028603538284,0.011254513,2347.4345675187647,1899.728274446113,23.051527005766136,0.20193568601995107,0
-1.356528,0.13823684019721577,0.0109359855,2002.895378080912,1889.0361392760033,22.30396426931864,0.19389667379677247,0
-1.0578936,0.12907731837296985,0.011044012,1990.8605529333154,1988.9062084493555,23.16038451011471,0.1749512955672797,0
-1.8510609,0.10090881489269142,0.01037604,2033.333739245612,2173.731431817411,25.033296253148542,0.1578988937422517,0
-1.8088206,0.11881661470417633,0.010352753,2168.3832620569156,2189.3291753612743,24.50116284741674,0.16339591808477844,0
-1.6120018,0.1902438913863109,0.011087551,2842.738022256451,2292.257552893205,23.960050269542307,0.1522008429835553,0
-1.4027123,0.07263948303364269,0.01134874,1446.2212947889489,1593.9477216752045,21.74269885773915,0.21995797420222743,0
-1.536147,0.23952744344547564,0.010420662,3025.0140824727637,2206.8575346396515,22.034416082023636,0.15861701252068974,0
-1.5368307,0.10995617930684455,0.011287053,2101.451987630355,2185.260444087518,24.685800458127776,0.1794913592149441,0
-1.5481057,0.10974999093677494,0.011383335,2278.104481103292,2331.902538318879,24.414999382241863,0.16866847717319042,0
-1.7222464,0.040284902479698376,0.010302855,1077.9884600512385,1522.4980692161887,22.413401665178935,0.16000022391044208,0
-1.5506165,0.1627993130075406,0.010911888,2520.5770854607194,2239.7569934599032,23.88966974843273,0.16084440019310242,0
-1.2110238,0.054933339979698376,0.010250431,1379.8907959020532,1779.8012397607836,22.045680614956744,0.16929418930395082,0
-1.5905234,0.06106687753770302,0.010268533,1642.7191189346163,1945.2432547697238,23.042461892720116,0.14596753300411544,0
-1.8999163,0.13187332330336426,0.010152016,2306.9093752452513,2211.4295772566243,24.269148481626946,0.15619599326577213,0
-1.322924,0.09629789914443156,0.01060481,1774.8254770130081,1816.2406637718923,21.813200797014996,0.20288365885457768,0
-1.8905176,0.11306033388921113,0.010147941,2094.1889357062646,2138.3424467684004,24.59847276948862,0.1594632917494828,0
-1.6098917,0.10033103429524362,0.010450403,2064.4366718008996,2181.6454404793967,24.69189109464075,0.1543550102947023,0
-1.344424,0.09443653929814386,0.010763361,1805.37339561219,1864.7265171995175,21.561746277210172,0.2027399227845537,0
-1.653723,0.07841162449245939,0.010383887,1659.6743771135823,1826.945961934424,22.428039569599573,0.1880667771323613,0
-1.2254843,0.06556450297273782,0.010367955,1392.952781792251,1728.3051191634972,22.854087836385986,0.17684269383072412,0
-1.3441582,0.09063791509570766,0.010154177,1731.6449248621411,1808.3902036480874,21.191821930890793,0.1983148285056369,0
-1.5691965,0.10669794989849188,0.011284987,2141.55846151134,2244.73461820317,25.14529253048181,0.1727511790045516,0
-1.5624017,0.15950369779582366,0.011047288,2433.0754022042693,2218.7655700203554,23.87560265794885,0.1715409290814147,0
-1.3860561,0.06913994525812064,0.010445495,1460.4092010816207,1647.105951904761,21.496721469400317,0.1998997636970086,0
-1.3371413,0.06847946273201856,0.011309396,1476.240970385593,1671.8783306934367,21.772715064752674,0.20872734124942735,0
-1.5881481,0.1398274361948956,0.010773924,2365.2909309657384,2230.8000781474193,24.080439213367956,0.16803106172987947,0
-1.4278961,0.0467764374274942,0.010066107,1303.2569472714363,1832.8034711390344,22.037589203460737,0.1558195734038659,0
-1.3965404,0.07618660274071926,0.010154428,1540.5144279182136,1675.6751942280566,21.184997920573114,0.19663572177535915,0
-1.5942187,0.1149386872824826,0.010389653,2114.5202897580634,2170.1285047133083,24.521590858444036,0.1657632734090254,0
-1.5865917,0.10808235752610208,0.010493493,2296.3136940366358,2339.319341577107,23.988901169106363,0.1543169466798737,0
-1.3554649,0.10051796331206496,0.010828947,1909.050909336606,1975.1812685213988,22.527192701324868,0.1946007024348008,0
-1.5733526,0.10086463167053364,0.011323229,2049.6148792606205,2201.5225432937427,24.879137256957694,0.18177349907650195,0
-1.5029008,0.0774509226363109,0.0101933135,1668.975414773387,1864.1014550188481,22.20159565663643,0.18212156493553008,0
-1.4098747,0.042952889356148494,0.011269314,1139.9230575515776,1612.105490056597,22.693917496676168,0.17555882386618557,0
-1.551556,0.12925858287412992,0.010948139,2332.854052830551,2277.4589363040336,24.4049145321921,0.1741355422950532,0
-0.8787205,0.054702227740719256,0.011306017,1461.375887365376,1741.9177781919173,22.163804780877026,0.17766948278664288,0
-1.4722296,0.06976304198085846,0.010161635,1461.9897756285168,1643.2162996204547,21.43183310831777,0.19430464492381896,0
-1.308459,0.06050722339037123,0.011335169,1382.3338699705157,1779.9580089490773,22.42715067257163,0.18362889224079004,0
-1.4548004,0.17348485535092809,0.011377182,2512.9569810730495,2030.8120680673442,22.990946479530603,0.19521084937193245,0
-1.2682804,0.08754848825406032,0.010580912,1726.4836215363657,1831.176442457885,21.19327340101583,0.2028282280027542,0
-1.2944715,0.09397544772331787,0.011318713,1736.0434735844412,1796.4628177625866,21.756642189224436,0.21261665453470283,0
-1.413181,0.07534145700406032,0.010399492,1617.9018286754088,1820.256262271826,22.08023465182818,0.1884864819195209,0
-1.2791485,0.11985435397331787,0.010314513,1968.996914804002,1985.0088829705933,22.835772617411298,0.16153258469758347,0
-1.3593473,0.08913795134860789,0.010617213,1691.2628785380505,1796.4758618077194,21.21633979850825,0.2082776211435969,0
-1.5747234,0.12130673578886311,0.01058996,2270.78278977371,2308.1724417014384,24.76983265499976,0.16522039300587413,0
-1.3544823,0.1299972357163573,0.011108881,2041.343917667834,1953.4209556913283,21.90488730507492,0.19555895480370386,0
-1.3468933,0.13545216429814386,0.011040313,2079.4822746968957,1978.6617995346912,21.76016428423301,0.1995516705453946,0
-1.8100551,0.1783993891386311,0.010398149,2587.6383793450623,1849.7810785839465,24.121478847537983,0.1478442659797889,0
-1.2850482,0.14821884969547564,0.011319554,2416.4782402241517,2148.5703723504325,21.924118551029135,0.20148414048952612,0
-1.3713454,0.0851444678074246,0.010806071,1739.9133244071659,1844.369768330723,21.739764855672323,0.19701645078667226,0
-1.3730218,0.09445693155452436,0.010984826,1814.6998484006472,1883.090847894942,21.59366298481826,0.20385964105743914,0
-1.4033539,0.12572845671403712,0.010960603,2009.9024511564273,1946.5236810160447,21.944834093951535,0.19577824947441944,0
-1.4918463,0.08029904111078887,0.010197692,1615.3140606391828,1742.693601806213,21.83797031876486,0.19467464206105123,0
-1.6154082,0.14116426189095127,0.010838711,2352.4839006629763,2194.5379843744704,24.303528998241053,0.16539545976720577,0
-1.2394335,0.059326738326566125,0.009830979,1536.8940513506675,1782.0427989589732,22.453536344330985,0.14300195131746515,0
-1.216302,0.06331229154582367,0.011360149,1491.29377340265,1893.474702360272,22.483350852747467,0.1824039100364088,0
-1.43139,0.03605237637761021,0.010274906,1020.1219855994381,1505.6403143576945,21.9923602774161,0.15685805485904245,0
-1.3719901,0.1295667325261021,0.010984772,2012.8082859550395,1949.1175977159653,21.79776220329955,0.2014339512557064,0
-1.5617225,0.15324893960266822,0.010801652,2478.0122224299134,2280.492026772663,24.058712894885815,0.1656579229107972,0
-1.2808299,0.12268321309454756,0.011005549,1991.6218917913916,1934.548360633694,21.756971613215097,0.197108864227855,0
-1.5990832,0.14926112057714616,0.010730673,2419.9646309898985,2206.9487202468495,24.125160554016237,0.16057038752019095,0
-1.3132675,0.09525336245649652,0.010957812,1778.607148522548,1786.8172268474598,22.602823262778504,0.17747279132361937,0
-1.4055823,0.17555353647041763,0.010855546,2352.479371977357,1808.608256637493,21.66195945947967,0.19870077125325333,0
-1.7526016,0.11122616371809745,0.010387116,2079.616099864417,2162.7451584536384,24.82370211839397,0.16252130179373084,0
-1.5646933,0.1436509842662413,0.009776617,2158.0249281700453,1837.2594975630566,22.304308913492807,0.17819296939549298,0
-1.5465039,0.10199866770591648,0.011363235,2005.721951893459,2134.8545672257483,25.261912532412143,0.17637793101573784,0
-1.4412967,0.07268366625580046,0.010401161,1628.3905263856268,1845.5836154222943,22.023047070705534,0.18486155941524562,0
-1.392979,0.13218260585846867,0.01105337,2068.6306540807873,1960.485963456418,22.14049611123104,0.18921246841450645,0
-1.7278048,0.11486844728828306,0.010390118,2153.5105054951373,2212.453355762943,24.348530433732815,0.16614139647576928,0
-1.3206817,0.0746016712587007,0.010671932,1518.8051904263727,1682.7837243631116,21.123912089260067,0.20490939444732084,0
-1.7270448,0.12883940871519722,0.0103352675,2415.7618455549778,2347.4961750301345,23.66802749394748,0.1571941132956404,0
-1.0193199,0.07084723027842227,0.010125044,1994.927311720875,2041.484922963025,23.425212815721842,0.1396188584598749,0
-1.4023778,0.07528594475058005,0.010607898,1466.5081839392556,1618.3044336578298,21.670407815084502,0.20602907305616755,0
-1.6438243,0.09663323847157773,0.010595547,2148.261605334861,2319.19070952933,24.295619955952123,0.15581694129020637,0
-1.4205346,0.0750095163863109,0.011276094,1675.8822052071532,1852.8165806605018,22.614221809148233,0.19321625517708826,0
-1.3933742,0.08291718024941995,0.010419202,1663.3073465419404,1791.7733649240195,21.298018157822703,0.19908676705187964,0
-1.459445,0.07173769214037123,0.010234523,1489.810444256036,1659.2715909505011,21.210431398861342,0.19714727122437517,0
-1.4602499,0.17445688623839908,0.01133095,2518.847824407377,2023.768819314699,23.024150850321085,0.19390884659174035,0
-1.7788787,0.1073369072650812,0.010396718,2103.3688558921385,2182.923449593185,24.82110593923566,0.16166022052312917,0
-1.7917124,0.061742087804524365,0.010316839,1483.511787988288,1736.4263541751118,22.46341700052818,0.17486267484597795,0
-1.5395637,0.0764675627175174,0.010460166,1660.2854232916786,1851.5568609073573,21.927691396716686,0.18911636031123502,0
-1.0373495,0.08498812717517401,0.010751158,1766.8756423053771,1802.8220312607457,22.198829512988905,0.15688541959149083,0
-1.7382294,0.12163074608468677,0.010350334,2198.5760040608193,2191.2168004018927,24.40367040451546,0.16068726351517554,0
-1.5092518,0.0715824844112529,0.010230748,1487.9004305592396,1662.8158656532694,21.36985650400292,0.1954388975183485,0
-1.3984059,0.07214327146171694,0.010162469,1453.2851947751367,1621.0249824924654,21.089082295337914,0.19972887245704288,0
-1.3530887,0.08375779437354988,0.011287837,1691.4064145724633,1811.0024266190526,21.866814388751898,0.21096573318571868,0
-1.3395244,0.07192801986658932,0.011434731,1564.5942713817956,1735.8956103162798,21.89059437834797,0.20983559757965276,0
-1.4759802,0.07979716502320186,0.010411021,1636.5320028222648,1756.7551421649353,21.491262403670596,0.1951115440865335,0
-1.2807932,0.07538450732308585,0.010743274,1679.4369859954538,1846.4915415108362,21.869883837745572,0.1863568690139552,0
-1.709025,0.13910804270591648,0.010419833,2451.2230370296425,2273.860029098754,24.430162991848565,0.1641856776298101,0
-1.6275522,0.147004377537703,0.010796421,2450.1484661475565,2265.508890528743,24.627861297834205,0.15977990361675706,0
-1.3061159,0.08697410636600927,0.011415493,1935.2840515242149,2135.9563928368902,22.16254370712087,0.18174395489030193,0
-1.5510616,0.14930303799303946,0.010799168,2419.714256592744,2211.9415362200916,23.93022861931718,0.163278808966502,0
-1.4366741,0.038701103900812064,0.011292553,1041.2838372926446,1532.7331192583767,22.654951768825722,0.16825896965962314,0
-1.3025448,0.08170497389791183,0.010527512,1653.9848584979225,1800.7049853273143,21.435783283754827,0.2002886370553357,0
-1.3536278,0.13496388304814386,0.0106834695,2010.503402020148,1868.9492296424257,21.38245759747434,0.20076656583906474,0
-1.405439,0.07759026972157773,0.010597858,1727.5051214988548,1936.8006814987486,22.048454251860523,0.1854853102919771,0
-2.026681,0.18111382504350348,0.010142264,2630.733488981111,1966.1341603888736,23.60353580809943,0.15224821380387327,0
-1.3824986,0.08136397005510441,0.010235223,1626.5607915116789,1750.7276882144413,21.436892580430374,0.1987578769679967,0
-1.4614854,0.09742287195475638,0.011319928,1634.2576925953504,1753.3588554354728,24.059946123292487,0.18630190743797734,0
-1.201939,0.07662956786542924,0.0103524225,1594.5314462167646,1760.596546662845,21.126984887847975,0.19530983211232492,0
-1.3315362,0.0867237347737819,0.010427671,1720.4406971326912,1815.271272834661,21.35703005353942,0.19864087160426203,0
-1.7673857,0.106454375725058,0.01040574,2091.570860890087,2172.0791916434086,24.753559615123546,0.1660612134075399,0
-1.4083996,0.08854204430104408,0.010400617,1725.3952376900804,1813.51153883128,21.417096209222823,0.1995401413397708,0
-1.8269477,0.1283239377900232,0.010166555,2412.747189813767,2350.215004878835,23.83170347712341,0.15276536059267465,0
-1.5265102,0.11801225348027843,0.010509358,2256.5040727659084,2286.760633299455,24.465195557280683,0.16327073586008636,0
-1.5607986,0.20212917814675174,0.011067009,2696.504174158244,1928.5550623131364,22.581374198751725,0.17437167129478315,0
-1.2615632,0.05564593604988399,0.010433284,1342.8251889680696,1758.3181592290678,21.930465762663548,0.1734141355816594,0
-1.1038116,0.127947813950116,0.010938768,2005.5550847492962,1955.7243644810524,21.557990116488266,0.19799378316876007,0
-1.5451851,0.11567280851218098,0.011320514,2291.974782695082,2334.407729163147,24.36209847346456,0.17125716578801087,0
-1.5267594,0.21544985317575405,0.010864064,2920.1319429671357,2233.0303232826395,23.638009434576,0.15747937784508095,0
-1.3399849,0.08549566777842227,0.010990048,1713.9263544724522,1840.3777547702816,21.55138241664151,0.2011983866676034,0
-1.3670843,0.10002628335266821,0.010146123,2024.5106194145121,2077.1113689747663,22.139418065640605,0.176563850227667,0
-1.5867482,0.126446717299884,0.01094772,2365.286231555319,2258.356993980363,24.45954846198239,0.16803058188402584,0
-1.8802731,0.11247122426044083,0.010136241,2248.6672578188336,2295.9812764731455,23.911439277558664,0.1563257338345664,0
-1.3599987,0.09479113797853829,0.010226333,1737.2379857706833,1788.3445436633467,21.362535899240935,0.2027450212336915,0
-1.5870366,0.152809373187355,0.010819163,2498.294376725791,2288.112361433261,24.451126705058325,0.15723480502574166,0
-1.2907091,0.11048977668213457,0.010919157,1887.4726478385505,1991.722380126698,22.47233425827341,0.1748238889179581,0
-1.3910297,0.18775037159222738,0.010640399,2678.241592812287,2235.2029095694265,21.86541558306363,0.18585164814751975,0
-1.7934289,0.14039615356728538,0.010176141,2439.2297758323066,2278.1621521487145,24.084421895153486,0.1639073606929351,0
-1.3402567,0.12506910709106728,0.010957119,2081.8970331014043,2035.3376846874528,22.317013799663236,0.18950462749718447,0
-2.0515192,0.13067471178944315,0.010159135,2360.59968516146,2208.705365775432,24.890129851491476,0.15482547990075435,0
-1.608651,0.1427344656322506,0.010967055,2377.7634813510476,2207.7361286917385,24.39668145876563,0.15955677880764962,0
-1.337724,0.08805149724477958,0.010659055,1741.4862214891002,1832.0843582901582,21.403764341358425,0.20176467439005172,0
-1.613879,0.03283833019141531,0.010105497,1021.264790128422,1513.7260185775294,21.715716618048678,0.1507379623623252,0
-1.5931486,0.15645732127320186,0.010999272,2379.076170868973,2176.0971862611154,24.22010646323651,0.16782976513194922,0
-1.3615243,0.1034397204901392,0.010237288,2086.266554838929,2165.77668262018,22.018120564367752,0.1697203035346173,0
-1.8211476,0.12055222230278423,0.010389947,2236.4770828274222,2251.9038815001954,24.79730523959582,0.16286933543788487,0
-1.3775396,0.13287820838167053,0.010761883,2065.6137483075854,1925.4510812282126,21.820322982819484,0.20882370542795656,0
-1.1717181,0.057170823665893274,0.01068408,1455.58453480039,1877.8849627894317,22.445969774719348,0.1726512585182779,0
-1.2226248,0.0865220780162413,0.010551415,1702.2585095510744,1799.5544794909192,21.42692038401173,0.20296907508454587,0
-1.6193649,0.1059411706061485,0.011295248,2230.3356900828094,2331.169876829698,24.63046868229358,0.16797837152651207,0
-1.3446451,0.08591824064675174,0.010771753,1730.3572988001658,1837.397544811532,21.41106104961404,0.20160675451914503,0
-1.6586654,0.06883972592807425,0.010133638,1518.296084446255,1762.7645794932785,22.505050223313237,0.17814590874905178,0
-1.5477477,0.16113847701566125,0.01110646,2515.2387616700444,2273.887168782879,24.463659938361786,0.1648328132142038,0
-1.5270817,0.08656852704466357,0.010151068,1712.8114977603936,1807.4298805153699,21.383708491701245,0.19498674419001805,0
-1.3215061,0.1368796222447796,0.010196796,2427.3614378937978,2240.9332008289866,21.93127121959305,0.16778577811279438,0
-1.572729,0.2360392347012761,0.010211567,2863.603589704747,1987.111077888698,21.878350635426283,0.1497114371160746,0
-1.1446105,0.053266839472157775,0.011201511,1464.5822471082224,1739.9016831992637,22.285245041427327,0.1727418563561859,0
-1.3249915,0.07487696671983758,0.011393052,1660.855162862825,1870.4159112094947,22.401161129006088,0.19971776143831887,0
-1.5264435,0.07178980568445475,0.010122739,1630.2476222645594,1845.825686698537,21.990464603987114,0.1782447927875805,0
-1.8114104,0.1113167959686775,0.010375711,2192.034091999443,2243.4698815377797,24.78516041325622,0.16072575627507943,0
-1.5831753,0.12155937318735499,0.010504993,2281.179340534554,2276.357234998814,24.973624114473598,0.15977769554461438,0
-1.379309,0.058436276464617166,0.011363528,1343.1361193937082,1700.062535033363,22.972644070033432,0.17547326143050632,0
-1.3581913,0.08087568880510441,0.010594008,1657.5155015460057,1779.3290326222925,21.4837180526726,0.19720316476437658,0
-1.7953991,0.10620966864849188,0.010389608,2079.4213520539943,2166.784301104372,24.519085056208553,0.16588083662040118,0
-1.3200829,0.12258804923143851,0.010148796,2020.6331403508962,1940.4775577903076,21.615614146406195,0.19551031090247872,0
-1.33673,0.14528576348607888,0.011057911,2263.022653511571,2115.5204046699596,22.50177967451231,0.18892845642606118,0
-1.4647467,0.16461422382540603,0.011192859,2393.1093492056048,1965.7921326157589,22.439285449153488,0.20284499044423357,0
-1.4171045,0.08753829212587007,0.010379442,1708.168737581595,1797.4745264470655,21.241701687267746,0.20073094273685702,0
-1.5830286,0.10523650485788863,0.011217007,2067.3664977112403,2172.9925363109437,25.23627603416032,0.1676547793175369,0
-1.1786761,0.06552938297563805,0.010304776,1373.5635814991604,1748.1719549498553,22.793756556353042,0.17332427023046568,0
-1.5665652,0.11089648890661252,0.010608722,2132.0818701896155,2184.9482433817793,24.396375220867736,0.16802284524530434,0
-1.4074837,0.07611522984338748,0.010403256,1597.949551549698,1751.9455141971557,21.076814273071566,0.19336232753686286,0
-1.4246973,0.09965808983468677,0.010590201,1734.6599709057582,1736.9570682735,22.10379898798718,0.20839691694991758,0
-1.3535916,0.11528195693155452,0.010901149,2012.9011196912377,1988.4437316155581,22.382563738622398,0.18636462784513644,0
-1.5922446,0.10281549086426914,0.01124842,2084.7952169619252,2202.973252063029,25.305558597595684,0.16744984392401616,0
-1.5573943,0.06820869888341068,0.010184036,1536.8471437535907,1785.7934384414546,22.42772459427328,0.1806990116655841,0
-1.5256131,0.1601358577436195,0.010833583,2551.9676081776315,2322.375555034283,24.152227421018647,0.15876380955221905,0
-1.789807,0.18168027660962877,0.010420022,2430.934728940155,1854.0175281705303,22.283683424271754,0.19223851895822872,0
-1.8752928,0.11772789479408352,0.010158621,2324.2245443402394,2325.252924778203,24.035550286321925,0.154795187017474,0
-1.5218172,0.12138377320185614,0.010598844,2248.9964125174924,2253.7431723819045,24.509226056744208,0.16473214952804693,0
-1.3732079,0.07924883990719257,0.0101461485,1609.3624360150038,1744.895810824081,21.38967485979049,0.19519385465593928,0
-1.309363,0.07675305430684455,0.010529677,1580.367982740067,1740.04274059143,21.34396205675009,0.20155659353793645,0
-1.6231409,0.1222583744199536,0.010393219,1931.430929954571,1757.6855960066982,22.061438749780535,0.20401549151882037,0
-1.647547,0.11521284984048724,0.010918053,1951.4740411005853,1939.5968888164114,23.357144959095475,0.1605725089424312,0
-1.2755156,0.08583780452436195,0.010753971,1716.820040314362,1833.9363391241907,21.656517773351258,0.2019043917859669,0
-1.6225759,0.13276038645591648,0.010507225,2492.1078077734223,2320.751845716985,23.905613784536648,0.15596014067274924,0
-1.4190723,0.07266780561194895,0.010401743,1484.4340264891246,1631.6323367031268,20.937476342775433,0.2028428370237018,0
-1.562768,0.1574282192575406,0.010798812,2596.9971057813677,2275.900971172781,23.973590926560842,0.1609477811502449,0
-1.5751677,0.13008560216067286,0.0107736755,2344.368877693635,2268.018514865891,24.54516256321806,0.16525262110795302,0
-1.5186007,0.10856950587296983,0.011314363,2258.6666258580585,2293.8650048963073,24.381850955182284,0.17051654841234307,0
-1.3487295,0.09569519467807425,0.01037996,1708.3445057177255,1752.1956800587918,22.002280845921266,0.1965680099062241,0
-1.6370966,0.030987166473317864,0.010326993,991.7410793808486,1524.5049291238158,21.63241283652348,0.1452747667202514,0
-1.6442962,0.14121750833816704,0.010785495,2441.8611983012024,2249.8413594506324,24.40996487833692,0.15858693761391862,0
-1.5331945,0.22544772331786542,0.0112866135,2894.2563433694777,1977.2828215948211,23.72977278063461,0.15214083491269995,0
-1.4656512,0.1445199209686775,0.010722749,2110.086298964761,1862.4098828517126,21.71377567141291,0.20479502802367255,0
-1.3290352,0.07522136927204176,0.011299529,1574.6130423980492,1747.2988709875517,21.629669594196077,0.20894909338549483,0
-1.3634155,0.07703174847737819,0.010529069,1551.7230529166545,1703.4656940507637,21.16685021630369,0.20333972320343652,0
-1.2847195,0.12120250870069606,0.010951538,1968.021656909575,1936.0135631676776,21.690570611864747,0.20165900430036354,0
-1.2988653,0.09765285129060325,0.010635654,1998.510347936718,2062.8430928111047,22.318804936623255,0.181968442544544,0
-1.5241345,0.13782446345707658,0.011274762,2526.757219302096,2371.607982600436,24.61111239225459,0.1678097483122953,0
-1.298397,0.12350343496229699,0.010508048,2029.3870982706694,1923.3989656869148,21.724381524635856,0.2047259259992491,0
-1.4118589,0.08028431337006961,0.010415958,1684.1431060907355,1864.5449036535088,22.05806767064954,0.19062042416356406,0
-1.4268291,0.21866956387761022,0.011060644,2754.9250270309776,1948.8796515722966,22.399334972435657,0.17540320986058003,0
-1.5756497,0.10476408425174014,0.011340204,2110.978927422163,2241.685350549736,24.938586670737955,0.17723293906134938,0
-1.5419858,0.11538278531032482,0.010572935,2207.8757314295476,2270.6488804606843,24.531711998403022,0.17000398944999676,0
-1.4497846,0.07006552711716937,0.010395833,1468.179069321983,1643.8348093742113,21.22684368486428,0.19989170089807481,0
-1.3897717,0.1264852360063805,0.011014244,2043.3012901578772,1946.6053662591407,21.947296917210444,0.1971494584126726,0
-1.5303075,0.13808163246809746,0.011222076,2471.078061539719,2237.905913717193,24.58849195655088,0.16806907277300417,0
-1.3553827,0.12386822977088167,0.010405382,2208.288975327031,2102.079197865598,22.324992180967822,0.1867714062721849,0
-1.4082944,0.068345780162413,0.01038895,1457.0827488091627,1641.8663582345819,21.34754020306745,0.19843124870037057,0
-1.3843002,0.08474568590487239,0.010419338,1689.7218829854223,1796.2537054378986,21.171183153209654,0.20127164272404918,0
-1.7845122,0.12385463493329467,0.010383812,2304.048513702868,2294.257043244749,24.631644148231196,0.16249149132621812,0
-1.2634212,0.13099532337587008,0.011111811,2038.059575601248,1953.534037573372,21.464360254972593,0.19766879471426854,0
-1.581748,0.16557605858468677,0.010922607,2669.0074173088706,2397.4797153872364,23.92717117385962,0.1540953764570234,0
-1.5708591,0.1085887652262181,0.011294785,2050.450363826184,2119.980412811198,24.75590720099093,0.17750117904727838,0
-1.7922716,0.10781725819315545,0.010365816,2092.2051068092,2183.088519987585,24.898744692235443,0.15991680706944866,0
-1.5438507,0.10841996265951276,0.011249383,2252.565944039228,2308.308946329257,24.280679264507654,0.16888072902979734,0
-1.536285,0.15751885150812064,0.010871351,2529.619195189959,2320.2641292997932,24.09104910838592,0.163872133802234,0
-1.7772093,0.12487084904292343,0.01036144,2331.696762036077,2222.862889059383,24.597132519837334,0.1565046457697677,0
-1.3968736,0.07844674448955917,0.01060706,1650.6507150893287,1837.7006034291355,22.589070065634708,0.18884997206862078,0
-1.3747274,0.17877098136600927,0.010633194,2527.947055264169,2103.6691793556165,21.912356870780958,0.18467419343757577,0
-1.2997358,0.07107607671113689,0.011440505,1503.4674393794442,1674.6666841353133,21.601551247577998,0.21368703159523772,0
-1.3867433,0.12516653676044084,0.011045678,1948.7660321233086,1910.2191724370907,22.04020903777036,0.19872511321722722,0
-1.2169223,0.11534539950696056,0.0110501265,1951.1521046016064,2045.9879405559864,22.416154426855883,0.17118455123321621,0
-1.4901019,0.11295723970417633,0.011342618,2257.6490915886848,2375.8525555272704,24.60050867668631,0.1740836293169211,0
-1.2727466,0.11748432062064965,0.010886462,1955.7459816893772,1907.654186265414,21.595210237482075,0.19718764564167093,0
-1.9049209,0.12223571635730858,0.0101584615,2277.913873191578,2270.5967580464367,25.046643806110666,0.15682523356462727,0
-1.2568074,0.049562246229698376,0.010455195,1298.445047130897,1755.365630642152,22.527649952778575,0.16794193478162203,0
-1.3319148,0.11779020446635731,0.010847722,1887.7098548981246,1874.9742433981364,21.474663991375557,0.20113366462423288,0
-1.322293,0.08987093967517401,0.0110451095,1738.4885716348497,1832.4085143211998,21.468466112041842,0.2048685814533924,0
-1.7517755,0.09478660636600927,0.009665328,1659.4079801118112,1678.5669590989999,22.039426307307604,0.18687280080716276,0
-1.5973598,0.1576162811774942,0.010889664,2541.2108207592323,2285.8607665647855,24.604526741031897,0.1614989556546016,0
-1.3897444,0.15998971323955916,0.010949236,2278.1904795454584,2001.81818639371,22.027203509720945,0.19448842172344363,0
-1.5654399,0.10340346758990719,0.011276353,2198.543825827838,2312.3492483059704,24.610926514953253,0.16952379744778878,0
-1.5268877,0.12306953306264501,0.01132494,2380.6439457638785,2327.539160436016,24.24148940585589,0.17208049037785145,0
-1.5164044,0.14400445004350348,0.010608371,2533.800828849156,2392.5303493239035,24.416639242040613,0.1596535964340018,0
-1.6107533,0.158705001087587,0.010410304,2319.557181517142,1934.689006470341,22.125370109477938,0.19247120321095113,0
-1.5426346,0.1215061267401392,0.01069742,2183.4868274616847,2177.8619029635806,24.489710131730615,0.16524608521217515,0
-1.2601788,0.08700016313805105,0.010438687,1698.7143082731482,1801.414139372847,21.275051200664866,0.20215036240278442,0
-1.7322001,0.1268477650087007,0.0103737265,2313.975263078893,2306.449757099629,24.35941479819756,0.16731733715847844,0
-1.2645104,0.08331369634570766,0.011307601,1706.909543371926,1812.6608497713225,21.68327213658666,0.20902286543251794,0
-1.7802727,0.11863761600928074,0.010360734,2177.3908417838447,2192.583061630386,24.625162249880564,0.163069908681042,0
-1.2275178,0.17979172708816704,0.009686472,2577.763255869151,2133.4161703323916,22.503848960771716,0.14271039670577276,0
-1.3276954,0.1306985027552204,0.011034567,2061.781118193406,1974.4665232419125,21.85064497680748,0.19688807147705414,0
-1.2066557,0.06528920751160093,0.011279228,1411.376853343428,1815.3516437537555,22.831537408840802,0.17804343541991893,0
-1.4720621,0.09539044373549883,0.010134142,1914.1904347113568,2005.4870043994438,22.135201917820925,0.18336200690903326,0
-1.138652,0.13630410745359628,0.011358575,2395.2701574932335,2215.647248875484,22.158386653262845,0.1870571245580187,0
-1.340823,0.09083277443445475,0.011222393,1903.9218116184052,2019.0371435799716,22.364215702722586,0.1972443222721119,0
-1.9807049,0.10710013051044083,0.01019884,2165.716060704985,2183.954157418215,24.862273007801466,0.14856224112802535,0
-1.5585016,0.04895047853828306,0.009835166,1184.862881582812,1593.4227289116131,22.346201506421185,0.15487762929063822,0
-1.3703432,0.08573584324245939,0.011400887,1811.5221700719285,1872.947130223161,22.679965391896737,0.1988272605178906,0
-1.3820739,0.06014469438805104,0.011339268,1386.0851610020095,1637.7305446569064,21.553758130526173,0.201948448826288,0
-1.4580402,0.03734955046403712,0.010316603,1059.9492253997587,1542.6949016316194,22.16821739760231,0.15703405925271988,0
-1.4557253,0.09651201783642692,0.010918965,1859.13949506215,1923.6968594449634,22.65553750208759,0.19808612163888537,0
-1.4954686,0.07184078632540604,0.010175521,1587.6409596799951,1819.3846002542582,22.084782622782548,0.1817235891022535,0
-1.597351,0.09790322288283063,0.011308587,2013.3943617584955,2166.261665443604,25.4039941934388,0.1669773585413984,0
-1.3799793,0.07195634244489559,0.011300957,1557.5077999074406,1741.130663450839,22.012321032784293,0.20644998230184664,0
-1.5278153,0.12330970852668213,0.010724873,2348.5503742138762,2305.8574361222336,24.338840710886988,0.16124814068135115,0
-1.2625686,0.07164819279292343,0.011311443,1496.1376534434357,1676.2705265922896,21.59423303524693,0.21191210125015314,0
-1.8042678,0.11055095345127611,0.010382323,2076.720846556414,2162.4892354458425,24.877521617202635,0.16314819007241485,0
-1.4132328,0.047687291545823664,0.009852704,1216.5998491099558,1643.878883619708,22.233287735503378,0.15034398142524122,0
-1.2297428,0.15552494199535963,0.010909056,2490.7431260780713,2234.254467312896,22.119201741511183,0.17351719852604863,0
-1.5304531,0.15329652153422274,0.010986375,2420.070982513242,2232.4995870634975,24.123624549293577,0.16838862616570174,0
-1.744428,0.11527742531902552,0.010414143,2127.1752665124604,2181.275880039991,24.74771445971353,0.164714198556238,0
-1.3197603,0.13345598897911834,0.011006665,2056.6674587590287,1962.3293410748677,21.929278974593167,0.19677728972049713,0
-1.347907,0.08150898165603249,0.010602827,1640.528243006772,1765.6820326589284,21.499744776389917,0.203318454571817,0
-1.3229628,0.10619607381090487,0.010936009,1841.161713854341,1938.4691383506533,22.599413730937442,0.16057380606053226,0
-1.5489769,0.14823471033932714,0.011274809,2592.541192541155,2256.243713445413,24.520841834988907,0.16448137433410173,0
-1.5599216,0.11058267473897912,0.011379627,2160.836852260758,2241.3221325226186,24.96815406049294,0.17649039999501373,0
-2.0053103,0.13674707257830626,0.010089137,2401.6989348468464,2264.6424131999456,24.502064208131767,0.15942138153824023,0
-1.1181159,0.057397404292343385,0.010561888,1413.587799604143,1855.6665637474798,21.941185171384966,0.1702713596020108,0
-1.7411983,0.25939969728828305,0.010327676,3087.376307393234,2033.8784205927002,22.324770617110353,0.1469130295752293,0
-1.5187213,0.2029731909802784,0.011032662,2864.1323812251862,2285.8333298311,23.90511472069701,0.15920380652949617,0
